{"type":"FeatureCollection","features":[{"type":"Feature","geometry":{"type":"LineString","coordinates":[[40.6134,8.5452],[40.9099,8.3716],[41.1114,8.4978],[41.3885,8.757],[41.6788,8.6363],[41.869,8.5258],[42.0866,8.5577],[42.3524,8.5825],[42.5675,8.7406],[42.7705,8.8439],[42.8742,9.0466],[42.9893,9.0334],[43.2392,8.8465],[43.4298,8.792]]},"properties":{"id":1,"source":40153,"mouth":39797,"parent":263,"basin":273,"widthFactor":0.56,"sourceWidth":0.05,"discharge":115,"name":"Stroi","type":"River"}},{"type":"Feature","geometry":{"type":"LineString","coordinates":[[41.0251,9.6849],[41.3418,9.5643],[41.699,9.5082],[41.9934,9.565],[42.2236,9.7573],[42.4671,9.8718],[42.6779,9.902],[42.8205,10.0602],[43.1146,9.8336],[43.3338,9.9198],[43.4649,10.1154],[43.8166,10.0991]]},"properties":{"id":2,"source":39054,"mouth":38270,"parent":263,"basin":273,"widthFactor":0.56,"sourceWidth":0.06,"discharge":150,"name":"Phighel","type":"River"}},{"type":"Feature","geometry":{"type":"LineString","coordinates":[[-9.4619,23.6867],[-9.579,23.471],[-9.5428,23.2282],[-9.6121,22.9985],[-9.5288,22.7735],[-9.5688,22.5135],[-9.4603,22.2738],[-9.5529,21.9554],[-9.3537,21.6876],[-9.0704,21.6595],[-9.0061,21.3799],[-8.8167,21.1644],[-8.6362,20.9036],[-8.3723,20.8686]]},"properties":{"id":3,"source":21886,"mouth":25033,"parent":3,"basin":3,"widthFactor":0.672,"sourceWidth":0.09,"discharge":478,"name":"Shathizdi","type":"River"}},{"type":"Feature","geometry":{"type":"LineString","coordinates":[[-19.8755,27.1821],[-19.7176,27.4841],[-19.9183,27.6463],[-19.9923,27.8936],[-19.7564,27.9668],[-19.6063,28.163],[-19.8102,28.4401],[-19.7471,28.7803],[-19.5347,28.9765],[-19.3035,29.1221]]},"properties":{"id":4,"source":18001,"mouth":16084,"parent":1098,"basin":1098,"widthFactor":0.56,"sourceWidth":0.05,"discharge":125,"name":"Hlinemar","type":"River"}},{"type":"Feature","geometry":{"type":"LineString","coordinates":[[-23.0422,28.0719],[-23.2236,28.2618],[-23.2656,28.5211],[-23.0126,28.5791],[-22.836,28.7694],[-22.8786,29.0544],[-23.0586,29.2793],[-22.9376,29.4534],[-22.7325,29.5066],[-22.6561,29.7061],[-22.7247,29.9083],[-22.8539,30.1971],[-22.8033,30.5155]]},"properties":{"id":5,"source":16835,"mouth":14596,"parent":1098,"basin":1098,"widthFactor":0.56,"sourceWidth":0.04,"discharge":143,"name":"Dretheraho","type":"River"}},{"type":"Feature","geometry":{"type":"LineString","coordinates":[[-8.3568,24.3282],[-8.2455,24.6403],[-8.0093,24.752],[-7.8758,24.9766],[-8.0756,25.1828],[-8.3521,25.26],[-8.3443,25.5574],[-8.4341,25.7875],[-8.3793,26.0284],[-8.2696,26.2065],[-8.0712,26.2728],[-7.7248,26.3514],[-7.5894,26.6138],[-7.3945,26.5142],[-7.1785,26.5492],[-6.9007,26.7851],[-6.5894,26.8722]]},"properties":{"id":6,"source":21183,"mouth":18411,"parent":6,"basin":6,"widthFactor":0.672,"sourceWidth":0.05,"discharge":272,"name":"Kila","type":"River"}},{"type":"Feature","geometry":{"type":"LineString","coordinates":[[-18.3478,25.7769],[-18.1541,25.7669],[-18.029,25.9389],[-17.849,25.9653],[-17.7158,25.9766],[-17.6801,26.1054]]},"properties":{"id":7,"source":19465,"mouth":19466,"parent":15,"basin":1098,"widthFactor":0.56,"sourceWidth":0.05,"discharge":40,"name":"Brirerius","type":"River"}},{"type":"Feature","geometry":{"type":"LineString","coordinates":[[-31.3943,22.5992],[-31.643,22.5096],[-31.7982,22.2956],[-31.6136,22.0944],[-31.3499,22.0239],[-31.2976,21.8069],[-31.3943,21.6058],[-31.4248,21.3744],[-31.4184,21.1411]]},"properties":{"id":8,"source":22921,"mouth":24117,"parent":212,"basin":1087,"widthFactor":0.56,"sourceWidth":0.05,"discharge":111,"name":"Sharakzir","type":"River"}},{"type":"Feature","geometry":{"type":"LineString","coordinates":[[-15.2613,-6.0684],[-15.0014,-5.8286],[-14.7238,-5.8944],[-14.452,-5.8076],[-14.164,-6.0489],[-14.0216,-6.379],[-13.8295,-6.2379],[-13.5912,-6.2342],[-13.5033,-6.4833],[-13.5578,-6.7418],[-13.6177,-6.931],[-13.6631,-7.1612],[-13.571,-7.377],[-13.4116,-7.5474],[-13.1842,-7.5997],[-12.8628,-7.5794],[-12.6775,-7.7705],[-12.4231,-7.8488],[-12.1576,-7.9011],[-11.8986,-7.8231],[-11.5476,-7.9157],[-11.3678,-7.985],[-11.0059,-7.9515],[-10.7277,-8.0235],[-10.4448,-7.9726],[-10.1125,-7.9329],[-9.8787,-7.9733],[-9.6549,-7.8947],[-9.4073,-7.9449],[-9.1638,-7.8776],[-8.8354,-7.9235],[-8.6615,-7.8102],[-8.4541,-7.806],[-8.2635,-7.9673],[-8.163,-8.196],[-7.9308,-8.2388],[-7.7046,-8.1711],[-7.619,-8.1789],[-7.5552,-8.4622]]},"properties":{"id":9,"source":56730,"mouth":58849,"parent":9,"basin":9,"widthFactor":0.672,"sourceWidth":0.05,"discharge":837,"name":"Slalt'tu","type":"River"}},{"type":"Feature","geometry":{"type":"LineString","coordinates":[[-19.0817,26.6387],[-18.9496,26.8159],[-19.0045,27.047],[-18.9097,27.235],[-18.6781,27.3165],[-18.5393,27.5192]]},"properties":{"id":10,"source":18739,"mouth":18004,"parent":51,"basin":1098,"widthFactor":0.56,"sourceWidth":0.04,"discharge":35,"name":"Sananatha","type":"River"}},{"type":"Feature","geometry":{"type":"LineString","coordinates":[[36.2856,16.5371],[36.5385,16.5831],[36.6195,16.826],[36.5478,17.0719],[36.4277,17.3274],[36.1937,17.4853],[36.1096,17.7115],[35.9097,17.8465],[35.9755,18.0717],[35.8964,18.2926],[35.9152,18.5772],[35.7937,18.8352],[35.5392,19.0438],[35.5984,19.3646],[35.5571,19.5265],[35.4521,19.8215],[35.5389,20.0119],[35.4941,20.2162],[35.4308,20.4135],[35.2622,20.5339],[35.3418,20.7261],[35.2933,20.9285],[35.1883,21.1182],[35.0567,21.2905]]},"properties":{"id":11,"source":30511,"mouth":25147,"parent":11,"basin":11,"widthFactor":0.672,"sourceWidth":0.04,"discharge":209,"name":"Torral","type":"River"}},{"type":"Feature","geometry":{"type":"LineString","coordinates":[[-26.047,22.8545],[-26.2839,22.7388],[-26.4143,22.5096],[-26.6844,22.3259],[-26.881,22.4227],[-27.0937,22.3703],[-27.1286,22.0906],[-27.0175,21.8316],[-26.8712,21.5233],[-26.6626,21.3567],[-26.5147,21.0842]]},"properties":{"id":12,"source":22558,"mouth":24544,"parent":212,"basin":1087,"widthFactor":0.56,"sourceWidth":0.04,"discharge":90,"name":"Nulbunalna","type":"Fork"}},{"type":"Feature","geometry":{"type":"LineString","coordinates":[[-21.6243,-3.9237],[-21.274,-3.9533],[-21.1371,-3.6948],[-20.8911,-3.5142],[-20.6261,-3.4194],[-20.4452,-3.2036],[-20.467,-2.8237],[-20.2623,-2.5177],[-20.0725,-2.7034],[-20.0039,-2.9599],[-19.6982,-3.0174],[-19.3977,-2.9366],[-19.2265,-3.0401],[-19.0293,-2.9363],[-18.9276,-2.7381],[-18.6966,-2.6075],[-18.5572,-2.3815],[-18.5961,-2.0756],[-18.3939,-1.9598],[-18.1611,-1.9689],[-18.1338,-1.7657],[-18.1516,-1.5498],[-18.2856,-1.3796],[-18.4184,-1.157],[-18.6389,-1.0207],[-18.6726,-0.8027],[-18.8164,-0.6354],[-19.0456,-0.677],[-19.2654,-0.5996],[-19.2994,-0.3568],[-19.2164,-0.1263],[-19.3093,0.1198],[-19.4989,0.3019],[-19.496,0.5252],[-19.6039,0.7207],[-19.7578,0.8791],[-19.9697,0.941],[-20.0039,1.2579],[-19.9816,1.4653],[-20.067,1.6557],[-20.215,1.9006],[-20.4429,2.0737],[-20.411,2.2216]]},"properties":{"id":13,"source":54449,"mouth":47714,"parent":13,"basin":13,"widthFactor":0.672,"sourceWidth":0.05,"discharge":579,"name":"Kindadzirgu","type":"River"}},{"type":"Feature","geometry":{"type":"LineString","coordinates":[[-10.4534,22.8911],[-10.6265,22.705],[-10.6588,22.4528],[-10.5377,22.2773],[-10.3304,22.2278],[-10.1189,22.1857],[-9.9312,22.2917],[-9.791,22.0684],[-9.5529,21.9554]]},"properties":{"id":14,"source":22605,"mouth":23388,"parent":3,"basin":3,"widthFactor":0.56,"sourceWidth":0.05,"discharge":87,"name":"Bundilanu","type":"River"}},{"type":"Feature","geometry":{"type":"LineString","coordinates":[[-17.5961,25.566],[-17.6731,25.9412],[-17.6801,26.1054],[-17.4333,26.2241],[-17.161,26.195],[-17.0272,26.4698],[-16.8531,26.6477],[-16.8077,26.8925],[-16.7742,27.2701]]},"properties":{"id":15,"source":19813,"mouth":18377,"parent":1098,"basin":1098,"widthFactor":0.56,"sourceWidth":0.07,"discharge":202,"name":"Enoniree","type":"Fork"}},{"type":"Feature","geometry":{"type":"LineString","coordinates":[[-22.1893,23.306],[-22.1393,23.0747],[-21.9566,22.9246],[-21.9755,22.6979],[-21.8468,22.5104],[-21.5861,22.3477],[-21.499,22.006],[-21.4779,21.6595]]},"properties":{"id":16,"source":22206,"mouth":23746,"parent":16,"basin":16,"widthFactor":0.672,"sourceWidth":0.04,"discharge":61,"name":"Shadab","type":"River"}},{"type":"Feature","geometry":{"type":"LineString","coordinates":[[45.1139,-4.6274],[45.3132,-4.6983],[45.6178,-4.6603],[45.8665,-4.4803],[45.9093,-4.3121],[46.1191,-4.1825],[46.2175,-3.9564],[46.43,-3.8528],[46.4004,-3.5531],[46.4035,-3.4083],[46.6013,-3.3044],[46.7,-3.1039],[46.8953,-2.937],[46.9778,-2.6937],[47.1379,-2.4918],[47.1747,-2.2367],[47.0541,-1.9191],[47.1374,-1.6007],[47.2347,-1.4139],[47.452,-1.2231],[47.567,-0.9577],[47.5639,-0.7381],[47.5131,-0.5227],[47.3553,-0.3676],[47.5199,-0.1475],[47.574,0.1221],[47.8238,0.2038],[47.8876,0.413],[47.8339,0.625],[48.037,0.6795],[48.2071,0.7961],[48.2892,0.9854],[48.5152,1.105],[48.6682,1.31],[48.9155,1.3094],[49.1382,1.4167],[49.4814,1.3887],[49.6376,1.54],[49.7025,1.7476],[49.7726,1.941],[49.7375,2.1438],[49.6433,2.4132]]},"properties":{"id":17,"source":55438,"mouth":47525,"parent":928,"basin":928,"widthFactor":0.56,"sourceWidth":0.06,"discharge":376,"name":"Dierdeek","type":"River"}},{"type":"Feature","geometry":{"type":"LineString","coordinates":[[-28.5179,1.335],[-28.411,1.5251],[-28.458,1.7382],[-28.2665,1.8423],[-28.1903,2.0465],[-27.9953,2.0736],[-27.8759,2.2302],[-27.7723,2.5021],[-27.8152,2.7899]]},"properties":{"id":18,"source":48415,"mouth":47300,"parent":149,"basin":66,"widthFactor":0.56,"sourceWidth":0.05,"discharge":48,"name":"Bumun","type":"Fork"}},{"type":"Feature","geometry":{"type":"LineString","coordinates":[[-8.5731,22.5392],[-8.6418,22.3907],[-8.5552,22.252],[-8.6276,22.0982],[-8.5474,21.9484],[-8.7013,21.791],[-8.7187,21.5716],[-8.8393,21.3853],[-8.8167,21.1644]]},"properties":{"id":20,"source":22990,"mouth":24197,"parent":3,"basin":3,"widthFactor":0.56,"sourceWidth":0.05,"discharge":93,"name":"Khunzar","type":"River"}},{"type":"Feature","geometry":{"type":"LineString","coordinates":[[41.9909,6.8614],[42.2116,6.8473],[42.387,6.9821],[42.561,7.0331],[42.6093,7.2277],[42.7582,7.3075]]},"properties":{"id":21,"source":41985,"mouth":41986,"parent":23,"basin":273,"widthFactor":0.56,"sourceWidth":0.05,"discharge":41,"name":"Rher'uzak","type":"Fork"}},{"type":"Feature","geometry":{"type":"LineString","coordinates":[[-16.4583,-2.8182],[-16.5236,-2.4874],[-16.5252,-2.3652],[-16.7783,-2.3875],[-16.9999,-2.2632],[-16.9104,-1.8848],[-17.1338,-1.7175],[-17.4568,-1.6964],[-17.5358,-1.4384],[-17.7338,-1.2551],[-18.0249,-1.2498],[-18.2856,-1.3796]]},"properties":{"id":22,"source":53338,"mouth":51429,"parent":13,"basin":13,"widthFactor":0.56,"sourceWidth":0.04,"discharge":159,"name":"Kinbunarg","type":"River"}},{"type":"Feature","geometry":{"type":"LineString","coordinates":[[41.4881,8.0501],[41.699,7.9466],[41.9604,7.7752],[42.2718,7.7481],[42.4041,7.6516],[42.5298,7.4266],[42.7582,7.3075],[43.0041,7.2639],[43.2403,7.2487],[43.4423,7.3721],[43.731,7.4585],[43.8112,7.5994],[44.0766,7.8376],[44.0563,8.0914],[44.3544,8.321]]},"properties":{"id":23,"source":40877,"mouth":40534,"parent":263,"basin":273,"widthFactor":0.56,"sourceWidth":0.05,"discharge":214,"name":"Wruilkeh","type":"River"}},{"type":"Feature","geometry":{"type":"LineString","coordinates":[[-12.3795,-4.5831],[-12.2411,-4.3925],[-12.2519,-4.1572],[-12.3064,-3.8793],[-12.2807,-3.5197],[-12.3585,-3.3531],[-12.2783,-3.1298],[-12.3429,-2.9015],[-12.3196,-2.7817]]},"properties":{"id":24,"source":55267,"mouth":53351,"parent":122,"basin":122,"widthFactor":0.56,"sourceWidth":0.04,"discharge":85,"name":"Garar","type":"Fork"}},{"type":"Feature","geometry":{"type":"LineString","coordinates":[[-15.1742,-2.907],[-15.2263,-2.5972],[-15.1874,-2.415],[-14.9786,-2.2697],[-14.8878,-2.032],[-14.9399,-1.705],[-14.8582,-1.4396],[-14.7463,-1.2479],[-14.7742,-1.0277],[-14.5943,-0.9114],[-14.5251,-0.7086],[-14.2442,-0.6042],[-14.2442,-0.2236],[-14.1023,-0.0636],[-14.0839,0.1493],[-13.8835,0.2305],[-13.7679,0.4132],[-13.7691,0.6982],[-13.8971,0.9527],[-13.6807,1.2244],[-13.5704,1.5105],[-13.585,1.8168],[-13.6924,1.9227],[-13.5876,2.0948],[-13.5103,2.2808]]},"properties":{"id":25,"source":53342,"mouth":47736,"parent":25,"basin":25,"widthFactor":0.672,"sourceWidth":0.05,"discharge":206,"name":"Garag","type":"River"}},{"type":"Feature","geometry":{"type":"LineString","coordinates":[[-18.7922,-6.987],[-18.8817,-7.3576],[-18.6947,-7.5047],[-18.4568,-7.5078],[-18.449,-7.8433],[-18.592,-8.0353],[-18.5953,-8.2746],[-18.5609,-8.5334],[-18.3938,-8.7339],[-18.3523,-9.0101],[-18.1797,-9.2298],[-18.2506,-9.4898],[-18.154,-9.7116],[-17.9517,-9.844],[-17.6731,-9.9289],[-17.6186,-10.2644],[-17.766,-10.4543],[-17.7906,-10.6934],[-18.0879,-10.881]]},"properties":{"id":26,"source":57754,"mouth":61216,"parent":26,"basin":26,"widthFactor":0.672,"sourceWidth":0.05,"discharge":513,"name":"Mapjerkush","type":"River"}},{"type":"Feature","geometry":{"type":"LineString","coordinates":[[-35.4233,17.4114],[-35.2549,17.2708],[-35.0357,17.2775],[-34.9151,17.2487],[-34.659,17.3045],[-34.4754,17.4916],[-34.1501,17.3553],[-33.8419,17.1638],[-33.6476,17.2588],[-33.5547,17.4542],[-33.2491,17.4771],[-32.9858,17.634],[-32.7485,17.9283],[-32.582,18.0721],[-32.5321,18.2864],[-32.2434,18.337],[-32.0576,18.251],[-31.8605,18.1961]]},"properties":{"id":27,"source":29519,"mouth":28253,"parent":212,"basin":1087,"widthFactor":0.56,"sourceWidth":0.05,"discharge":113,"name":"Azinb","type":"Fork"}},{"type":"Feature","geometry":{"type":"LineString","coordinates":[[6.7925,8.6714],[6.8632,8.4683],[7.0524,8.3662],[7.282,8.121],[7.462,7.9176],[7.7225,7.8407],[7.8893,7.7161],[8.0968,7.7333],[8.4214,7.9373],[8.5661,7.6874],[8.9233,7.671],[9.1156,7.5797],[9.3233,7.6259],[9.5272,7.5807],[9.7755,7.3542],[9.6327,7.1734],[9.6129,6.9439],[9.8017,6.7752],[10.0494,6.7228],[10.202,6.3974],[10.2604,6.1577],[10.43,5.9786],[10.2932,5.7728],[10.2744,5.5263],[10.0565,5.3348],[9.8579,5.1888],[9.7529,4.9658],[9.8354,4.7625],[10.0121,4.6326],[9.9047,4.3189],[10.1094,4.1834],[10.3888,4.1889],[10.3888,4.1889],[10.5374,3.9966],[10.7086,3.7319],[10.6767,3.5217],[10.6752,3.25]]},"properties":{"id":28,"source":40060,"mouth":45850,"parent":28,"basin":28,"widthFactor":0.672,"sourceWidth":0.06,"discharge":714,"name":"Sezju","type":"River"}},{"type":"Feature","geometry":{"type":"LineString","coordinates":[[-9.9195,12.7685],[-9.702,12.5936],[-9.6121,12.3294],[-9.882,12.2291],[-10.0627,12.0048],[-9.7918,11.7347],[-9.8581,11.4679],[-10.0526,11.2738],[-9.9825,11.0901],[-9.9508,10.7774],[-9.7841,10.5109],[-9.5397,10.5459],[-9.5005,10.34],[-9.5981,10.1544],[-9.7219,9.9543],[-9.714,9.7192],[-9.7477,9.4916],[-9.6487,9.284],[-9.4868,9.1112]]},"properties":{"id":29,"source":35302,"mouth":39252,"parent":29,"basin":29,"widthFactor":0.672,"sourceWidth":0.05,"discharge":213,"name":"Numunzar","type":"River"}},{"type":"Feature","geometry":{"type":"LineString","coordinates":[[-21.7846,27.8578],[-21.9114,28.205],[-21.7932,28.4234],[-21.825,28.6698],[-22.0554,28.964],[-21.8772,29.1057],[-21.7962,29.4241],[-21.8593,29.7487],[-21.7356,29.9604],[-21.5161,30.0695],[-21.3916,29.9963]]},"properties":{"id":30,"source":17239,"mouth":14600,"parent":1098,"basin":1098,"widthFactor":0.56,"sourceWidth":0.06,"discharge":100,"name":"Jalfarion","type":"Fork"}},{"type":"Feature","geometry":{"type":"LineString","coordinates":[[-21.5993,28.0143],[-21.562,28.1007],[-21.4737,28.3666],[-21.5379,28.6394],[-21.3207,28.8184],[-21.1207,29.0652],[-21.0725,29.2686],[-21.1682,29.4545],[-21.1363,29.7347],[-21.067,29.8966]]},"properties":{"id":31,"source":17240,"mouth":14983,"parent":1098,"basin":1098,"widthFactor":0.56,"sourceWidth":0.07,"discharge":147,"name":"Orionlon","type":"River"}},{"type":"Feature","geometry":{"type":"LineString","coordinates":[[-20.7721,27.8313],[-20.7691,28.0338],[-20.9106,28.1785],[-20.808,28.3378],[-20.8561,28.5211],[-20.9706,28.6834],[-21.1861,28.6877],[-21.3207,28.8184]]},"properties":{"id":32,"source":17242,"mouth":16451,"parent":31,"basin":1098,"widthFactor":0.56,"sourceWidth":0.06,"discharge":63,"name":"Enyari","type":"River"}},{"type":"Feature","geometry":{"type":"LineString","coordinates":[[-35.2326,33.5929],[-35.1174,33.9121],[-34.9766,34.2593],[-34.7892,34.3919],[-34.7236,34.6119],[-34.9098,34.7508],[-34.975,34.9739],[-34.8536,35.0743],[-34.7284,35.3346],[-34.7431,35.6232],[-34.5509,35.7211],[-34.4598,35.9166],[-34.3267,36.0926],[-34.3715,36.2987],[-34.533,36.4343],[-34.3843,36.7924],[-34.2684,37.0836],[-34.2802,37.2895],[-34.4131,37.4471],[-34.5267,37.7655]]},"properties":{"id":33,"source":11187,"mouth":7405,"parent":33,"basin":33,"widthFactor":0.672,"sourceWidth":0.05,"discharge":182,"name":"Trainay","type":"River"}},{"type":"Feature","geometry":{"type":"LineString","coordinates":[[45.1404,-7.3895],[45.1647,-7.6055],[45.3272,-7.7499],[45.5161,-7.8657],[45.735,-7.8317],[45.9685,-7.7141],[46.1779,-7.9032],[46.4541,-7.9609],[46.7996,-7.8309],[46.9973,-8.0636],[47.2093,-8.1229],[47.4121,-8.0068],[47.6222,-8.0309],[47.9055,-8.0199],[48.1499,-7.876],[48.3613,-7.7648],[48.4775,-7.5561],[48.6522,-7.4385],[48.7203,-7.2392],[48.9839,-7.2956],[49.2425,-7.2198]]},"properties":{"id":34,"source":58289,"mouth":58300,"parent":41,"basin":41,"widthFactor":0.56,"sourceWidth":0.04,"discharge":103,"name":"Thult","type":"River"}},{"type":"Feature","geometry":{"type":"LineString","coordinates":[[-36.9766,16.3098],[-37.1487,16.1106],[-37.1782,15.849],[-37.0444,15.5695],[-37.1508,15.3666],[-37.1089,15.1413],[-36.7984,15.0448],[-36.7533,14.6828],[-36.8374,14.4425],[-36.779,14.1947],[-36.9043,13.8436],[-36.7074,13.5797],[-36.6832,13.3928],[-36.656,13.062],[-36.7379,12.8628],[-36.6879,12.6533],[-36.7869,12.4472],[-36.7572,12.2205],[-36.6747,11.8639],[-36.5275,11.6546],[-36.298,11.5416],[-36.3595,11.3501],[-36.609,11.1825],[-36.7704,10.929],[-36.8449,10.6781],[-36.7984,10.4206],[-36.7253,10.1466],[-37.0272,10.1139]]},"properties":{"id":35,"source":30733,"mouth":38030,"parent":545,"basin":1087,"widthFactor":0.56,"sourceWidth":0.05,"discharge":256,"name":"Undunzar","type":"River"}},{"type":"Feature","geometry":{"type":"LineString","coordinates":[[-23.0336,16.0171],[-23.2262,15.8744],[-23.2905,15.6434],[-23.5574,15.3974],[-23.6549,15.1938],[-23.6033,14.9739],[-23.4391,14.7175],[-23.1737,14.5684],[-23.0039,14.4245],[-22.7815,14.4158],[-22.6422,14.0623],[-22.6165,13.7081],[-22.5263,13.4517],[-22.3216,13.273],[-21.997,13.3921],[-21.7955,13.4784],[-21.5814,13.431],[-21.5021,13.1259],[-21.555,12.8152],[-21.7052,12.6626],[-21.8305,12.489]]},"properties":{"id":36,"source":31175,"mouth":34884,"parent":545,"basin":1087,"widthFactor":0.56,"sourceWidth":0.06,"discharge":251,"name":"Gathakib","type":"Fork"}},{"type":"Feature","geometry":{"type":"LineString","coordinates":[[-22.5309,-6.1571],[-22.6531,-6.3439],[-22.6235,-6.5651],[-22.4555,-6.76],[-22.4274,-7.0158],[-22.7286,-6.9893],[-22.92,-7.1754],[-23.0492,-7.2774],[-23.0928,-7.4806],[-23.3737,-7.5033],[-23.6088,-7.6588],[-23.7423,-7.8357],[-23.745,-8.0574],[-24.0083,-8.0565],[-24.2368,-8.1874],[-24.3155,-8.38],[-24.2602,-8.5806],[-24.2755,-8.8041],[-24.2578,-9.0274]]},"properties":{"id":37,"source":57065,"mouth":59477,"parent":37,"basin":37,"widthFactor":0.672,"sourceWidth":0.06,"discharge":184,"name":"Kogzozir","type":"River"}},{"type":"Feature","geometry":{"type":"LineString","coordinates":[[-10.8464,24.9136],[-11.0663,24.9325],[-11.2191,25.0919],[-11.0981,25.3027],[-11.1265,25.5442],[-11.4022,25.6042],[-11.6697,25.5146],[-11.9608,25.4943],[-12.304,25.5348],[-12.4931,25.8166],[-12.8091,25.977],[-13.0155,26.1225],[-13.2675,26.1374],[-13.501,26.1599],[-13.8068,25.9933]]},"properties":{"id":38,"source":20496,"mouth":19128,"parent":896,"basin":1098,"widthFactor":0.56,"sourceWidth":0.05,"discharge":158,"name":"Llaughed","type":"River"}},{"type":"Feature","geometry":{"type":"LineString","coordinates":[[-34.7516,20.9013],[-34.4934,21.0723],[-34.3509,21.3474],[-34.0006,21.2368],[-33.7189,21.0056],[-33.7524,20.6896],[-33.4919,20.6605],[-33.2559,20.7744],[-33.0454,20.72],[-32.8465,20.8079],[-32.6324,20.6792],[-32.3827,20.6864],[-32.234,20.7985],[-31.8535,20.8686]]},"properties":{"id":39,"source":24929,"mouth":24937,"parent":212,"basin":1087,"widthFactor":0.56,"sourceWidth":0.08,"discharge":105,"name":"Bilbakinb","type":"Fork"}},{"type":"Feature","geometry":{"type":"LineString","coordinates":[[5.5644,9.864],[5.278,10.0835],[5.0648,10.1645],[4.8166,10.0946],[4.5714,10.1746],[4.5793,10.4315],[4.727,10.6417],[4.7539,10.8566],[4.6391,11.0403],[4.6617,11.3992],[4.7091,11.7767],[4.601,11.9122],[4.4002,12.1784]]},"properties":{"id":40,"source":38565,"mouth":36116,"parent":40,"basin":40,"widthFactor":0.672,"sourceWidth":0.05,"discharge":191,"name":"Sargushjen","type":"River"}},{"type":"Feature","geometry":{"type":"LineString","coordinates":[[45.8673,-6.1852],[46.0401,-6.3152],[46.3537,-6.1361],[46.4689,-6.0902],[46.7646,-6.0435],[47.1522,-6.0427],[47.1688,-6.3215],[47.321,-6.5557],[47.5275,-6.6252],[47.7335,-6.5542],[47.9849,-6.7254],[48.2511,-6.5684],[48.4238,-6.3121],[48.6322,-6.4171],[48.7483,-6.6196],[49.0573,-6.7994],[49.0903,-7.0359],[49.2425,-7.2198],[49.532,-7.2019],[49.7601,-7.1731],[50.0122,-7.0104],[50.2374,-7.0154],[50.4317,-6.9014],[50.357,-6.5518],[50.634,-6.4109],[50.6953,-6.153],[50.8621,-5.947],[51.0554,-6.0147],[51.1811,-6.1766],[51.4247,-6.0232],[51.6722,-5.894],[51.8632,-6.1186],[52.1236,-6.2568],[52.4146,-6.2552],[52.6497,-6.1571],[52.9136,-6.2578],[53.196,-6.2545],[53.4349,-6.1564],[53.6235,-6.3116],[53.8591,-6.3759],[54.0542,-6.3131],[54.196,-6.1649],[54.4144,-6.1446],[54.6015,-6.0303],[54.7168,-5.8566],[54.7408,-5.6496],[55.0358,-5.483],[55.2977,-5.438],[55.5276,-5.3047],[55.8389,-5.1039],[56.0973,-4.9988]]},"properties":{"id":41,"source":57257,"mouth":55852,"parent":41,"basin":41,"widthFactor":0.672,"sourceWidth":0.07,"discharge":936,"name":"Wruilkeh","type":"River"}},{"type":"Feature","geometry":{"type":"LineString","coordinates":[[44.6478,-1.3975],[44.9083,-1.3824],[45.1139,-1.2216],[45.4128,-1.1679],[45.7482,-1.09],[45.6509,-0.7732],[45.8745,-0.6653],[46.1202,-0.7008],[46.4027,-0.5778]]},"properties":{"id":43,"source":51603,"mouth":50875,"parent":213,"basin":928,"widthFactor":0.56,"sourceWidth":0.04,"discharge":70,"name":"Eebruing","type":"River"}},{"type":"Feature","geometry":{"type":"LineString","coordinates":[[-43.1769,35.2074],[-43.267,35.4523],[-43.4804,35.6021],[-43.7715,35.4924],[-43.9255,35.2467],[-44.1816,35.1109],[-44.3639,35.2984],[-44.4159,35.5546],[-44.5256,35.736],[-44.3754,36.0801],[-44.2602,36.3012],[-44.2828,36.5495],[-44.3318,36.7115],[-44.0548,36.8711],[-44.1411,37.2167],[-43.9484,37.3206],[-43.731,37.2946],[-43.4904,37.3734],[-43.3209,37.5616],[-43.2664,37.7289],[-43.111,37.9049],[-43.0695,38.1361],[-42.9998,38.35],[-43.0547,38.5681],[-43.1084,38.9021],[-43.1361,39.1312],[-43.0438,39.3427],[-42.8418,39.4363],[-42.6205,39.412],[-42.4858,39.6113],[-42.45,39.8698],[-42.6065,40.2209],[-42.6142,40.4233],[-42.794,40.7681],[-42.6849,40.9996],[-42.6819,41.2555],[-42.547,41.5085],[-42.5146,41.7934],[-42.5262,42.0428],[-42.6399,42.2652],[-42.7458,42.4613],[-42.8244,42.7377],[-42.7917,43.0088],[-42.8594,43.2733],[-42.7333,43.5901],[-42.3776,43.5364]]},"properties":{"id":44,"source":9392,"mouth":2742,"parent":1289,"basin":1289,"widthFactor":0.56,"sourceWidth":0.05,"discharge":427,"name":"Bagelter","type":"River"}},{"type":"Feature","geometry":{"type":"LineString","coordinates":[[-46.9965,11.2738],[-46.9446,11.0397],[-46.7599,10.8869],[-46.4463,10.8706],[-46.3062,10.5522],[-46.0634,10.4377],[-45.9032,10.1858],[-45.6432,10.0392],[-45.6334,9.7953],[-45.4891,9.5985],[-45.2737,9.6097],[-45.1108,9.7511],[-44.854,9.7846],[-44.6167,9.6811],[-44.4745,9.5267],[-44.4571,9.3175],[-44.3892,9.0863],[-44.2081,8.9275],[-44.0131,8.7011],[-43.7396,8.5811],[-43.5344,8.7209],[-43.2866,8.7375],[-43.1458,8.5149],[-42.9574,8.3233],[-42.7022,8.2393],[-42.5854,7.9123]]},"properties":{"id":45,"source":36771,"mouth":40289,"parent":545,"basin":1087,"widthFactor":0.56,"sourceWidth":0.04,"discharge":263,"name":"Kuzgkigh","type":"Fork"}},{"type":"Feature","geometry":{"type":"LineString","coordinates":[[41.8586,12.4906],[41.7563,12.3336],[41.808,12.1535],[42.0689,12.1739],[42.2741,12.3364],[42.3894,12.4339],[42.5317,12.3839],[42.6258,12.4278],[42.6687,12.3333]]},"properties":{"id":46,"source":35431,"mouth":35827,"parent":55,"basin":273,"widthFactor":0.56,"sourceWidth":0.05,"discharge":49,"name":"Brigolea","type":"River"}},{"type":"Feature","geometry":{"type":"LineString","coordinates":[[-9.9,25.8594],[-9.9038,26.1009],[-10.0541,26.2899],[-10.2674,26.2448],[-10.2955,26.4671],[-10.1771,26.6574],[-10.1677,26.9174],[-10.3327,27.2451],[-10.2059,27.4114],[-10.2152,27.6204],[-10.0494,27.8765],[-9.6876,27.9232],[-9.5497,28.1018],[-9.3342,28.1684],[-9.1809,27.986],[-9.1506,27.7496],[-8.977,27.7379],[-8.7308,27.633],[-8.4642,27.657],[-8.3032,27.7879],[-8.2502,27.9886],[-8.0486,28.2509],[-7.796,28.2768],[-7.5863,28.4199],[-7.2719,28.3568],[-7.0042,28.1614],[-6.6968,28.3171]]},"properties":{"id":47,"source":19492,"mouth":16897,"parent":47,"basin":47,"widthFactor":0.672,"sourceWidth":0.06,"discharge":333,"name":"Numush","type":"River"}},{"type":"Feature","geometry":{"type":"LineString","coordinates":[[-11.6044,12.9639],[-11.7984,12.7766],[-11.8565,12.5132],[-12.2114,12.3886],[-12.4761,12.3055],[-12.6589,12.0967],[-12.6452,11.8046],[-12.4908,11.5564],[-12.5056,11.1991],[-12.6807,11.0224],[-12.6542,10.7188],[-12.8083,10.5761],[-12.8402,10.3684],[-12.7459,10.1519],[-12.5476,10.0236],[-12.662,9.6811],[-12.6262,9.453],[-12.4908,9.3525],[-12.2873,9.4274],[-12.097,9.5316]]},"properties":{"id":48,"source":34913,"mouth":39236,"parent":48,"basin":48,"widthFactor":0.672,"sourceWidth":0.05,"discharge":391,"name":"Unargiza","type":"River"}},{"type":"Feature","geometry":{"type":"LineString","coordinates":[[4.1224,8.7414],[3.861,8.7384],[3.6476,8.5873],[3.4375,8.5741],[3.1379,8.3911],[2.7737,8.4261],[2.6546,8.6799],[2.4087,8.8317],[2.4905,9.1264],[2.432,9.4265],[2.1067,9.5448],[1.9615,9.7778],[1.7223,9.9123],[1.5083,10.0636],[1.2475,10.089],[1.1362,10.0765]]},"properties":{"id":49,"source":40052,"mouth":38551,"parent":49,"basin":49,"widthFactor":0.672,"sourceWidth":0.05,"discharge":142,"name":"Seruk","type":"River"}},{"type":"Feature","geometry":{"type":"LineString","coordinates":[[-11.4915,14.204],[-11.4487,14.4991],[-11.4404,14.7811],[-11.5803,15.0261],[-11.369,15.2012],[-11.2814,15.4613],[-11.1291,15.6685],[-11.1156,15.9252],[-11.1162,16.1814],[-11.2557,16.3962],[-11.223,16.5729],[-11.3583,16.7587],[-11.5203,16.9217]]},"properties":{"id":50,"source":33227,"mouth":30413,"parent":50,"basin":50,"widthFactor":0.672,"sourceWidth":0.06,"discharge":254,"name":"Birukthiz","type":"River"}},{"type":"Feature","geometry":{"type":"LineString","coordinates":[[-19.1269,27.3977],[-19.0047,27.6336],[-18.7538,27.6505],[-18.5393,27.5192],[-18.2965,27.5788],[-18.1315,27.7667],[-17.9875,27.8687],[-17.6817,27.7768]]},"properties":{"id":51,"source":17637,"mouth":17251,"parent":1098,"basin":1098,"widthFactor":0.56,"sourceWidth":0.04,"discharge":99,"name":"Ed-Did","type":"Fork"}},{"type":"Feature","geometry":{"type":"LineString","coordinates":[[42.5886,4.3508],[42.8687,4.2823],[42.8936,4.0939],[42.956,3.8422],[43.1473,3.6673],[43.2454,3.3357],[43.3933,3.3956],[43.6428,3.3122],[43.8991,3.3715],[43.9847,3.4446]]},"properties":{"id":52,"source":45176,"mouth":46328,"parent":53,"basin":273,"widthFactor":0.56,"sourceWidth":0.04,"discharge":39,"name":"Kuipuinx","type":"River"}},{"type":"Feature","geometry":{"type":"LineString","coordinates":[[44.31,2.3859],[44.2633,2.5517],[44.3763,2.762],[44.3388,2.9978],[44.103,3.1746],[43.9847,3.4446],[44.1769,3.6003],[44.0968,3.9802],[44.3256,4.1161],[44.5917,4.1141],[44.6392,4.2971],[44.8807,4.2772],[45.0937,4.3928],[45.2176,4.6216],[45.2089,4.8817],[45.2135,5.1281],[45.0883,5.3402],[44.9738,5.5783],[44.7583,5.731],[44.8058,5.8844],[44.8224,6.1674],[44.7124,6.4286],[44.4081,6.6528],[44.4878,6.8427],[44.6626,6.9517],[44.5529,7.231],[44.3404,7.4429],[44.4478,7.7325],[44.5855,7.9318]]},"properties":{"id":53,"source":47509,"mouth":41252,"parent":263,"basin":273,"widthFactor":0.56,"sourceWidth":0.05,"discharge":257,"name":"Thres","type":"River"}},{"type":"Feature","geometry":{"type":"LineString","coordinates":[[41.8959,11.0449],[41.8944,11.3229],[42.1012,11.3791],[42.2181,11.5587],[42.3395,11.7331],[42.5426,11.6505],[42.752,11.7152],[42.6991,11.8943],[42.6127,12.1089],[42.6687,12.3333],[42.9218,12.4301],[43.1894,12.3871],[43.3964,12.3131],[43.487,12.121],[43.6758,12.0235],[43.9443,11.9166],[44.2322,11.9425],[44.4205,11.8499],[44.6883,12.0562]]},"properties":{"id":55,"source":37432,"mouth":36235,"parent":162,"basin":273,"widthFactor":0.56,"sourceWidth":0.05,"discharge":125,"name":"Kasee","type":"River"}},{"type":"Feature","geometry":{"type":"LineString","coordinates":[[-18.923,-3.8163],[-19.032,-3.7775],[-19.0039,-3.6652],[-19.0238,-3.4916],[-18.8996,-3.3686],[-18.6991,-3.2113],[-18.6218,-2.9685],[-18.7304,-2.7944],[-18.9276,-2.7381]]},"properties":{"id":56,"source":54457,"mouth":53332,"parent":13,"basin":13,"widthFactor":0.56,"sourceWidth":0.04,"discharge":58,"name":"Nahag","type":"River"}},{"type":"Feature","geometry":{"type":"LineString","coordinates":[[-24.3185,-1.1912],[-24.5201,-0.9818],[-24.5686,-0.7603],[-24.7466,-0.6198],[-24.6147,-0.4478],[-24.6259,-0.2313],[-24.3637,0.0178],[-24.1637,0.2342],[-24.2368,0.4426],[-24.422,0.5627],[-24.4181,0.9247],[-24.1138,1.1629],[-24.1126,1.3894],[-24.274,1.5654],[-24.3053,1.7818],[-23.9302,1.8737],[-23.765,2.0403],[-23.7162,2.2699],[-23.8296,2.4771],[-23.8158,2.7129],[-23.4562,2.8211],[-23.3395,2.8756],[-23.0803,2.8639]]},"properties":{"id":58,"source":51410,"mouth":46525,"parent":58,"basin":58,"widthFactor":0.672,"sourceWidth":0.04,"discharge":212,"name":"Nulnul","type":"River"}},{"type":"Feature","geometry":{"type":"LineString","coordinates":[[-15.6614,-8.5027],[-15.8162,-8.7339],[-16.0113,-8.8106],[-16.1026,-8.9994],[-16.3014,-9.0632],[-16.4061,-9.2438],[-16.595,-9.1551],[-16.7953,-9.2135],[-17.0337,-9.2823],[-17.1929,-9.4727],[-17.3401,-9.7523],[-17.3494,-10.0682],[-17.6186,-10.2644]]},"properties":{"id":59,"source":59506,"mouth":60629,"parent":26,"basin":26,"widthFactor":0.56,"sourceWidth":0.07,"discharge":158,"name":"Naj'keguss","type":"River"}},{"type":"Feature","geometry":{"type":"LineString","coordinates":[[-11.353,12.0523],[-11.3084,11.8269],[-11.1304,11.6817],[-11.2087,11.484],[-11.1343,11.2847],[-11.3717,11.0154],[-11.2355,10.6689],[-11.3725,10.4091],[-11.3686,10.1154],[-11.3534,9.8431],[-11.2028,9.6157],[-11.1472,9.4233],[-11.0588,9.2435]]},"properties":{"id":60,"source":36079,"mouth":38885,"parent":60,"basin":60,"widthFactor":0.672,"sourceWidth":0.05,"discharge":168,"name":"Narakib","type":"River"}},{"type":"Feature","geometry":{"type":"LineString","coordinates":[[-23.7403,-6.6056],[-24.0069,-6.7555],[-24.1652,-7.0174],[-24.3042,-7.1942],[-24.2983,-7.4191],[-24.2048,-7.5551],[-24.0399,-7.5592],[-23.9558,-7.8459],[-23.745,-8.0574]]},"properties":{"id":61,"source":57409,"mouth":58445,"parent":37,"basin":37,"widthFactor":0.56,"sourceWidth":0.05,"discharge":47,"name":"Krod-La","type":"River"}},{"type":"Feature","geometry":{"type":"LineString","coordinates":[[-16.7649,21.8775],[-16.6953,21.6374],[-16.4972,21.4852],[-16.5315,21.3463],[-16.4209,21.2555],[-16.5035,21.1397],[-16.4365,21.0142],[-16.5049,20.9252],[-16.5408,20.8188]]},"properties":{"id":62,"source":23761,"mouth":24586,"parent":62,"basin":62,"widthFactor":0.672,"sourceWidth":0.05,"discharge":84,"name":"Kinzar","type":"River"}},{"type":"Feature","geometry":{"type":"LineString","coordinates":[[-32.7593,0.481],[-32.8955,0.1618],[-33.2201,-0.0398],[-33.3882,-0.3045],[-33.6736,-0.431],[-33.8691,-0.6743],[-34.1034,-0.9468],[-34.3267,-1.2325],[-34.5922,-1.3534],[-34.7703,-1.5843],[-34.9784,-1.5017],[-35.1952,-1.5571],[-35.2833,-1.7722],[-35.2018,-2.0029],[-35.2559,-2.2211],[-35.4355,-2.3468],[-35.5081,-2.5536],[-35.6584,-2.7357],[-35.6871,-2.97],[-35.6417,-3.1852],[-35.4824,-3.3367],[-35.4199,-3.5351],[-35.2528,-3.659],[-35.0513,-3.831]]},"properties":{"id":63,"source":49459,"mouth":54024,"parent":1078,"basin":1078,"widthFactor":0.56,"sourceWidth":0.06,"discharge":201,"name":"Krigh","type":"Fork"}},{"type":"Feature","geometry":{"type":"LineString","coordinates":[[-26.605,14.9218],[-26.8556,14.9918],[-26.948,15.1942],[-27.149,15.2892],[-27.2954,15.5193],[-27.5412,15.6372],[-27.7537,15.9214],[-27.6692,16.1579],[-27.7296,16.4017],[-27.9791,16.4687],[-28.2261,16.3931],[-28.4526,16.6368],[-28.7335,16.7862]]},"properties":{"id":64,"source":32346,"mouth":30359,"parent":212,"basin":1087,"widthFactor":0.56,"sourceWidth":0.06,"discharge":110,"name":"Zarakharb","type":"River"}},{"type":"Feature","geometry":{"type":"LineString","coordinates":[[38.144,16.601],[38.1432,16.8283],[38.3963,16.8552],[38.5884,17.0221],[38.6763,17.2027],[38.9221,17.1969],[39.1269,17.3327],[39.3479,17.2191],[39.6787,17.2121],[39.9206,17.3134],[40.0756,17.525],[40.3125,17.4393],[40.5589,17.4916],[40.743,17.6721],[40.8095,17.9213],[41.0235,18.0598],[41.148,18.1517],[41.3632,18.2848],[41.4834,18.5075],[41.7211,18.5456],[41.9053,18.7005],[41.822,18.871],[41.8033,19.1505],[41.8502,19.3504],[41.7745,19.5413],[41.7143,19.7625],[41.7753,19.9835],[42.0101,20.1132],[42.278,20.1283],[42.4667,20.337],[42.5535,20.6047],[42.3979,20.8834],[42.5672,21.0985],[42.8096,21.2259],[42.9959,21.402],[43.089,21.6409],[42.9566,21.8524],[42.7458,21.9857],[42.599,22.1612],[42.3878,22.2488],[42.2119,22.3578],[42.0032,22.5099],[41.7512,22.5657],[41.6434,22.7782],[41.4554,22.9246],[41.4838,23.1959],[41.4103,23.4586],[41.2313,23.5512],[41.1021,23.7708],[41.0663,24.023],[41.3222,24.0782],[41.5403,24.2231],[41.3559,24.4453],[41.1091,24.5952],[41.2041,24.8918],[40.9795,24.971],[40.7418,24.9587],[40.5231,25.2623],[40.425,25.4819],[40.3989,25.7058],[40.2896,25.903],[40.1534,26.114]]},"properties":{"id":65,"source":30517,"mouth":19604,"parent":65,"basin":65,"widthFactor":0.672,"sourceWidth":0.04,"discharge":585,"name":"Alverron","type":"River"}},{"type":"Feature","geometry":{"type":"LineString","coordinates":[[-28.809,4.0978],[-28.6553,4.3049],[-28.4105,4.3858],[-28.2013,4.3959],[-28.0409,4.2613],[-27.8113,4.466],[-27.5148,4.4761],[-27.3839,4.2931],[-27.3918,4.0682],[-27.0681,3.8619],[-27.1521,3.5871],[-26.9093,3.4213],[-26.7992,3.1771],[-26.5832,3.0188],[-26.3795,2.928],[-26.1606,2.9705],[-25.9223,2.9233],[-25.6945,3.0079],[-25.4977,3.0921],[-25.3863,3.2749],[-25.1851,3.2095],[-24.9831,3.2726],[-24.7633,3.14],[-24.5069,3.1286],[-24.2181,3.2983],[-24.0316,3.1861],[-23.9356,2.9908],[-23.6644,2.9843],[-23.4173,3.0967],[-23.2033,3.2664],[-23.0593,3.5139]]},"properties":{"id":66,"source":45367,"mouth":46136,"parent":66,"basin":66,"widthFactor":0.672,"sourceWidth":0.08,"discharge":593,"name":"Babuzunba","type":"River"}},{"type":"Feature","geometry":{"type":"LineString","coordinates":[[-30.5071,3.9763],[-30.6581,3.879],[-30.8332,4.0617],[-31.0815,4.1102],[-31.4418,4.0301],[-31.7113,4.0377],[-31.9445,3.9024],[-32.0387,3.9709],[-32.224,4.1513],[-32.4768,4.206],[-32.5813,4.5031],[-32.8045,4.7252],[-32.8364,5.0343],[-32.7856,5.2553],[-32.8706,5.4656],[-32.9474,5.7355],[-33.1407,5.9389],[-33.4512,5.8463],[-33.4061,6.1369],[-33.329,6.4208]]},"properties":{"id":67,"source":45362,"mouth":42939,"parent":545,"basin":1087,"widthFactor":0.56,"sourceWidth":0.05,"discharge":153,"name":"Vrugh","type":"River"}},{"type":"Feature","geometry":{"type":"LineString","coordinates":[[-14.1025,13.7408],[-14.3309,13.7293],[-14.4838,13.5383],[-14.6971,13.4909],[-14.8738,13.5984],[-15.1384,13.3711],[-15.3427,13.4786],[-15.4403,13.6879],[-15.6435,13.7897],[-15.8668,13.7478],[-16.024,13.8677],[-16.2303,13.8381],[-16.4287,13.7743]]},"properties":{"id":69,"source":34073,"mouth":33645,"parent":545,"basin":1087,"widthFactor":0.56,"sourceWidth":0.05,"discharge":92,"name":"Namunz","type":"Fork"}},{"type":"Feature","geometry":{"type":"LineString","coordinates":[[-12.9359,15.8443],[-12.8986,16.1681],[-12.9903,16.4034],[-12.9297,16.6485],[-12.7381,16.8638],[-12.4643,16.9536],[-12.2581,17.1809],[-12.4745,17.4557]]},"properties":{"id":70,"source":31206,"mouth":29601,"parent":70,"basin":70,"widthFactor":0.672,"sourceWidth":0.05,"discharge":143,"name":"Gathizdanu","type":"River"}},{"type":"Feature","geometry":{"type":"LineString","coordinates":[[-48.065,34.5792],[-48.0308,34.7411],[-48.2333,34.8202],[-48.4378,34.7466],[-48.6837,34.9108],[-48.9139,34.9927],[-49.1491,34.9272],[-49.3873,34.7777],[-49.5277,34.9161],[-49.6908,35.0268]]},"properties":{"id":71,"source":10051,"mouth":9705,"parent":474,"basin":1106,"widthFactor":0.56,"sourceWidth":0.04,"discharge":59,"name":"Wazion","type":"River"}},{"type":"Feature","geometry":{"type":"LineString","coordinates":[[-30.3328,2.8795],[-30.3517,3.1012],[-30.4761,3.2729],[-30.6005,3.4446],[-30.8877,3.2695],[-31.2029,3.2843],[-31.2737,3.6214],[-31.4815,3.6385],[-31.82,3.6276],[-32.0846,3.5778],[-32.2651,3.7029],[-32.4846,3.6953],[-32.7052,3.7037],[-32.8885,3.5809],[-33.0426,3.7638],[-33.0722,3.9841],[-33.0589,4.2429],[-33.1734,4.4753],[-33.3461,4.5579],[-33.3761,4.8284],[-33.5251,5.0561],[-33.6849,5.2304],[-33.9111,5.299],[-34.0777,5.4344],[-34.1244,5.5878],[-34.1796,5.9412],[-34.3983,6.1141]]},"properties":{"id":72,"source":46503,"mouth":42935,"parent":545,"basin":1087,"widthFactor":0.56,"sourceWidth":0.05,"discharge":349,"name":"Lorgvol","type":"Fork"}},{"type":"Feature","geometry":{"type":"LineString","coordinates":[[-63.7194,18.3393],[-64.1038,18.3705],[-64.2439,18.1541],[-64.2369,17.8964],[-64.493,17.907],[-64.6992,18.0591],[-64.795,18.2446],[-64.9895,18.3206],[-65.1241,18.1406],[-65.0863,17.9046],[-65.1864,17.7134],[-65.2686,17.4595],[-65.2082,17.1996],[-65.4842,17.0899],[-65.679,16.8657],[-65.9545,16.8166],[-66.155,16.9574],[-66.3997,16.9692],[-66.5685,16.8501],[-66.8791,16.8042],[-67.0324,16.562],[-67.2923,16.2966],[-67.5701,16.506],[-67.7914,16.444],[-67.9476,16.2756],[-68.2044,16.2616],[-68.2901,16.4503],[-68.4667,16.5589],[-68.5462,16.7471],[-68.7173,16.8586],[-68.9219,16.9902],[-69.2029,17.1498],[-69.4893,17.2487],[-69.6802,17.4388],[-69.9321,17.5344],[-70.1902,17.4539],[-70.3944,17.2767],[-70.6255,17.1288],[-70.8603,17.0764],[-71.0489,16.9272],[-71.203,17.0252],[-71.3628,17.2161],[-71.5867,17.325],[-71.7222,17.4852],[-71.8762,17.6278],[-72.1664,17.62],[-72.4198,17.6881],[-72.6785,17.7321],[-72.8902,17.5406],[-73.1704,17.3141],[-73.3361,17.0019]]},"properties":{"id":73,"source":28158,"mouth":29401,"parent":73,"basin":73,"widthFactor":0.672,"sourceWidth":0.05,"discharge":588,"name":"Gramburgh","type":"River"}},{"type":"Feature","geometry":{"type":"LineString","coordinates":[[27.1755,19.6931],[26.9467,19.6452],[26.7988,19.4642],[26.7957,19.2642],[26.4128,19.2712],[26.2486,19.2906],[26.1918,19.5326],[26.0096,19.7017],[25.8653,19.8664],[25.6501,19.9072],[25.5525,20.1798],[25.338,20.3743],[25.0549,20.3949],[24.7956,20.2793],[24.5263,20.1976],[24.2974,20.0771],[24.1598,19.8581],[23.9492,19.8505],[23.7847,19.7188],[23.64,19.5494],[23.615,19.328],[23.6469,19.1212],[23.552,18.9349],[23.2753,18.9806],[23.0469,19.1435],[22.8585,19.4603],[22.9636,19.7748],[22.7649,19.8939],[22.5332,19.8963],[22.2671,19.9866],[22.0082,20.0074],[21.7667,19.9118],[21.6865,19.8862],[21.4542,19.9307],[21.2281,19.8612],[20.8927,19.7951],[20.6951,19.7396],[20.5549,19.5896],[20.3207,19.5911],[20.0639,19.5802],[19.9234,19.7326],[19.7261,19.7959],[19.5455,20.008],[19.2996,20.1392],[19.0078,20.1563],[18.7944,20.2719],[18.5525,20.291],[18.4171,20.5092],[18.2093,20.66],[18.0351,20.8091],[17.8148,20.8725],[17.6684,20.5486],[17.4163,20.6755],[17.192,20.7076],[16.9735,20.6475],[16.7065,20.86],[16.4689,20.9815],[16.2046,21.0181],[16.0396,21.2322],[15.845,21.4968]]},"properties":{"id":74,"source":26780,"mouth":24667,"parent":74,"basin":74,"widthFactor":0.672,"sourceWidth":0.07,"discharge":335,"name":"Hargaramfa","type":"River"}},{"type":"Feature","geometry":{"type":"LineString","coordinates":[[-10.8386,-6.0458],[-10.7981,-6.2537],[-10.7156,-6.523],[-10.6453,-6.7393],[-10.4557,-6.8648],[-10.1522,-6.9574],[-9.8269,-7.0228],[-9.8284,-7.3521],[-9.9504,-7.5554],[-9.9358,-7.792],[-9.6549,-7.8947]]},"properties":{"id":75,"source":56743,"mouth":58841,"parent":9,"basin":9,"widthFactor":0.56,"sourceWidth":0.05,"discharge":300,"name":"Grozran","type":"Fork"}},{"type":"Feature","geometry":{"type":"LineString","coordinates":[[-17.8373,-7.3661],[-17.8031,-7.6012],[-17.9564,-7.806],[-18.1403,-7.9311],[-18.2031,-8.1446],[-18.308,-8.3714],[-18.2669,-8.6179],[-18.0887,-8.8896],[-17.9255,-9.0805],[-17.8926,-9.3295],[-18.0429,-9.4738],[-18.2506,-9.4898]]},"properties":{"id":76,"source":58109,"mouth":60088,"parent":26,"basin":26,"widthFactor":0.56,"sourceWidth":0.05,"discharge":86,"name":"Rosha","type":"River"}},{"type":"Feature","geometry":{"type":"LineString","coordinates":[[-35.9953,34.4835],[-35.884,34.5769],[-35.5883,34.7816],[-35.4412,35.0385],[-35.2173,35.1849],[-35.105,35.4278],[-35.0987,35.7041],[-34.9058,35.8367],[-34.8256,36.0568],[-34.6238,36.2025],[-34.533,36.4343]]},"properties":{"id":77,"source":10087,"mouth":8521,"parent":33,"basin":33,"widthFactor":0.56,"sourceWidth":0.04,"discharge":45,"name":"Bonnes","type":"River"}},{"type":"Feature","geometry":{"type":"LineString","coordinates":[[-14.2924,23.1939],[-14.0606,23.0641],[-13.7959,23.0865],[-13.4916,23.2975],[-13.2714,23.5847],[-13.2371,23.9218],[-13.1188,24.1538],[-12.9437,24.2425],[-12.6706,24.4255],[-12.6132,24.6414],[-12.6939,24.8498],[-12.6211,25.0525],[-12.6846,25.2585],[-12.7943,25.6057],[-13.0523,25.6374],[-13.2924,25.5379],[-13.4908,25.684],[-13.736,25.7084],[-13.8068,25.9933]]},"properties":{"id":78,"source":22230,"mouth":19481,"parent":896,"basin":1098,"widthFactor":0.56,"sourceWidth":0.06,"discharge":135,"name":"Tlaulil","type":"Fork"}},{"type":"Feature","geometry":{"type":"LineString","coordinates":[[1.2794,2.9698],[1.0257,2.874],[0.7253,3.0601],[0.4872,3.3053],[0.3263,3.4877],[0.3004,3.7296],[0.6483,3.8712],[0.7903,4.1484],[0.7938,4.4598],[0.9327,4.6297],[0.9401,4.849],[1.0782,5.1007],[1.0825,5.3877],[1.4242,5.4679],[1.5958,5.6027],[1.7448,5.7622]]},"properties":{"id":79,"source":46605,"mouth":43443,"parent":79,"basin":79,"widthFactor":0.672,"sourceWidth":0.05,"discharge":201,"name":"Az'kassan","type":"River"}},{"type":"Feature","geometry":{"type":"LineString","coordinates":[[8.5334,11.0138],[8.5101,11.2621],[8.6572,11.5743],[8.7267,11.7864],[8.6463,11.9947],[8.3918,12.1909],[8.4537,12.3963],[8.3708,12.5941],[8.2486,12.7559],[8.0999,12.8938]]},"properties":{"id":80,"source":37338,"mouth":35343,"parent":80,"basin":80,"widthFactor":0.672,"sourceWidth":0.05,"discharge":80,"name":"Krash","type":"River"}},{"type":"Feature","geometry":{"type":"LineString","coordinates":[[46.3949,14.696],[46.4019,15.0424],[46.7187,15.1421],[46.9335,15.3038],[47.0284,15.5555],[47.2823,15.7094],[47.4308,15.9665],[47.2862,16.1269],[47.0728,16.1596],[47.0901,16.4256],[46.9677,16.6625],[47.1024,16.8462],[47.3577,16.889],[47.5545,17.0572],[47.4153,17.2444],[47.4043,17.4775],[47.6837,17.6644],[47.9045,17.7441],[48.0471,17.9306],[48.0363,18.2319],[47.9942,18.5051],[47.9286,18.7371],[47.7545,18.9037],[47.8949,19.1577],[47.9156,19.4471],[47.8913,19.6821],[47.7522,19.8729],[47.8658,20.2123],[47.7327,20.4155],[47.7125,20.6576],[47.9857,20.8055],[48.2744,20.9521],[48.4931,21.1909],[48.4799,21.397],[48.3592,21.5646],[48.2911,21.8071],[48.1242,21.9958],[48.209,22.1173],[48.1635,22.3417],[48.2269,22.5618],[48.406,22.6889],[48.6238,22.7159],[48.8313,22.5502],[49.0869,22.4785],[49.3787,22.6973],[49.4674,22.8919],[49.6636,23.134],[49.9087,23.1472],[50.0219,23.3449],[50.1134,23.5536]]},"properties":{"id":81,"source":32961,"mouth":22386,"parent":81,"basin":81,"widthFactor":0.672,"sourceWidth":0.04,"discharge":740,"name":"Joim","type":"River"}},{"type":"Feature","geometry":{"type":"LineString","coordinates":[[8.8673,9.263],[9.0559,9.0233],[9.3381,8.908],[9.6214,8.8263],[9.8946,9.0793],[10.1238,8.9235],[10.4004,8.9072],[10.5724,8.873],[10.8977,8.9859],[11.2316,9.0676],[11.3582,8.8188],[11.3499,8.5398],[11.3128,8.3213],[11.4106,8.1225],[11.4621,7.8418],[11.6363,7.6157],[11.8538,7.7995],[11.9647,8.0618],[12.211,8.0848],[12.4348,7.9793],[12.7266,7.9559],[12.9165,7.9271],[13.1613,8.076],[13.3196,8.3148],[13.606,8.5717],[13.8525,8.7036],[14.02,8.9275],[14.2287,8.9472],[14.3928,9.0777],[14.5345,9.4078],[14.6372,9.6273]]},"properties":{"id":82,"source":39315,"mouth":39332,"parent":82,"basin":82,"widthFactor":0.672,"sourceWidth":0.07,"discharge":336,"name":"Suntas","type":"River"}},{"type":"Feature","geometry":{"type":"LineString","coordinates":[[-20.2024,-3.6715],[-20.257,-3.5262],[-20.158,-3.4068],[-20.0798,-3.2485],[-19.9074,-3.2106],[-19.8857,-3.0583],[-20.0039,-2.9599]]},"properties":{"id":83,"source":54069,"mouth":53707,"parent":13,"basin":13,"widthFactor":0.56,"sourceWidth":0.05,"discharge":42,"name":"Kharb","type":"River"}},{"type":"Feature","geometry":{"type":"LineString","coordinates":[[-41.2235,15.856],[-41.0725,15.5212],[-41.3308,15.4001],[-41.4897,15.1631],[-41.6603,15.0195],[-41.7014,14.8003],[-41.766,14.5682],[-41.6835,14.3418],[-41.5457,14.0413],[-41.3161,13.7525],[-41.4063,13.5294],[-41.3566,13.294],[-41.0959,13.0285],[-41.0227,12.7947],[-40.8359,12.6362],[-40.6494,12.4312],[-40.3885,12.338],[-40.3799,11.9986],[-40.6309,11.9574],[-40.8694,12.0461],[-41.1429,12.1223],[-41.422,12.0702],[-41.3639,11.8379],[-41.1955,11.6677],[-41.1519,11.4208],[-40.9947,11.2256],[-40.8981,10.9888],[-40.7021,10.8246],[-40.4639,10.5693],[-40.1565,10.3871],[-40.0305,10.0656],[-40.0387,9.8344],[-40.018,9.604]]},"properties":{"id":84,"source":31121,"mouth":38428,"parent":545,"basin":1087,"widthFactor":0.56,"sourceWidth":0.06,"discharge":235,"name":"Digrin","type":"Fork"}},{"type":"Feature","geometry":{"type":"LineString","coordinates":[[-22.3083,28.096],[-22.1715,28.2322],[-22.2159,28.4392],[-22.1153,28.5896],[-22.01,28.7647],[-22.0554,28.964]]},"properties":{"id":85,"source":16838,"mouth":16447,"parent":30,"basin":1098,"widthFactor":0.56,"sourceWidth":0.04,"discharge":33,"name":"Syllebel","type":"River"}},{"type":"Feature","geometry":{"type":"LineString","coordinates":[[-31.4916,33.1725],[-31.4566,33.529],[-31.7873,33.7283],[-31.8527,34.0623],[-31.6443,34.1755],[-31.543,34.39],[-31.4463,34.6312],[-31.4939,34.8867],[-31.4496,35.1638],[-31.2574,35.2552],[-31.1639,35.4464],[-31.2426,35.7267],[-30.9891,35.8823],[-30.8316,36.1346],[-30.9997,36.3837],[-31.0587,36.6699],[-31.2379,36.9006]]},"properties":{"id":86,"source":11551,"mouth":8247,"parent":145,"basin":145,"widthFactor":0.56,"sourceWidth":0.06,"discharge":115,"name":"Bardon","type":"River"}},{"type":"Feature","geometry":{"type":"LineString","coordinates":[[-11.146,-6.6118],[-10.9612,-6.7038],[-10.7647,-6.6406],[-10.655,-6.8145],[-10.4557,-6.8648]]},"properties":{"id":87,"source":57447,"mouth":57448,"parent":75,"basin":9,"widthFactor":0.56,"sourceWidth":0.05,"discharge":44,"name":"Sku'lush","type":"Fork"}},{"type":"Feature","geometry":{"type":"LineString","coordinates":[[-11.5281,-8.1625],[-11.4562,-8.2658],[-11.339,-8.2201],[-11.1245,-8.1453],[-11.0059,-7.9515]]},"properties":{"id":88,"source":59184,"mouth":59185,"parent":9,"basin":9,"widthFactor":0.56,"sourceWidth":0.06,"discharge":47,"name":"Skulessi","type":"River"}},{"type":"Feature","geometry":{"type":"LineString","coordinates":[[-33.8473,34.1495],[-33.6407,34.0417],[-33.4123,34.088],[-33.2465,34.2646],[-33.2193,34.5053],[-33.0127,34.5757],[-32.9002,34.7629],[-32.7215,34.9763],[-32.6769,35.251],[-32.35,35.3951]]},"properties":{"id":89,"source":10451,"mouth":9423,"parent":145,"basin":145,"widthFactor":0.56,"sourceWidth":0.05,"discharge":48,"name":"Pozievillonne","type":"River"}},{"type":"Feature","geometry":{"type":"LineString","coordinates":[[-6.9318,-4.4087],[-6.9606,-4.7224],[-6.8633,-4.9365],[-6.7123,-5.1957],[-6.6794,-5.4148],[-6.5162,-5.5647],[-6.3684,-5.8855],[-6.154,-6.0109],[-5.9061,-5.9976],[-5.5909,-6.2163],[-5.5971,-6.5051],[-5.4041,-6.8142],[-5.6337,-7.0898]]},"properties":{"id":90,"source":54887,"mouth":57798,"parent":90,"basin":90,"widthFactor":0.672,"sourceWidth":0.06,"discharge":412,"name":"Vullen","type":"River"}},{"type":"Feature","geometry":{"type":"LineString","coordinates":[[-16.5415,-7.922],[-16.7107,-8.0746],[-16.7423,-8.3003],[-16.7524,-8.5493],[-16.9058,-8.7456],[-17.0862,-8.8599],[-17.2972,-8.8273],[-17.5579,-8.934],[-17.5806,-9.1513],[-17.4622,-9.3349],[-17.588,-9.517],[-17.5766,-9.7382],[-17.6731,-9.9289]]},"properties":{"id":91,"source":58821,"mouth":60352,"parent":26,"basin":26,"widthFactor":0.56,"sourceWidth":0.07,"discharge":100,"name":"Mor'th'tass","type":"River"}},{"type":"Feature","geometry":{"type":"LineString","coordinates":[[-8.5755,-5.4238],[-8.353,-5.3784],[-8.1536,-5.4869],[-8.0121,-5.6478],[-8.0136,-5.8621],[-8.0508,-6.1319],[-7.9396,-6.3806],[-7.6913,-6.3726],[-7.482,-6.5067],[-7.3533,-6.7489],[-7.3661,-7.0228],[-7.4478,-7.2182],[-7.486,-7.4254],[-7.3855,-7.6106],[-7.3941,-7.869]]},"properties":{"id":92,"source":56033,"mouth":58496,"parent":92,"basin":92,"widthFactor":0.672,"sourceWidth":0.04,"discharge":179,"name":"Nakess","type":"River"}},{"type":"Feature","geometry":{"type":"LineString","coordinates":[[-10.8152,22.1103],[-10.525,22.15],[-10.4096,21.9649],[-10.2012,21.9009],[-10.0161,21.7622],[-9.7848,21.7662],[-9.7156,21.7242],[-9.3537,21.6876]]},"properties":{"id":93,"source":23385,"mouth":24194,"parent":3,"basin":3,"widthFactor":0.56,"sourceWidth":0.07,"discharge":96,"name":"Baragzigzig","type":"Fork"}},{"type":"Feature","geometry":{"type":"LineString","coordinates":[[43.7878,6.0167],[43.9074,6.1272],[43.8797,6.2877],[43.8681,6.5445],[44.0042,6.7625],[44.1728,6.8777],[44.3746,6.8466],[44.4311,7.149],[44.3404,7.4429]]},"properties":{"id":94,"source":43166,"mouth":41992,"parent":53,"basin":273,"widthFactor":0.56,"sourceWidth":0.04,"discharge":38,"name":"Gobruing","type":"River"}},{"type":"Feature","geometry":{"type":"LineString","coordinates":[[-10.5654,14.8221],[-10.5643,15.0807],[-10.7117,15.2931],[-10.8075,15.3141],[-10.774,15.6691],[-10.4487,15.7913],[-10.374,16.1471],[-10.1796,16.2651],[-10.0938,16.4756],[-9.9,16.7115]]},"properties":{"id":95,"source":32401,"mouth":30417,"parent":95,"basin":95,"widthFactor":0.672,"sourceWidth":0.06,"discharge":156,"name":"Kharb","type":"River"}},{"type":"Feature","geometry":{"type":"LineString","coordinates":[[4.7325,7.0576],[4.7839,6.783],[4.6804,6.5235],[4.5106,6.3519],[4.2718,6.3165],[4.1404,6.1236],[4.1535,5.8906],[4.2578,5.6532],[4.1449,5.2834],[3.892,5.3218],[3.6577,5.2188],[3.4572,5.1653],[3.2686,5.0787]]},"properties":{"id":96,"source":41887,"mouth":43870,"parent":96,"basin":96,"widthFactor":0.672,"sourceWidth":0.05,"discharge":104,"name":"Skaph","type":"River"}},{"type":"Feature","geometry":{"type":"LineString","coordinates":[[-16.7704,25.9404],[-16.8056,26.1463],[-16.9735,26.2705],[-16.9266,26.39],[-17.0272,26.4698]]},"properties":{"id":97,"source":19469,"mouth":19116,"parent":15,"basin":1098,"widthFactor":0.56,"sourceWidth":0.06,"discharge":46,"name":"Afrandell","type":"River"}},{"type":"Feature","geometry":{"type":"LineString","coordinates":[[39.4118,16.2826],[39.6087,16.2745],[39.7362,16.4482],[39.9192,16.4764],[39.9796,16.6424],[39.8501,16.7898],[39.8725,16.9521],[39.8357,17.1269],[39.6787,17.2121]]},"properties":{"id":98,"source":30924,"mouth":30118,"parent":65,"basin":65,"widthFactor":0.56,"sourceWidth":0.05,"discharge":43,"name":"Miralla","type":"River"}},{"type":"Feature","geometry":{"type":"LineString","coordinates":[[40.4017,16.1494],[40.1558,16.3503],[40.0421,16.6134],[40.261,16.7085],[40.3799,16.9155],[40.2797,17.1389],[40.0694,17.2642],[40.0756,17.525]]},"properties":{"id":99,"source":30927,"mouth":29725,"parent":65,"basin":65,"widthFactor":0.56,"sourceWidth":0.04,"discharge":38,"name":"Alherronte","type":"Fork"}},{"type":"Feature","geometry":{"type":"LineString","coordinates":[[42.8135,-15.7784],[42.595,-15.8821],[42.485,-16.0976],[42.2095,-16.3233],[41.95,-16.3789],[41.7621,-16.5662],[41.7519,-16.9329],[41.6989,-17.1387],[41.7901,-17.3307],[41.692,-17.5712],[41.5606,-17.7393],[41.5621,-17.9527],[41.3908,-18.138],[41.442,-18.436],[41.6189,-18.6813],[41.5488,-18.7771],[41.4191,-19.0077],[41.4173,-19.2722],[41.3471,-19.531],[41.4072,-19.7922],[41.2366,-19.9285],[41.1722,-20.1371],[41.0225,-20.3473],[40.9908,-20.6034],[40.885,-20.9389],[40.6699,-21.0443],[40.5355,-21.2426],[40.4087,-21.4218],[40.3962,-21.6411],[40.1456,-21.835],[40.106,-22.1923],[39.8741,-22.2877],[39.7098,-22.4772],[39.6955,-22.6996],[39.7931,-22.8999],[39.5577,-23.0586],[39.4024,-23.2962],[39.2574,-23.4591],[39.211,-23.6722],[39.0233,-23.7666],[38.9082,-23.9423],[38.6743,-24.0257],[38.4973,-24.2],[38.4973,-24.2]]},"properties":{"id":100,"source":64991,"mouth":69457,"parent":100,"basin":100,"widthFactor":0.672,"sourceWidth":0.05,"discharge":490,"name":"Klithaugh","type":"River"}},{"type":"Feature","geometry":{"type":"LineString","coordinates":[[-27.0416,-5.265],[-27.4214,-5.2712],[-27.6774,-5.423],[-27.6932,-5.6466],[-27.5646,-5.8302],[-27.7373,-6.0567],[-27.935,-6.3362],[-28.0051,-6.5168],[-28.2045,-6.7427],[-28.2798,-7.0345],[-28.4409,-7.2649],[-28.228,-7.4339],[-27.9599,-7.4782],[-27.9458,-7.7558],[-28.0634,-8.0076],[-28.009,-8.3805]]},"properties":{"id":101,"source":55977,"mouth":58784,"parent":101,"basin":101,"widthFactor":0.672,"sourceWidth":0.05,"discharge":104,"name":"Bodrukh","type":"River"}},{"type":"Feature","geometry":{"type":"LineString","coordinates":[[-10.6682,25.8797],[-10.9483,26.1304],[-10.9989,26.4176],[-11.3764,26.4277],[-11.5709,26.2829],[-11.8877,26.3343],[-12.0488,26.4223],[-12.3243,26.353],[-12.3772,25.9972],[-12.4931,25.8166]]},"properties":{"id":102,"source":19490,"mouth":19485,"parent":38,"basin":1098,"widthFactor":0.56,"sourceWidth":0.04,"discharge":71,"name":"Nanyndesthil","type":"Fork"}},{"type":"Feature","geometry":{"type":"LineString","coordinates":[[-6.2088,-2.3208],[-6.3444,-2.1406],[-6.5645,-2.0911],[-6.8695,-2.0312],[-6.8526,-1.7498],[-6.9824,-1.4995],[-7.1279,-1.5337],[-7.3413,-1.4036],[-7.591,-1.4139],[-7.9101,-1.3975],[-8.0541,-1.1828],[-8.2891,-1.0752],[-8.5583,-1.0659],[-8.6758,-0.7747],[-8.9506,-0.6432],[-9.0074,-0.4353],[-9.2611,-0.3388],[-9.3965,-0.0422],[-9.6276,0.1221],[-9.8121,0.2318],[-9.8588,0.4417],[-10.0129,0.5915],[-10.009,0.9169],[-10.0643,1.138],[-10.2238,1.3007]]},"properties":{"id":103,"source":52606,"mouth":48814,"parent":122,"basin":122,"widthFactor":0.56,"sourceWidth":0.05,"discharge":296,"name":"Bilgabhat","type":"River"}},{"type":"Feature","geometry":{"type":"LineString","coordinates":[[-5.8555,-3.6465],[-5.6687,-3.9774],[-5.5001,-4.174],[-5.25,-4.2413],[-4.9808,-4.3916],[-4.7306,-4.3582],[-4.5418,-4.1907],[-4.3418,-3.9899],[-4.0943,-3.8737],[-3.8219,-3.898],[-3.6923,-4.0912],[-3.6974,-4.3238],[-3.4612,-4.4359],[-3.2009,-4.4118],[-2.9923,-4.5434],[-2.81,-4.7714],[-2.5449,-4.8937],[-2.425,-4.6811],[-2.2133,-4.6042],[-2.0149,-4.4974]]},"properties":{"id":104,"source":54112,"mouth":55297,"parent":104,"basin":104,"widthFactor":0.672,"sourceWidth":0.05,"discharge":550,"name":"Vupjezjuph","type":"River"}},{"type":"Feature","geometry":{"type":"LineString","coordinates":[[-21.2686,-7.2704],[-21.2764,-7.4969],[-21.1495,-7.675],[-20.9371,-7.7266],[-20.7783,-8.0309],[-20.5114,-8.1547],[-20.5725,-8.3612],[-20.4888,-8.5595],[-20.4818,-8.9122],[-20.4312,-9.2368],[-20.5947,-9.4236],[-20.6328,-9.6689],[-20.6647,-9.858],[-20.816,-10.0861],[-20.8406,-10.3586],[-21.0748,-10.343],[-21.2058,-10.5252],[-21.3091,-10.7245]]},"properties":{"id":105,"source":58099,"mouth":60901,"parent":105,"basin":105,"widthFactor":0.672,"sourceWidth":0.04,"discharge":186,"name":"Vrur","type":"River"}},{"type":"Feature","geometry":{"type":"LineString","coordinates":[[-32.6006,-0.9655],[-32.3733,-1.1691],[-32.0753,-1.234],[-32.0151,-1.4517],[-31.8301,-1.5812],[-31.8925,-1.8065],[-31.8052,-2.0234],[-31.483,-2.0172],[-31.4676,-2.2783],[-31.5935,-2.5076],[-31.7696,-2.6203],[-31.8325,-2.8198],[-31.7313,-3.1771],[-31.7887,-3.3785],[-31.8122,-3.5866]]},"properties":{"id":106,"source":51019,"mouth":53671,"parent":1078,"basin":1078,"widthFactor":0.56,"sourceWidth":0.05,"discharge":90,"name":"Zraggun","type":"River"}},{"type":"Feature","geometry":{"type":"LineString","coordinates":[[-25.4773,-6.5238],[-25.5759,-6.7676],[-25.5194,-7.0244],[-25.4874,-7.398],[-25.4392,-7.7297],[-25.7863,-7.8612],[-25.9028,-8.0631],[-25.8773,-8.2949],[-26.0353,-8.4731]]},"properties":{"id":107,"source":57404,"mouth":59140,"parent":107,"basin":107,"widthFactor":0.672,"sourceWidth":0.06,"discharge":113,"name":"Dhoghokh","type":"River"}},{"type":"Feature","geometry":{"type":"LineString","coordinates":[[-23.1481,18.4467],[-22.9829,18.6774],[-22.9644,18.9605],[-22.9169,19.1879],[-22.6908,19.3683],[-22.5854,19.6378],[-22.3823,19.8776],[-22.2181,20.1407]]},"properties":{"id":108,"source":27871,"mouth":26220,"parent":108,"basin":108,"widthFactor":0.672,"sourceWidth":0.06,"discharge":81,"name":"Zazar","type":"River"}},{"type":"Feature","geometry":{"type":"LineString","coordinates":[[-9.3498,11.1742],[-9.4758,11.0218],[-9.4525,10.8254],[-9.569,10.7084],[-9.5397,10.5459]]},"properties":{"id":109,"source":36890,"mouth":37282,"parent":29,"basin":29,"widthFactor":0.56,"sourceWidth":0.05,"discharge":42,"name":"Numunz","type":"River"}},{"type":"Feature","geometry":{"type":"LineString","coordinates":[[-14.4271,24.9774],[-14.319,25.0353],[-14.3547,25.1526],[-14.2147,25.2746],[-14.2483,25.4763],[-14.143,25.6142],[-14.1333,25.6938],[-14.1609,25.7691]]},"properties":{"id":110,"source":20485,"mouth":19824,"parent":896,"basin":1098,"widthFactor":0.56,"sourceWidth":0.05,"discharge":50,"name":"Reshera","type":"River"}},{"type":"Feature","geometry":{"type":"LineString","coordinates":[[40.6826,-12.3103],[40.3721,-12.5041],[40.3024,-12.7229],[40.3853,-12.9369],[40.5122,-13.1689],[40.4219,-13.506],[40.5071,-13.7407],[40.4476,-13.9832],[40.2881,-13.9264],[40.0572,-14.0037],[39.9075,-14.1957],[39.7703,-14.436],[39.7666,-14.7127],[39.5752,-14.9555],[39.3837,-15.2358],[39.589,-15.4171],[39.8554,-15.481],[40.1042,-15.6152],[40.2663,-15.8469],[40.0046,-16.0643],[39.681,-16.1692],[39.4717,-16.2588],[39.3425,-16.4463],[39.004,-16.293],[38.8491,-16.5717],[38.9199,-16.7889],[38.7542,-17.1205],[38.8323,-17.3769],[38.7931,-17.6421],[38.5285,-17.6662],[38.2257,-17.8437],[37.9284,-17.7744],[37.7983,-18.0466],[37.7751,-18.3474],[37.8514,-18.4719],[37.6505,-18.7032],[37.5416,-18.9896],[37.2607,-19.1897],[37.0258,-19.2007],[36.8187,-19.3119],[36.5956,-19.3432],[36.4093,-19.4699],[36.25,-19.607],[36.1727,-19.8024],[35.9706,-19.8014],[35.7922,-19.8966],[35.5867,-20.1527],[35.2583,-20.3177],[34.9742,-20.1659],[34.7479,-20.258],[34.5719,-20.4275],[34.3572,-20.6657],[34.2178,-20.9545],[34.0559,-21.2028],[33.729,-21.2651]]},"properties":{"id":111,"source":62719,"mouth":68109,"parent":111,"basin":111,"widthFactor":0.672,"sourceWidth":0.05,"discharge":256,"name":"Froth","type":"River"}},{"type":"Feature","geometry":{"type":"LineString","coordinates":[[-9.6868,26.7913],[-9.5998,26.9367],[-9.6681,27.0918],[-9.6676,27.2839],[-9.8074,27.4156],[-9.6945,27.5676],[-9.764,27.7626],[-9.6876,27.9232]]},"properties":{"id":112,"source":18403,"mouth":17673,"parent":47,"basin":47,"widthFactor":0.56,"sourceWidth":0.04,"discharge":39,"name":"Bellerin","type":"River"}},{"type":"Feature","geometry":{"type":"LineString","coordinates":[[-48.1538,9.3019],[-47.9501,9.1744],[-47.7109,9.1984],[-47.4517,9.1892],[-47.2424,9.0357],[-47.225,8.7982],[-47.353,8.5974],[-47.4658,8.2307],[-47.6308,8.0867],[-47.8897,8.1126],[-48.1234,7.998],[-48.36,7.8599],[-48.497,7.6227],[-48.2635,7.3215],[-48.2154,7.0681],[-48.0448,6.8746],[-47.9577,6.6805],[-47.7716,6.5772],[-47.6105,6.4485],[-47.4043,6.4441],[-47.2638,6.1883],[-47.2487,5.8969],[-47.4738,5.7982],[-47.6183,5.5995],[-47.4588,5.4414],[-47.4487,5.109],[-47.1876,5.0491],[-46.9273,5.1121],[-46.8324,4.9012],[-46.644,4.7673],[-46.6164,4.5504],[-46.479,4.3804],[-46.4515,4.1405],[-46.314,3.9421],[-46.3249,3.5972],[-46.1647,3.415],[-45.9389,3.3263],[-45.784,3.0032],[-45.5682,2.9927],[-45.3754,3.0904],[-45.0182,3.0095],[-44.8491,2.7562],[-44.6026,2.5774],[-44.4005,2.4589],[-44.1668,2.4412],[-43.8664,2.2403],[-43.6452,2.1849],[-43.4221,2.2318],[-43.1736,2.207],[-42.9551,2.0862],[-43.0516,1.7476],[-43.0002,1.4681],[-43.0917,1.2197],[-43.089,0.9551],[-43.159,0.7542],[-43.3731,0.6415],[-43.5294,0.4568],[-43.5326,0.0762],[-43.4831,-0.1776],[-43.3505,-0.3995],[-43.2152,-0.6095],[-43.0158,-0.7599],[-42.8118,-0.8236],[-42.6493,-0.9623],[-42.6876,-1.1868],[-42.8049,-1.3819],[-42.9232,-1.6529],[-43.0671,-1.7971],[-43.1434,-1.986],[-43.0485,-2.1797],[-42.889,-2.3247],[-42.8734,-2.5894]]},"properties":{"id":113,"source":39168,"mouth":52494,"parent":1087,"basin":1087,"widthFactor":0.56,"sourceWidth":0.05,"discharge":369,"name":"Drodh","type":"River"}},{"type":"Feature","geometry":{"type":"LineString","coordinates":[[40.0507,20.5977],[40.1651,20.7853],[40.1805,21.0422],[40.0476,21.2625],[39.9589,21.528],[40.0398,21.6953],[40.3238,21.6974],[40.5698,21.8394],[40.6925,22.0093],[40.678,22.2185],[40.9309,22.2811],[41.1146,22.466],[41.1405,22.7477],[41.0297,23.0079],[41.1278,23.3449],[41.2313,23.5512]]},"properties":{"id":114,"source":25578,"mouth":22359,"parent":65,"basin":65,"widthFactor":0.56,"sourceWidth":0.05,"discharge":109,"name":"Salforcos","type":"Fork"}},{"type":"Feature","geometry":{"type":"LineString","coordinates":[[10.3732,9.699],[10.573,9.6145],[10.7779,9.6857],[11.104,9.7706],[11.3242,9.8531],[11.5585,9.8476],[11.8042,9.9189],[11.9717,10.1123],[12.2488,10.2423],[12.4672,10.2156],[12.6573,10.3264],[12.9733,10.1466],[13.2885,10.0103]]},"properties":{"id":116,"source":38952,"mouth":38185,"parent":116,"basin":116,"widthFactor":0.672,"sourceWidth":0.04,"discharge":155,"name":"Cej'luruss","type":"River"}},{"type":"Feature","geometry":{"type":"LineString","coordinates":[[2.7526,2.3034],[2.9081,2.3181],[2.9737,2.4599],[2.8931,2.5778],[2.9651,2.7012],[3.1271,2.8773],[3.362,2.9223],[3.518,2.9586],[3.6616,3.0297]]},"properties":{"id":120,"source":47406,"mouth":46612,"parent":120,"basin":120,"widthFactor":0.672,"sourceWidth":0.05,"discharge":87,"name":"Mithazresh","type":"River"}},{"type":"Feature","geometry":{"type":"LineString","coordinates":[[-52.9781,8.669],[-53.2156,8.7126],[-53.4303,8.6021],[-53.5394,8.7805],[-53.7408,8.8372],[-53.8824,8.7111],[-54.1371,8.8116],[-54.4069,8.7656],[-54.5377,8.6566],[-54.7684,8.7433],[-55.0085,8.6877],[-55.0902,8.3226],[-55.1541,8.0058],[-55.1222,7.7794],[-55.2249,7.5753],[-55.6039,7.6352],[-55.7511,7.468],[-55.7774,7.2467],[-56.063,7.0124],[-56.244,6.9089],[-56.33,6.7189],[-56.6817,6.631],[-56.9106,6.3912],[-57.1246,6.1257],[-57.2335,6.0043],[-57.3308,5.6501],[-57.502,5.5272],[-57.5806,5.3317],[-57.9137,5.2445],[-58.1572,5.3485],[-58.4219,5.3402],[-58.5028,5.2515],[-58.8098,5.2398],[-59.0927,5.1199],[-59.2157,4.8988],[-59.5125,4.7648],[-59.7496,4.5415],[-59.5768,4.2924],[-59.7776,4.0394],[-60.1122,3.9032],[-60.2414,3.6408],[-60.3109,3.4355],[-60.3566,3.2236]]},"properties":{"id":121,"source":39890,"mouth":45649,"parent":121,"basin":121,"widthFactor":0.672,"sourceWidth":0.05,"discharge":93,"name":"Gerkrukh","type":"River"}},{"type":"Feature","geometry":{"type":"LineString","coordinates":[[-12.5982,-3.3671],[-12.5302,-3.1426],[-12.6176,-2.9249],[-12.3196,-2.7817],[-12.0658,-2.7234],[-11.8861,-2.5349],[-11.9496,-2.2392],[-12.1453,-2.0086],[-12.1133,-1.6832],[-11.9206,-1.5672],[-11.8363,-1.3586],[-11.6907,-1.2092],[-11.6729,-1.0013],[-11.4098,-0.996],[-11.1857,-0.858],[-10.9078,-0.7833],[-10.6753,-0.754],[-10.4969,-0.6019],[-10.4783,-0.4003],[-10.4512,-0.1953],[-10.5522,-0.0149],[-10.5448,0.2169],[-10.6619,0.4171],[-10.574,0.667],[-10.5058,0.89],[-10.5623,1.1162],[-10.2238,1.3007],[-10.1562,1.5473],[-10.2098,1.7974],[-10.3674,2.0084],[-10.602,2.1282],[-10.6506,2.3555],[-10.8043,2.5299],[-11.0121,2.533],[-11.026,2.7506],[-11.0114,2.9682]]},"properties":{"id":122,"source":53729,"mouth":46968,"parent":122,"basin":122,"widthFactor":0.672,"sourceWidth":0.04,"discharge":915,"name":"Naram","type":"River"}},{"type":"Feature","geometry":{"type":"LineString","coordinates":[[-49.662,7.8773],[-49.5804,7.6998],[-49.3951,7.6383],[-49.2367,7.5949],[-49.111,7.7006]]},"properties":{"id":123,"source":40627,"mouth":40991,"parent":124,"basin":1087,"widthFactor":0.56,"sourceWidth":0.04,"discharge":34,"name":"Gerkradh","type":"Fork"}},{"type":"Feature","geometry":{"type":"LineString","coordinates":[[-49.3741,8.2595],[-49.4287,8.0671],[-49.3289,7.8937],[-49.2706,7.74],[-49.111,7.7006],[-48.8975,7.554],[-48.6386,7.5503],[-48.4894,7.373],[-48.2635,7.3215]]},"properties":{"id":124,"source":40267,"mouth":40993,"parent":113,"basin":1087,"widthFactor":0.56,"sourceWidth":0.05,"discharge":79,"name":"Chazgar","type":"River"}},{"type":"Feature","geometry":{"type":"LineString","coordinates":[[49.2347,-3.5765],[49.2986,-3.3422],[49.1904,-3.0814],[49.2337,-2.8728],[49.1289,-2.6875],[48.9189,-2.5726],[48.6814,-2.6026],[48.5374,-2.4866],[48.1717,-2.5466],[48.0962,-2.211],[47.8389,-2.1601],[47.6432,-1.9853],[47.6785,-1.7697],[47.8347,-1.617],[47.9366,-1.4235],[47.9063,-1.2068],[47.7758,-1.0289],[47.567,-0.9577]]},"properties":{"id":125,"source":54276,"mouth":51612,"parent":17,"basin":928,"widthFactor":0.56,"sourceWidth":0.06,"discharge":77,"name":"Glam","type":"River"}},{"type":"Feature","geometry":{"type":"LineString","coordinates":[[2.7417,10.7016],[2.6266,11.0154],[2.7028,11.3626],[2.5429,11.5262],[2.3161,11.5556],[2.3122,11.7694],[2.4476,11.9348],[2.6325,12.0859],[2.6958,12.3162],[2.7386,12.5498],[2.8904,12.8837],[3.1597,13.0815],[3.4554,13.1515]]},"properties":{"id":126,"source":37739,"mouth":34542,"parent":126,"basin":126,"widthFactor":0.672,"sourceWidth":0.04,"discharge":149,"name":"Sa'hasshe","type":"River"}},{"type":"Feature","geometry":{"type":"LineString","coordinates":[[-14.557,15.3523],[-14.8008,15.3217],[-14.9773,15.1507],[-15.2497,15.0767],[-15.485,14.9682],[-15.6209,14.7474],[-15.8653,14.6026],[-16.1063,14.6836],[-16.3524,14.6197],[-16.5618,14.5107]]},"properties":{"id":127,"source":31997,"mouth":32784,"parent":545,"basin":1087,"widthFactor":0.56,"sourceWidth":0.05,"discharge":211,"name":"Nulbizadzar","type":"River"}},{"type":"Feature","geometry":{"type":"LineString","coordinates":[[-15.919,-0.9444],[-16.0642,-0.6937],[-16.3182,-0.5544],[-16.6108,-0.7911],[-16.8644,-0.672],[-17.1431,-0.7008],[-17.3526,-0.6448],[-17.5494,-0.7358],[-17.677,-0.96],[-17.7338,-1.2551]]},"properties":{"id":128,"source":51069,"mouth":51064,"parent":22,"basin":13,"widthFactor":0.56,"sourceWidth":0.05,"discharge":77,"name":"Gizah","type":"River"}},{"type":"Feature","geometry":{"type":"LineString","coordinates":[[-9.8611,-5.5686],[-9.9168,-5.8139],[-9.8175,-6.045],[-9.7905,-6.2326],[-9.6339,-6.3393],[-9.7084,-6.4886],[-9.6331,-6.6375],[-9.7958,-6.797],[-9.8269,-7.0228]]},"properties":{"id":129,"source":56389,"mouth":57452,"parent":75,"basin":9,"widthFactor":0.56,"sourceWidth":0.05,"discharge":69,"name":"Shegakkash","type":"Fork"}},{"type":"Feature","geometry":{"type":"LineString","coordinates":[[-27.5117,33.0386],[-27.3699,33.271],[-27.3786,33.5431],[-27.3731,33.7026],[-27.3446,33.9349],[-27.1809,34.102],[-26.854,33.9852],[-26.5933,33.9785],[-26.3692,34.1121],[-26.1661,34.1106],[-25.9046,34.1106],[-25.5645,34.2118],[-25.316,34.245],[-25.1217,34.4033],[-24.8975,34.3083],[-24.6003,34.2639]]},"properties":{"id":131,"source":11563,"mouth":10478,"parent":1098,"basin":1098,"widthFactor":0.56,"sourceWidth":0.04,"discharge":56,"name":"Charceres","type":"River"}},{"type":"Feature","geometry":{"type":"LineString","coordinates":[[37.5051,19.1598],[37.3619,19.3206],[37.1479,19.3428],[36.8552,19.5537],[36.6972,19.8198],[36.4327,19.9804],[36.1883,19.9632],[36.0048,19.8657],[35.8023,19.9118],[35.5981,20.0133],[35.4941,20.2162]]},"properties":{"id":132,"source":27224,"mouth":26387,"parent":11,"basin":11,"widthFactor":0.56,"sourceWidth":0.05,"discharge":78,"name":"Sonta","type":"Fork"}},{"type":"Feature","geometry":{"type":"LineString","coordinates":[[34.5618,18.4592],[34.5152,18.6866],[34.3023,18.8133],[34.2224,19.0205],[34.2481,19.3568],[34.3308,19.6279],[34.2637,19.9033],[34.1999,20.2528],[34.294,20.4552]]},"properties":{"id":133,"source":28041,"mouth":25972,"parent":419,"basin":419,"widthFactor":0.56,"sourceWidth":0.07,"discharge":70,"name":"Gumundukk","type":"River"}},{"type":"Feature","geometry":{"type":"LineString","coordinates":[[-13.2613,-9.2516],[-13.3484,-9.4797],[-13.6527,-9.5373],[-13.8794,-9.6135],[-14.0162,-9.8098],[-14.206,-10.0348],[-14.4372,-10.2224],[-14.6117,-10.3552],[-14.6675,-10.5672],[-14.8037,-10.8093],[-15.0146,-11.1355],[-15.2855,-11.2461],[-15.431,-11.517]]},"properties":{"id":134,"source":60102,"mouth":61814,"parent":134,"basin":134,"widthFactor":0.672,"sourceWidth":0.05,"discharge":162,"name":"Heruk","type":"River"}},{"type":"Feature","geometry":{"type":"LineString","coordinates":[[3.8679,31.4746],[4.0772,31.3664],[4.3084,31.4123],[4.5527,31.4964],[4.7986,31.5562],[4.9675,31.7448],[5.1763,31.8746],[5.2734,32.1005],[5.5434,32.2726],[5.9178,32.1908],[6.0909,31.9689],[6.3497,31.8584],[6.6306,31.7409],[6.8282,31.5444],[7.0952,31.4653],[7.2602,31.4972],[7.5855,31.4863]]},"properties":{"id":135,"source":13286,"mouth":13297,"parent":135,"basin":135,"widthFactor":0.672,"sourceWidth":0.04,"discharge":174,"name":"Unegullerin","type":"River"}},{"type":"Feature","geometry":{"type":"LineString","coordinates":[[-28.0907,5.5606],[-28.0424,5.9171],[-27.9755,6.1741],[-28.0611,6.4254],[-28.1158,6.636],[-28.2938,6.761],[-28.5444,7.0225],[-28.3282,7.0956],[-28.1996,7.2841],[-28.4448,7.4764],[-28.5179,7.6881]]},"properties":{"id":136,"source":43363,"mouth":41054,"parent":545,"basin":1087,"widthFactor":0.56,"sourceWidth":0.05,"discharge":88,"name":"Shathizdus","type":"River"}},{"type":"Feature","geometry":{"type":"LineString","coordinates":[[-47.174,35.5266],[-47.3566,35.6993],[-47.6059,35.7314],[-47.8166,35.8257],[-48.0401,35.7679],[-48.2355,35.4963],[-48.5303,35.4759],[-48.7787,35.3157],[-49.0044,35.4713],[-49.3375,35.4371],[-49.4558,35.2993],[-49.5966,35.216]]},"properties":{"id":137,"source":9071,"mouth":9372,"parent":474,"basin":1106,"widthFactor":0.56,"sourceWidth":0.07,"discharge":125,"name":"Rothesmouth","type":"River"}},{"type":"Feature","geometry":{"type":"LineString","coordinates":[[-17.9066,9.6328],[-17.7507,9.7855],[-17.7362,10.0033],[-17.8637,10.0854],[-17.8552,10.2369],[-17.7715,10.446],[-17.5751,10.5561]]},"properties":{"id":138,"source":38863,"mouth":38088,"parent":172,"basin":1087,"widthFactor":0.56,"sourceWidth":0.05,"discharge":44,"name":"Tumundurga","type":"Fork"}},{"type":"Feature","geometry":{"type":"LineString","coordinates":[[-10.6798,20.7954],[-10.3942,20.9363],[-10.1708,20.8081],[-9.914,20.8289],[-9.6951,20.8214],[-9.5226,20.9566],[-9.258,21.0173],[-9.0755,20.8502],[-8.8307,20.8141],[-8.7552,20.7728],[-8.4206,20.6716]]},"properties":{"id":139,"source":25027,"mouth":25034,"parent":139,"basin":139,"widthFactor":0.672,"sourceWidth":0.06,"discharge":158,"name":"Aled","type":"River"}},{"type":"Feature","geometry":{"type":"LineString","coordinates":[[-20.2841,16.8415],[-20.2265,16.4741],[-20.3102,16.2812],[-20.2413,16.0825],[-20.1105,15.8437],[-19.8732,15.7104],[-19.6976,15.5655],[-19.4701,15.5586],[-19.3035,15.3515],[-19.1059,15.1366],[-18.8311,14.9374]]},"properties":{"id":140,"source":29980,"mouth":31981,"parent":545,"basin":1087,"widthFactor":0.56,"sourceWidth":0.06,"discharge":226,"name":"Bunbaram","type":"River"}},{"type":"Feature","geometry":{"type":"LineString","coordinates":[[-12.7943,21.7654],[-12.8496,21.7148],[-12.9808,21.4509],[-12.9624,21.1566],[-12.841,20.9694],[-12.6285,20.9013],[-12.678,20.6918],[-12.5811,20.4996],[-12.69,20.3821],[-12.7265,20.0868],[-12.8963,19.8426],[-13.1134,19.9087],[-13.3017,19.6658]]},"properties":{"id":141,"source":23773,"mouth":26258,"parent":141,"basin":141,"widthFactor":0.672,"sourceWidth":0.05,"discharge":179,"name":"Gatharb","type":"River"}},{"type":"Feature","geometry":{"type":"LineString","coordinates":[[-36.7229,2.9635],[-36.9382,3.0179],[-37.1362,2.9176],[-37.2903,3.0336],[-37.4739,2.8953],[-37.5331,2.6732],[-37.544,2.4445],[-37.4132,2.2567],[-37.3311,2.0183],[-37.3938,1.774],[-37.6926,1.8036],[-37.9337,1.7587],[-38.1105,1.5887],[-38.165,1.486],[-38.4179,1.4735],[-38.6604,1.4039],[-38.8328,1.2197],[-39.0482,1.1724],[-39.1977,1.0103],[-39.4203,0.7379],[-39.6982,0.6086],[-39.88,0.8301],[-39.9488,1.1084],[-40.2182,1.0462],[-40.4328,0.8718]]},"properties":{"id":143,"source":46484,"mouth":48723,"parent":545,"basin":1087,"widthFactor":0.56,"sourceWidth":0.05,"discharge":176,"name":"Khebun","type":"River"}},{"type":"Feature","geometry":{"type":"LineString","coordinates":[[-46.6891,8.9111],[-46.879,8.8223],[-46.9553,8.627],[-46.8789,8.4834],[-46.9553,8.3397],[-47.1098,8.2301],[-47.2878,8.2304],[-47.4658,8.2307]]},"properties":{"id":144,"source":39538,"mouth":40274,"parent":113,"basin":1087,"widthFactor":0.56,"sourceWidth":0.05,"discharge":46,"name":"Ulgordin","type":"Fork"}},{"type":"Feature","geometry":{"type":"LineString","coordinates":[[-32.8333,33.3889],[-32.9005,33.6409],[-32.8123,33.8864],[-32.4364,33.9767],[-32.4309,34.1798],[-32.5041,34.3799],[-32.4123,34.7372],[-32.3316,34.9395],[-32.3936,35.1483],[-32.35,35.3951],[-32.2364,35.7259],[-31.9993,35.7765],[-31.827,35.947],[-31.5624,36.179],[-31.5974,36.4631],[-31.4197,36.61],[-31.3499,36.8298],[-31.2379,36.9006],[-30.9974,37.1287],[-30.8573,37.4012]]},"properties":{"id":145,"source":11194,"mouth":7689,"parent":145,"basin":145,"widthFactor":0.672,"sourceWidth":0.06,"discharge":248,"name":"Disessy","type":"River"}},{"type":"Feature","geometry":{"type":"LineString","coordinates":[[1.7051,30.8799],[1.4942,30.7405],[1.137,30.8931],[1.1401,31.1364],[1,31.3353],[1.2234,31.6171],[1.3059,31.8927],[1.3495,32.1823],[1.565,32.4477],[1.5057,32.6815],[1.5845,32.9094],[1.7433,33.0584],[1.9596,33.0837],[2.154,33.2869],[2.232,33.5571],[2.3483,33.7492],[2.3363,33.9736],[2.5693,34.0773],[2.7207,34.2826],[2.9419,34.418],[3.0709,34.643],[2.8839,34.7591],[2.6639,34.7528],[2.8237,34.9416],[3.0554,35.0284],[3.0772,35.2799],[2.9776,35.5118],[2.9137,35.7212],[3.0791,35.859],[3.1457,36.0638],[3.1978,36.0809],[3.3732,36.2342],[3.4531,36.453],[3.5791,36.7761],[3.6001,37.0228],[3.5099,37.2533],[3.3215,37.3646]]},"properties":{"id":146,"source":13934,"mouth":7789,"parent":146,"basin":146,"widthFactor":0.672,"sourceWidth":0.05,"discharge":501,"name":"Hinferius","type":"River"}},{"type":"Feature","geometry":{"type":"LineString","coordinates":[[-9.1817,-3.5228],[-9.377,-3.2744],[-9.6027,-2.9599],[-9.5895,-2.77],[-9.4611,-2.4928],[-9.4774,-2.1877],[-9.6432,-2.067],[-9.8664,-2.0945],[-10.0611,-1.9822],[-10.0012,-1.6085],[-9.8307,-1.4214],[-9.7841,-1.1725],[-9.8315,-0.8487],[-9.9607,-0.7078],[-9.8232,-0.4704],[-9.8129,-0.1963],[-10.0004,-0.1239],[-10.1209,0.1316],[-10.3421,0.3074],[-10.6619,0.4171]]},"properties":{"id":147,"source":54102,"mouth":49527,"parent":122,"basin":122,"widthFactor":0.56,"sourceWidth":0.06,"discharge":147,"name":"Kinar","type":"Fork"}},{"type":"Feature","geometry":{"type":"LineString","coordinates":[[-29.0191,33.0799],[-28.9417,33.3194],[-29.0199,33.5586],[-28.7327,33.7859],[-28.7426,34.0281],[-28.893,34.218],[-28.75,34.3916],[-28.7452,34.6166],[-28.5147,34.6795],[-28.3631,34.8641],[-28.2588,35.1164],[-28.4658,35.3803],[-28.3204,35.5461],[-28.3342,35.7794],[-28.2206,35.9587],[-28.1747,36.158],[-28.2199,36.5215],[-28.1125,36.7297],[-28.135,36.9629],[-28.121,37.0236],[-28.0878,37.2464],[-28.1817,37.451],[-28.293,37.7095],[-28.0463,37.9124],[-27.8961,38.1945],[-27.6027,38.4039],[-27.5025,38.5931],[-27.521,38.8064],[-27.5358,39.0944]]},"properties":{"id":148,"source":11558,"mouth":6384,"parent":148,"basin":148,"widthFactor":0.672,"sourceWidth":0.06,"discharge":217,"name":"Charbois","type":"River"}},{"type":"Feature","geometry":{"type":"LineString","coordinates":[[-28.2798,2.6568],[-28.026,2.6485],[-27.8152,2.7899],[-27.6065,2.6361],[-27.3474,2.6265],[-27.1023,2.5463],[-26.8743,2.6109],[-26.6501,2.6252],[-26.4813,2.7736],[-26.1606,2.9705]]},"properties":{"id":149,"source":46901,"mouth":46906,"parent":66,"basin":66,"widthFactor":0.56,"sourceWidth":0.04,"discharge":204,"name":"Nulgab","type":"River"}},{"type":"Feature","geometry":{"type":"LineString","coordinates":[[42.8975,13.526],[43.1411,13.2706],[43.1489,13.1001],[43.1597,12.849],[43.3115,12.6486],[43.5893,12.6053],[43.8509,12.7086],[44.1668,12.7163]]},"properties":{"id":150,"source":34226,"mouth":35437,"parent":162,"basin":273,"widthFactor":0.56,"sourceWidth":0.05,"discharge":62,"name":"Bainara","type":"Fork"}},{"type":"Feature","geometry":{"type":"LineString","coordinates":[[-18.9284,8.6371],[-19.0771,8.8434],[-19.1927,9.0722],[-19.4179,9.1945],[-19.5915,9.4235],[-19.8569,9.5339],[-20.0661,9.665],[-20.1635,9.892],[-20.1482,10.1805],[-19.9946,10.4253],[-20.1487,10.5903],[-20.2304,10.8503]]},"properties":{"id":151,"source":39971,"mouth":37671,"parent":545,"basin":1087,"widthFactor":0.56,"sourceWidth":0.07,"discharge":126,"name":"Baranargzig","type":"River"}},{"type":"Feature","geometry":{"type":"LineString","coordinates":[[-30.3515,-2.3535],[-30.5219,-2.5489],[-30.5634,-2.8245],[-30.4534,-3.0806],[-30.5639,-3.3219],[-30.7982,-3.5422],[-31.094,-3.5738],[-31.3398,-3.7415],[-31.4931,-4.0194]]},"properties":{"id":152,"source":52533,"mouth":54035,"parent":1078,"basin":1078,"widthFactor":0.56,"sourceWidth":0.06,"discharge":67,"name":"Brarard","type":"River"}},{"type":"Feature","geometry":{"type":"LineString","coordinates":[[-4.8749,-3.2721],[-4.657,-3.4402],[-4.5714,-3.5173],[-4.3548,-3.5516],[-4.1667,-3.4387],[-3.8967,-3.4029],[-3.5893,-3.4208],[-3.4896,-3.5975],[-3.4307,-3.8315],[-3.2515,-3.993],[-3.2949,-4.2107],[-3.2009,-4.4118]]},"properties":{"id":153,"source":53752,"mouth":54504,"parent":104,"basin":104,"widthFactor":0.56,"sourceWidth":0.05,"discharge":167,"name":"Sezrashje","type":"Fork"}},{"type":"Feature","geometry":{"type":"LineString","coordinates":[[-15.2738,16.2055],[-15.4162,16.0163],[-15.5997,15.8428],[-15.6497,15.5952],[-15.8777,15.2923],[-15.8928,15.082],[-15.7664,14.9132],[-15.8653,14.6026]]},"properties":{"id":154,"source":30800,"mouth":32385,"parent":127,"basin":1087,"widthFactor":0.56,"sourceWidth":0.05,"discharge":94,"name":"Tuzaled","type":"River"}},{"type":"Feature","geometry":{"type":"LineString","coordinates":[[-9.6471,14.51],[-9.4301,14.4499],[-9.2261,14.545],[-9.0809,14.5107],[-8.9817,14.6221]]},"properties":{"id":155,"source":32806,"mouth":32807,"parent":313,"basin":313,"widthFactor":0.56,"sourceWidth":0.05,"discharge":48,"name":"Shunzathar","type":"River"}},{"type":"Feature","geometry":{"type":"LineString","coordinates":[[-21.9542,14.264],[-22.0077,14.0625],[-21.9068,13.8802],[-22.0729,13.7693],[-22.1122,13.5735],[-22.1179,13.4426],[-21.997,13.3921]]},"properties":{"id":156,"source":33196,"mouth":34054,"parent":36,"basin":1087,"widthFactor":0.56,"sourceWidth":0.05,"discharge":72,"name":"Gundushizd","type":"Fork"}},{"type":"Feature","geometry":{"type":"LineString","coordinates":[[42.8812,-21.7416],[42.7154,-21.9413],[42.6936,-22.2001],[42.5694,-22.4726],[42.3271,-22.6485],[42.106,-22.5185],[41.9381,-22.6904],[41.9021,-22.928],[41.6933,-22.9907],[41.4912,-22.9085],[41.2892,-23.0473],[41.1986,-23.2752],[40.8531,-23.388],[40.8546,-23.7345],[40.6973,-23.9226],[40.6647,-24.1657],[40.6647,-24.2]]},"properties":{"id":157,"source":68469,"mouth":69464,"parent":157,"basin":157,"widthFactor":0.672,"sourceWidth":0.06,"discharge":346,"name":"Alduin","type":"River"}},{"type":"Feature","geometry":{"type":"LineString","coordinates":[[-35.3571,3.8627],[-35.3438,4.0897],[-35.5168,4.261],[-35.5408,4.4769],[-35.4454,4.6643],[-35.5019,4.8669],[-35.4434,5.1065],[-35.5346,5.3356],[-35.442,5.5495],[-35.3844,5.7754]]},"properties":{"id":158,"source":45347,"mouth":43751,"parent":545,"basin":1087,"widthFactor":0.56,"sourceWidth":0.04,"discharge":112,"name":"Korkril","type":"River"}},{"type":"Feature","geometry":{"type":"LineString","coordinates":[[-7.4019,23.8136],[-7.2205,24.0861],[-6.9925,24.044],[-6.6812,24.0028],[-6.6345,24.097],[-6.4316,24.026],[-6.2298,24.1001],[-6.0119,24.1211],[-5.7968,24.0237],[-5.5644,24.0658],[-5.2376,24.1515]]},"properties":{"id":160,"source":21537,"mouth":21192,"parent":160,"basin":160,"widthFactor":0.672,"sourceWidth":0.06,"discharge":161,"name":"Nulbar","type":"River"}},{"type":"Feature","geometry":{"type":"LineString","coordinates":[[-15.3446,25.6936],[-15.1693,25.7143],[-15.0785,25.8657],[-14.9543,25.9422],[-14.9664,26.0875],[-14.8028,26.232],[-14.771,26.448]]},"properties":{"id":161,"source":19820,"mouth":19122,"parent":896,"basin":1098,"widthFactor":0.56,"sourceWidth":0.05,"discharge":46,"name":"Orafet","type":"River"}},{"type":"Feature","geometry":{"type":"LineString","coordinates":[[43.8314,15.9899],[43.717,15.7174],[43.3933,15.5049],[43.5045,15.1616],[43.5331,14.9537],[43.6913,14.8159],[43.8727,14.5146],[44.1069,14.2819],[43.9777,13.9549],[43.7417,14.0464],[43.4929,14.0001],[43.5772,13.7736],[43.7707,13.6287],[43.821,13.3878],[43.9902,13.2091],[44.1419,13.0838],[44.1668,12.7163],[44.2139,12.4891],[44.3746,12.3217],[44.4905,12.1406],[44.6883,12.0562],[44.8687,11.8161],[45.1311,11.6701],[45.1264,11.3828],[45.3212,11.463],[45.528,11.4225],[45.4762,11.1506],[45.3147,10.9258]]},"properties":{"id":162,"source":31334,"mouth":37043,"parent":263,"basin":273,"widthFactor":0.56,"sourceWidth":0.05,"discharge":424,"name":"Sevagarral","type":"Fork"}},{"type":"Feature","geometry":{"type":"LineString","coordinates":[[44.3427,15.8778],[44.3154,15.6636],[44.1513,15.5236],[43.9754,15.5184],[43.8462,15.6179],[43.717,15.7174]]},"properties":{"id":163,"source":31336,"mouth":31738,"parent":162,"basin":273,"widthFactor":0.56,"sourceWidth":0.04,"discharge":34,"name":"Estrieras","type":"River"}},{"type":"Feature","geometry":{"type":"LineString","coordinates":[[43.8291,18.207],[43.6242,18.3589],[43.3691,18.3634],[43.0648,18.372],[42.8002,18.3564],[42.7381,18.5813],[42.5535,18.7239],[42.3184,18.8916],[42.0313,18.924],[41.8033,19.1505]]},"properties":{"id":164,"source":28498,"mouth":27640,"parent":65,"basin":65,"widthFactor":0.56,"sourceWidth":0.05,"discharge":38,"name":"Sallunones","type":"River"}},{"type":"Feature","geometry":{"type":"LineString","coordinates":[[-11.2542,27.4429],[-11.1986,27.2201],[-11.0137,27.084],[-10.8299,27.0473],[-10.6798,27.1595],[-10.4883,27.1295],[-10.3327,27.2451]]},"properties":{"id":165,"source":17669,"mouth":18033,"parent":47,"basin":47,"widthFactor":0.56,"sourceWidth":0.06,"discharge":56,"name":"Aethara","type":"Fork"}},{"type":"Feature","geometry":{"type":"LineString","coordinates":[[47.0487,-4.063],[47.018,-3.8333],[46.8143,-3.6926],[46.749,-3.4807],[46.8002,-3.2825],[46.7,-3.1039]]},"properties":{"id":166,"source":54642,"mouth":54269,"parent":17,"basin":928,"widthFactor":0.56,"sourceWidth":0.04,"discharge":34,"name":"Stiolsirt","type":"River"}},{"type":"Feature","geometry":{"type":"LineString","coordinates":[[27.6362,22.0293],[27.4044,22.2286],[27.1046,22.2878],[26.9,22.6069],[26.5879,22.7883],[26.6343,23.0318],[26.5342,23.2585],[26.4096,23.4946],[26.1801,23.6307],[26.0181,23.483],[25.7995,23.4664],[25.6524,23.7848],[25.612,24.0439],[25.4454,24.2464],[25.3746,24.4239],[25.3338,24.7337],[25.1668,24.9977],[24.9512,24.9331],[24.7483,25.0276],[24.5271,24.993],[24.3146,25.0439],[24.1675,25.2055],[24.1324,25.4318],[24.2228,25.6422],[24.2212,25.7723],[24.2656,26.1093],[23.9442,26.2962],[23.8181,26.6231],[23.6936,26.8372]]},"properties":{"id":167,"source":23875,"mouth":18845,"parent":167,"basin":167,"widthFactor":0.672,"sourceWidth":0.06,"discharge":194,"name":"Narkoc","type":"River"}},{"type":"Feature","geometry":{"type":"LineString","coordinates":[[-10.5989,-3.5267],[-10.5234,-3.2269],[-10.5951,-3.0017],[-10.7896,-2.8673],[-10.6705,-2.6501],[-10.5535,-2.4662],[-10.5802,-2.2499],[-10.8892,-2.1106],[-10.9802,-1.8759],[-11.1841,-1.7284],[-11.1397,-1.5143],[-11.2347,-1.3173],[-11.1414,-1.095],[-11.1857,-0.858]]},"properties":{"id":168,"source":54098,"mouth":51449,"parent":122,"basin":122,"widthFactor":0.56,"sourceWidth":0.05,"discharge":107,"name":"Biragz","type":"Fork"}},{"type":"Feature","geometry":{"type":"LineString","coordinates":[[4.3574,33.1375],[4.6526,33.0308],[4.9629,33.0791],[5.1255,32.9662],[5.2359,32.7011],[5.4648,32.5279],[5.5279,32.3816],[5.5434,32.2726]]},"properties":{"id":170,"source":11645,"mouth":12301,"parent":135,"basin":135,"widthFactor":0.56,"sourceWidth":0.04,"discharge":62,"name":"Nylmlar","type":"River"}},{"type":"Feature","geometry":{"type":"LineString","coordinates":[[-45.7381,7.302],[-45.4486,7.4024],[-45.2096,7.4779],[-45.0587,7.678],[-44.8051,7.7154],[-44.6159,7.8882],[-44.4049,7.9174],[-44.2633,8.0766],[-44.055,7.9956],[-43.8407,8.0595],[-43.7204,7.7842],[-43.4866,7.5955],[-43.1691,7.7878],[-42.7971,7.7317]]},"properties":{"id":171,"source":41381,"mouth":40649,"parent":545,"basin":1087,"widthFactor":0.56,"sourceWidth":0.07,"discharge":170,"name":"Zraz","type":"Fork"}},{"type":"Feature","geometry":{"type":"LineString","coordinates":[[-17.0824,9.5004],[-17.1016,9.7491],[-17.2645,9.9379],[-17.3938,10.1222],[-17.6109,10.1816],[-17.5751,10.5561],[-17.6112,10.859],[-17.7852,11.1096],[-18.0935,11.0427],[-18.3393,10.8449],[-18.558,10.9321],[-18.8887,10.904],[-19.0377,10.713],[-19.267,10.6347],[-19.4822,10.8047],[-19.5891,11.0574],[-19.7386,11.1757]]},"properties":{"id":172,"source":38865,"mouth":37251,"parent":545,"basin":1087,"widthFactor":0.56,"sourceWidth":0.05,"discharge":142,"name":"Kharb","type":"River"}},{"type":"Feature","geometry":{"type":"LineString","coordinates":[[-13.4371,-0.4937],[-13.5814,-0.5521],[-13.7041,-0.4563],[-13.897,-0.3104],[-13.964,-0.078],[-13.9576,0.0707],[-14.0839,0.1493]]},"properties":{"id":174,"source":50699,"mouth":49911,"parent":25,"basin":25,"widthFactor":0.56,"sourceWidth":0.05,"discharge":56,"name":"Garagzdus","type":"Fork"}},{"type":"Feature","geometry":{"type":"LineString","coordinates":[[-3.6165,36.8586],[-3.5628,36.6289],[-3.6795,36.2763],[-3.5552,36.0687],[-3.3324,35.9742],[-2.9542,35.9649],[-2.787,35.7285],[-2.5262,35.6029],[-2.439,35.8621],[-2.4606,36.0717],[-2.3456,36.2483],[-2.0691,36.2668],[-1.818,36.1494],[-1.6366,36.3876],[-1.3895,36.3939],[-1.1822,36.5285],[-0.9954,36.5223],[-0.9147,36.7447],[-0.7284,36.8905],[-0.4904,36.8485],[-0.3074,36.6904],[-0.1056,36.8809],[-0.0093,37.1412],[0.2249,37.2603],[0.3915,37.5841],[0.351,37.6939],[0.4142,37.9535],[0.358,38.2147],[0.1576,38.1781],[-0.0296,38.2583],[0.0054,38.4942],[-0.1554,38.7358],[-0.3969,38.8967],[-0.4483,39.24],[-0.4624,39.4536],[-0.5813,39.6316],[-0.3991,39.7883],[-0.2358,39.9647]]},"properties":{"id":175,"source":8040,"mouth":5937,"parent":175,"basin":175,"widthFactor":0.672,"sourceWidth":0.05,"discharge":455,"name":"Thalonelion","type":"River"}},{"type":"Feature","geometry":{"type":"LineString","coordinates":[[-26.1241,4.5174],[-25.9938,4.307],[-25.7637,4.2161],[-25.4921,3.9662],[-25.2658,3.913],[-25.054,4.009],[-24.7434,3.9452],[-24.3644,3.872],[-24.3193,3.6206],[-24.0487,3.6182],[-23.78,3.6509]]},"properties":{"id":176,"source":44586,"mouth":45758,"parent":176,"basin":176,"widthFactor":0.672,"sourceWidth":0.05,"discharge":175,"name":"Nunar","type":"River"}},{"type":"Feature","geometry":{"type":"LineString","coordinates":[[-4.6002,37.9352],[-4.892,38.1454],[-5.0656,38.4047],[-4.9852,38.6243],[-5.0547,38.8476],[-5.0204,39.0391],[-4.8164,39.2038],[-4.7309,39.4517],[-4.5246,39.5828],[-4.4266,39.8067],[-4.2492,40.0019],[-4.1971,40.2606],[-4.5177,40.2746],[-4.7512,40.246],[-4.9613,40.3516],[-5.0222,40.5978],[-4.9488,40.8405],[-4.9292,41.0719],[-5.0391,41.2765],[-4.9644,41.5505],[-5.0111,41.7482],[-4.971,41.9967],[-5.057,42.2332],[-4.9916,42.5283],[-4.7652,42.747],[-4.6399,43.0358],[-4.5475,43.2719],[-4.5753,43.524],[-4.3993,43.64],[-4.3146,43.833],[-4.4235,44.0961]]},"properties":{"id":177,"source":7215,"mouth":2807,"parent":177,"basin":177,"widthFactor":0.672,"sourceWidth":0.07,"discharge":847,"name":"Reinoferion","type":"River"}},{"type":"Feature","geometry":{"type":"LineString","coordinates":[[-19.274,16.6835],[-19.2744,16.406],[-19.1253,16.172],[-19.2024,16.0761],[-19.1269,15.979],[-19.2103,15.8091],[-19.144,15.6318],[-19.2878,15.5281],[-19.3035,15.3515]]},"properties":{"id":179,"source":30388,"mouth":31587,"parent":140,"basin":1087,"widthFactor":0.56,"sourceWidth":0.04,"discharge":53,"name":"Khun","type":"River"}},{"type":"Feature","geometry":{"type":"LineString","coordinates":[[-18.0116,17.5608],[-17.8432,17.7746],[-17.8194,18.0458],[-17.5867,18.2233],[-17.4607,18.5534],[-17.3198,18.9022],[-17.1353,19.1279]]},"properties":{"id":180,"source":29175,"mouth":27475,"parent":180,"basin":180,"widthFactor":0.672,"sourceWidth":0.05,"discharge":87,"name":"Gakinb","type":"River"}},{"type":"Feature","geometry":{"type":"LineString","coordinates":[[-15.1018,22.2761],[-15.2489,22.0873],[-15.2489,21.8479],[-15.0997,21.7248],[-15.0862,21.5319],[-15.1528,21.3922],[-15.3065,21.3746],[-15.3218,21.1746],[-15.3003,20.9753]]},"properties":{"id":181,"source":23372,"mouth":24594,"parent":181,"basin":181,"widthFactor":0.672,"sourceWidth":0.07,"discharge":63,"name":"Akhilbarag","type":"River"}},{"type":"Feature","geometry":{"type":"LineString","coordinates":[[-21.3752,18.8337],[-21.2455,18.9586],[-21.2616,19.138],[-21.3995,19.3064],[-21.6141,19.3428],[-21.5927,19.5192],[-21.6087,19.6962]]},"properties":{"id":182,"source":27462,"mouth":27054,"parent":182,"basin":182,"widthFactor":0.672,"sourceWidth":0.07,"discharge":63,"name":"Gabizizabar","type":"River"}},{"type":"Feature","geometry":{"type":"LineString","coordinates":[[-50.399,33.0417],[-50.3015,33.2006],[-50.3585,33.378],[-50.5094,33.3681],[-50.592,33.4948],[-50.4951,33.6686],[-50.3751,33.8265],[-50.255,33.9844]]},"properties":{"id":183,"source":11494,"mouth":11139,"parent":474,"basin":1106,"widthFactor":0.56,"sourceWidth":0.06,"discharge":47,"name":"Louthelne","type":"Fork"}},{"type":"Feature","geometry":{"type":"LineString","coordinates":[[42.5263,17.2588],[42.4616,17.4656],[42.2749,17.5756],[42.3251,17.7242],[42.2251,17.845],[42.1131,18.0813],[41.8897,18.2171],[41.9711,18.4564],[41.9053,18.7005]]},"properties":{"id":184,"source":29732,"mouth":28492,"parent":65,"basin":65,"widthFactor":0.56,"sourceWidth":0.05,"discharge":44,"name":"Jifuendeque","type":"River"}},{"type":"Feature","geometry":{"type":"LineString","coordinates":[[40.9208,-14.4238],[40.8527,-14.7049],[40.9402,-14.9804],[40.8282,-15.1093],[40.864,-15.2763],[40.6207,-15.4159],[40.4842,-15.6608],[40.3274,-15.6978],[40.2663,-15.8469]]},"properties":{"id":185,"source":64240,"mouth":64795,"parent":111,"basin":111,"widthFactor":0.56,"sourceWidth":0.05,"discharge":51,"name":"Uzazinezdi","type":"River"}},{"type":"Feature","geometry":{"type":"LineString","coordinates":[[-12.1087,21.5973],[-12.2275,21.4382],[-12.1951,21.2423],[-12.3305,21.1091],[-12.3243,20.9192],[-12.4738,20.8185],[-12.4635,20.6199],[-12.5811,20.4996]]},"properties":{"id":186,"source":24186,"mouth":25022,"parent":141,"basin":141,"widthFactor":0.56,"sourceWidth":0.07,"discharge":72,"name":"Kinarg","type":"Fork"}},{"type":"Feature","geometry":{"type":"LineString","coordinates":[[-20.7931,16.3978],[-20.72,16.2759],[-20.5791,16.2942],[-20.4507,16.1237],[-20.2413,16.0825]]},"properties":{"id":187,"source":30783,"mouth":30784,"parent":140,"basin":1087,"widthFactor":0.56,"sourceWidth":0.07,"discharge":62,"name":"Galargulur","type":"River"}},{"type":"Feature","geometry":{"type":"LineString","coordinates":[[-40.1923,11.9994],[-40.1021,11.695],[-39.9543,11.4551],[-39.9534,11.1734],[-40.2025,11.0566],[-40.2269,10.7601],[-40.106,10.4883],[-40.1565,10.3871]]},"properties":{"id":188,"source":35984,"mouth":37596,"parent":84,"basin":1087,"widthFactor":0.56,"sourceWidth":0.04,"discharge":52,"name":"Agrilzaz","type":"River"}},{"type":"Feature","geometry":{"type":"LineString","coordinates":[[27.0969,23.5435],[27.2821,23.7537],[27.5132,23.8774],[27.6868,24.1686],[27.6186,24.4584],[27.4198,24.68],[27.2618,25.0343],[27.2829,25.1526],[27.0701,25.2473],[26.8416,25.2024],[26.7858,25.4284],[26.8681,25.6461],[26.8595,25.8626],[26.7582,26.0563],[26.5392,26.1303],[26.4143,26.3001],[26.089,26.3187],[25.9256,26.4371],[25.6807,26.4492],[25.4633,26.3359],[25.3473,26.5496],[25.1396,26.6761],[25.1435,26.894],[25.0523,27.1541],[24.8571,27.3487],[24.8547,27.5861],[25.0417,27.7536],[25.1302,27.9886],[25.2913,28.2564]]},"properties":{"id":189,"source":21954,"mouth":17387,"parent":478,"basin":478,"widthFactor":0.56,"sourceWidth":0.04,"discharge":117,"name":"Shatreo","type":"Fork"}},{"type":"Feature","geometry":{"type":"LineString","coordinates":[[-9.3537,20.2567],[-9.2075,20.1277],[-9.0136,20.1469],[-8.8199,20.1431],[-8.6836,20.2808],[-8.5652,20.3623],[-8.4719,20.4716]]},"properties":{"id":190,"source":25863,"mouth":25865,"parent":190,"basin":190,"widthFactor":0.672,"sourceWidth":0.05,"discharge":78,"name":"Gumunz","type":"River"}},{"type":"Feature","geometry":{"type":"LineString","coordinates":[[-66.2152,19.1567],[-66.3821,18.9702],[-66.6269,18.9185],[-66.8782,19.0839],[-67.016,19.3513],[-67.3343,19.4557],[-67.3975,19.6663],[-67.5795,19.7896],[-67.8698,19.8675],[-68.1717,19.9741],[-68.298,20.1417],[-68.5017,20.1921],[-68.8745,20.1867],[-69.1601,20.305],[-69.4507,20.3374],[-69.7251,20.2365],[-69.8388,20.517],[-70.0613,20.7222],[-69.9913,20.9348],[-69.9895,21.18],[-70.1119,21.3925],[-70.3932,21.3393],[-70.624,21.1699],[-70.787,20.97],[-71.0248,20.8702],[-71.1648,21.0336],[-71.432,21.0115],[-71.6621,20.8741],[-71.6715,20.5673],[-71.9018,20.4364],[-72.0528,20.2186],[-72.2498,20.059],[-72.4972,20.0037],[-72.7198,20.3026],[-72.8544,20.5105],[-73.0974,20.6325],[-73.3688,20.6475],[-73.4547,20.8544],[-73.628,20.9963],[-73.8061,21.1689],[-74.0405,21.2501],[-74.3401,21.3334],[-74.4,21.3334]]},"properties":{"id":191,"source":26905,"mouth":24390,"parent":191,"basin":191,"widthFactor":0.672,"sourceWidth":0.04,"discharge":405,"name":"Maldon","type":"River"}},{"type":"Feature","geometry":{"type":"LineString","coordinates":[[-10.444,-8.8289],[-10.2821,-9.0383],[-10.1669,-9.2399],[-9.9514,-9.3263],[-9.8264,-9.516],[-9.5878,-9.5565],[-9.4401,-9.7164],[-9.2276,-9.8207],[-9.2077,-10.0844],[-9.0517,-10.2979],[-8.6875,-10.2193],[-8.4649,-10.2515],[-8.2665,-10.1453],[-8.0793,-10.0434],[-7.9941,-9.8479],[-7.7272,-9.9118],[-7.549,-9.5723]]},"properties":{"id":192,"source":59828,"mouth":60658,"parent":192,"basin":192,"widthFactor":0.672,"sourceWidth":0.04,"discharge":219,"name":"Gopjus","type":"River"}},{"type":"Feature","geometry":{"type":"LineString","coordinates":[[-14.5991,10.8449],[-14.9407,10.6954],[-15.1332,10.8182],[-15.2053,11.0348],[-15.4699,11.0241],[-15.6863,10.8713],[-15.9633,10.8472],[-16.1836,10.9017],[-16.3798,11.0582],[-16.6295,11.0823],[-16.8032,11.2256],[-17.0279,11.238],[-17.1119,11.4948],[-17.312,11.6763],[-17.491,11.9822],[-17.4223,12.1693],[-17.3859,12.3653]]},"properties":{"id":193,"source":37267,"mouth":36060,"parent":545,"basin":1087,"widthFactor":0.56,"sourceWidth":0.05,"discharge":168,"name":"Khazirgilba","type":"River"}},{"type":"Feature","geometry":{"type":"LineString","coordinates":[[-6.2018,-4.8322],[-6.1156,-5.0462],[-5.9131,-5.1568],[-5.9101,-5.3343],[-5.7362,-5.4268],[-5.6991,-5.5873],[-5.8695,-5.7586],[-5.9061,-5.9976]]},"properties":{"id":194,"source":55665,"mouth":56402,"parent":90,"basin":90,"widthFactor":0.56,"sourceWidth":0.05,"discharge":47,"name":"Agezrash","type":"River"}},{"type":"Feature","geometry":{"type":"LineString","coordinates":[[-34.5734,3.7412],[-34.4344,3.9089],[-34.4427,4.1266],[-34.5337,4.2216],[-34.4894,4.5719],[-34.5521,4.7836],[-34.4676,4.9876],[-34.2316,4.9879],[-34.0403,5.1262],[-34.0777,5.4344]]},"properties":{"id":195,"source":45727,"mouth":44162,"parent":72,"basin":1087,"widthFactor":0.56,"sourceWidth":0.05,"discharge":130,"name":"Nuzag","type":"Fork"}},{"type":"Feature","geometry":{"type":"LineString","coordinates":[[3.0406,9.5643],[2.9018,9.6899],[2.7161,9.667],[2.4444,9.646],[2.204,9.7745],[2.1253,9.746],[2.1503,9.8258],[1.9508,9.9413],[1.7223,9.9123]]},"properties":{"id":196,"source":38930,"mouth":38554,"parent":49,"basin":49,"widthFactor":0.56,"sourceWidth":0.05,"discharge":52,"name":"Min'kisaj'i","type":"River"}},{"type":"Feature","geometry":{"type":"LineString","coordinates":[[-14.0372,16.7341],[-13.7645,16.7854],[-13.5624,16.9754],[-13.3648,16.9536],[-13.1462,17.0854],[-13.0395,17.3172],[-12.7009,17.402],[-12.4745,17.4557]]},"properties":{"id":197,"source":30404,"mouth":29191,"parent":197,"basin":197,"widthFactor":0.672,"sourceWidth":0.06,"discharge":134,"name":"Bunbararukt","type":"River"}},{"type":"Feature","geometry":{"type":"LineString","coordinates":[[-8.6829,12.8573],[-8.6019,13.178],[-8.6997,13.406],[-8.6455,13.6482],[-8.5415,13.8465],[-8.3358,13.9347],[-8.0684,13.8182],[-7.8922,13.5859],[-7.605,13.5314]]},"properties":{"id":199,"source":34922,"mouth":34092,"parent":199,"basin":199,"widthFactor":0.672,"sourceWidth":0.05,"discharge":165,"name":"Khabuzdinda","type":"River"}},{"type":"Feature","geometry":{"type":"LineString","coordinates":[[2.4429,3.1317],[2.6535,3.0058],[2.8974,3.032],[3.1416,3.0056],[3.3542,3.1286],[3.5022,3.0613],[3.6616,3.0297]]},"properties":{"id":200,"source":46608,"mouth":46611,"parent":200,"basin":200,"widthFactor":0.672,"sourceWidth":0.06,"discharge":120,"name":"Nashrissin","type":"River"}},{"type":"Feature","geometry":{"type":"LineString","coordinates":[[7.3061,10.9803],[7.131,11.15],[7.2448,11.3658],[7.2081,11.607],[7.0984,11.6584],[7.0976,11.8826],[6.8729,11.8937],[6.6493,11.8686]]},"properties":{"id":201,"source":37334,"mouth":36129,"parent":201,"basin":201,"widthFactor":0.672,"sourceWidth":0.06,"discharge":125,"name":"An'tiss","type":"River"}},{"type":"Feature","geometry":{"type":"LineString","coordinates":[[-65.7996,22.1562],[-66.0663,22.2337],[-66.3327,22.1554],[-66.5561,22.4489],[-66.5629,22.6734],[-66.4269,22.8522],[-66.2245,22.9933],[-65.9779,22.9939],[-65.8471,23.3418],[-65.6526,23.373]]},"properties":{"id":202,"source":23220,"mouth":21719,"parent":202,"basin":202,"widthFactor":0.672,"sourceWidth":0.05,"discharge":98,"name":"Thatcheap","type":"River"}},{"type":"Feature","geometry":{"type":"LineString","coordinates":[[-5.201,39.1847],[-5.3106,39.3835],[-5.5224,39.465],[-5.6933,39.4574],[-5.7901,39.3163],[-5.8842,39.1893],[-5.9458,39.0438]]},"properties":{"id":203,"source":6173,"mouth":5921,"parent":203,"basin":203,"widthFactor":0.672,"sourceWidth":0.05,"discharge":78,"name":"Gualla","type":"River"}},{"type":"Feature","geometry":{"type":"LineString","coordinates":[[-32.6496,18.6453],[-32.5596,18.7337],[-32.6239,18.8422],[-32.6846,18.9524],[-32.5944,19.0399],[-32.3999,19.0548],[-32.2061,19.0415],[-32.0122,19.0283]]},"properties":{"id":204,"source":27825,"mouth":27419,"parent":212,"basin":1087,"widthFactor":0.56,"sourceWidth":0.05,"discharge":78,"name":"Shatharb","type":"Fork"}},{"type":"Feature","geometry":{"type":"LineString","coordinates":[[-30.0425,20.2116],[-30.1823,20.399],[-30.4305,20.4247],[-30.5919,20.5798],[-30.7245,20.448],[-30.911,20.4591],[-31.0477,20.4444],[-31.1165,20.5634],[-31.3387,20.6621],[-31.5733,20.7261]]},"properties":{"id":205,"source":25779,"mouth":25357,"parent":212,"basin":1087,"widthFactor":0.56,"sourceWidth":0.05,"discharge":84,"name":"Kiram","type":"River"}},{"type":"Feature","geometry":{"type":"LineString","coordinates":[[-27.7708,20.3003],[-27.6401,20.3273],[-27.6237,20.4599],[-27.4449,20.4511],[-27.3389,20.6187],[-27.1747,20.6452],[-27.0617,20.6661],[-26.9614,20.7222]]},"properties":{"id":208,"source":25786,"mouth":25369,"parent":212,"basin":1087,"widthFactor":0.56,"sourceWidth":0.06,"discharge":62,"name":"Shulakib","type":"River"}},{"type":"Feature","geometry":{"type":"LineString","coordinates":[[-27.2937,21.2524],[-27.2294,21.3521],[-27.1218,21.3022],[-26.9388,21.1968],[-26.7778,21.0601]]},"properties":{"id":209,"source":24540,"mouth":24542,"parent":212,"basin":1087,"widthFactor":0.56,"sourceWidth":0.04,"discharge":34,"name":"Giraradab","type":"Creek"}},{"type":"Feature","geometry":{"type":"LineString","coordinates":[[-28.7981,18.1969],[-28.8235,17.9992],[-28.7716,17.8068],[-28.6863,17.6346],[-28.5537,17.4954]]},"properties":{"id":210,"source":28274,"mouth":28709,"parent":212,"basin":1087,"widthFactor":0.56,"sourceWidth":0.04,"discharge":41,"name":"Bunzirbar","type":"Fork"}},{"type":"Feature","geometry":{"type":"LineString","coordinates":[[47.1039,-3.5134],[46.9636,-3.5373],[46.8852,-3.4184],[46.7268,-3.3],[46.7,-3.1039]]},"properties":{"id":211,"source":54270,"mouth":53892,"parent":166,"basin":928,"widthFactor":0.56,"sourceWidth":0.05,"discharge":32,"name":"Prolsirt","type":"River"}},{"type":"Feature","geometry":{"type":"LineString","coordinates":[[-30.3351,16.7318],[-30.5008,16.602],[-30.6083,16.4211],[-30.4402,16.2359],[-30.567,15.9416],[-30.8334,15.9133],[-31.0153,15.7166],[-31.1679,15.5329],[-31.1499,15.2947],[-31.0922,15.0131],[-30.8838,14.8151],[-30.8931,14.5006],[-30.6446,14.5341],[-30.4277,14.408],[-30.5494,14.1431],[-30.7919,13.9814],[-31.1437,13.9105],[-31.3788,13.8703],[-31.5414,13.6957],[-31.6443,13.4563],[-31.5982,13.1998],[-31.5632,13.0464],[-31.514,12.7334],[-31.3305,12.475],[-31.1079,12.1683],[-31.2138,11.9379]]},"properties":{"id":212,"source":30350,"mouth":35615,"parent":545,"basin":1087,"widthFactor":0.56,"sourceWidth":0.34,"discharge":553,"name":"Baramunz","type":"River"}},{"type":"Feature","geometry":{"type":"LineString","coordinates":[[45.9264,-2.6843],[46.101,-2.5558],[46.1443,-2.3434],[46.4292,-2.2235],[46.3023,-1.8864],[46.3177,-1.6246],[46.1895,-1.396],[46.3327,-1.0908],[46.4384,-0.8439],[46.4027,-0.5778],[46.6448,-0.4639],[46.7957,-0.243],[47.1514,-0.1146],[47.396,-0.0557],[47.574,0.1221]]},"properties":{"id":213,"source":53132,"mouth":50104,"parent":17,"basin":928,"widthFactor":0.56,"sourceWidth":0.05,"discharge":160,"name":"Oimzofs","type":"Fork"}},{"type":"Feature","geometry":{"type":"LineString","coordinates":[[42.7286,9.2342],[42.8927,9.1777],[43.036,9.2755],[43.0975,9.4362],[43.2625,9.4849],[43.3944,9.3728],[43.4991,9.235]]},"properties":{"id":214,"source":39428,"mouth":39062,"parent":263,"basin":273,"widthFactor":0.56,"sourceWidth":0.05,"discharge":49,"name":"Rekx","type":"River"}},{"type":"Feature","geometry":{"type":"LineString","coordinates":[[52.7882,-2.9148],[52.9428,-3.0565],[53.1524,-3.0526],[53.3423,-3.2036],[53.4584,-3.4493],[53.6871,-3.5959],[53.8076,-3.8165],[54.0311,-3.9315],[54.2155,-4.2141],[54.4258,-4.2047],[54.5937,-4.3316],[54.6918,-4.5393],[54.6505,-4.7652],[54.6856,-4.8571]]},"properties":{"id":215,"source":53540,"mouth":55467,"parent":488,"basin":488,"widthFactor":0.56,"sourceWidth":0.05,"discharge":117,"name":"Stuik","type":"River"}},{"type":"Feature","geometry":{"type":"LineString","coordinates":[[-60.264,29.5136],[-60.4975,29.6302],[-60.7558,29.593],[-60.8383,29.5946],[-61.1101,29.7052],[-61.401,29.667],[-61.5901,29.5775],[-61.8222,29.4032],[-61.9411,29.1384],[-62.0723,28.9253],[-62.0656,28.6752],[-62.3738,28.6216],[-62.6275,28.4386],[-62.8386,28.398],[-63.0307,28.4946],[-63.0906,28.8083],[-63.3801,28.7608],[-63.6571,28.8076],[-63.9949,28.7211],[-64.2937,28.5826]]},"properties":{"id":216,"source":15233,"mouth":15950,"parent":216,"basin":216,"widthFactor":0.672,"sourceWidth":0.05,"discharge":222,"name":"Hitchbrid","type":"River"}},{"type":"Feature","geometry":{"type":"LineString","coordinates":[[-20.3394,7.3277],[-20.5237,7.1196],[-20.5674,6.845],[-20.7293,6.5453],[-20.8429,6.3094],[-20.716,6.1226],[-20.8471,5.8658],[-20.8367,5.5777],[-20.7721,5.362],[-20.6215,5.1847],[-20.446,5.032]]},"properties":{"id":218,"source":41450,"mouth":43799,"parent":218,"basin":218,"widthFactor":0.672,"sourceWidth":0.04,"discharge":101,"name":"Nulbundi","type":"River"}},{"type":"Feature","geometry":{"type":"LineString","coordinates":[[-14.9174,0.7176],[-14.8388,1.0812],[-14.8263,1.3739],[-14.445,1.3933],[-14.2301,1.4231],[-14.0839,1.5833],[-13.9928,1.9025],[-13.9571,2.1534],[-13.957,2.4069]]},"properties":{"id":219,"source":49143,"mouth":47734,"parent":219,"basin":219,"widthFactor":0.672,"sourceWidth":0.05,"discharge":79,"name":"Kharb","type":"River"}},{"type":"Feature","geometry":{"type":"LineString","coordinates":[[48.374,7.7816],[48.4976,7.6482],[48.6791,7.6593],[48.8491,7.7186],[48.8859,7.9145],[49.0293,8.0011]]},"properties":{"id":220,"source":41269,"mouth":41270,"parent":242,"basin":273,"widthFactor":0.56,"sourceWidth":0.06,"discharge":47,"name":"Blix","type":"River"}},{"type":"Feature","geometry":{"type":"LineString","coordinates":[[-24.4897,12.9865],[-24.1356,12.8689],[-24.0983,12.4883],[-23.836,12.3723],[-23.6994,12.0872],[-23.4485,11.8951],[-23.3494,11.7047],[-23.2196,11.5338]]},"properties":{"id":221,"source":34874,"mouth":36045,"parent":545,"basin":1087,"widthFactor":0.56,"sourceWidth":0.06,"discharge":96,"name":"Biburadab","type":"River"}},{"type":"Feature","geometry":{"type":"LineString","coordinates":[[-9.5794,14.8556],[-9.5126,15.0737],[-9.6012,15.2838],[-9.4144,15.4009],[-9.3787,15.6346],[-9.2222,15.775],[-9.0978,15.7896],[-8.9833,15.8404]]},"properties":{"id":222,"source":32404,"mouth":31219,"parent":222,"basin":222,"widthFactor":0.672,"sourceWidth":0.05,"discharge":161,"name":"Bilgath","type":"River"}},{"type":"Feature","geometry":{"type":"LineString","coordinates":[[-15.1594,12.3248],[-15.418,12.4161],[-15.6847,12.352],[-15.7633,12.4864],[-15.919,12.489],[-16.1159,12.6309],[-16.3587,12.6299],[-16.4533,12.825],[-16.5797,13.0013]]},"properties":{"id":223,"source":35674,"mouth":35281,"parent":545,"basin":1087,"widthFactor":0.56,"sourceWidth":0.06,"discharge":66,"name":"Bizar","type":"River"}},{"type":"Feature","geometry":{"type":"LineString","coordinates":[[-48.7756,37.3669],[-48.9293,37.3013],[-48.9624,37.1373],[-49.1448,37.1607],[-49.2707,37.0017],[-49.4418,36.9886],[-49.5423,36.8937],[-49.6137,36.7753]]},"properties":{"id":224,"source":7360,"mouth":7633,"parent":474,"basin":1106,"widthFactor":0.56,"sourceWidth":0.04,"discharge":45,"name":"Fenseyles","type":"River"}},{"type":"Feature","geometry":{"type":"LineString","coordinates":[[-14.1959,21.8884],[-14.3298,21.7535],[-14.3181,21.5638],[-14.2106,21.3455],[-14.2543,21.106],[-14.3688,21.0274],[-14.5002,20.9823]]},"properties":{"id":225,"source":23769,"mouth":24598,"parent":225,"basin":225,"widthFactor":0.672,"sourceWidth":0.05,"discharge":45,"name":"Zunbarag","type":"River"}},{"type":"Feature","geometry":{"type":"LineString","coordinates":[[-15.0948,17.5562],[-15.2661,17.6462],[-15.3158,17.8333],[-15.2114,17.9195],[-15.2536,18.0482],[-15.4079,18.1407],[-15.5781,18.1992]]},"properties":{"id":226,"source":29183,"mouth":28324,"parent":226,"basin":226,"widthFactor":0.672,"sourceWidth":0.08,"discharge":86,"name":"Birukthu","type":"River"}},{"type":"Feature","geometry":{"type":"LineString","coordinates":[[-5.5146,38.0411],[-5.6938,38.0493],[-5.8119,37.9142],[-5.9566,37.9644],[-6.1092,37.9773]]},"properties":{"id":227,"source":6938,"mouth":7210,"parent":227,"basin":227,"widthFactor":0.672,"sourceWidth":0.04,"discharge":69,"name":"Cyhmel","type":"Creek"}},{"type":"Feature","geometry":{"type":"LineString","coordinates":[[44.7419,20.4459],[44.9929,20.5802],[45.1357,20.8266],[45.4299,20.8577],[45.6404,20.9242],[45.7599,21.1099],[45.9966,21.0516],[46.2237,21.1403],[46.4352,21.3248],[46.5265,21.5903],[46.7662,21.6549],[46.9697,21.6158],[47.1514,21.7156],[47.3748,21.8315],[47.5032,22.048],[47.7452,22.3415],[48.014,22.3906],[48.2269,22.5618]]},"properties":{"id":231,"source":25592,"mouth":23548,"parent":81,"basin":81,"widthFactor":0.56,"sourceWidth":0.07,"discharge":197,"name":"Torrealmend","type":"Fork"}},{"type":"Feature","geometry":{"type":"LineString","coordinates":[[26.9754,17.3958],[26.6984,17.3483],[26.489,17.1607],[26.3871,16.9242],[26.1692,16.787],[25.9461,16.7864],[25.7731,16.9272],[25.6361,17.0175],[25.3699,17.0058],[25.2227,16.8503],[25.2057,16.6368],[24.989,16.4787],[24.882,16.2327],[24.9979,15.9408],[24.8802,15.7702],[24.682,15.7096],[24.6646,15.4487],[24.5201,15.2308],[24.2839,15.1492],[24.0391,15.1997],[23.8539,15.0518],[23.7077,14.8731],[23.6796,14.6439],[23.5722,14.4189],[23.6197,14.2258],[23.4152,14.1872],[23.2072,14.1791]]},"properties":{"id":232,"source":29685,"mouth":33324,"parent":232,"basin":232,"widthFactor":0.672,"sourceWidth":0.04,"discharge":115,"name":"Irtec","type":"River"}},{"type":"Feature","geometry":{"type":"LineString","coordinates":[[40.1379,-20.8899],[40.0226,-21.0514],[40.0593,-21.2464],[40.1135,-21.4276],[40.3129,-21.4848],[40.3962,-21.6411]]},"properties":{"id":233,"source":67958,"mouth":68129,"parent":100,"basin":100,"widthFactor":0.56,"sourceWidth":0.04,"discharge":40,"name":"Aelendrit","type":"River"}},{"type":"Feature","geometry":{"type":"LineString","coordinates":[[22.8469,21.7701],[22.6622,21.9203],[22.4243,21.9242],[22.3597,21.9406],[22.1442,21.8152],[21.8959,21.8363],[21.8811,22.1554],[21.8092,22.4441],[21.6095,22.6646],[21.3806,22.7158],[21.1643,22.6249],[21.053,22.7089],[21.0429,22.9067],[21.2261,23.0296],[21.3021,23.2367],[21.2328,23.4882],[20.9433,23.6447],[20.6585,23.5793],[20.2903,23.5629],[20.1365,23.7649],[19.9043,23.8673],[19.7751,24.2059],[19.7532,24.462],[19.6148,24.6785],[19.33,24.6364],[19.0868,24.6693],[18.8568,24.5835],[18.7866,24.3255],[18.6125,24.1227],[18.3523,24.3017],[18.1743,24.5625],[18.0148,24.5205],[17.9053,24.2755],[17.705,24.097],[17.4928,24.1825],[17.3455,24.3578],[17.0919,24.3379],[16.87,24.2137],[16.8396,24.0121],[16.5019,24.0168],[16.3563,24.0432],[16.1516,24.1621],[15.9158,24.1834],[15.6388,24.2324],[15.7322,24.5967],[15.4978,24.5533],[15.2691,24.4862],[15.0668,24.3305],[14.8644,24.097],[14.6426,24.0144]]},"properties":{"id":235,"source":23861,"mouth":21208,"parent":235,"basin":235,"widthFactor":0.672,"sourceWidth":0.05,"discharge":338,"name":"Bremti","type":"River"}},{"type":"Feature","geometry":{"type":"LineString","coordinates":[[-57.295,28.3942],[-57.2425,28.6405],[-57.3448,28.8706],[-57.1553,28.9876],[-57.0857,29.1991],[-56.9448,29.5074],[-56.7368,29.5522],[-56.6078,29.7215],[-56.5404,30.0186],[-56.6179,30.3131],[-56.565,30.6167],[-56.5268,30.8203],[-56.6273,31.0013],[-56.6561,31.2551],[-56.8919,31.5595],[-57.1121,31.7759],[-57.0464,32.0438],[-57.1129,32.3115],[-56.9892,32.5404],[-57.0024,32.9],[-56.9362,33.1818],[-56.9323,33.4784]]},"properties":{"id":236,"source":16341,"mouth":11472,"parent":1106,"basin":1106,"widthFactor":0.56,"sourceWidth":0.06,"discharge":170,"name":"Aziondore","type":"River"}},{"type":"Feature","geometry":{"type":"LineString","coordinates":[[-43.5419,-9.9943],[-43.2925,-10.1294],[-43.152,-10.3757],[-43.3095,-10.568],[-43.5497,-10.6319],[-43.5709,-10.8481],[-43.447,-11.0265],[-43.1693,-11.1574],[-42.9847,-11.4026],[-43.0905,-11.6065],[-43.1863,-11.8075],[-43.1403,-12.0253],[-43.1761,-12.3484],[-43.1703,-12.5569],[-43.0353,-12.7158],[-43.0882,-12.9805],[-43.187,-13.1783],[-43.2335,-13.4188],[-43.1481,-13.6485],[-42.9707,-13.8805],[-43.082,-14.1771],[-43.2285,-14.4062],[-43.2555,-14.6768],[-43.3987,-14.9236],[-43.2923,-15.1166],[-43.0991,-15.2226],[-43.1528,-15.5947],[-43.3888,-15.7064],[-43.5505,-15.9115],[-43.7001,-16.0507],[-43.7481,-16.2494],[-43.6742,-16.5374],[-43.3901,-16.5382],[-43.338,-16.8192],[-43.6516,-16.9134],[-43.7917,-17.1547],[-43.9489,-17.2256],[-43.9225,-17.4537],[-44.0952,-17.5518],[-43.9372,-17.8297],[-44.1035,-17.9628],[-44.1902,-18.1574],[-44.2657,-18.2384],[-44.5505,-18.3649],[-44.7824,-18.5731],[-44.6954,-18.776],[-44.7023,-18.9966],[-44.8876,-19.1151],[-45.1054,-19.1453],[-45.2727,-19.2512]]},"properties":{"id":237,"source":60587,"mouth":66867,"parent":237,"basin":237,"widthFactor":0.672,"sourceWidth":0.06,"discharge":1058,"name":"Dhalg","type":"River"}},{"type":"Feature","geometry":{"type":"LineString","coordinates":[[-27.2891,12.2391],[-27.4464,12.0915],[-27.4634,11.8764],[-27.2156,11.7408],[-26.9334,11.7541],[-26.8086,11.5161],[-26.8307,11.2481],[-26.7653,11.0597],[-27.0206,10.7772]]},"properties":{"id":238,"source":35637,"mouth":37228,"parent":545,"basin":1087,"widthFactor":0.56,"sourceWidth":0.05,"discharge":68,"name":"Nazinduzadd","type":"River"}},{"type":"Feature","geometry":{"type":"LineString","coordinates":[[7.0057,6.5796],[7.117,6.2223],[7.233,5.8758],[7.2781,5.5668],[7.4524,5.3515],[7.7124,5.2562],[8.0494,5.2422],[8.1981,5.0496],[8.4291,4.9736],[8.5247,4.7366],[8.7311,4.5859],[8.935,4.6279],[9.0302,4.4325],[9.223,4.3321],[9.4544,4.2646],[9.686,4.3313],[9.9047,4.3189]]},"properties":{"id":240,"source":42281,"mouth":45081,"parent":28,"basin":28,"widthFactor":0.56,"sourceWidth":0.05,"discharge":136,"name":"Kra'jash","type":"Fork"}},{"type":"Feature","geometry":{"type":"LineString","coordinates":[[0.1774,2.7386],[0.175,2.4638],[0.3222,2.2318],[0.1345,2.104],[0.07,1.8861],[0.1541,1.8106],[0.2234,1.732],[0.1202,1.4782],[0.1611,1.2073],[0.3564,1.1125],[0.4506,0.9169],[0.2728,0.6731],[0.0039,0.5362],[0.1199,0.2801],[0.344,0.1104],[0.5611,-0.1037]]},"properties":{"id":241,"source":46997,"mouth":49961,"parent":241,"basin":241,"widthFactor":0.672,"sourceWidth":0.05,"discharge":221,"name":"Skej'ja","type":"River"}},{"type":"Feature","geometry":{"type":"LineString","coordinates":[[48.6293,6.7649],[48.995,6.8886],[49.0834,7.1644],[49.0192,7.4468],[49.0129,7.548],[49.0948,7.7719],[49.0293,8.0011],[49.2402,8.2043],[49.3365,8.4777],[49.2908,8.764],[49.4449,9.0536],[49.2523,9.1823],[49.0207,9.1782],[48.9709,9.5121],[49.1146,9.7106],[49.132,9.9551],[49.1429,10.2618],[49.3663,10.5132],[49.42,10.841]]},"properties":{"id":242,"source":42390,"mouth":37881,"parent":273,"basin":273,"widthFactor":0.56,"sourceWidth":0.05,"discharge":416,"name":"Brat","type":"River"}},{"type":"Feature","geometry":{"type":"LineString","coordinates":[[-28.6946,-3.5002],[-28.9588,-3.4381],[-29.2137,-3.5313],[-29.4454,-3.548],[-29.6168,-3.7049],[-29.8337,-3.6906],[-30.0083,-3.8201],[-30.2686,-3.7957],[-30.5009,-3.9159],[-30.669,-4.0171],[-30.9628,-3.9345],[-31.262,-3.9945],[-31.4931,-4.0194]]},"properties":{"id":243,"source":54043,"mouth":54419,"parent":1078,"basin":1078,"widthFactor":0.56,"sourceWidth":0.06,"discharge":99,"name":"Kudgrin","type":"Fork"}},{"type":"Feature","geometry":{"type":"LineString","coordinates":[[-16.6925,-8.6016],[-16.664,-8.835],[-16.7875,-9.0352],[-16.9582,-9.1453],[-17.1645,-9.0677],[-17.3424,-9.1403],[-17.336,-9.3372],[-17.1929,-9.4727]]},"properties":{"id":245,"source":59503,"mouth":60090,"parent":59,"basin":26,"widthFactor":0.56,"sourceWidth":0.04,"discharge":40,"name":"Marrin'jin","type":"River"}},{"type":"Feature","geometry":{"type":"LineString","coordinates":[[-73.0996,23.3216],[-73.2831,23.1466],[-73.3299,22.8973],[-73.4748,22.6571],[-73.4723,22.3765],[-73.7026,22.2727],[-73.8334,22.0566],[-73.9681,22.0932],[-74.3066,22.1484],[-74.4,22.1484]]},"properties":{"id":246,"source":22053,"mouth":23195,"parent":246,"basin":246,"widthFactor":0.672,"sourceWidth":0.06,"discharge":94,"name":"Mantamer","type":"River"}},{"type":"Feature","geometry":{"type":"LineString","coordinates":[[-14.6994,-9.6019],[-14.8523,-9.776],[-14.8605,-10.0075],[-14.8979,-10.2021],[-15.0988,-10.4023],[-15.1695,-10.677],[-15.3446,-10.9448],[-15.4715,-11.2539],[-15.431,-11.517]]},"properties":{"id":247,"source":60361,"mouth":61813,"parent":247,"basin":247,"widthFactor":0.672,"sourceWidth":0.07,"discharge":96,"name":"Skuph","type":"River"}},{"type":"Feature","geometry":{"type":"LineString","coordinates":[[0.9331,1.9391],[1.0755,1.6199],[1.3362,1.3645],[1.2911,1.1458],[1.2665,0.9063],[1.3861,0.6974],[1.4257,0.3151],[1.3931,0.112],[1.1051,0.0575]]},"properties":{"id":248,"source":47778,"mouth":49572,"parent":248,"basin":248,"widthFactor":0.672,"sourceWidth":0.04,"discharge":130,"name":"Rrassaj'har","type":"River"}},{"type":"Feature","geometry":{"type":"LineString","coordinates":[[9.5265,11.2886],[9.6693,11.4858],[9.6634,11.7292],[9.8244,11.9056],[9.8455,12.1434],[9.7241,12.3691],[9.4815,12.5303],[9.191,12.5521],[8.9778,12.665]]},"properties":{"id":249,"source":36935,"mouth":35349,"parent":249,"basin":249,"widthFactor":0.672,"sourceWidth":0.06,"discharge":109,"name":"Zaz'ki","type":"River"}},{"type":"Feature","geometry":{"type":"LineString","coordinates":[[1.5557,12.2944],[1.7462,12.4702],[1.8016,12.7234],[2.0219,12.8627],[2.3518,13.0488],[2.4864,12.8703],[2.7028,12.8144],[2.7616,13.1024],[2.6756,13.3835],[2.8851,13.4718],[3.106,13.4178],[3.1566,13.5719]]},"properties":{"id":250,"source":35712,"mouth":34541,"parent":250,"basin":250,"widthFactor":0.672,"sourceWidth":0.04,"discharge":121,"name":"Nij'hass","type":"River"}},{"type":"Feature","geometry":{"type":"LineString","coordinates":[[45.9661,6.4511],[46.0206,6.7516],[45.9023,7.0482],[46.0292,7.246],[46.077,7.4597],[45.9786,7.6554],[45.893,7.9357]]},"properties":{"id":251,"source":42768,"mouth":41260,"parent":263,"basin":273,"widthFactor":0.56,"sourceWidth":0.04,"discharge":113,"name":"Stiaggal","type":"River"}},{"type":"Feature","geometry":{"type":"LineString","coordinates":[[-43.5964,-8.8733],[-43.4549,-8.7307],[-43.4578,-8.53],[-43.2213,-8.5228],[-43.0384,-8.3727],[-42.8709,-8.4068],[-42.7411,-8.2956],[-42.5588,-8.2387],[-42.3909,-8.1477]]},"properties":{"id":252,"source":59732,"mouth":58752,"parent":252,"basin":252,"widthFactor":0.672,"sourceWidth":0.04,"discharge":89,"name":"Zun-Ug","type":"River"}},{"type":"Feature","geometry":{"type":"LineString","coordinates":[[-38.158,10.9796],[-38.3446,10.9307],[-38.4343,10.76],[-38.5207,10.4703],[-38.4545,10.1754],[-38.3125,10.1131],[-38.2895,9.9597],[-38.3115,9.8625],[-38.3674,9.7799]]},"properties":{"id":253,"source":37197,"mouth":38436,"parent":545,"basin":1087,"widthFactor":0.56,"sourceWidth":0.05,"discharge":56,"name":"Kuzg","type":"River"}},{"type":"Feature","geometry":{"type":"LineString","coordinates":[[-27.1879,6.9206],[-27.3146,7.1409],[-27.5459,7.246],[-27.4956,7.4375],[-27.5965,7.608],[-27.58,7.7102],[-27.6829,7.7216],[-27.7676,7.8305],[-27.8782,7.9131]]},"properties":{"id":254,"source":41800,"mouth":41055,"parent":545,"basin":1087,"widthFactor":0.56,"sourceWidth":0.07,"discharge":73,"name":"Shathundin","type":"River"}},{"type":"Feature","geometry":{"type":"LineString","coordinates":[[-48.0907,-1.6544],[-48.3218,-1.6348],[-48.5133,-1.7657],[-48.723,-1.8229],[-48.8433,-2.0039]]},"properties":{"id":255,"source":51713,"mouth":51712,"parent":378,"basin":1456,"widthFactor":0.56,"sourceWidth":0.05,"discharge":39,"name":"Korkrir","type":"Fork"}},{"type":"Feature","geometry":{"type":"LineString","coordinates":[[-8.3902,12.3645],[-8.1481,12.2441],[-7.8797,12.2773],[-7.8132,12.119],[-7.647,12.0764],[-7.6398,11.962],[-7.5256,11.9527],[-7.3051,11.9656],[-7.0898,12.0149]]},"properties":{"id":256,"source":35695,"mouth":36091,"parent":256,"basin":256,"widthFactor":0.672,"sourceWidth":0.04,"discharge":94,"name":"Tuzandizah","type":"River"}},{"type":"Feature","geometry":{"type":"LineString","coordinates":[[1.2732,28.8971],[1.3913,28.6822],[1.6149,28.5818],[1.6591,28.3457],[1.8367,28.184],[1.9324,28.0404],[2.0569,27.9209]]},"properties":{"id":257,"source":16160,"mouth":16925,"parent":257,"basin":257,"widthFactor":0.672,"sourceWidth":0.04,"discharge":56,"name":"Eanyndra","type":"River"}},{"type":"Feature","geometry":{"type":"LineString","coordinates":[[46.5163,8.6099],[46.6611,8.5873],[46.7879,8.7687],[47.065,8.9197],[47.2393,9.1423],[47.1117,9.3284],[47.2074,9.6087],[47.2471,9.9442],[47.2277,10.2758]]},"properties":{"id":262,"source":40173,"mouth":38696,"parent":273,"basin":273,"widthFactor":0.56,"sourceWidth":0.05,"discharge":99,"name":"Eszbiard","type":"River"}},{"type":"Feature","geometry":{"type":"LineString","coordinates":[[44.6665,10.6635],[44.9591,10.8161],[45.3147,10.9258],[45.6393,10.7522],[45.8385,10.6292],[45.9291,10.8418],[46.1443,10.9258],[46.328,10.781],[46.5324,10.6617],[46.7646,10.7071],[46.8167,10.4463]]},"properties":{"id":263,"source":37860,"mouth":37452,"parent":273,"basin":273,"widthFactor":0.56,"sourceWidth":0.95,"discharge":1446,"name":"Honk","type":"River"}},{"type":"Feature","geometry":{"type":"LineString","coordinates":[[46.7436,9.8562],[46.9104,9.8653],[46.9973,10.008],[47.1269,10.1295],[47.2277,10.2758]]},"properties":{"id":265,"source":38694,"mouth":38695,"parent":273,"basin":273,"widthFactor":0.56,"sourceWidth":0.05,"discharge":40,"name":"Phiggek","type":"River"}},{"type":"Feature","geometry":{"type":"LineString","coordinates":[[47.0751,-9.1224],[47.423,-9.0438],[47.5191,-8.7627],[47.7421,-8.5665],[47.9837,-8.5213],[48.2067,-8.6249],[48.5725,-8.6576],[48.6939,-8.3338],[48.7631,-7.9912],[48.953,-7.7343],[49.1888,-7.7615],[49.3997,-7.6526],[49.5313,-7.4464],[49.532,-7.2019]]},"properties":{"id":266,"source":60201,"mouth":58647,"parent":41,"basin":41,"widthFactor":0.56,"sourceWidth":0.04,"discharge":101,"name":"Rekx","type":"River"}},{"type":"Feature","geometry":{"type":"LineString","coordinates":[[46.8362,11.6016],[47.0131,11.5459],[47.0852,11.375],[47.1338,11.2221],[47.0323,11.0979],[47.2064,10.9473],[47.4362,10.936],[47.5158,10.7193],[47.7102,10.595]]},"properties":{"id":268,"source":36645,"mouth":37454,"parent":273,"basin":273,"widthFactor":0.56,"sourceWidth":0.05,"discharge":47,"name":"Crildvelb","type":"River"}},{"type":"Feature","geometry":{"type":"LineString","coordinates":[[28.0961,24.1748],[28.1897,24.3699],[28.128,24.5773],[28.3343,24.8568],[27.9973,25.0358],[28.0121,25.2546],[28.0774,25.3706],[28.0105,25.6944],[28.1696,25.828],[28.2074,26.0323],[28.4219,26.0767],[28.567,26.2409],[28.8082,26.2954],[29.0726,26.238],[29.332,26.3149],[29.497,26.5733],[29.7157,26.6707],[29.8511,26.8684],[30.039,26.9616],[30.1374,27.1471],[30.2425,27.4296],[30.4476,27.4454],[30.6059,27.5768],[30.8475,27.5575],[31.0674,27.6593],[31.297,27.7089],[31.4714,27.8664],[31.4012,28.1031],[31.4503,28.3451],[31.5882,28.4981],[31.7873,28.5507],[32.0505,28.457],[32.329,28.4783],[32.6356,28.4331]]},"properties":{"id":269,"source":21249,"mouth":16618,"parent":269,"basin":269,"widthFactor":0.672,"sourceWidth":0.05,"discharge":419,"name":"Agelmegovil","type":"River"}},{"type":"Feature","geometry":{"type":"LineString","coordinates":[[38.7868,-22.3916],[38.9002,-22.5902],[39.1145,-22.6703],[39.2879,-22.5537],[39.4943,-22.5862],[39.698,-22.6913],[39.7931,-22.8999]]},"properties":{"id":270,"source":68774,"mouth":68776,"parent":100,"basin":100,"widthFactor":0.56,"sourceWidth":0.05,"discharge":123,"name":"Cirgolarontosz","type":"Fork"}},{"type":"Feature","geometry":{"type":"LineString","coordinates":[[39.7659,-21.543],[39.922,-21.616],[39.9558,-21.7852],[40.001,-21.9671],[39.8958,-22.1222],[39.6758,-22.059],[39.4639,-22.1456],[39.4056,-22.371],[39.4943,-22.5862]]},"properties":{"id":271,"source":68298,"mouth":68623,"parent":270,"basin":100,"widthFactor":0.56,"sourceWidth":0.05,"discharge":56,"name":"Thalatimark","type":"River"}},{"type":"Feature","geometry":{"type":"LineString","coordinates":[[29.9732,16.6165],[29.8869,16.3894],[29.9561,16.1565],[30.0233,15.9523],[30.209,15.8443],[30.1406,15.6792],[30.0347,15.4228],[30.0752,15.1483],[29.8705,14.8198],[29.8472,14.6797],[30.0522,14.4785],[30.3281,14.3986],[30.3445,14.0156],[30.16,13.6793],[30.1281,13.4101],[30.2293,13.1585],[30.009,12.9958],[29.8269,12.6829]]},"properties":{"id":272,"source":30492,"mouth":35019,"parent":272,"basin":272,"widthFactor":0.672,"sourceWidth":0.04,"discharge":79,"name":"Rurluch","type":"River"}},{"type":"Feature","geometry":{"type":"LineString","coordinates":[[47.2277,10.2758],[47.5195,10.3957],[47.7102,10.595],[47.962,10.5551],[48.1631,10.7118],[48.2519,10.9554],[48.4822,11.0745],[48.7037,11.0307],[48.8238,10.8394],[48.9663,10.8721],[49.1874,10.7732],[49.42,10.841],[49.6783,11.0667],[49.9632,11.0878],[50.1804,11.0647],[50.3577,11.1921],[50.6192,10.9219],[50.95,10.8278],[51.1948,10.8461],[51.385,11.0014],[51.6053,11.0574],[51.7041,11.1633],[52.0675,11.0808],[52.3703,10.9375],[52.6442,10.8558],[52.8519,10.8675],[53.0092,11.0037],[53.2627,10.8696],[53.5493,10.8636],[53.6318,10.9718]]},"properties":{"id":273,"source":38288,"mouth":37472,"parent":273,"basin":273,"widthFactor":0.672,"sourceWidth":1,"discharge":2615,"name":"Treaq","type":"River"}},{"type":"Feature","geometry":{"type":"LineString","coordinates":[[-10.5039,-7.219],[-10.282,-7.2158],[-10.1125,-7.3591],[-9.9829,-7.4745],[-9.9594,-7.6332],[-9.9358,-7.792]]},"properties":{"id":274,"source":58131,"mouth":58132,"parent":75,"basin":9,"widthFactor":0.56,"sourceWidth":0.07,"discharge":55,"name":"Kaj'he","type":"River"}},{"type":"Feature","geometry":{"type":"LineString","coordinates":[[52.2948,-1.2519],[52.5828,-1.2982],[52.8536,-1.1897],[52.7991,-0.8502],[53.0133,-0.7291],[53.1174,-0.5062],[52.9586,-0.264],[52.7792,-0.0843],[52.5306,-0.0321],[52.4388,0.3058],[52.0535,0.3222],[52.0194,0.5616],[52.122,0.7807],[52.327,0.9708],[52.4178,1.2353],[52.466,1.5895],[52.6559,1.7631]]},"properties":{"id":275,"source":51626,"mouth":48270,"parent":278,"basin":928,"widthFactor":0.56,"sourceWidth":0.05,"discharge":108,"name":"Qeerags","type":"River"}},{"type":"Feature","geometry":{"type":"LineString","coordinates":[[-33.0738,14.5652],[-33.0434,14.3497],[-32.8769,14.2095],[-32.6753,14.1216],[-32.4652,14.1861],[-32.3428,14.0057],[-32.1329,13.9471],[-31.9361,13.8742],[-31.7398,13.9487],[-31.5414,13.6957]]},"properties":{"id":276,"source":32728,"mouth":33601,"parent":212,"basin":1087,"widthFactor":0.56,"sourceWidth":0.05,"discharge":76,"name":"Zarazarala","type":"Fork"}},{"type":"Feature","geometry":{"type":"LineString","coordinates":[[-21.969,-0.6642],[-21.7547,-0.5634],[-21.6492,-0.3512],[-21.4668,-0.1502],[-21.4219,0.1174],[-21.5488,0.3385],[-21.4716,0.5619],[-21.5418,0.7877],[-21.7122,0.9239],[-21.8995,1.1347],[-22.1659,1.2267],[-22.0922,1.4878],[-22.1589,1.7507],[-22.1021,2.1282]]},"properties":{"id":277,"source":50674,"mouth":48080,"parent":277,"basin":277,"widthFactor":0.672,"sourceWidth":0.08,"discharge":215,"name":"Biram","type":"River"}},{"type":"Feature","geometry":{"type":"LineString","coordinates":[[55.4366,1.6354],[55.4708,2.0068],[55.3009,2.1809],[55.0607,2.2193],[54.7875,2.4311],[54.595,2.1929],[54.5361,1.8923],[54.3317,1.9751],[54.1989,2.1396],[54.0661,2.3042],[53.8381,2.2372],[53.5349,2.1936],[53.2832,2.0192],[53.0645,1.935],[52.9314,1.7421],[52.6559,1.7631],[52.5912,1.9954],[52.4123,2.157],[52.2785,2.4832],[52.4395,2.8117],[52.0644,2.8927],[51.909,3.1142],[51.6699,3.2407],[51.5195,3.387],[51.3127,3.4221],[51.2333,3.6751],[51.2286,4.0355]]},"properties":{"id":278,"source":48279,"mouth":45958,"parent":928,"basin":928,"widthFactor":0.56,"sourceWidth":0.05,"discharge":341,"name":"Iahzit","type":"River"}},{"type":"Feature","geometry":{"type":"LineString","coordinates":[[5.1255,6.4122],[4.9427,6.2006],[4.9014,5.9241],[4.794,5.6999],[4.613,5.5608],[4.5574,5.3395],[4.7399,5.2285],[4.8072,5.0257],[4.6843,4.8368],[4.4718,4.7618],[4.1169,4.6349],[3.969,4.596],[3.9017,4.3978],[3.8679,4.1912]]},"properties":{"id":280,"source":42654,"mouth":44668,"parent":280,"basin":280,"widthFactor":0.672,"sourceWidth":0.05,"discharge":128,"name":"Masse","type":"River"}},{"type":"Feature","geometry":{"type":"LineString","coordinates":[[-12.8379,-9.8456],[-13.0757,-10.0148],[-13.1928,-10.2823],[-13.3505,-10.4222],[-13.3725,-10.6319],[-13.4811,-10.8253],[-13.4418,-11.0437],[-13.5718,-11.1293],[-13.736,-11.1994],[-13.9072,-11.2624],[-13.7656,-11.5629],[-13.8138,-11.7521],[-13.8421,-12.0006],[-13.736,-12.227],[-13.5687,-12.5064]]},"properties":{"id":281,"source":60642,"mouth":62626,"parent":281,"basin":281,"widthFactor":0.672,"sourceWidth":0.06,"discharge":201,"name":"Elt'ka","type":"River"}},{"type":"Feature","geometry":{"type":"LineString","coordinates":[[32.9936,23.8159],[33.0388,24.0596],[32.9298,24.2822],[32.7858,24.61],[32.8201,24.9362],[32.7734,25.0958],[32.9233,25.2556],[32.9407,25.4741],[33.164,25.4904],[33.3321,25.6384],[33.4769,25.7855]]},"properties":{"id":284,"source":21617,"mouth":19919,"parent":284,"basin":284,"widthFactor":0.672,"sourceWidth":0.06,"discharge":130,"name":"Naravabu","type":"River"}},{"type":"Feature","geometry":{"type":"LineString","coordinates":[[-11.6316,-10.2123],[-11.8661,-10.2163],[-12.0464,-10.3664],[-12.269,-10.4606],[-12.2818,-10.699],[-12.1499,-10.8981],[-12.2672,-11.1366],[-12.2394,-11.401],[-12.2923,-11.5606],[-12.1211,-11.8766]]},"properties":{"id":285,"source":60934,"mouth":62110,"parent":285,"basin":285,"widthFactor":0.672,"sourceWidth":0.04,"discharge":133,"name":"Raj'ij'lu","type":"River"}},{"type":"Feature","geometry":{"type":"LineString","coordinates":[[-4.8975,35.6052],[-5.0728,35.7369],[-5.2913,35.7189],[-5.4425,35.8782],[-5.6609,35.9003],[-5.8722,35.8828],[-6.0189,35.7298],[-6.2583,35.7444],[-6.461,35.6161],[-6.833,35.6418],[-7.0523,35.6906],[-7.2766,35.7041]]},"properties":{"id":286,"source":9206,"mouth":8897,"parent":286,"basin":286,"widthFactor":0.672,"sourceWidth":0.07,"discharge":151,"name":"Elranle","type":"River"}},{"type":"Feature","geometry":{"type":"LineString","coordinates":[[9.8992,37.4635],[10.1526,37.417],[10.3864,37.525],[10.5298,37.3124],[10.7685,37.219],[10.7571,37.0742],[10.8798,36.9964],[11.1032,36.8905],[11.3398,36.8189]]},"properties":{"id":288,"source":7543,"mouth":7813,"parent":288,"basin":288,"widthFactor":0.672,"sourceWidth":0.04,"discharge":48,"name":"Fil-Sin","type":"River"}},{"type":"Feature","geometry":{"type":"LineString","coordinates":[[-6.2057,-1.0332],[-6.1425,-0.8203],[-6.2345,-0.6183],[-6.2079,-0.3879],[-6.3302,-0.1909],[-6.2789,0.0785],[-5.9536,0.291],[-5.6648,0.4171]]},"properties":{"id":289,"source":51098,"mouth":49541,"parent":289,"basin":289,"widthFactor":0.672,"sourceWidth":0.06,"discharge":74,"name":"Tuzur","type":"River"}},{"type":"Feature","geometry":{"type":"LineString","coordinates":[[-23.7527,20.3929],[-23.5505,20.2564],[-23.3068,20.2699],[-23.0702,20.2788],[-22.8881,20.4303],[-22.7159,20.4614],[-22.5543,20.5284]]},"properties":{"id":290,"source":25804,"mouth":25388,"parent":290,"basin":290,"widthFactor":0.672,"sourceWidth":0.06,"discharge":54,"name":"Shatholed","type":"River"}},{"type":"Feature","geometry":{"type":"LineString","coordinates":[[-53.5338,30.0874],[-53.4694,30.2747],[-53.599,30.4478],[-53.5734,30.6323],[-53.5672,30.828],[-53.7034,30.9686],[-53.6925,31.069],[-53.719,31.1663]]},"properties":{"id":291,"source":14502,"mouth":13769,"parent":474,"basin":1106,"widthFactor":0.56,"sourceWidth":0.04,"discharge":35,"name":"Baveley","type":"Fork"}},{"type":"Feature","geometry":{"type":"LineString","coordinates":[[1.4195,19.6184],[1.2333,19.5256],[1.1635,19.3295],[0.9888,19.2636],[0.9486,19.0622],[0.8008,18.9691],[0.6532,18.8735],[0.5292,18.7488]]},"properties":{"id":292,"source":26709,"mouth":27521,"parent":292,"basin":292,"widthFactor":0.672,"sourceWidth":0.06,"discharge":57,"name":"Gualleloluno","type":"River"}},{"type":"Feature","geometry":{"type":"LineString","coordinates":[[-7.233,23.2928],[-7.2596,23.1149],[-7.1003,22.9944],[-7.0898,22.828],[-7.1251,22.7],[-7.1225,22.5672]]},"properties":{"id":294,"source":22251,"mouth":22616,"parent":294,"basin":294,"widthFactor":0.672,"sourceWidth":0.08,"discharge":82,"name":"Bilbizad","type":"River"}},{"type":"Feature","geometry":{"type":"LineString","coordinates":[[47.4292,-11.7225],[47.7654,-11.7747],[48.0005,-11.9125],[48.1143,-12.0962],[48.3203,-12.1616],[48.5583,-12.2848],[48.8254,-12.2636],[49.0457,-12.2574],[49.2145,-12.1156],[49.3538,-12.0464],[49.5994,-12.037],[49.7997,-11.8946],[50.0149,-11.9436],[50.2169,-11.8548],[50.3889,-11.5567],[50.5998,-11.6626],[50.7189,-11.8665],[50.9481,-11.7281],[51.0831,-11.4967],[51.29,-11.4574],[51.4341,-11.3037],[51.7166,-11.2305],[51.9405,-11.365],[52.2014,-11.3784],[52.4232,-11.489],[52.4715,-11.8424],[52.7828,-11.8595],[53.0116,-12.0425],[53.1834,-11.887],[53.2567,-11.6672],[53.3502,-11.3834],[53.5447,-11.1566],[53.7819,-11.2178],[53.9657,-11.38],[54.1849,-11.2434],[54.3252,-11.0265],[54.297,-10.7406],[54.3789,-10.4653],[54.7478,-10.4948],[54.9407,-10.6031],[55.1618,-10.6077],[55.4019,-10.5755],[55.6054,-10.4442],[55.6794,-10.1687],[55.6794,-10.1687],[56.0257,-10.0939],[56.1992,-10.2144],[56.4086,-10.2426],[56.5907,-10.178],[56.6068,-9.9769],[56.7137,-9.8059],[57.0872,-9.8775],[57.3689,-10.0667],[57.5842,-10.0727],[57.783,-9.9896],[58.0297,-9.9857],[58.1814,-10.2168],[58.3978,-10.389],[58.7005,-10.628],[58.8939,-10.5879],[59.0818,-10.5275]]},"properties":{"id":295,"source":62222,"mouth":61383,"parent":295,"basin":295,"widthFactor":0.672,"sourceWidth":0.08,"discharge":905,"name":"Klear","type":"River"}},{"type":"Feature","geometry":{"type":"LineString","coordinates":[[-44.4128,-11.2725],[-44.4112,-11.6026],[-44.3692,-11.8665],[-44.3953,-12.0744],[-44.2758,-12.2464],[-44.2721,-12.4899],[-44.4096,-12.6909],[-44.5955,-12.8065],[-44.8128,-12.7805],[-44.9956,-12.8654],[-45.1606,-12.9813]]},"properties":{"id":296,"source":61772,"mouth":63079,"parent":1456,"basin":1456,"widthFactor":0.56,"sourceWidth":0.06,"discharge":122,"name":"Dhodh","type":"River"}},{"type":"Feature","geometry":{"type":"LineString","coordinates":[[-8.6136,10.6479],[-8.2953,10.6479],[-8.1459,10.3513],[-8.2805,10.1108],[-8.2264,9.8835],[-8.047,9.734],[-7.875,9.5292]]},"properties":{"id":297,"source":37707,"mouth":38527,"parent":297,"basin":297,"widthFactor":0.672,"sourceWidth":0.04,"discharge":66,"name":"Bilbundum","type":"River"}},{"type":"Feature","geometry":{"type":"LineString","coordinates":[[37.9572,-23.8948],[38.0184,-24.0618],[38.1876,-24.1167],[38.1876,-24.2]]},"properties":{"id":298,"source":69345,"mouth":69456,"parent":298,"basin":298,"widthFactor":0.672,"sourceWidth":0.06,"discharge":82,"name":"Kasthil","type":"Brook"}},{"type":"Feature","geometry":{"type":"LineString","coordinates":[[30.2713,25.5169],[30.2845,25.7559],[30.4114,25.9931],[30.3888,26.2611],[30.6246,26.2921],[30.7951,26.4581],[30.8941,26.7121],[30.8464,26.9805],[31.056,27.0825],[31.1647,27.2887],[31.0674,27.6593]]},"properties":{"id":299,"source":19909,"mouth":18141,"parent":269,"basin":269,"widthFactor":0.56,"sourceWidth":0.04,"discharge":88,"name":"Giledhorke","type":"River"}},{"type":"Feature","geometry":{"type":"LineString","coordinates":[[-2.8126,37.7974],[-2.6294,37.9716],[-2.583,38.2202],[-2.3596,38.386],[-2.2373,38.5735],[-2.2608,38.7962],[-2.3153,39.0057],[-2.3199,39.3638],[-2.2499,39.6845],[-2.0514,39.8254],[-1.947,40.0432],[-1.7402,40.1679],[-1.5089,40.041],[-1.2452,40.0465],[-1.1585,40.2524],[-1.2055,40.4708],[-1.1028,40.6942]]},"properties":{"id":300,"source":7220,"mouth":5179,"parent":300,"basin":300,"widthFactor":0.672,"sourceWidth":0.06,"discharge":258,"name":"Guallenil","type":"River"}},{"type":"Feature","geometry":{"type":"LineString","coordinates":[[-48.0417,39.0524],[-48.4153,39.1294],[-48.6094,39.2503],[-48.8363,39.2221],[-49.0278,39.3329],[-49.1048,39.5405],[-49.065,39.7477],[-48.8993,39.8783],[-48.7191,40.0398],[-48.6635,40.2754],[-48.434,40.3598],[-48.2907,40.5579],[-48.1125,40.8032],[-48.1583,41.0092],[-48.3219,41.1426],[-48.3662,41.51],[-48.1751,41.5973],[-48.0759,41.7825],[-47.9002,41.8932],[-47.8269,42.0877],[-47.7343,42.3905],[-47.5632,42.6516],[-47.5117,42.9596],[-47.5,43.1542],[-47.5,43.1542],[-47.7374,43.232],[-47.9237,43.3777],[-48.1577,43.4119],[-48.3795,43.5389],[-48.5195,43.7528],[-48.3967,43.9377],[-48.1966,44.0339],[-48.1475,44.3507]]},"properties":{"id":301,"source":6060,"mouth":2490,"parent":301,"basin":301,"widthFactor":0.672,"sourceWidth":0.06,"discharge":391,"name":"Totfordge","type":"River"}},{"type":"Feature","geometry":{"type":"LineString","coordinates":[[41.5169,-22.341],[41.6854,-22.305],[41.8142,-22.4196],[41.7702,-22.6247],[41.6307,-22.7666],[41.4912,-22.9085]]},"properties":{"id":303,"source":68629,"mouth":68783,"parent":157,"basin":157,"widthFactor":0.56,"sourceWidth":0.04,"discharge":62,"name":"Atoriss","type":"Fork"}},{"type":"Feature","geometry":{"type":"LineString","coordinates":[[-33.7905,13.6233],[-33.7306,13.3438],[-33.6789,13.1286],[-33.5002,12.9982],[-33.3726,12.6681],[-33.2032,12.5388],[-32.9905,12.5505],[-32.8551,12.2298],[-33.0408,12.0591],[-33.1041,11.8149],[-32.9108,11.6985],[-32.6862,11.7191],[-32.4364,11.7432]]},"properties":{"id":305,"source":34019,"mouth":36007,"parent":545,"basin":1087,"widthFactor":0.56,"sourceWidth":0.05,"discharge":98,"name":"Shiz","type":"River"}},{"type":"Feature","geometry":{"type":"LineString","coordinates":[[-5.5061,-5.2697],[-5.4384,-5.442],[-5.2633,-5.5017],[-5.0951,-5.5561],[-5.0321,-5.7212],[-5.0195,-6.0181],[-5.1535,-6.2833],[-5.4083,-6.3283],[-5.5971,-6.5051]]},"properties":{"id":306,"source":56042,"mouth":57117,"parent":90,"basin":90,"widthFactor":0.56,"sourceWidth":0.05,"discharge":143,"name":"Srapjess","type":"Fork"}},{"type":"Feature","geometry":{"type":"LineString","coordinates":[[-8.6276,-6.2093],[-8.523,-6.4051],[-8.3155,-6.4841],[-8.3627,-6.6927],[-8.2587,-6.8796],[-8.2643,-7.1365],[-8.1256,-7.3529],[-7.8844,-7.5545],[-7.7719,-7.73],[-7.5723,-7.7896],[-7.3941,-7.869]]},"properties":{"id":307,"source":57107,"mouth":58497,"parent":307,"basin":307,"widthFactor":0.672,"sourceWidth":0.05,"discharge":93,"name":"Cakkal'e","type":"River"}},{"type":"Feature","geometry":{"type":"LineString","coordinates":[[2.6702,20.3213],[2.5947,20.12],[2.6748,19.9204],[2.6773,19.6663],[2.825,19.4596],[2.9713,19.5016],[3.0687,19.3026],[3.2694,19.2089],[3.5178,19.1961],[3.7169,19.047],[3.7894,18.8454],[3.7192,18.6429],[3.471,18.3518],[3.6087,18.2124]]},"properties":{"id":308,"source":25888,"mouth":27953,"parent":308,"basin":308,"widthFactor":0.672,"sourceWidth":0.05,"discharge":206,"name":"Ruth'hanar","type":"River"}},{"type":"Feature","geometry":{"type":"LineString","coordinates":[[57.6974,2.3859],[57.8503,2.1937],[58.088,2.1321],[58.4048,2.0239],[58.6183,1.8162],[58.906,1.739],[58.9031,1.4544],[59.0429,1.2065],[59.278,1.1193],[59.4898,0.9552],[59.7558,0.9231],[59.9916,0.9901],[60.1675,0.7807],[60.4625,0.6242],[60.7395,0.407],[60.9496,0.5534],[61.191,0.4928],[61.4298,0.5627],[61.7792,0.4062],[61.9472,0.2285],[62.1816,0.1587],[62.4765,0.0014]]},"properties":{"id":309,"source":47552,"mouth":49753,"parent":309,"basin":309,"widthFactor":0.672,"sourceWidth":0.07,"discharge":604,"name":"Felsirt","type":"River"}},{"type":"Feature","geometry":{"type":"LineString","coordinates":[[-7.3637,-5.9991],[-7.3284,-6.2203],[-7.1575,-6.365],[-7.0678,-6.4592],[-7.1295,-6.5736],[-7.142,-6.7583],[-7.254,-6.8906],[-7.3661,-7.0228]]},"properties":{"id":310,"source":56754,"mouth":57459,"parent":92,"basin":92,"widthFactor":0.56,"sourceWidth":0.04,"discharge":43,"name":"Sku'ki","type":"River"}},{"type":"Feature","geometry":{"type":"LineString","coordinates":[[-22.9099,0.4288],[-22.7089,0.4816],[-22.6009,0.6592],[-22.4914,0.8246],[-22.5317,1.0189],[-22.6449,1.1816],[-22.6118,1.377],[-22.4323,1.6207],[-22.1589,1.7507]]},"properties":{"id":312,"source":49489,"mouth":48433,"parent":277,"basin":277,"widthFactor":0.56,"sourceWidth":0.05,"discharge":72,"name":"Numunz","type":"Fork"}},{"type":"Feature","geometry":{"type":"LineString","coordinates":[[-9.3156,13.6474],[-9.2253,13.895],[-9.0614,14.051],[-9.0338,14.2756],[-8.9817,14.6221],[-8.7547,14.6872],[-8.6105,14.8743],[-8.4439,14.833],[-8.2879,14.9522],[-8.156,15.0977]]},"properties":{"id":313,"source":34088,"mouth":32408,"parent":313,"basin":313,"widthFactor":0.672,"sourceWidth":0.05,"discharge":239,"name":"Gabar","type":"River"}},{"type":"Feature","geometry":{"type":"LineString","coordinates":[[-24.6952,12.4088],[-24.7218,12.1375],[-24.5956,11.8958],[-24.4231,11.7103],[-24.1753,11.6576],[-24.1236,11.5564],[-24.0166,11.5946],[-23.952,11.4762],[-23.8578,11.3797]]},"properties":{"id":314,"source":35644,"mouth":36445,"parent":545,"basin":1087,"widthFactor":0.56,"sourceWidth":0.06,"discharge":66,"name":"Nunar","type":"River"}},{"type":"Feature","geometry":{"type":"LineString","coordinates":[[-16.9346,7.3269],[-16.9643,7.1],[-16.8419,6.9065],[-16.777,6.7641],[-16.6217,6.7446],[-16.6312,6.5692],[-16.5019,6.4504],[-16.3546,6.3154],[-16.1851,6.2098]]},"properties":{"id":315,"source":41460,"mouth":42590,"parent":315,"basin":315,"widthFactor":0.672,"sourceWidth":0.05,"discharge":65,"name":"Ziragz","type":"River"}},{"type":"Feature","geometry":{"type":"LineString","coordinates":[[-16.9019,16.5722],[-17.0172,16.4266],[-16.9813,16.2444],[-17.2108,16.0657],[-17.3182,15.7952],[-17.2719,15.6386],[-17.1174,15.5858],[-17.1425,15.384],[-17.1307,15.181]]},"properties":{"id":316,"source":30395,"mouth":31598,"parent":545,"basin":1087,"widthFactor":0.56,"sourceWidth":0.04,"discharge":66,"name":"Khunazila","type":"River"}},{"type":"Feature","geometry":{"type":"LineString","coordinates":[[-6.5435,24.4613],[-6.5088,24.6549],[-6.3442,24.7626],[-6.1582,24.8486],[-5.9645,24.782],[-5.7306,24.8665],[-5.5878,25.0701],[-5.4801,25.0439],[-5.3699,25.0545]]},"properties":{"id":317,"source":20845,"mouth":20182,"parent":317,"basin":317,"widthFactor":0.672,"sourceWidth":0.05,"discharge":105,"name":"Khun","type":"River"}},{"type":"Feature","geometry":{"type":"LineString","coordinates":[[-19.4654,18.8157],[-19.413,19.0018],[-19.5532,19.1606],[-19.5393,19.3412],[-19.3661,19.3559],[-19.2907,19.5344],[-19.137,19.5818],[-19.1229,19.7401],[-19.1557,19.897],[-19.151,20.0551]]},"properties":{"id":319,"source":27468,"mouth":26646,"parent":319,"basin":319,"widthFactor":0.672,"sourceWidth":0.05,"discharge":85,"name":"Khiz","type":"River"}},{"type":"Feature","geometry":{"type":"LineString","coordinates":[[-17.9844,18.5176],[-17.7957,18.6383],[-17.7623,18.8763],[-17.6046,19.0205],[-17.5404,19.1096],[-17.6272,19.177],[-17.6108,19.352],[-17.6319,19.5265]]},"properties":{"id":320,"source":27887,"mouth":27066,"parent":320,"basin":320,"widthFactor":0.672,"sourceWidth":0.06,"discharge":53,"name":"Khundushel","type":"River"}},{"type":"Feature","geometry":{"type":"LineString","coordinates":[[-19.5105,6.1857],[-19.6934,6.0798],[-19.7541,5.8774],[-19.7092,5.7327],[-19.5611,5.7007],[-19.602,5.4348],[-19.4942,5.1884],[-19.4255,5.0086],[-19.3238,4.8451]]},"properties":{"id":321,"source":42581,"mouth":43807,"parent":321,"basin":321,"widthFactor":0.672,"sourceWidth":0.05,"discharge":70,"name":"Khanarg","type":"River"}},{"type":"Feature","geometry":{"type":"LineString","coordinates":[[-45.1591,-9.0422],[-45.0157,-9.197],[-45.0174,-9.4081],[-45.1052,-9.5789],[-45.2656,-9.6613],[-45.426,-9.7436],[-45.6426,-9.6951],[-45.8642,-9.6837]]},"properties":{"id":322,"source":59728,"mouth":60298,"parent":1456,"basin":1456,"widthFactor":0.56,"sourceWidth":0.04,"discharge":57,"name":"Agnan","type":"River"}},{"type":"Feature","geometry":{"type":"LineString","coordinates":[[-10.6106,10.1653],[-10.7855,10.1202],[-10.8604,9.9559],[-10.8985,9.7419],[-10.7864,9.5557],[-10.7191,9.446],[-10.623,9.3603]]},"properties":{"id":323,"source":38110,"mouth":38887,"parent":323,"basin":323,"widthFactor":0.672,"sourceWidth":0.04,"discharge":50,"name":"Gumundushur","type":"River"}},{"type":"Feature","geometry":{"type":"LineString","coordinates":[[0.9604,28.1272],[0.819,27.9635],[0.8242,27.7473],[0.7212,27.589],[0.7689,27.4063],[0.8717,27.2958],[0.9985,27.214]]},"properties":{"id":324,"source":16921,"mouth":17704,"parent":324,"basin":324,"widthFactor":0.672,"sourceWidth":0.05,"discharge":50,"name":"Karinenorwin","type":"River"}},{"type":"Feature","geometry":{"type":"LineString","coordinates":[[-17.5517,21.2929],[-17.5175,21.0962],[-17.3525,20.9838],[-17.1942,20.923],[-17.0513,21.0142],[-16.9417,20.8937],[-16.8013,20.8085],[-16.6855,20.695]]},"properties":{"id":325,"source":24582,"mouth":24997,"parent":325,"basin":325,"widthFactor":0.672,"sourceWidth":0.05,"discharge":55,"name":"Bunulbarag","type":"River"}},{"type":"Feature","geometry":{"type":"LineString","coordinates":[[-40.7791,44.7275],[-40.9554,44.8134],[-41.1387,44.7438],[-41.2477,44.8384],[-41.3776,44.9011]]},"properties":{"id":327,"source":2065,"mouth":2063,"parent":1289,"basin":1289,"widthFactor":0.56,"sourceWidth":0.05,"discharge":43,"name":"Fenmouth","type":"Fork"}},{"type":"Feature","geometry":{"type":"LineString","coordinates":[[43.215,-23.4262],[43.2975,-23.6353],[43.496,-23.7407],[43.6508,-23.7864],[43.8119,-23.7944]]},"properties":{"id":328,"source":69228,"mouth":69230,"parent":328,"basin":328,"widthFactor":0.672,"sourceWidth":0.05,"discharge":54,"name":"Paarthivarleth","type":"River"}},{"type":"Feature","geometry":{"type":"LineString","coordinates":[[-2.941,33.8544],[-2.9713,33.5018],[-2.7978,33.3134],[-2.548,33.2573],[-2.4017,32.9569],[-2.3596,32.619],[-2.5301,32.3029],[-2.456,32.1057],[-2.2732,32.0009],[-2.2909,31.7169],[-2.1705,31.4591],[-2.1448,31.0971],[-2.2577,30.9593],[-2.6258,30.8877],[-2.8118,30.9398],[-3.0057,30.8219],[-3.1029,30.6167],[-3.3433,30.4509],[-3.5799,30.4572]]},"properties":{"id":331,"source":10931,"mouth":14291,"parent":331,"basin":331,"widthFactor":0.672,"sourceWidth":0.05,"discharge":326,"name":"Therirallean","type":"River"}},{"type":"Feature","geometry":{"type":"LineString","coordinates":[[24.0103,18.1906],[23.7918,18.3268],[23.5348,18.3121],[23.2788,18.3502],[23.2181,18.5757],[23.0329,18.7177],[23.1309,18.8858],[23.0469,19.1435]]},"properties":{"id":332,"source":28438,"mouth":27583,"parent":74,"basin":74,"widthFactor":0.56,"sourceWidth":0.04,"discharge":49,"name":"Shota","type":"River"}},{"type":"Feature","geometry":{"type":"LineString","coordinates":[[44.8641,-13.2631],[45.0992,-13.1028],[45.3032,-13.2426],[45.3863,-13.4756],[45.7723,-13.4624],[45.8869,-13.6522],[46.1185,-13.6997],[46.2564,-13.861],[46.2134,-14.0773],[46.314,-14.2736],[46.3833,-14.6169],[46.3708,-14.9252],[46.5728,-15.0819],[46.8269,-15.1105],[46.8736,-15.4436],[46.8242,-15.6549],[46.9086,-15.8547],[46.8681,-16.0913],[47.0084,-16.3948],[47.2541,-16.6215],[47.2401,-16.7655],[47.4962,-16.9407],[47.5,-17.2739],[47.6728,-17.4809],[47.6672,-17.7525],[47.7802,-17.9994],[47.8082,-18.0819],[47.6228,-18.243],[47.5335,-18.4719],[47.5162,-18.6996],[47.6129,-18.9063],[47.7392,-19.0828],[47.8876,-19.2411]]},"properties":{"id":334,"source":63422,"mouth":66769,"parent":334,"basin":334,"widthFactor":0.672,"sourceWidth":0.05,"discharge":474,"name":"Tanthadas","type":"River"}},{"type":"Feature","geometry":{"type":"LineString","coordinates":[[45.6719,-12.8404],[45.6834,-13.0334],[45.8679,-13.1377],[45.914,-13.3129],[45.8986,-13.4402],[45.7723,-13.4624]]},"properties":{"id":335,"source":63203,"mouth":63425,"parent":334,"basin":334,"widthFactor":0.56,"sourceWidth":0.05,"discharge":45,"name":"Dinuled","type":"River"}},{"type":"Feature","geometry":{"type":"LineString","coordinates":[[-52.0699,39.609],[-51.7729,39.6649],[-51.543,39.8612],[-51.2932,40.0239],[-51.2253,40.2458],[-51.3447,40.4618],[-51.3142,40.6825],[-51.2634,40.9474],[-51.3593,41.1994],[-51.5848,41.143],[-51.7998,41.2313],[-51.9589,41.3692],[-51.9936,41.577],[-52.0853,41.7873],[-52.2823,41.9047]]},"properties":{"id":336,"source":5799,"mouth":4330,"parent":415,"basin":415,"widthFactor":0.56,"sourceWidth":0.05,"discharge":62,"name":"Maderoering","type":"Fork"}},{"type":"Feature","geometry":{"type":"LineString","coordinates":[[-24.7364,1.0874],[-24.6039,1.1037],[-24.5769,1.2345],[-24.418,1.383],[-24.43,1.6164],[-24.3053,1.7818]]},"properties":{"id":337,"source":48769,"mouth":48427,"parent":58,"basin":58,"widthFactor":0.56,"sourceWidth":0.05,"discharge":55,"name":"Zinbabilgab","type":"River"}},{"type":"Feature","geometry":{"type":"LineString","coordinates":[[48.3437,12.8261],[48.5196,12.5903],[48.7911,12.4774],[48.7078,12.2575],[48.7771,12.0328],[48.7598,11.7497],[48.8892,11.4972],[49.1289,11.2287],[49.3831,11.0782],[49.6783,11.0667]]},"properties":{"id":339,"source":35075,"mouth":37054,"parent":273,"basin":273,"widthFactor":0.56,"sourceWidth":0.07,"discharge":111,"name":"Foncos","type":"Fork"}},{"type":"Feature","geometry":{"type":"LineString","coordinates":[[10.823,8.286],[11.0066,8.3918],[11.2129,8.3436],[11.3687,8.284],[11.4106,8.1225]]},"properties":{"id":340,"source":40444,"mouth":40445,"parent":82,"basin":82,"widthFactor":0.56,"sourceWidth":0.05,"discharge":34,"name":"Skuph","type":"River"}},{"type":"Feature","geometry":{"type":"LineString","coordinates":[[-62.096,30.584],[-61.9653,30.7645],[-61.9847,30.9865],[-62.2345,31.1337],[-62.2564,31.3659],[-62.4151,31.5369],[-62.682,31.4365],[-63.0509,31.424],[-63.0652,31.6853],[-62.9404,31.9152],[-63.1298,32.0706],[-63.2026,32.3045],[-63.0758,32.3792],[-63.1111,32.6065],[-63.2688,32.7739],[-63.5723,32.8377],[-63.6729,33.0459],[-63.8712,33.1647],[-63.9054,33.5111],[-63.901,33.7613],[-64.0214,33.9806],[-64.2525,34.1853],[-64.3426,34.4065],[-64.5319,34.552],[-64.6206,34.7201],[-64.6866,34.9423],[-64.8556,35.1008],[-64.9179,35.386],[-65.0891,35.6224],[-65.2284,35.7119],[-65.2375,35.9453],[-65.3576,36.1455],[-65.4035,36.5215],[-65.3833,36.7675]]},"properties":{"id":341,"source":14105,"mouth":8132,"parent":341,"basin":341,"widthFactor":0.672,"sourceWidth":0.06,"discharge":614,"name":"Durton","type":"River"}},{"type":"Feature","geometry":{"type":"LineString","coordinates":[[-67.9888,22.199],[-68.0167,22.421],[-68.1826,22.5711],[-68.1577,22.7802],[-68.2807,22.951],[-68.3742,23.0996],[-68.5685,23.0902],[-68.6823,23.2072]]},"properties":{"id":343,"source":23214,"mouth":22430,"parent":385,"basin":385,"widthFactor":0.56,"sourceWidth":0.05,"discharge":65,"name":"Guildling","type":"River"}},{"type":"Feature","geometry":{"type":"LineString","coordinates":[[-35.2131,12.5692],[-35.3685,12.4716],[-35.3929,12.2897],[-35.3438,12.0614],[-35.1641,11.9122],[-35.0133,11.8201],[-34.9875,11.6452],[-35.0575,11.4306],[-35.2451,11.305]]},"properties":{"id":344,"source":35225,"mouth":36403,"parent":473,"basin":1087,"widthFactor":0.56,"sourceWidth":0.04,"discharge":40,"name":"Gatharb","type":"River"}},{"type":"Feature","geometry":{"type":"LineString","coordinates":[[-15.6279,8.4067],[-15.6156,8.1768],[-15.4598,8.0073],[-15.4769,7.7333],[-15.7012,7.5899],[-15.8123,7.3479],[-15.8404,7.1175],[-15.919,6.8353],[-15.8528,6.55],[-15.8645,6.4239],[-15.9384,6.223]]},"properties":{"id":345,"source":40360,"mouth":42594,"parent":345,"basin":345,"widthFactor":0.672,"sourceWidth":0.05,"discharge":134,"name":"Kirakhaz","type":"River"}},{"type":"Feature","geometry":{"type":"LineString","coordinates":[[6.5201,36.1066],[6.6731,36.2047],[6.6609,36.4059],[6.7808,36.5246],[6.893,36.6718],[6.8563,36.8532]]},"properties":{"id":346,"source":8649,"mouth":8358,"parent":421,"basin":421,"widthFactor":0.56,"sourceWidth":0.04,"discharge":32,"name":"Mesenorion","type":"River"}},{"type":"Feature","geometry":{"type":"LineString","coordinates":[[-42.3955,-13.4321],[-42.616,-13.5195],[-42.7349,-13.7248],[-42.6902,-13.9022],[-42.7956,-14.0517],[-42.9087,-14.1831],[-43.082,-14.1771]]},"properties":{"id":347,"source":63550,"mouth":63765,"parent":237,"basin":237,"widthFactor":0.56,"sourceWidth":0.05,"discharge":107,"name":"Dhul","type":"River"}},{"type":"Feature","geometry":{"type":"LineString","coordinates":[[-3.8616,39.8892],[-3.5052,39.7771],[-3.3598,39.9678],[-3.3589,40.2076],[-3.1194,40.3461],[-2.8429,40.3392],[-2.5301,40.505],[-2.3838,40.786],[-2.1235,40.8849],[-1.9464,41.0998],[-1.6686,41.0515]]},"properties":{"id":348,"source":5671,"mouth":4687,"parent":348,"basin":348,"widthFactor":0.672,"sourceWidth":0.04,"discharge":139,"name":"Elmalunenora","type":"River"}},{"type":"Feature","geometry":{"type":"LineString","coordinates":[[-58.8943,31.6124],[-58.6733,31.7424],[-58.5334,31.9496],[-58.5402,32.1994],[-58.5114,32.4244],[-58.35,32.6194],[-58.3246,32.8712],[-58.3986,33.22],[-58.2258,33.4886]]},"properties":{"id":349,"source":13106,"mouth":11464,"parent":1106,"basin":1106,"widthFactor":0.56,"sourceWidth":0.07,"discharge":157,"name":"Staptonor","type":"River"}},{"type":"Feature","geometry":{"type":"LineString","coordinates":[[-38.7292,41.9382],[-38.4841,42.1445],[-38.261,42.065],[-38.0358,42.1383],[-37.8959,41.8795],[-37.6467,41.7233],[-37.4781,41.5624],[-37.2467,41.5349],[-36.9821,41.4291]]},"properties":{"id":350,"source":4155,"mouth":4161,"parent":350,"basin":350,"widthFactor":0.672,"sourceWidth":0.06,"discharge":54,"name":"Cockemale","type":"River"}},{"type":"Feature","geometry":{"type":"LineString","coordinates":[[-42.6843,-11.3473],[-42.8412,-11.4502],[-42.8664,-11.6361],[-43.0201,-11.7219],[-43.0178,-11.9176],[-43.1403,-12.0253]]},"properties":{"id":351,"source":61777,"mouth":62064,"parent":237,"basin":237,"widthFactor":0.56,"sourceWidth":0.05,"discharge":43,"name":"Zradrakh","type":"Fork"}},{"type":"Feature","geometry":{"type":"LineString","coordinates":[[6.7318,33.1063],[6.8622,32.9412],[7.0703,32.9109],[7.1345,32.7184],[7.3147,32.6252],[7.4228,32.5162],[7.5723,32.5513],[7.6711,32.4514],[7.7925,32.3808]]},"properties":{"id":352,"source":11652,"mouth":11986,"parent":352,"basin":352,"widthFactor":0.672,"sourceWidth":0.05,"discharge":59,"name":"Kyhafethil","type":"River"}},{"type":"Feature","geometry":{"type":"LineString","coordinates":[[-42.4936,-11.4703],[-42.6397,-11.5728],[-42.6158,-11.77],[-42.7279,-11.8914],[-42.9577,-11.8858],[-43.1403,-12.0253]]},"properties":{"id":353,"source":62065,"mouth":62337,"parent":237,"basin":237,"widthFactor":0.56,"sourceWidth":0.04,"discharge":65,"name":"Grur","type":"River"}},{"type":"Feature","geometry":{"type":"LineString","coordinates":[[-30.8005,6.3063],[-30.784,6.5218],[-30.9165,6.6925],[-30.7621,6.8616],[-30.7484,7.0903],[-30.6207,7.3176],[-30.6394,7.5776],[-30.6989,7.8245],[-30.7935,8.0603]]},"properties":{"id":354,"source":42547,"mouth":41043,"parent":545,"basin":1087,"widthFactor":0.56,"sourceWidth":0.06,"discharge":82,"name":"Khatharara","type":"Fork"}},{"type":"Feature","geometry":{"type":"LineString","coordinates":[[-59.6733,33.2605],[-59.5431,33.2719],[-59.5161,33.3998],[-59.3229,33.5096],[-59.2461,33.7182],[-59.0815,33.7906],[-59.0289,33.9627],[-59.0263,34.0591],[-59.0601,34.1495]]},"properties":{"id":355,"source":11460,"mouth":10744,"parent":1106,"basin":1106,"widthFactor":0.56,"sourceWidth":0.05,"discharge":58,"name":"Waltoningt","type":"River"}},{"type":"Feature","geometry":{"type":"LineString","coordinates":[[-9.8518,18.9177],[-9.7956,18.7986],[-9.8922,18.7091],[-10.016,18.5495],[-10.216,18.5223],[-10.2505,18.3663],[-10.1405,18.2506],[-10.1743,18.1323],[-10.1716,18.0092]]},"properties":{"id":356,"source":27506,"mouth":28347,"parent":356,"basin":356,"widthFactor":0.672,"sourceWidth":0.05,"discharge":72,"name":"Tunalnal","type":"River"}},{"type":"Feature","geometry":{"type":"LineString","coordinates":[[-20.3954,14.4243],[-20.295,14.3752],[-20.2429,14.4742],[-20.065,14.491],[-19.965,14.6392]]},"properties":{"id":358,"source":33200,"mouth":32767,"parent":527,"basin":1087,"widthFactor":0.56,"sourceWidth":0.05,"discharge":38,"name":"Nurag","type":"Brook"}},{"type":"Feature","geometry":{"type":"LineString","coordinates":[[-18.1556,27.4016],[-17.9785,27.435],[-17.8934,27.5939],[-17.775,27.6709],[-17.6817,27.7768]]},"properties":{"id":359,"source":17640,"mouth":17641,"parent":1098,"basin":1098,"widthFactor":0.56,"sourceWidth":0.04,"discharge":35,"name":"Mythsheluma","type":"Stream"}},{"type":"Feature","geometry":{"type":"LineString","coordinates":[[2.8725,1.609],[3.0479,1.5603],[3.1901,1.7034],[3.3589,1.6931],[3.3834,1.5578],[3.5177,1.5288],[3.6302,1.3846],[3.7698,1.2664]]},"properties":{"id":360,"source":48155,"mouth":48158,"parent":360,"basin":360,"widthFactor":0.672,"sourceWidth":0.05,"discharge":107,"name":"Maj'az'jige","type":"River"}},{"type":"Feature","geometry":{"type":"LineString","coordinates":[[1.0421,21.2828],[0.9523,21.4728],[0.7565,21.549],[0.5931,21.5174],[0.4413,21.4493]]},"properties":{"id":361,"source":24636,"mouth":24216,"parent":361,"basin":361,"widthFactor":0.672,"sourceWidth":0.05,"discharge":43,"name":"Hlurthet","type":"River"}},{"type":"Feature","geometry":{"type":"LineString","coordinates":[[-5.6563,36.6009],[-5.7434,36.5148],[-5.8446,36.5838],[-5.9073,36.7015],[-5.9341,36.8321]]},"properties":{"id":362,"source":8321,"mouth":8320,"parent":362,"basin":362,"widthFactor":0.672,"sourceWidth":0.06,"discharge":70,"name":"Meetheas","type":"Creek"}},{"type":"Feature","geometry":{"type":"LineString","coordinates":[[-0.7432,27.6725],[-0.6019,27.5666],[-0.5992,27.3899],[-0.7015,27.302],[-0.6561,27.1751],[-0.4393,27.1335],[-0.2187,27.1291]]},"properties":{"id":363,"source":17697,"mouth":18061,"parent":363,"basin":363,"widthFactor":0.672,"sourceWidth":0.05,"discharge":66,"name":"Isheilesath","type":"River"}},{"type":"Feature","geometry":{"type":"LineString","coordinates":[[-67.6682,42.9985],[-67.797,43.0763],[-67.9258,42.9985],[-67.9707,42.9631],[-67.9834,42.9074]]},"properties":{"id":364,"source":3134,"mouth":3133,"parent":364,"basin":364,"widthFactor":0.672,"sourceWidth":0.05,"discharge":53,"name":"Ormstokelis","type":"Creek"}},{"type":"Feature","geometry":{"type":"LineString","coordinates":[[48.3888,15.9727],[48.6492,16.0236],[48.8363,16.2117],[48.5686,16.4569],[48.5514,16.7108],[48.3942,16.9108],[48.3234,17.2276],[48.5601,17.4188],[48.6814,17.6978],[48.6806,17.9851],[48.6799,18.3502],[48.6674,18.7177],[48.6627,18.98],[48.6246,19.2011],[48.7604,19.4488],[48.7686,19.7312],[48.7608,20.0271],[48.6007,20.2071],[48.3709,20.2793],[48.1698,20.436],[48.0689,20.6701],[48.2953,20.8414],[48.5732,20.899],[48.7032,21.2594],[48.5714,21.4573],[48.3592,21.5646]]},"properties":{"id":366,"source":31348,"mouth":24766,"parent":81,"basin":81,"widthFactor":0.56,"sourceWidth":0.04,"discharge":176,"name":"Temblego","type":"Fork"}},{"type":"Feature","geometry":{"type":"LineString","coordinates":[[-0.888,32.503],[-1.0841,32.8159],[-1.2833,32.9285],[-1.509,32.8907],[-1.7893,32.8357],[-2.0032,32.6462],[-2.155,32.2944],[-2.2732,32.0009]]},"properties":{"id":367,"source":12281,"mouth":12614,"parent":331,"basin":331,"widthFactor":0.56,"sourceWidth":0.05,"discharge":82,"name":"Kanserin","type":"River"}},{"type":"Feature","geometry":{"type":"LineString","coordinates":[[-0.1876,30.3131],[-0.402,30.218],[-0.5097,30.0095],[-0.6031,29.6678],[-0.8386,29.6105],[-0.9954,29.4257],[-1.2569,29.5876],[-1.474,29.6976],[-1.7152,29.6647],[-1.8748,29.3455],[-2.1534,29.1657],[-2.3354,29.0176],[-2.4024,28.7928],[-2.4904,28.806],[-2.7939,28.6199],[-2.9246,28.4424]]},"properties":{"id":370,"source":14671,"mouth":16147,"parent":370,"basin":370,"widthFactor":0.672,"sourceWidth":0.1,"discharge":221,"name":"Thvethanarno","type":"River"}},{"type":"Feature","geometry":{"type":"LineString","coordinates":[[-0.7339,30.9398],[-0.8645,30.7593],[-0.8452,30.5373],[-1.0672,30.4628],[-1.1962,30.2672],[-1.5106,30.1411],[-1.7571,30.2011],[-1.9954,30.1138],[-2.232,29.9286],[-2.4952,29.9822],[-2.7488,29.8935],[-2.8733,29.9465],[-3.2492,29.9387],[-3.6033,30.0212]]},"properties":{"id":371,"source":13927,"mouth":15036,"parent":371,"basin":371,"widthFactor":0.672,"sourceWidth":0.06,"discharge":153,"name":"Aymlunaseno","type":"River"}},{"type":"Feature","geometry":{"type":"LineString","coordinates":[[49.311,-13.9194],[49.4128,-14.1356],[49.6262,-14.2432],[49.8371,-14.448],[49.8346,-14.7007],[49.9756,-14.9104],[50.3593,-14.961],[50.5595,-15.0492],[50.771,-14.9929],[50.8994,-15.1533],[51.1687,-15.3557],[51.4979,-15.3097],[51.6105,-15.5157],[51.8185,-15.6243],[52.0265,-15.6381],[52.1998,-15.5223],[52.5213,-15.3689],[52.6965,-15.168],[52.7555,-14.9081],[52.8151,-14.6391],[52.7462,-14.3725],[52.9126,-14.2111],[52.9695,-13.9863],[53.2429,-14.0124],[53.4995,-13.9147],[53.5999,-14.1296],[53.8932,-14.2133],[54.196,-14.1763],[54.3019,-14.2713],[54.5795,-14.1832],[54.8692,-14.2121],[54.7939,-14.4696],[54.6171,-14.6714],[54.7971,-14.8761],[55.0451,-14.989],[55.1556,-15.1704],[55.3432,-15.27],[55.7004,-15.2156],[55.9167,-14.9345],[55.8963,-14.6988],[55.9821,-14.4783],[56.2462,-14.4499],[56.5004,-14.5266],[56.8646,-14.6068],[57.165,-14.571],[57.3557,-14.3102],[57.5826,-14.2053],[57.7511,-14.0206],[57.8128,-13.7874],[57.7775,-13.5488],[57.9719,-13.4394],[58.1534,-13.3098]]},"properties":{"id":372,"source":63873,"mouth":63685,"parent":372,"basin":372,"widthFactor":0.672,"sourceWidth":0.05,"discharge":758,"name":"Honk","type":"River"}},{"type":"Feature","geometry":{"type":"LineString","coordinates":[[21.7604,16.2974],[21.5853,16.6414],[21.3537,16.6481],[21.1682,16.5091],[20.8553,16.3628],[20.6211,16.348],[20.3631,16.3554],[20.1417,16.2226],[20.0063,15.9455],[19.7776,15.9112],[19.5712,16.0156],[19.3393,16.0389],[19.0546,15.9777],[18.8288,15.7937],[18.4545,15.8311],[18.1868,15.7929],[18.0241,15.7532],[17.8086,15.5369],[17.7011,15.2511],[17.4918,15.016],[17.3937,14.7163],[17.3548,14.3582]]},"properties":{"id":374,"source":30871,"mouth":32868,"parent":374,"basin":374,"widthFactor":0.672,"sourceWidth":0.05,"discharge":258,"name":"Grorrij","type":"River"}},{"type":"Feature","geometry":{"type":"LineString","coordinates":[[50.0597,-11.278],[50.2752,-11.2976],[50.448,-11.1674],[50.5845,-11.3102],[50.7819,-11.313],[50.8934,-11.4689],[51.0831,-11.4967]]},"properties":{"id":375,"source":61954,"mouth":61956,"parent":295,"basin":295,"widthFactor":0.56,"sourceWidth":0.05,"discharge":44,"name":"Klilm","type":"Fork"}},{"type":"Feature","geometry":{"type":"LineString","coordinates":[[-68.1258,44.5352],[-68.3085,44.6667],[-68.5328,44.6481],[-68.6043,44.8891],[-68.8021,45.0443],[-69.0779,45.1914],[-69.3905,45.193],[-69.4932,45.4826],[-69.5832,45.6841],[-69.7788,45.7862],[-70.0597,45.8653],[-70.3446,45.8018],[-70.5812,45.9925],[-70.7026,46.3561],[-70.8318,46.4308],[-70.9812,46.6449],[-71.1384,46.9703],[-71.4193,47.1789]]},"properties":{"id":376,"source":2182,"mouth":778,"parent":376,"basin":376,"widthFactor":0.672,"sourceWidth":0.08,"discharge":455,"name":"Shifracthe","type":"River"}},{"type":"Feature","geometry":{"type":"LineString","coordinates":[[-38.9619,2.3587],[-38.7491,2.3186],[-38.618,2.1461],[-38.5826,1.9746],[-38.6583,1.8311],[-38.7339,1.6876],[-38.8402,1.5472],[-38.7631,1.3679],[-38.8328,1.2197]]},"properties":{"id":377,"source":47266,"mouth":48030,"parent":143,"basin":1087,"widthFactor":0.56,"sourceWidth":0.04,"discharge":47,"name":"Kudgnan","type":"River"}},{"type":"Feature","geometry":{"type":"LineString","coordinates":[[-49.0861,0.9239],[-49.0721,0.6281],[-49.2387,0.3836],[-49.2612,0.0886],[-49.4524,-0.0855],[-49.5149,-0.3364],[-49.4518,-0.5611],[-49.2667,-0.7031],[-49.057,-0.7809],[-48.939,-0.9709],[-49.0238,-1.1982],[-48.9305,-1.5571],[-48.9548,-1.7938],[-48.8433,-2.0039],[-49.0036,-2.2266],[-49.1538,-2.4648],[-49.5064,-2.5878],[-49.6245,-2.8242],[-49.6153,-3.0884],[-49.4068,-3.166],[-49.276,-3.3461],[-49.2932,-3.5567],[-49.4277,-3.7197],[-49.3741,-4.0405]]},"properties":{"id":378,"source":48696,"mouth":53978,"parent":1456,"basin":1456,"widthFactor":0.56,"sourceWidth":0.05,"discharge":188,"name":"Brukh","type":"Fork"}},{"type":"Feature","geometry":{"type":"LineString","coordinates":[[54.5213,-1.9923],[54.6459,-1.7982],[54.8653,-1.7276],[55.0683,-1.8336],[55.1595,-2.0437],[55.0786,-2.3146],[55.186,-2.5193],[55.3953,-2.6174],[55.586,-2.921],[55.8139,-2.8455],[55.9588,-2.654],[56.1641,-2.7125],[56.2887,-2.886],[56.5397,-2.8758],[56.7471,-2.7342],[56.9913,-2.7198],[57.1899,-2.5769],[57.4857,-2.7365],[57.7705,-2.7637],[58.022,-2.8137],[58.2655,-2.7334],[58.4656,-2.5841],[58.5651,-2.355],[58.8255,-2.3337],[59.0453,-2.1923],[59.2282,-2.2554]]},"properties":{"id":379,"source":52397,"mouth":52413,"parent":379,"basin":379,"widthFactor":0.672,"sourceWidth":0.04,"discharge":625,"name":"Croibieq","type":"River"}},{"type":"Feature","geometry":{"type":"LineString","coordinates":[[42.4633,24.1569],[42.4163,24.3991],[42.2337,24.5648],[42.2306,24.7836],[42.4509,24.9228],[42.5582,25.1604],[42.7691,25.1666],[42.9231,25.3845],[42.9403,25.6508],[42.7247,25.8937],[42.7055,26.1227],[42.5566,26.2977],[42.2134,26.3413],[42.0027,26.2198],[41.7597,26.2308],[41.5782,26.3411],[41.499,26.5383],[41.3466,26.6977],[41.1722,26.8325]]},"properties":{"id":380,"source":21298,"mouth":18904,"parent":380,"basin":380,"widthFactor":0.672,"sourceWidth":0.05,"discharge":168,"name":"Prala","type":"River"}},{"type":"Feature","geometry":{"type":"LineString","coordinates":[[8.5871,38.9044],[8.4011,39.0874],[8.3202,39.3417],[8.1132,39.5101],[7.7606,39.5374],[7.619,39.6876],[7.633,40.0722],[7.7578,40.2963],[7.7435,40.5525],[7.847,40.6677],[7.8715,40.9187],[7.7599,41.1449],[7.6945,41.38],[7.4865,41.4491],[7.2773,41.3839],[7.069,41.4761],[6.8446,41.4368],[6.6112,41.605]]},"properties":{"id":381,"source":6466,"mouth":4470,"parent":381,"basin":381,"widthFactor":0.672,"sourceWidth":0.06,"discharge":190,"name":"Bretheroe","type":"River"}},{"type":"Feature","geometry":{"type":"LineString","coordinates":[[-62.9373,14.387],[-63.1368,14.2578],[-63.2135,14.0328],[-63.2735,13.758],[-63.5458,13.6248],[-63.743,13.5408],[-63.8392,13.3493],[-64.1039,13.343],[-64.3256,13.1982],[-64.5545,13.0569],[-64.679,12.8183],[-65.0486,12.8214]]},"properties":{"id":382,"source":33072,"mouth":34753,"parent":382,"basin":382,"widthFactor":0.672,"sourceWidth":0.05,"discharge":82,"name":"Chichamber","type":"River"}},{"type":"Feature","geometry":{"type":"LineString","coordinates":[[48.7771,8.9446],[48.8369,9.114],[48.7032,9.2621],[48.7242,9.4273],[48.7709,9.607],[48.6295,9.7545],[48.6386,9.9278],[48.7989,10.0118],[48.9655,9.9834],[49.132,9.9551]]},"properties":{"id":383,"source":39811,"mouth":38701,"parent":242,"basin":273,"widthFactor":0.56,"sourceWidth":0.04,"discharge":74,"name":"Stiol","type":"River"}},{"type":"Feature","geometry":{"type":"LineString","coordinates":[[-67.8814,23.5707],[-68.1686,23.4454],[-68.3933,23.257],[-68.6823,23.2072],[-68.92,23.3254],[-69.0558,23.5536],[-69.0878,23.8228],[-69.2558,24.0355],[-69.5228,24.2892],[-69.7849,24.4011],[-70.0683,24.3718],[-70.3267,24.5617],[-70.3967,24.7735],[-70.308,24.96],[-70.3547,25.1611],[-70.6559,25.3472],[-70.9399,25.2771]]},"properties":{"id":385,"source":21712,"mouth":19993,"parent":385,"basin":385,"widthFactor":0.672,"sourceWidth":0.08,"discharge":285,"name":"Tarton","type":"River"}},{"type":"Feature","geometry":{"type":"LineString","coordinates":[[-53.6917,41.0811],[-53.5996,41.34],[-53.6629,41.6073],[-53.5851,41.9436],[-53.6699,42.1453],[-53.6132,42.3526],[-53.7034,42.5477],[-53.5945,42.849],[-53.4769,43.1433],[-53.278,43.3405],[-53.1999,43.6096],[-53.0337,43.8013],[-52.9929,44.0518]]},"properties":{"id":387,"source":4556,"mouth":2938,"parent":415,"basin":415,"widthFactor":0.56,"sourceWidth":0.05,"discharge":77,"name":"Tetherscom","type":"Fork"}},{"type":"Feature","geometry":{"type":"LineString","coordinates":[[9.7786,36.2864],[10.0413,36.2724],[10.2658,36.4094],[10.4254,36.2703],[10.637,36.2747],[10.8022,36.2104],[10.9577,36.2958],[11.1145,36.2163],[11.2845,36.1712]]},"properties":{"id":388,"source":8658,"mouth":8372,"parent":388,"basin":388,"widthFactor":0.672,"sourceWidth":0.07,"discharge":72,"name":"Hlurthyr","type":"River"}},{"type":"Feature","geometry":{"type":"LineString","coordinates":[[-3.8126,32.1044],[-3.9917,32.3192],[-4.2578,32.4049],[-4.4327,32.5554],[-4.6632,32.5637],[-4.6881,32.7046],[-4.8251,32.7459],[-5.0433,32.8087],[-5.2687,32.8354]]},"properties":{"id":390,"source":12609,"mouth":11947,"parent":390,"basin":390,"widthFactor":0.672,"sourceWidth":0.07,"discharge":140,"name":"Nylmkase","type":"River"}},{"type":"Feature","geometry":{"type":"LineString","coordinates":[[-16.849,1.2485],[-16.6784,1.4305],[-16.6489,1.6783],[-16.4966,1.8284],[-16.4832,2.0418],[-16.4813,2.2879],[-16.6225,2.4894],[-16.6692,2.6551],[-16.7501,2.8071]]},"properties":{"id":391,"source":48450,"mouth":47341,"parent":391,"basin":391,"widthFactor":0.672,"sourceWidth":0.04,"discharge":74,"name":"Barakzargun","type":"River"}},{"type":"Feature","geometry":{"type":"LineString","coordinates":[[-21.7208,-8.6273],[-21.5293,-8.8032],[-21.6312,-9.0291],[-21.5814,-9.2718],[-21.7223,-9.6089],[-21.7285,-9.8993],[-21.7385,-10.1086],[-21.7122,-10.3166]]},"properties":{"id":392,"source":59487,"mouth":60614,"parent":392,"basin":392,"widthFactor":0.672,"sourceWidth":0.05,"discharge":65,"name":"Ekh","type":"River"}},{"type":"Feature","geometry":{"type":"LineString","coordinates":[[3.5558,21.3676],[3.6379,21.5002],[3.5644,21.6377],[3.684,21.7203],[3.664,21.8643],[3.575,21.9538],[3.6344,22.0651],[3.7853,22.2304],[3.9613,22.3687]]},"properties":{"id":393,"source":24644,"mouth":23426,"parent":393,"basin":393,"widthFactor":0.672,"sourceWidth":0.06,"discharge":76,"name":"Handenolalin","type":"River"}},{"type":"Feature","geometry":{"type":"LineString","coordinates":[[-53.3073,37.4822],[-53.4614,37.5995],[-53.6521,37.5655],[-53.6938,37.6807],[-53.8155,37.6659],[-53.9799,37.7254],[-54.1532,37.7484]]},"properties":{"id":394,"source":7346,"mouth":7069,"parent":394,"basin":394,"widthFactor":0.672,"sourceWidth":0.05,"discharge":50,"name":"Sokevenzan","type":"River"}},{"type":"Feature","geometry":{"type":"LineString","coordinates":[[-41.1472,-13.8836],[-40.9737,-14.156],[-40.9519,-14.4449],[-40.7262,-14.4853],[-40.5488,-14.7625],[-40.2974,-14.5834],[-40.1986,-14.4573]]},"properties":{"id":396,"source":63770,"mouth":64187,"parent":396,"basin":396,"widthFactor":0.672,"sourceWidth":0.07,"discharge":185,"name":"Kegeg","type":"River"}},{"type":"Feature","geometry":{"type":"LineString","coordinates":[[-11.1818,19.0034],[-11.3902,18.9265],[-11.497,18.7317],[-11.7008,18.6987],[-11.8262,18.5347],[-11.8592,18.423],[-11.855,18.3066]]},"properties":{"id":397,"source":27502,"mouth":27915,"parent":397,"basin":397,"widthFactor":0.672,"sourceWidth":0.06,"discharge":59,"name":"Nazilba","type":"River"}},{"type":"Feature","geometry":{"type":"LineString","coordinates":[[-23.2165,20.0605],[-23.0422,20],[-22.8874,20.133],[-22.7169,20.1111],[-22.5993,20.2111],[-22.5099,20.3369]]},"properties":{"id":398,"source":26217,"mouth":25808,"parent":398,"basin":398,"widthFactor":0.672,"sourceWidth":0.06,"discharge":52,"name":"Khundushizd","type":"River"}},{"type":"Feature","geometry":{"type":"LineString","coordinates":[[3.0048,29.1151],[2.9019,29.0737],[2.9418,28.9703],[3.0067,28.8094],[3.1052,28.6666]]},"properties":{"id":399,"source":15792,"mouth":16167,"parent":399,"basin":399,"widthFactor":0.672,"sourceWidth":0.04,"discharge":45,"name":"Ollmnesthas","type":"Creek"}},{"type":"Feature","geometry":{"type":"LineString","coordinates":[[-64.5692,15.9502],[-64.7392,16.0788],[-64.9514,16.0576],[-65.1644,16.1743],[-65.4051,16.1409],[-65.5107,16.3289],[-65.7133,16.4025],[-65.7702,16.6466],[-65.9545,16.8166]]},"properties":{"id":402,"source":31050,"mouth":30647,"parent":73,"basin":73,"widthFactor":0.56,"sourceWidth":0.05,"discharge":57,"name":"Perston","type":"Fork"}},{"type":"Feature","geometry":{"type":"LineString","coordinates":[[-64.8206,17.019],[-65.0018,17.0618],[-65.1521,16.9521],[-65.3401,16.9986],[-65.4972,16.8568],[-65.679,16.8657]]},"properties":{"id":403,"source":29838,"mouth":29837,"parent":73,"basin":73,"widthFactor":0.56,"sourceWidth":0.05,"discharge":44,"name":"Agelborough","type":"River"}},{"type":"Feature","geometry":{"type":"LineString","coordinates":[[49.7569,14.6626],[49.9461,14.5232],[49.9912,14.2546],[50.0936,14.0691],[50.2932,13.9977],[50.5629,13.9112],[50.8395,13.972],[50.8778,14.2236],[51.0473,14.4134],[51.3079,14.4527],[51.5508,14.3504],[51.7732,14.2979],[51.9843,14.3854],[52.1906,14.4124],[52.3345,14.5629],[52.5901,14.5723],[52.8045,14.7116],[52.9083,14.9438],[53.1158,15.0907],[53.2869,14.9461],[53.5096,14.9233],[53.6528,15.2519],[53.9167,15.4636],[54.01,15.6894]]},"properties":{"id":406,"source":32971,"mouth":31768,"parent":406,"basin":406,"widthFactor":0.672,"sourceWidth":0.06,"discharge":247,"name":"Drior","type":"River"}},{"type":"Feature","geometry":{"type":"LineString","coordinates":[[55.0062,-0.1839],[55.2468,-0.1566],[55.421,0.0115],[55.6234,0.19],[55.6965,0.4498],[56.0716,0.365],[56.1143,0.1547],[56.2825,0.0217],[56.4879,-0.0916],[56.7207,-0.0624],[56.9446,-0.0519],[57.1168,0.0917],[57.4117,0.1657],[57.6904,0.1112],[57.9565,0.031],[58.016,-0.1859],[58.1884,-0.3302],[58.4756,-0.3824],[58.5954,-0.5906],[58.8064,-0.7054],[58.797,-1.0791],[58.881,-1.3464],[59.0741,-1.5493],[59.2867,-1.6482],[59.52,-1.6241],[59.6648,-1.7606],[59.829,-1.8732]]},"properties":{"id":407,"source":50521,"mouth":52032,"parent":407,"basin":407,"widthFactor":0.672,"sourceWidth":0.05,"discharge":674,"name":"Bres","type":"River"}},{"type":"Feature","geometry":{"type":"LineString","coordinates":[[-2.9721,38.393],[-2.8338,38.342],[-2.727,38.4436],[-2.7994,38.6058],[-2.7192,38.7643],[-2.623,38.9091],[-2.4691,38.9574],[-2.3153,39.0057]]},"properties":{"id":408,"source":6684,"mouth":6433,"parent":300,"basin":300,"widthFactor":0.56,"sourceWidth":0.05,"discharge":60,"name":"Galasthas","type":"Fork"}},{"type":"Feature","geometry":{"type":"LineString","coordinates":[[45.1007,23.5575],[45.0117,23.3316],[45.0782,23.0982],[45.3918,23.0164],[45.6451,22.8962],[45.9241,22.9238],[46.104,23.1061],[46.1537,23.3574],[46.4292,23.306],[46.6177,23.1739],[46.8479,23.1784],[47.0884,23.0079],[47.3237,22.9141],[47.5732,22.958],[47.7356,23.0851],[47.7833,23.2858],[47.967,23.4391],[48.1975,23.3895],[48.4184,23.4718],[48.6795,23.5042],[48.8931,23.6579],[49.2192,23.4796],[49.2931,23.7708]]},"properties":{"id":409,"source":22013,"mouth":22025,"parent":409,"basin":409,"widthFactor":0.672,"sourceWidth":0.04,"discharge":173,"name":"Fruict","type":"River"}},{"type":"Feature","geometry":{"type":"LineString","coordinates":[[-42.4352,37.7974],[-42.2412,37.9253],[-42.1714,38.147],[-41.9471,38.2305],[-41.8189,38.4327],[-41.6998,38.6834],[-41.8005,38.8703],[-41.9986,38.9465],[-42.0461,39.2501],[-42.2207,39.4858],[-42.4858,39.6113]]},"properties":{"id":410,"source":7103,"mouth":6078,"parent":44,"basin":1289,"widthFactor":0.56,"sourceWidth":0.05,"discharge":101,"name":"Northescom","type":"River"}},{"type":"Feature","geometry":{"type":"LineString","coordinates":[[50.9383,12.5443],[51.1935,12.6381],[51.3555,12.8565],[51.6769,12.8946],[51.8744,12.6959],[52.1462,12.6276],[52.2171,12.8608],[52.1407,13.0924],[52.1775,13.3644],[52.3477,13.5797],[52.5516,13.4458],[52.6458,13.2208],[52.8883,13.3851],[53.0263,13.6435],[53.2282,13.7294],[53.3384,13.9191],[53.5481,13.8105],[53.7828,13.8358],[53.9988,13.7848],[54.2046,13.8677],[54.4007,14.0631]]},"properties":{"id":411,"source":35459,"mouth":33843,"parent":411,"basin":411,"widthFactor":0.672,"sourceWidth":0.05,"discharge":183,"name":"Fard","type":"River"}},{"type":"Feature","geometry":{"type":"LineString","coordinates":[[-28.1288,34.3153],[-28.0629,34.4156],[-28.1514,34.4967],[-28.1911,34.7185],[-28.3631,34.8641]]},"properties":{"id":413,"source":10468,"mouth":10111,"parent":148,"basin":148,"widthFactor":0.56,"sourceWidth":0.04,"discharge":31,"name":"Santarreauli","type":"River"}},{"type":"Feature","geometry":{"type":"LineString","coordinates":[[-9.7304,-8.688],[-9.4518,-8.5745],[-9.2673,-8.3369],[-8.9622,-8.354],[-8.7547,-8.4352],[-8.5428,-8.3665],[-8.3887,-8.4871],[-8.364,-8.7498],[-8.2042,-8.9597],[-7.9272,-8.9387],[-7.7447,-9.0267],[-7.5497,-9.0819]]},"properties":{"id":414,"source":59524,"mouth":59836,"parent":414,"basin":414,"widthFactor":0.672,"sourceWidth":0.04,"discharge":106,"name":"Nin'kash","type":"River"}},{"type":"Feature","geometry":{"type":"LineString","coordinates":[[-52.6699,41.2368],[-52.4178,41.3862],[-52.2762,41.6262],[-52.2823,41.9047],[-52.3119,42.0861],[-52.3796,42.343],[-52.7236,42.3407],[-52.8948,42.5695],[-53.1081,42.7447],[-52.9944,42.9279],[-53.0154,43.1425],[-53.0178,43.436],[-52.8881,43.6355],[-52.887,43.8735],[-52.9929,44.0518],[-52.9596,44.2604],[-53.0551,44.4488],[-53.0668,44.6535],[-52.982,45.0179],[-52.9892,45.2419],[-53.1151,45.4273],[-53.1439,45.6975]]},"properties":{"id":415,"source":4559,"mouth":1601,"parent":415,"basin":415,"widthFactor":0.672,"sourceWidth":0.06,"discharge":508,"name":"Newbury","type":"River"}},{"type":"Feature","geometry":{"type":"LineString","coordinates":[[47.2362,25.8299],[47.3164,25.5107],[47.6188,25.4853],[47.8954,25.6103],[47.9876,25.3666],[48.1989,25.2141],[48.3989,25.4671],[48.6254,25.3969],[48.8503,25.4718],[49.1421,25.5916],[49.4091,25.8696]]},"properties":{"id":416,"source":19625,"mouth":19970,"parent":416,"basin":416,"widthFactor":0.672,"sourceWidth":0.04,"discharge":135,"name":"Bhia","type":"River"}},{"type":"Feature","geometry":{"type":"LineString","coordinates":[[-58.1114,31.2784],[-57.9433,31.4046],[-57.9193,31.683],[-58.0452,31.9324],[-58.0686,32.2936],[-58.1892,32.6244],[-58.3246,32.8712]]},"properties":{"id":417,"source":13427,"mouth":12124,"parent":349,"basin":1106,"widthFactor":0.56,"sourceWidth":0.04,"discharge":64,"name":"Wickhample","type":"Fork"}},{"type":"Feature","geometry":{"type":"LineString","coordinates":[[-36.2373,35.9579],[-36.1673,36.2],[-36.3488,36.3361],[-36.4031,36.5566],[-36.1797,36.7099],[-35.9627,36.8495],[-35.8575,37.0851],[-35.8997,37.3707],[-36.0754,37.5997],[-35.9054,37.7389],[-35.8568,37.9531],[-35.6902,38.1485]]},"properties":{"id":418,"source":8805,"mouth":7125,"parent":418,"basin":418,"widthFactor":0.672,"sourceWidth":0.04,"discharge":50,"name":"Trigyronnes","type":"River"}},{"type":"Feature","geometry":{"type":"LineString","coordinates":[[33.2341,19.8978],[33.5819,19.8402],[33.7181,19.8433],[33.8604,20.0432],[33.8598,20.2886],[34.1033,20.3031],[34.294,20.4552],[34.5288,20.6277],[34.6513,20.892],[34.5804,21.2259],[34.8964,21.4268]]},"properties":{"id":419,"source":26379,"mouth":24723,"parent":419,"basin":419,"widthFactor":0.672,"sourceWidth":0.07,"discharge":159,"name":"Shale","type":"River"}},{"type":"Feature","geometry":{"type":"LineString","coordinates":[[-13.5912,30.4883],[-13.6337,30.2744],[-13.5227,30.0866],[-13.2122,29.8702],[-13.4121,29.6369],[-13.6986,29.5261],[-13.8239,29.4475],[-14.1632,29.3011],[-14.3522,29.0776],[-14.4131,28.7912],[-14.4823,28.6448]]},"properties":{"id":420,"source":14246,"mouth":16108,"parent":1098,"basin":1098,"widthFactor":0.56,"sourceWidth":0.05,"discharge":101,"name":"Himlar","type":"Fork"}},{"type":"Feature","geometry":{"type":"LineString","coordinates":[[7.1972,36.8679],[6.8563,36.8532],[6.6296,37.0253],[6.3466,37.0556],[6.2351,36.8214],[6.0127,36.6881],[5.7695,36.6918],[5.573,36.8352],[5.4687,37.1965],[5.3979,37.4421],[5.2064,37.6114],[5.1185,37.88]]},"properties":{"id":421,"source":8073,"mouth":7251,"parent":421,"basin":421,"widthFactor":0.672,"sourceWidth":0.07,"discharge":129,"name":"Themellean","type":"River"}},{"type":"Feature","geometry":{"type":"LineString","coordinates":[[-69.4566,49.3517],[-69.8076,49.238],[-70.031,49.3186],[-70.2574,49.2466],[-70.4745,49.3377],[-70.8224,49.2248],[-71.0046,48.984],[-71.0536,48.6861],[-71.2925,48.5545],[-71.5649,48.3326]]},"properties":{"id":422,"source":9,"mouth":342,"parent":422,"basin":422,"widthFactor":0.672,"sourceWidth":0.05,"discharge":245,"name":"Newcester","type":"River"}},{"type":"Feature","geometry":{"type":"LineString","coordinates":[[-46.0657,-4.3814],[-46.1023,-4.6726],[-46.2776,-4.8354],[-46.3187,-5.0712],[-46.3397,-5.1934],[-46.3651,-5.488],[-46.5296,-5.7337],[-46.7626,-5.8494],[-47.0214,-5.8224],[-47.2334,-5.8976],[-47.4308,-6.0053]]},"properties":{"id":423,"source":54756,"mouth":56626,"parent":1456,"basin":1456,"widthFactor":0.56,"sourceWidth":0.05,"discharge":63,"name":"Ashnedh","type":"Fork"}},{"type":"Feature","geometry":{"type":"LineString","coordinates":[[-50.6636,38.7316],[-50.7076,38.4842],[-50.5974,38.2583],[-50.6064,38.0219],[-50.469,37.8294],[-50.0986,37.7624],[-50.1289,37.4518],[-50.1655,37.1209],[-50.385,36.9271]]},"properties":{"id":424,"source":6300,"mouth":7628,"parent":474,"basin":1106,"widthFactor":0.56,"sourceWidth":0.06,"discharge":104,"name":"Piclifnal","type":"River"}},{"type":"Feature","geometry":{"type":"LineString","coordinates":[[31.8924,25.2086],[31.8317,25.5722],[32.0057,25.7538],[32.0426,26.0027],[32.3035,25.9671],[32.5414,26.0798],[32.8574,26.2627],[33.0706,26.1919]]},"properties":{"id":425,"source":20248,"mouth":19225,"parent":425,"basin":425,"widthFactor":0.672,"sourceWidth":0.04,"discharge":90,"name":"Girguguk","type":"River"}},{"type":"Feature","geometry":{"type":"LineString","coordinates":[[12.1694,5.9194],[12.3001,5.734],[12.5196,5.6765],[12.7736,5.6319],[13.0083,5.7388],[13.2371,5.7482],[13.3516,5.4953],[13.3204,5.2196],[13.4789,5.0481],[13.708,5.0032],[13.7576,4.7408],[13.9352,4.5415],[14.0263,4.4419],[14.1492,4.1383]]},"properties":{"id":426,"source":43078,"mouth":45099,"parent":426,"basin":426,"widthFactor":0.672,"sourceWidth":0.06,"discharge":182,"name":"Zirriss","type":"River"}},{"type":"Feature","geometry":{"type":"LineString","coordinates":[[54.684,-3.2301],[54.9465,-3.2774],[55.1906,-3.1701],[55.2872,-3.3314],[55.4716,-3.3678],[55.6781,-3.3892],[55.8451,-3.2659],[55.9744,-2.9734],[55.9588,-2.654]]},"properties":{"id":427,"source":53916,"mouth":53919,"parent":379,"basin":379,"widthFactor":0.56,"sourceWidth":0.06,"discharge":83,"name":"Hobligz","type":"River"}},{"type":"Feature","geometry":{"type":"LineString","coordinates":[[16.0629,5.8883],[15.8987,5.8145],[15.883,5.6151],[15.7485,5.5162],[15.5769,5.4521],[15.5135,5.2803]]},"properties":{"id":428,"source":43089,"mouth":43494,"parent":499,"basin":499,"widthFactor":0.56,"sourceWidth":0.05,"discharge":39,"name":"Suntus","type":"River"}},{"type":"Feature","geometry":{"type":"LineString","coordinates":[[18.3362,6.6504],[18.4397,6.4613],[18.6436,6.3912],[18.6431,6.15],[18.7876,5.9568],[18.7579,5.8049],[18.8708,5.6991],[18.8965,5.5058],[18.958,5.3208]]},"properties":{"id":429,"source":42315,"mouth":43505,"parent":429,"basin":429,"widthFactor":0.672,"sourceWidth":0.05,"discharge":71,"name":"Markush","type":"River"}},{"type":"Feature","geometry":{"type":"LineString","coordinates":[[-64.9436,31.4201],[-65.1573,31.3765],[-65.2876,31.2014],[-65.4213,31.2241],[-65.4915,31.108]]},"properties":{"id":430,"source":13088,"mouth":13405,"parent":553,"basin":553,"widthFactor":0.56,"sourceWidth":0.04,"discharge":48,"name":"Pickingford","type":"River"}},{"type":"Feature","geometry":{"type":"LineString","coordinates":[[17.8988,6.2845],[18,6.0277],[18.2241,5.8665],[18.3531,5.8387],[18.3696,5.7077],[18.4084,5.4584],[18.2988,5.2313],[18.2564,5.1755],[18.2482,5.1059]]},"properties":{"id":432,"source":42693,"mouth":43916,"parent":432,"basin":432,"widthFactor":0.672,"sourceWidth":0.08,"discharge":104,"name":"Athil'ar","type":"River"}},{"type":"Feature","geometry":{"type":"LineString","coordinates":[[-52.0909,30.9756],[-52.2464,30.8222],[-52.4645,30.8114],[-52.5713,30.7884],[-52.5968,30.8947],[-52.8443,31.0579],[-53.14,31.0792],[-53.3143,31.1046],[-53.4902,31.0932]]},"properties":{"id":433,"source":13775,"mouth":13445,"parent":474,"basin":1106,"widthFactor":0.56,"sourceWidth":0.07,"discharge":85,"name":"Tredon","type":"River"}},{"type":"Feature","geometry":{"type":"LineString","coordinates":[[-10.8557,-10.5805],[-10.9057,-10.8066],[-10.8012,-11.0133],[-10.8677,-11.1961],[-10.7818,-11.3706],[-10.9358,-11.4649],[-10.9654,-11.6431],[-10.9544,-11.7512],[-10.9078,-11.8494]]},"properties":{"id":434,"source":61237,"mouth":62116,"parent":434,"basin":434,"widthFactor":0.672,"sourceWidth":0.05,"discharge":52,"name":"Shugash","type":"River"}},{"type":"Feature","geometry":{"type":"LineString","coordinates":[[-43.0897,9.6063],[-42.856,9.6915],[-42.6173,9.6211],[-42.4999,9.5431],[-42.5224,9.4039],[-42.3121,9.2435],[-42.0485,9.2233],[-41.8771,9.1687],[-41.6982,9.1501]]},"properties":{"id":435,"source":38809,"mouth":39186,"parent":545,"basin":1087,"widthFactor":0.56,"sourceWidth":0.07,"discharge":111,"name":"Moccoz","type":"Fork"}},{"type":"Feature","geometry":{"type":"LineString","coordinates":[[-15.6863,-10.3508],[-15.7323,-10.4917],[-15.6271,-10.596],[-15.4822,-10.7289],[-15.4761,-10.9253],[-15.5004,-11.129],[-15.6567,-11.2616],[-15.7925,-11.2797],[-15.9283,-11.2609]]},"properties":{"id":436,"source":60922,"mouth":61812,"parent":436,"basin":436,"widthFactor":0.672,"sourceWidth":0.04,"discharge":47,"name":"Srash","type":"River"}},{"type":"Feature","geometry":{"type":"LineString","coordinates":[[1.7098,21.173],[1.8982,21.2544],[1.9752,21.4447],[1.8773,21.6086],[1.9308,21.7919],[2.0313,21.8427],[1.9923,21.9484],[1.9,22.1112],[1.7775,22.2527]]},"properties":{"id":437,"source":24638,"mouth":23417,"parent":437,"basin":437,"widthFactor":0.672,"sourceWidth":0.06,"discharge":117,"name":"Aranyn","type":"River"}},{"type":"Feature","geometry":{"type":"LineString","coordinates":[[-47.9047,-3.174],[-48.1281,-3.1314],[-48.3265,-3.2425],[-48.3942,-3.4423],[-48.2713,-3.6337],[-48.3009,-3.8318],[-48.4367,-3.8217],[-48.5647,-3.775]]},"properties":{"id":438,"source":53613,"mouth":54368,"parent":438,"basin":438,"widthFactor":0.672,"sourceWidth":0.04,"discharge":60,"name":"Drodh","type":"River"}},{"type":"Feature","geometry":{"type":"LineString","coordinates":[[-24.601,4.6451],[-24.394,4.6179],[-24.2633,4.4551],[-24.1993,4.2666],[-24.2496,4.0857],[-24.2998,3.9047],[-24.1348,3.8033],[-23.9492,3.744],[-23.78,3.6509]]},"properties":{"id":439,"source":44591,"mouth":45381,"parent":439,"basin":439,"widthFactor":0.672,"sourceWidth":0.06,"discharge":65,"name":"Bundad","type":"River"}},{"type":"Feature","geometry":{"type":"LineString","coordinates":[[-69.6574,43.7591],[-69.8309,43.8049],[-69.9675,43.6596],[-70.1337,43.6672],[-70.2682,43.7148],[-70.3687,43.6135],[-70.5187,43.5094],[-70.6442,43.3768]]},"properties":{"id":440,"source":2646,"mouth":2643,"parent":440,"basin":440,"widthFactor":0.672,"sourceWidth":0.06,"discharge":176,"name":"Wigmolide","type":"River"}},{"type":"Feature","geometry":{"type":"LineString","coordinates":[[-28.7802,12.6673],[-29.0274,12.6809],[-29.2339,12.5443],[-29.5701,12.6338],[-29.8332,12.4851],[-30.009,12.3108],[-30.2293,12.2314],[-30.4262,11.9791]]},"properties":{"id":441,"source":35244,"mouth":35622,"parent":545,"basin":1087,"widthFactor":0.56,"sourceWidth":0.04,"discharge":135,"name":"Nazarad","type":"Fork"}},{"type":"Feature","geometry":{"type":"LineString","coordinates":[[4.0352,29.6359],[3.8548,29.4776],[3.8095,29.2419],[3.6586,29.1144],[3.6437,28.9173],[3.6486,28.7745],[3.6904,28.6378]]},"properties":{"id":442,"source":15430,"mouth":16170,"parent":442,"basin":442,"widthFactor":0.672,"sourceWidth":0.04,"discharge":104,"name":"Himnas","type":"River"}},{"type":"Feature","geometry":{"type":"LineString","coordinates":[[-68.4799,49.3205],[-68.4005,49.2278],[-68.2947,49.2886],[-68.2947,49.6]]},"properties":{"id":443,"source":12,"mouth":13,"parent":443,"basin":443,"widthFactor":0.672,"sourceWidth":0.06,"discharge":67,"name":"Wathamney","type":"River"}},{"type":"Feature","geometry":{"type":"LineString","coordinates":[[-52.8847,32.2298],[-53.1314,32.2166],[-53.3213,32.0585],[-53.6108,32.3068],[-53.5022,32.1264],[-53.3633,31.9682],[-53.5555,31.716],[-53.4536,31.4248]]},"properties":{"id":444,"source":12476,"mouth":12804,"parent":474,"basin":1106,"widthFactor":0.56,"sourceWidth":0.04,"discharge":83,"name":"Clitbury","type":"Fork"}},{"type":"Feature","geometry":{"type":"LineString","coordinates":[[1,13.2239],[0.9552,13.4121],[0.7553,13.4827],[0.6794,13.6474],[0.5448,13.7547],[0.3899,13.8296]]},"properties":{"id":445,"source":34535,"mouth":34108,"parent":445,"basin":445,"widthFactor":0.672,"sourceWidth":0.05,"discharge":54,"name":"Grorjarjar","type":"River"}},{"type":"Feature","geometry":{"type":"LineString","coordinates":[[-65.9701,41.7918],[-66.0803,41.8532],[-66.1662,41.7607],[-66.3067,41.6704],[-66.423,41.5505]]},"properties":{"id":446,"source":4065,"mouth":4064,"parent":446,"basin":446,"widthFactor":0.672,"sourceWidth":0.06,"discharge":74,"name":"Nedinewich","type":"Creek"}},{"type":"Feature","geometry":{"type":"LineString","coordinates":[[0.1183,27.8897],[0.0659,27.6685],[0.1681,27.4654],[0.0481,27.2972],[-0.0389,27.1097]]},"properties":{"id":447,"source":17323,"mouth":17702,"parent":447,"basin":447,"widthFactor":0.672,"sourceWidth":0.07,"discharge":67,"name":"Omanalon","type":"River"}},{"type":"Feature","geometry":{"type":"LineString","coordinates":[[-66.9507,49.5346],[-67.0848,49.343],[-67.069,49.1096],[-67.1538,48.9942],[-67.2051,48.8604]]},"properties":{"id":449,"source":17,"mouth":113,"parent":449,"basin":449,"widthFactor":0.672,"sourceWidth":0.07,"discharge":67,"name":"Seaford","type":"River"}},{"type":"Feature","geometry":{"type":"LineString","coordinates":[[-52.0434,-6.5775],[-52.2705,-6.5005],[-52.4971,-6.5791],[-52.6971,-6.5697],[-52.7694,-6.8267],[-52.6917,-7.082],[-52.8318,-7.3381],[-52.9649,-7.5242],[-53.1986,-7.6158],[-53.3446,-7.82],[-53.4449,-8.1102],[-53.4053,-8.4147],[-53.5935,-8.6399],[-53.6575,-8.9262],[-53.6949,-9.2835],[-53.9641,-9.4081],[-54.1194,-9.2708],[-54.326,-9.2555],[-54.5338,-9.3824],[-54.644,-9.6216],[-54.628,-9.8845],[-54.5758,-10.1515],[-54.794,-10.2774],[-55.0459,-10.2831],[-55.1323,-10.4902],[-55.1979,-10.7779],[-55.1424,-11.0678],[-55.3587,-11.2523],[-55.6319,-11.236],[-55.8047,-11.5108],[-56.1883,-11.5364],[-56.4118,-11.5237],[-56.6133,-11.6213],[-56.8219,-11.5215],[-57.053,-11.5302],[-57.1012,-11.3994],[-57.3222,-11.3302],[-57.5837,-11.0476],[-57.9588,-11.0546]]},"properties":{"id":454,"source":57324,"mouth":61445,"parent":454,"basin":454,"widthFactor":0.672,"sourceWidth":0.06,"discharge":391,"name":"Drur","type":"River"}},{"type":"Feature","geometry":{"type":"LineString","coordinates":[[-21.9799,7.316],[-22.2113,7.3713],[-22.4274,7.2717],[-22.7247,7.0451],[-22.9629,6.9827],[-23.1208,6.7937],[-23.273,6.5895],[-23.2866,6.3351],[-23.0632,6.0276],[-23.1318,5.8216],[-23.0578,5.6174],[-22.8531,5.2881],[-22.5986,5.2024]]},"properties":{"id":455,"source":41445,"mouth":43790,"parent":455,"basin":455,"widthFactor":0.672,"sourceWidth":0.06,"discharge":167,"name":"Zizah","type":"River"}},{"type":"Feature","geometry":{"type":"LineString","coordinates":[[-51.3547,34.1222],[-51.4777,34.1821],[-51.4652,34.3184],[-51.4152,34.4933],[-51.3298,34.6539],[-51.2251,34.7439],[-51.1484,34.8587],[-51.1886,35.0043],[-51.2628,35.1358]]},"properties":{"id":456,"source":10394,"mouth":9696,"parent":474,"basin":1106,"widthFactor":0.56,"sourceWidth":0.05,"discharge":81,"name":"Durbotford","type":"Fork"}},{"type":"Feature","geometry":{"type":"LineString","coordinates":[[-52.6434,-7.7273],[-52.8396,-7.7784],[-52.9183,-7.9846],[-53.0909,-8.0668],[-53.2524,-8.1316],[-53.2722,-8.3243],[-53.4053,-8.4147]]},"properties":{"id":459,"source":58372,"mouth":58725,"parent":454,"basin":454,"widthFactor":0.56,"sourceWidth":0.05,"discharge":41,"name":"Krodroz","type":"Fork"}},{"type":"Feature","geometry":{"type":"LineString","coordinates":[[-64.3186,32.5972],[-64.2816,32.7096],[-64.3879,32.7615],[-64.4639,32.931],[-64.3871,33.1001],[-64.2245,33.196],[-64.0478,33.1804],[-63.8712,33.1647]]},"properties":{"id":461,"source":12106,"mouth":11446,"parent":341,"basin":341,"widthFactor":0.56,"sourceWidth":0.06,"discharge":72,"name":"Mitherston","type":"River"}},{"type":"Feature","geometry":{"type":"LineString","coordinates":[[-51.3679,36.8399],[-51.375,36.6201],[-51.2348,36.4507],[-51.2612,36.3742],[-51.2496,36.2942]]},"properties":{"id":462,"source":7896,"mouth":8180,"parent":474,"basin":1106,"widthFactor":0.56,"sourceWidth":0.06,"discharge":46,"name":"Shifton","type":"Branch"}},{"type":"Feature","geometry":{"type":"LineString","coordinates":[[50.2784,7.9077],[50.4308,8.0458],[50.6364,8.0377],[50.8934,7.9159],[51.0504,7.6788],[51.0973,7.543],[51.2395,7.5231],[51.3916,7.5043],[51.5438,7.5223]]},"properties":{"id":463,"source":40909,"mouth":41278,"parent":463,"basin":463,"widthFactor":0.672,"sourceWidth":0.04,"discharge":102,"name":"Veekz","type":"River"}},{"type":"Feature","geometry":{"type":"LineString","coordinates":[[-38.751,10.5498],[-38.7616,10.4029],[-38.8981,10.3474],[-38.9298,10.2458],[-39.0304,10.2805],[-39.1224,10.2047],[-39.2156,10.2789],[-39.3273,10.1682],[-39.4102,10.0345]]},"properties":{"id":464,"source":37600,"mouth":38016,"parent":545,"basin":1087,"widthFactor":0.56,"sourceWidth":0.05,"discharge":58,"name":"Brogron","type":"River"}},{"type":"Feature","geometry":{"type":"LineString","coordinates":[[-30.062,13.2154],[-30.1153,13.0688],[-30.0153,12.9491],[-30.1814,12.7718],[-30.209,12.5303],[-30.294,12.3859],[-30.2293,12.2314]]},"properties":{"id":465,"source":34450,"mouth":35240,"parent":441,"basin":1087,"widthFactor":0.56,"sourceWidth":0.06,"discharge":59,"name":"Ukthurgat","type":"Fork"}},{"type":"Feature","geometry":{"type":"LineString","coordinates":[[-41.6531,10.2641],[-41.6218,10.0603],[-41.457,9.9364],[-41.4594,9.8401],[-41.4243,9.7503]]},"properties":{"id":466,"source":38007,"mouth":38420,"parent":545,"basin":1087,"widthFactor":0.56,"sourceWidth":0.05,"discharge":41,"name":"Bhegh","type":"Creek"}},{"type":"Feature","geometry":{"type":"LineString","coordinates":[[58.0491,1.5568],[58.1812,1.7054],[58.3799,1.7133],[58.4624,1.5381],[58.3923,1.3575],[58.541,1.2371],[58.7309,1.261],[58.8742,1.1611],[59.0429,1.2065]]},"properties":{"id":467,"source":48287,"mouth":48642,"parent":309,"basin":309,"widthFactor":0.56,"sourceWidth":0.05,"discharge":80,"name":"Phiggan","type":"River"}},{"type":"Feature","geometry":{"type":"LineString","coordinates":[[-43.7318,7.253],[-43.6678,7.1081],[-43.5108,7.0879],[-43.3727,6.9111],[-43.1536,6.8637],[-43.0846,6.7531],[-42.987,6.6668]]},"properties":{"id":468,"source":41387,"mouth":41748,"parent":545,"basin":1087,"widthFactor":0.56,"sourceWidth":0.06,"discharge":71,"name":"Uzgilzog","type":"Fork"}},{"type":"Feature","geometry":{"type":"LineString","coordinates":[[-62.9676,36.9053],[-62.8587,37.0633],[-62.7008,37.2268],[-62.682,37.4534],[-62.5264,37.6499],[-62.5108,37.9002],[-62.5845,38.0991],[-62.5108,38.298],[-62.3411,38.3556]]},"properties":{"id":469,"source":7864,"mouth":6770,"parent":866,"basin":1106,"widthFactor":0.56,"sourceWidth":0.05,"discharge":107,"name":"Feltontef","type":"River"}},{"type":"Feature","geometry":{"type":"LineString","coordinates":[[-61.0337,34.8369],[-61.1816,35.1054],[-61.4423,35.2666],[-61.3131,35.6255],[-61.0259,35.7835],[-60.8021,35.625],[-60.5286,35.6052],[-60.4204,35.7158],[-60.1971,35.8194],[-60.0687,36.0295],[-60.0103,36.288],[-59.812,36.3659],[-59.629,36.4748]]},"properties":{"id":470,"source":9656,"mouth":8150,"parent":1106,"basin":1106,"widthFactor":0.56,"sourceWidth":0.05,"discharge":80,"name":"Oakley","type":"River"}},{"type":"Feature","geometry":{"type":"LineString","coordinates":[[1.0849,8.0743],[1.0212,7.8185],[1.1129,7.5714],[1.1965,7.3682],[1.3923,7.2685],[1.3666,6.9712],[1.3526,6.7617],[1.5588,6.7322]]},"properties":{"id":471,"source":40772,"mouth":42257,"parent":471,"basin":471,"widthFactor":0.672,"sourceWidth":0.05,"discharge":51,"name":"Harres","type":"River"}},{"type":"Feature","geometry":{"type":"LineString","coordinates":[[-0.0848,34.2328],[-0.1907,34.4726],[0.0379,34.5804],[0.1627,34.8003],[0.4031,35.0658],[0.5097,35.3795],[0.6763,35.5267],[0.7168,35.7454],[0.6575,36.0075],[0.4724,36.2023],[0.3105,36.346],[0.2708,36.5589],[0.5118,36.5766],[0.723,36.4592],[0.8424,36.6378],[0.8304,36.8524],[0.939,37.0975],[0.9152,37.3646],[1.0737,37.5427],[1.1129,37.778],[1.0141,38.1485],[1.2156,38.3424],[1.3802,38.61],[1.4257,38.9208],[1.6366,39.0664],[1.9322,39.22],[2.1518,39.4704],[2.1869,39.7055],[2.3915,39.8184]]},"properties":{"id":472,"source":10574,"mouth":5691,"parent":472,"basin":472,"widthFactor":0.672,"sourceWidth":0.05,"discharge":170,"name":"Ollmseriar","type":"River"}},{"type":"Feature","geometry":{"type":"LineString","coordinates":[[-35.3058,11.5432],[-35.3508,11.4048],[-35.2451,11.305],[-35.2232,11.1526],[-35.0808,11.094],[-35.011,10.8505],[-34.7844,10.7097],[-34.6832,10.4868],[-34.5584,10.359],[-34.41,10.2595]]},"properties":{"id":473,"source":36402,"mouth":37612,"parent":545,"basin":1087,"widthFactor":0.56,"sourceWidth":0.07,"discharge":115,"name":"Kholabar","type":"River"}},{"type":"Feature","geometry":{"type":"LineString","coordinates":[[-52.3477,35.2549],[-52.5533,35.2601],[-52.7462,35.1888],[-53.0079,35.1843],[-53.1649,34.9747],[-53.4816,35.135],[-53.761,35.0689],[-53.7424,35.303],[-53.8941,35.4822],[-54.1543,35.3582],[-54.2972,35.1078],[-54.4646,34.9429],[-54.4801,34.7084],[-54.533,34.4422],[-54.628,34.3145],[-54.6784,34.0799],[-54.5743,33.8638],[-54.6575,33.5493],[-54.5626,33.2675],[-54.5237,32.9249],[-54.7649,32.893],[-54.8739,33.104],[-54.9696,33.2971],[-55.193,33.4932],[-55.428,33.4777],[-55.7284,33.5937],[-56.0553,33.7891],[-56.3448,33.9837]]},"properties":{"id":474,"source":9356,"mouth":10755,"parent":1106,"basin":1106,"widthFactor":0.56,"sourceWidth":0.72,"discharge":1228,"name":"Knutsbury","type":"Fork"}},{"type":"Feature","geometry":{"type":"LineString","coordinates":[[-45.8245,38.8725],[-45.792,39.0899],[-45.9116,39.2742],[-45.7669,39.5872],[-46.1117,39.7538],[-46.1912,39.9489],[-46.1233,40.1485],[-45.8995,40.1177],[-45.7031,40.2294],[-45.6866,40.4997],[-45.8097,40.7409],[-45.8647,40.948],[-46.0362,41.0764],[-46.0335,41.2885],[-46.1622,41.4571],[-46.0689,41.6655],[-46.1109,41.8899],[-46.3988,42.0651],[-46.2925,42.2765],[-46.3163,42.5119],[-46.5963,42.5181],[-46.8487,42.3967],[-46.987,42.6084],[-47.0035,42.8607],[-47.1115,43.0598],[-47.3094,43.1697],[-47.5,43.1542]]},"properties":{"id":475,"source":6315,"mouth":2959,"parent":301,"basin":301,"widthFactor":0.56,"sourceWidth":0.05,"discharge":109,"name":"Yeonenil","type":"River"}},{"type":"Feature","geometry":{"type":"LineString","coordinates":[[-29.0705,7.1673],[-28.9068,7.2376],[-28.8903,7.4352],[-28.7561,7.5309],[-28.6265,7.5936],[-28.5179,7.6881]]},"properties":{"id":476,"source":41423,"mouth":41050,"parent":545,"basin":1087,"widthFactor":0.56,"sourceWidth":0.06,"discharge":51,"name":"Zabamunz","type":"River"}},{"type":"Feature","geometry":{"type":"LineString","coordinates":[[50.1881,16.513],[50.3632,16.6991],[50.6208,16.7497],[50.8424,16.6968],[51.0488,16.7933],[51.2753,16.91],[51.5385,16.9253],[51.7539,17.0774],[52.0746,16.9482]]},"properties":{"id":477,"source":30553,"mouth":30154,"parent":495,"basin":495,"widthFactor":0.56,"sourceWidth":0.05,"discharge":106,"name":"Thelt","type":"Fork"}},{"type":"Feature","geometry":{"type":"LineString","coordinates":[[27.0891,27.7566],[26.8727,27.6336],[26.7256,27.7953],[26.5085,27.8212],[26.428,28.106],[26.2182,28.3148],[26.0182,28.0851],[25.7562,28.2022],[25.4703,28.1762],[25.2913,28.2564],[25.3754,28.4647],[25.3193,28.6822],[25.0298,28.7352],[24.757,28.8814],[24.4477,28.8963],[24.3396,29.1022],[24.1356,29.2139],[23.9224,29.1983],[23.8058,29.3971],[23.8158,29.6273],[23.8742,29.8063],[23.8044,30.0003],[23.6345,30.117],[23.4407,30.3326],[23.28,30.4756],[23.1006,30.5942]]},"properties":{"id":478,"source":17393,"mouth":14355,"parent":478,"basin":478,"widthFactor":0.672,"sourceWidth":0.05,"discharge":401,"name":"Mistand","type":"River"}},{"type":"Feature","geometry":{"type":"LineString","coordinates":[[-22.8391,12.5513],[-22.7444,12.3995],[-22.5667,12.3793],[-22.5074,12.2047],[-22.4134,12.0461]]},"properties":{"id":481,"source":35262,"mouth":35651,"parent":545,"basin":1087,"widthFactor":0.56,"sourceWidth":0.07,"discharge":74,"name":"Undibirak","type":"River"}},{"type":"Feature","geometry":{"type":"LineString","coordinates":[[-29.03,11.8966],[-29.1122,11.8444],[-29.1304,11.7487],[-28.9752,11.6896],[-29.0285,11.5323],[-29.0939,11.4041],[-29.1997,11.3065]]},"properties":{"id":482,"source":36027,"mouth":36428,"parent":545,"basin":1087,"widthFactor":0.56,"sourceWidth":0.1,"discharge":95,"name":"Unzathadzir","type":"River"}},{"type":"Feature","geometry":{"type":"LineString","coordinates":[[-41.2764,10.015],[-41.1586,9.9808],[-41.169,9.8585],[-41.2892,9.7869],[-41.4243,9.7503]]},"properties":{"id":484,"source":38421,"mouth":38422,"parent":545,"basin":1087,"widthFactor":0.56,"sourceWidth":0.05,"discharge":48,"name":"Bedrel","type":"Creek"}},{"type":"Feature","geometry":{"type":"LineString","coordinates":[[-36.5867,5.2476],[-36.4494,5.357],[-36.4881,5.5491],[-36.386,5.675],[-36.2056,5.7082],[-36.1128,5.8665],[-36.0154,5.9967],[-35.9585,6.1504],[-35.8692,6.2853]]},"properties":{"id":487,"source":43748,"mouth":42927,"parent":545,"basin":1087,"widthFactor":0.56,"sourceWidth":0.05,"discharge":74,"name":"Adgroz","type":"River"}},{"type":"Feature","geometry":{"type":"LineString","coordinates":[[52.2146,-4.2787],[52.3329,-4.5083],[52.5088,-4.6979],[52.761,-4.7551],[52.9801,-4.8131],[53.1874,-4.7216],[53.505,-4.9342],[53.7735,-5.0182],[54.0326,-4.9661],[54.213,-5.0819],[54.4264,-5.061],[54.6856,-4.8571],[54.9079,-4.9311],[55.1338,-4.8688],[55.3813,-5.0463],[55.5973,-5.0488],[55.7743,-4.9248],[56.0802,-4.8236]]},"properties":{"id":488,"source":55062,"mouth":55851,"parent":488,"basin":488,"widthFactor":0.672,"sourceWidth":0.05,"discharge":453,"name":"Biok","type":"River"}},{"type":"Feature","geometry":{"type":"LineString","coordinates":[[44.5116,25.8594],[44.5129,26.0978],[44.3668,26.2861],[44.493,26.4736],[44.4711,26.6986],[44.3244,26.8739],[44.1007,26.9205],[44.0361,27.2109],[44.1933,27.4281],[44.061,27.6647],[44.0672,27.9357],[44.2358,28.0826],[44.4587,28.0999],[44.784,28.1069],[44.9864,28.2045],[45.0953,28.4012],[45.2201,28.6097],[45.2151,28.8527],[45.4013,29.0726],[45.4696,29.3525],[45.3256,29.5541],[45.3793,29.906],[45.488,30.0907],[45.4735,30.3046],[45.7101,30.447],[45.9348,30.4688],[46.1148,30.6051],[46.3367,30.6394],[46.5086,30.7841],[46.5651,31.0452],[46.5023,31.3049],[46.5117,31.6552],[46.6284,31.9409],[46.5078,32.0881],[46.7089,32.2928],[46.816,32.5591],[46.7661,32.7556],[46.6899,32.9436]]},"properties":{"id":491,"source":19617,"mouth":12372,"parent":491,"basin":491,"widthFactor":0.672,"sourceWidth":0.04,"discharge":565,"name":"Colesmouth","type":"River"}},{"type":"Feature","geometry":{"type":"LineString","coordinates":[[9.7125,40.0091],[9.733,40.217],[9.5667,40.3703],[9.5498,40.5673],[9.5456,40.7912],[9.3988,40.9604],[9.5362,41.1188],[9.4975,41.3412],[9.5996,41.5124]]},"properties":{"id":492,"source":5466,"mouth":4969,"parent":496,"basin":496,"widthFactor":0.56,"sourceWidth":0.05,"discharge":55,"name":"Lympsburyme","type":"Fork"}},{"type":"Feature","geometry":{"type":"LineString","coordinates":[[29.1537,27.8251],[29.3522,28.0867],[29.5319,28.2649],[29.5763,28.5141],[29.7726,28.6783],[29.8433,28.9243],[29.6432,29.074],[29.5623,29.3104],[29.7162,29.4646],[29.9328,29.4879],[30.0282,29.7004],[29.9818,29.9286],[30.0713,30.2182],[30.328,30.1916],[30.5616,30.3015],[30.7235,30.44]]},"properties":{"id":494,"source":17399,"mouth":14377,"parent":494,"basin":494,"widthFactor":0.672,"sourceWidth":0.05,"discharge":144,"name":"Soneridford","type":"River"}},{"type":"Feature","geometry":{"type":"LineString","coordinates":[[51.108,15.1296],[51.1017,15.4706],[51.2712,15.607],[51.4885,15.5983],[51.6815,15.7835],[51.7446,16.0436],[51.8782,16.2326],[51.8707,16.464],[52.0551,16.6539],[52.0746,16.9482],[52.3804,17.1677],[52.5991,17.378],[52.7018,17.6636],[52.8318,17.817],[52.8435,18.0652],[52.7244,18.2833],[52.8984,18.3991],[52.968,18.5962],[53.2855,18.5417],[53.47,18.6928],[53.5493,18.9177],[53.3703,19.2587],[53.5767,19.4548],[53.6793,19.7203],[53.8225,19.8799],[54.1478,20.0099],[54.4311,20.2699]]},"properties":{"id":495,"source":32156,"mouth":26442,"parent":495,"basin":495,"widthFactor":0.672,"sourceWidth":0.05,"discharge":717,"name":"Stiagsee","type":"River"}},{"type":"Feature","geometry":{"type":"LineString","coordinates":[[8.8766,40.3548],[8.979,40.5909],[8.9264,40.8429],[9.1164,40.9761],[9.1825,41.1986],[9.4361,41.2956],[9.5996,41.5124],[9.4859,41.7191],[9.5171,41.953],[9.7494,42.112],[10.03,42.1344],[10.248,41.974],[10.5172,41.9468],[10.7545,42.0744],[10.7072,42.3074],[10.5382,42.4746],[10.6309,42.6707],[10.8222,42.7727],[11.202,42.7229],[11.2666,42.9281],[11.1989,43.1324],[11.4543,43.2469],[11.6301,43.4648],[11.8513,43.4279],[12.0565,43.5185],[12.2418,43.6758],[12.4301,43.5683]]},"properties":{"id":496,"source":5224,"mouth":2848,"parent":496,"basin":496,"widthFactor":0.672,"sourceWidth":0.06,"discharge":375,"name":"Aldonmouth","type":"River"}},{"type":"Feature","geometry":{"type":"LineString","coordinates":[[55.8553,-2.0654],[55.9322,-2.2868],[56.1308,-2.4111],[56.111,-2.5935],[56.2723,-2.7156],[56.2887,-2.886]]},"properties":{"id":497,"source":52401,"mouth":52781,"parent":379,"basin":379,"widthFactor":0.56,"sourceWidth":0.05,"discharge":56,"name":"Bresvil","type":"River"}},{"type":"Feature","geometry":{"type":"LineString","coordinates":[[-41.3488,49.2185],[-41.1715,49.2952],[-41.1083,49.4778],[-41.1083,49.6]]},"properties":{"id":498,"source":170,"mouth":57,"parent":498,"basin":498,"widthFactor":0.672,"sourceWidth":0.05,"discharge":36,"name":"Bolesomer","type":"Creek"}},{"type":"Feature","geometry":{"type":"LineString","coordinates":[[15.5555,6.4161],[15.7086,6.271],[15.7205,6.0603],[15.6026,5.8541],[15.3835,5.7622],[15.3761,5.5017],[15.5135,5.2803],[15.6575,5.06],[15.8231,4.8324],[16.0801,4.7175],[15.9851,4.487],[16.1485,4.2379]]},"properties":{"id":499,"source":42686,"mouth":44706,"parent":499,"basin":499,"widthFactor":0.672,"sourceWidth":0.05,"discharge":197,"name":"Shass","type":"River"}},{"type":"Feature","geometry":{"type":"LineString","coordinates":[[26.1762,13.3306],[26.3898,13.2227],[26.6245,13.2691],[26.8338,13.1484],[27.1381,13.3742],[27.3257,13.5229],[27.6229,13.7572],[27.9537,13.6077],[28.0993,13.8476],[28.3428,13.9868],[28.5073,13.7756],[28.5444,13.5104],[28.7389,13.3882],[28.8899,13.1684],[29.0674,12.9694]]},"properties":{"id":501,"source":34606,"mouth":34614,"parent":501,"basin":501,"widthFactor":0.672,"sourceWidth":0.05,"discharge":183,"name":"Iozarakzar","type":"River"}},{"type":"Feature","geometry":{"type":"LineString","coordinates":[[10.6861,11.2497],[11.0363,11.4077],[11.1935,11.5603],[11.496,11.5584],[11.7624,11.702],[12.0371,11.7129],[12.3351,11.9231],[12.6542,12.0694]]},"properties":{"id":503,"source":36938,"mouth":36146,"parent":503,"basin":503,"widthFactor":0.672,"sourceWidth":0.04,"discharge":139,"name":"Cajas","type":"River"}},{"type":"Feature","geometry":{"type":"LineString","coordinates":[[13.8706,7.5721],[14.1192,7.5249],[14.3485,7.6321],[14.497,7.8112],[14.5026,8.0439],[14.7407,8.3249],[14.852,8.5079],[14.8123,8.873],[14.9721,9.0652],[15.0006,9.3136],[15.129,9.6717]]},"properties":{"id":504,"source":41177,"mouth":39334,"parent":504,"basin":504,"widthFactor":0.672,"sourceWidth":0.06,"discharge":131,"name":"An'jash","type":"River"}},{"type":"Feature","geometry":{"type":"LineString","coordinates":[[-4.1566,-5.3405],[-3.9526,-5.3952],[-3.8414,-5.5748],[-3.9856,-5.7997],[-3.983,-6.0668],[-3.7185,-6.1097],[-3.5184,-6.2879],[-3.604,-6.6414],[-3.6544,-6.8718],[-3.5605,-7.0882],[-3.7005,-7.4074],[-3.8951,-7.5522],[-4.1021,-7.6883],[-4.2881,-7.8519]]},"properties":{"id":505,"source":56046,"mouth":58514,"parent":505,"basin":505,"widthFactor":0.672,"sourceWidth":0.05,"discharge":260,"name":"Cij'her","type":"River"}},{"type":"Feature","geometry":{"type":"LineString","coordinates":[[47.7864,26.2432],[47.8484,26.055],[48.0564,25.9954],[48.1475,25.833],[48.3527,25.9175],[48.5639,25.8493],[48.7191,25.7688],[48.7847,25.6203],[48.8503,25.4718]]},"properties":{"id":507,"source":19277,"mouth":19629,"parent":416,"basin":416,"widthFactor":0.56,"sourceWidth":0.05,"discharge":53,"name":"Slofzia","type":"Fork"}},{"type":"Feature","geometry":{"type":"LineString","coordinates":[[-42.2609,47.0419],[-42.4014,47.2062],[-42.6158,47.2334],[-42.8077,47.4038],[-43.0625,47.435],[-43.2736,47.4789],[-43.4049,47.6499],[-43.5052,47.8392],[-43.4594,48.0485],[-43.3855,48.3934],[-43.4905,48.6534],[-43.4602,48.9772],[-43.3679,49.2278],[-43.4135,49.491],[-43.4135,49.6]]},"properties":{"id":508,"source":850,"mouth":50,"parent":508,"basin":508,"widthFactor":0.672,"sourceWidth":0.08,"discharge":328,"name":"Helsbury","type":"River"}},{"type":"Feature","geometry":{"type":"LineString","coordinates":[[6.952,33.8646],[7.2649,33.9642],[7.4562,33.8137],[7.5202,33.5789],[7.6941,33.3783],[7.949,33.3041],[8.0626,33.0261],[8.1887,32.707]]},"properties":{"id":509,"source":10961,"mouth":11658,"parent":509,"basin":509,"widthFactor":0.672,"sourceWidth":0.06,"discharge":130,"name":"Ollmlunaren","type":"River"}},{"type":"Feature","geometry":{"type":"LineString","coordinates":[[-14.3625,8.2852],[-14.3046,8.0472],[-14.115,7.8921],[-14.0924,7.5753],[-13.8862,7.6282],[-13.8075,7.4093],[-13.613,7.2818],[-13.6006,6.947],[-13.6519,6.722]]},"properties":{"id":510,"source":40364,"mouth":41841,"parent":510,"basin":510,"widthFactor":0.672,"sourceWidth":0.05,"discharge":82,"name":"Naharb","type":"River"}},{"type":"Feature","geometry":{"type":"LineString","coordinates":[[-13.7539,8.9866],[-13.7447,8.7388],[-13.5897,8.5452],[-13.3474,8.4697],[-13.1056,8.5468],[-12.9002,8.7095],[-12.6947,9.0295],[-12.4908,9.3525]]},"properties":{"id":511,"source":39608,"mouth":39612,"parent":48,"basin":48,"widthFactor":0.56,"sourceWidth":0.05,"discharge":97,"name":"Nulbun","type":"River"}},{"type":"Feature","geometry":{"type":"LineString","coordinates":[[-16.4342,-9.6985],[-16.6544,-9.638],[-16.8622,-9.7327],[-17.0679,-9.7817],[-17.1653,-9.9878],[-17.3494,-10.0682]]},"properties":{"id":512,"source":60355,"mouth":60354,"parent":59,"basin":26,"widthFactor":0.56,"sourceWidth":0.05,"discharge":36,"name":"Elzan'har","type":"River"}},{"type":"Feature","geometry":{"type":"LineString","coordinates":[[51.0481,10.029],[51.2526,10.0384],[51.3751,10.2242],[51.5632,10.2688],[51.7135,10.3845],[51.6963,10.5918],[51.8131,10.7258],[52.0012,10.8596],[52.0675,11.0808]]},"properties":{"id":513,"source":38708,"mouth":37888,"parent":273,"basin":273,"widthFactor":0.56,"sourceWidth":0.06,"discharge":74,"name":"Glamzofs","type":"Fork"}},{"type":"Feature","geometry":{"type":"LineString","coordinates":[[-49.9749,-11.6462],[-50.2584,-11.7369],[-50.4574,-11.9584],[-50.5772,-12.2472],[-50.6403,-12.5726],[-50.8963,-12.6248],[-51.0848,-12.7309],[-51.164,-12.9323],[-51.3002,-13.2086]]},"properties":{"id":514,"source":62045,"mouth":63058,"parent":667,"basin":1214,"widthFactor":0.56,"sourceWidth":0.05,"discharge":104,"name":"Zrul","type":"River"}},{"type":"Feature","geometry":{"type":"LineString","coordinates":[[-68.7476,45.6484],[-68.8177,45.8158],[-68.9601,46.0836],[-68.832,46.2596],[-68.848,46.4767],[-68.9291,46.7361],[-69.1336,46.915],[-69.1142,47.147],[-69.2013,47.3564],[-69.2398,47.5944],[-69.4045,47.7706],[-69.5453,47.8539],[-69.8276,47.8435],[-70.0722,47.7021],[-70.3492,47.776],[-70.5298,47.6709],[-70.5664,47.3183],[-70.7762,47.3139],[-70.9493,47.4327],[-71.1602,47.3837]]},"properties":{"id":515,"source":1385,"mouth":662,"parent":515,"basin":515,"widthFactor":0.672,"sourceWidth":0.05,"discharge":322,"name":"Thaxted","type":"River"}},{"type":"Feature","geometry":{"type":"LineString","coordinates":[[-5.5909,40.4388],[-5.3832,40.4234],[-5.2228,40.5564],[-5.0309,40.6455],[-4.9488,40.8405]]},"properties":{"id":516,"source":5165,"mouth":5166,"parent":177,"basin":177,"widthFactor":0.56,"sourceWidth":0.04,"discharge":66,"name":"Ollshal-Sho","type":"Fork"}},{"type":"Feature","geometry":{"type":"LineString","coordinates":[[-32.0574,12.5116],[-31.9975,12.3169],[-31.8177,12.2212],[-31.8135,12.0937],[-31.69,12.0616],[-31.5422,11.9644],[-31.3772,11.9005]]},"properties":{"id":517,"source":35234,"mouth":35614,"parent":545,"basin":1087,"widthFactor":0.56,"sourceWidth":0.05,"discharge":52,"name":"Nulnal","type":"River"}},{"type":"Feature","geometry":{"type":"LineString","coordinates":[[-6.0174,40.9511],[-5.841,40.8946],[-5.679,40.954],[-5.517,41.0134],[-5.627,41.2015],[-5.8576,41.2417],[-5.9917,41.4003],[-5.9344,41.6163],[-5.7535,41.7475]]},"properties":{"id":518,"source":4917,"mouth":4442,"parent":519,"basin":177,"widthFactor":0.56,"sourceWidth":0.05,"discharge":58,"name":"Shenor","type":"River"}},{"type":"Feature","geometry":{"type":"LineString","coordinates":[[-6.6392,41.2632],[-6.3566,41.3527],[-6.1582,41.5731],[-5.9257,41.5901],[-5.7535,41.7475],[-5.5565,41.8859],[-5.4796,42.1141],[-5.1613,42.1896],[-5.057,42.2332]]},"properties":{"id":519,"source":4673,"mouth":3998,"parent":177,"basin":177,"widthFactor":0.56,"sourceWidth":0.06,"discharge":254,"name":"Hlyuer","type":"Fork"}},{"type":"Feature","geometry":{"type":"LineString","coordinates":[[-39.1448,6.0946],[-38.9828,6.2784],[-38.9643,6.5228],[-38.7806,6.6527],[-38.7222,6.87],[-38.5456,7.0313],[-38.4997,7.2662],[-38.4128,7.445],[-38.3604,7.6368]]},"properties":{"id":520,"source":42918,"mouth":41399,"parent":545,"basin":1087,"widthFactor":0.56,"sourceWidth":0.04,"discharge":70,"name":"Mubrugh","type":"River"}},{"type":"Feature","geometry":{"type":"LineString","coordinates":[[-45.4922,-7.7421],[-45.6854,-7.8638],[-45.9116,-7.8332],[-46.0422,-7.8521],[-46.1031,-7.7351],[-46.2648,-7.7703],[-46.4144,-7.841]]},"properties":{"id":521,"source":58391,"mouth":58388,"parent":1456,"basin":1456,"widthFactor":0.56,"sourceWidth":0.07,"discharge":70,"name":"Vrur","type":"River"}},{"type":"Feature","geometry":{"type":"LineString","coordinates":[[-34.3259,10.9663],[-34.3573,10.7629],[-34.2372,10.5958],[-34.3406,10.4363],[-34.41,10.2595]]},"properties":{"id":523,"source":37208,"mouth":37615,"parent":545,"basin":1087,"widthFactor":0.56,"sourceWidth":0.06,"discharge":59,"name":"Gizaled","type":"River"}},{"type":"Feature","geometry":{"type":"LineString","coordinates":[[51.0582,8.054],[51.2407,8.1257],[51.3134,8.3078],[51.4598,8.4443],[51.6597,8.4378],[51.8738,8.3148],[51.9773,8.0906],[51.91,7.945],[51.8777,7.7878]]},"properties":{"id":524,"source":40911,"mouth":40915,"parent":524,"basin":524,"widthFactor":0.672,"sourceWidth":0.04,"discharge":77,"name":"Bres","type":"River"}},{"type":"Feature","geometry":{"type":"LineString","coordinates":[[-26.2423,11.2871],[-26.3083,11.1048],[-26.219,10.9328],[-26.2787,10.818],[-26.3023,10.6907]]},"properties":{"id":525,"source":36846,"mouth":37232,"parent":545,"basin":1087,"widthFactor":0.56,"sourceWidth":0.07,"discharge":71,"name":"Arukth","type":"Branch"}},{"type":"Feature","geometry":{"type":"LineString","coordinates":[[-36.3976,10.4354],[-36.4839,10.243],[-36.6786,10.1622],[-36.6778,10.0819],[-36.7253,10.1466]]},"properties":{"id":526,"source":38031,"mouth":38029,"parent":35,"basin":1087,"widthFactor":0.56,"sourceWidth":0.05,"discharge":41,"name":"Nara","type":"Creek"}},{"type":"Feature","geometry":{"type":"LineString","coordinates":[[-20.2919,14.9319],[-20.1804,14.7275],[-19.965,14.6392],[-19.8344,14.5489],[-19.6815,14.5008],[-19.5463,14.4189]]},"properties":{"id":527,"source":32365,"mouth":32768,"parent":545,"basin":1087,"widthFactor":0.56,"sourceWidth":0.06,"discharge":89,"name":"Nulnarg","type":"River"}},{"type":"Feature","geometry":{"type":"LineString","coordinates":[[-22.7091,8.4339],[-22.8756,8.2976],[-23.0905,8.3094],[-23.0859,8.4352],[-23.0438,8.5538]]},"properties":{"id":530,"source":40338,"mouth":40336,"parent":545,"basin":1087,"widthFactor":0.56,"sourceWidth":0.05,"discharge":55,"name":"Kindush","type":"River"}},{"type":"Feature","geometry":{"type":"LineString","coordinates":[[-66.4798,49.4443],[-66.6015,49.2818],[-66.5724,49.0808],[-66.5691,48.951],[-66.5281,48.8277]]},"properties":{"id":531,"source":18,"mouth":116,"parent":531,"basin":531,"widthFactor":0.672,"sourceWidth":0.07,"discharge":64,"name":"Rockerbuton","type":"Brook"}},{"type":"Feature","geometry":{"type":"LineString","coordinates":[[-42.2804,6.0611],[-42.2022,5.8713],[-42.0593,5.724],[-41.8897,5.3768],[-41.7793,5.1566],[-41.5091,5.1334],[-41.3667,4.9526],[-41.223,4.6991],[-40.9542,4.5867],[-40.7425,4.7057],[-40.5068,4.6474],[-40.3709,4.4066],[-40.404,4.132],[-40.5577,3.9737],[-40.5566,3.7529],[-40.5091,3.4431],[-40.466,3.2119],[-40.2857,3.0608],[-40.4647,2.7277],[-40.4536,2.508],[-40.3021,2.3485],[-40.3855,2.1363],[-40.3192,1.918],[-40.6764,1.7927],[-40.5451,1.5796],[-40.3176,1.4751],[-40.0585,1.212],[-40.1984,0.9899],[-40.4328,0.8718],[-40.6142,0.6834],[-40.7903,0.5089],[-40.8476,0.2677],[-41.0451,0.1825],[-41.1535,-0.0033],[-41.0718,-0.3037],[-41.1963,-0.5022],[-41.1955,-0.7366],[-40.9651,-0.8393],[-41.029,-1.0832],[-41.2033,-1.2652],[-41.2795,-1.5688],[-41.5074,-1.7265],[-41.6445,-1.9674],[-41.7776,-2.2071],[-42.0124,-2.2065],[-42.2166,-2.0904],[-42.3418,-2.2141],[-42.3248,-2.42],[-42.4212,-2.6026],[-42.6236,-2.524]]},"properties":{"id":545,"source":42907,"mouth":52873,"parent":1087,"basin":1087,"widthFactor":0.56,"sourceWidth":1,"discharge":6237,"name":"Adgmukh","type":"River"}},{"type":"Feature","geometry":{"type":"LineString","coordinates":[[20.446,16.7987],[20.2948,16.7664],[20.2483,16.6189],[20.069,16.5293],[20.0047,16.3394],[19.7487,16.421],[19.4888,16.3526],[19.3475,16.2275],[19.3393,16.0389]]},"properties":{"id":548,"source":30060,"mouth":30864,"parent":374,"basin":374,"widthFactor":0.56,"sourceWidth":0.05,"discharge":60,"name":"Bothardis","type":"River"}},{"type":"Feature","geometry":{"type":"LineString","coordinates":[[18.8615,25.1985],[18.5175,25.267],[18.2715,25.2651],[18.0739,25.1183],[17.8019,25.0894],[17.5859,24.9214],[17.4803,24.6964],[17.5206,24.4512],[17.3455,24.3578]]},"properties":{"id":549,"source":20209,"mouth":20874,"parent":235,"basin":235,"widthFactor":0.56,"sourceWidth":0.04,"discharge":64,"name":"Hargarth","type":"Fork"}},{"type":"Feature","geometry":{"type":"LineString","coordinates":[[51.8465,-13.4328],[52.0338,-13.3873],[52.1936,-13.4951],[52.3429,-13.6303],[52.3889,-13.8149],[52.4349,-13.9996],[52.4811,-14.1719],[52.6712,-14.2241],[52.7462,-14.3725]]},"properties":{"id":551,"source":63667,"mouth":63882,"parent":372,"basin":372,"widthFactor":0.56,"sourceWidth":0.05,"discharge":57,"name":"Argath","type":"River"}},{"type":"Feature","geometry":{"type":"LineString","coordinates":[[-55.3043,-8.3906],[-55.5232,-8.475],[-55.6412,-8.6779],[-55.7821,-8.79],[-55.7185,-9.0575],[-55.8047,-9.3186],[-56.0051,-9.3785],[-56.1953,-9.2913],[-56.4559,-9.2779],[-56.6833,-9.4057],[-56.8691,-9.2553],[-57.1074,-9.2376],[-57.4063,-9.0772]]},"properties":{"id":552,"source":59066,"mouth":59988,"parent":552,"basin":552,"widthFactor":0.672,"sourceWidth":0.04,"discharge":71,"name":"Dhul","type":"River"}},{"type":"Feature","geometry":{"type":"LineString","coordinates":[[-64.8206,30.6596],[-64.8891,30.7818],[-65.0981,30.6859],[-65.321,30.7421],[-65.3383,30.9567],[-65.4915,31.108],[-65.8129,31.048],[-65.8331,30.9865],[-66.0572,30.823],[-66.2985,30.9071]]},"properties":{"id":553,"source":14096,"mouth":13732,"parent":553,"basin":553,"widthFactor":0.672,"sourceWidth":0.05,"discharge":214,"name":"Perster","type":"River"}},{"type":"Feature","geometry":{"type":"LineString","coordinates":[[-44.2478,39.3451],[-44.0018,39.6331],[-43.7606,39.6907],[-43.4905,39.9328],[-43.1388,40.0278],[-43.1059,40.3094],[-43.2166,40.5704],[-43.0355,40.7339],[-42.794,40.7681]]},"properties":{"id":554,"source":5822,"mouth":5074,"parent":44,"basin":1289,"widthFactor":0.56,"sourceWidth":0.04,"discharge":56,"name":"Picheap","type":"River"}},{"type":"Feature","geometry":{"type":"LineString","coordinates":[[50.1593,17.6706],[50.3729,17.6572],[50.5391,17.792],[50.8255,18.0194],[51.0979,17.88],[51.2521,17.6978],[51.4839,17.641],[51.7329,17.6761],[51.8074,17.879],[51.9921,17.9913],[52.2039,17.887],[52.3189,17.6807],[52.7018,17.6636]]},"properties":{"id":555,"source":29350,"mouth":29357,"parent":495,"basin":495,"widthFactor":0.56,"sourceWidth":0.04,"discharge":124,"name":"Slehzit","type":"Fork"}},{"type":"Feature","geometry":{"type":"LineString","coordinates":[[-62.2073,33.3897],[-62.3963,33.6225],[-62.6766,33.7291],[-62.9061,33.8038],[-63.0071,33.9948],[-63.2081,34.074],[-63.4085,34.2065],[-63.6486,34.197],[-64.0175,34.2951],[-64.2852,34.5364],[-64.6206,34.7201]]},"properties":{"id":556,"source":11097,"mouth":9990,"parent":341,"basin":341,"widthFactor":0.56,"sourceWidth":0.04,"discharge":102,"name":"Knaretondal","type":"River"}},{"type":"Feature","geometry":{"type":"LineString","coordinates":[[46.093,24.7532],[46.3513,24.7059],[46.5911,24.8132],[46.8354,24.8357],[47.1055,24.9276],[47.3763,24.6668],[47.5767,24.4859],[47.8417,24.4348]]},"properties":{"id":557,"source":20625,"mouth":20968,"parent":652,"basin":652,"widthFactor":0.56,"sourceWidth":0.04,"discharge":63,"name":"Wruilkeh","type":"River"}},{"type":"Feature","geometry":{"type":"LineString","coordinates":[[55.1369,-17.5385],[55.2461,-17.7905],[55.4747,-17.9426],[55.6895,-18.1831],[55.8984,-18.3307],[56.1541,-18.3357],[56.2856,-18.5482],[56.4778,-18.8767],[56.598,-19.0637],[56.807,-19.1391],[57.1674,-19.2224],[57.2609,-19.4231],[57.4553,-19.5291],[57.8079,-19.4357],[57.9215,-19.684]]},"properties":{"id":558,"source":66011,"mouth":67005,"parent":558,"basin":558,"widthFactor":0.672,"sourceWidth":0.05,"discharge":341,"name":"Kreshos","type":"River"}},{"type":"Feature","geometry":{"type":"LineString","coordinates":[[-71.7174,22.1492],[-71.5822,22.1141],[-71.5633,21.9756],[-71.4766,21.7891],[-71.5423,21.5941],[-71.6667,21.4485],[-71.6481,21.2578],[-71.7288,21.0686],[-71.6621,20.8741]]},"properties":{"id":559,"source":23203,"mouth":24398,"parent":191,"basin":191,"widthFactor":0.56,"sourceWidth":0.05,"discharge":82,"name":"Alterby","type":"River"}},{"type":"Feature","geometry":{"type":"LineString","coordinates":[[54.2062,-11.9708],[54.1798,-11.8011],[54.0272,-11.7225],[54.0716,-11.5377],[53.9657,-11.38]]},"properties":{"id":560,"source":62503,"mouth":62242,"parent":295,"basin":295,"widthFactor":0.56,"sourceWidth":0.06,"discharge":52,"name":"Eebruing","type":"River"}},{"type":"Feature","geometry":{"type":"LineString","coordinates":[[-39.4032,-19.0877],[-39.2258,-18.9056],[-39.0039,-18.9904],[-38.8794,-19.1928],[-38.7526,-19.3617],[-38.5456,-19.4038],[-38.4329,-19.63],[-38.2133,-19.7549],[-37.9961,-19.8439],[-37.7681,-19.7883],[-37.6459,-20.0587],[-37.4117,-20.2406],[-37.1323,-20.4539],[-36.8809,-20.4275],[-36.7589,-20.6506],[-36.5393,-20.7786],[-36.4441,-21.0522],[-36.2358,-21.2534],[-36.3913,-21.4209],[-36.428,-21.6466],[-36.6866,-21.6395],[-36.9159,-21.7595],[-36.8311,-22.0005],[-36.6397,-22.1697],[-36.8124,-22.4294],[-36.8677,-22.7365],[-36.8987,-22.9605],[-36.8062,-23.167],[-36.6552,-23.2736],[-36.719,-23.6504]]},"properties":{"id":561,"source":66885,"mouth":69030,"parent":561,"basin":561,"widthFactor":0.672,"sourceWidth":0.05,"discharge":610,"name":"Okh-Ekh","type":"River"}},{"type":"Feature","geometry":{"type":"LineString","coordinates":[[50.7757,11.3766],[50.9445,11.2462],[51.157,11.2653],[51.2133,11.0834],[51.385,11.0014]]},"properties":{"id":563,"source":37059,"mouth":37060,"parent":273,"basin":273,"widthFactor":0.56,"sourceWidth":0.04,"discharge":41,"name":"Driordeek","type":"River"}},{"type":"Feature","geometry":{"type":"LineString","coordinates":[[28.5249,29.1548],[28.7562,29.1003],[28.9716,29.2007],[29.0535,29.0845],[29.1934,29.1096],[29.4137,29.1442],[29.5623,29.3104]]},"properties":{"id":564,"source":15854,"mouth":15856,"parent":494,"basin":494,"widthFactor":0.56,"sourceWidth":0.05,"discharge":46,"name":"Velkundine","type":"Fork"}},{"type":"Feature","geometry":{"type":"LineString","coordinates":[[-35.2303,-0.9655],[-35.2824,-1.1545],[-35.1805,-1.322],[-35.264,-1.4348],[-35.1952,-1.5571]]},"properties":{"id":565,"source":51011,"mouth":51377,"parent":63,"basin":1078,"widthFactor":0.56,"sourceWidth":0.07,"discharge":51,"name":"Gagh","type":"River"}},{"type":"Feature","geometry":{"type":"LineString","coordinates":[[49.6768,5.5551],[49.8786,5.6677],[49.9632,5.8828],[50.2219,5.9818],[50.3889,6.2028],[50.6426,6.2659],[50.82,6.4581],[51.0457,6.6777],[51.3053,6.6425],[51.5438,6.7508],[51.7376,7.042]]},"properties":{"id":567,"source":43597,"mouth":42398,"parent":567,"basin":567,"widthFactor":0.672,"sourceWidth":0.06,"discharge":155,"name":"Kleab","type":"River"}},{"type":"Feature","geometry":{"type":"LineString","coordinates":[[-71.6551,19.8278],[-71.8113,19.9148],[-71.9766,19.8465],[-72.0172,19.7453],[-72.119,19.7842],[-72.3457,19.8291],[-72.4972,20.0037]]},"properties":{"id":568,"source":26060,"mouth":26058,"parent":191,"basin":191,"widthFactor":0.56,"sourceWidth":0.06,"discharge":51,"name":"Uxbrowey","type":"River"}},{"type":"Feature","geometry":{"type":"LineString","coordinates":[[-61.6438,36.6912],[-61.4406,36.6397],[-61.2578,36.7426],[-61.0735,36.8424],[-61.0057,37.0408],[-60.8508,37.3506],[-60.7138,37.5468],[-60.5131,37.6067],[-60.3994,37.7827],[-60.3052,37.8971]]},"properties":{"id":570,"source":7868,"mouth":7048,"parent":1106,"basin":1106,"widthFactor":0.56,"sourceWidth":0.05,"discharge":108,"name":"Blechbrid","type":"Fork"}},{"type":"Feature","geometry":{"type":"LineString","coordinates":[[-59.948,9.7558],[-60.146,9.5618],[-60.4173,9.5051],[-60.5517,9.7834],[-60.5364,10.0921],[-60.8243,10.2929],[-61.1215,10.3343],[-61.4026,10.2291],[-61.601,10.121],[-61.6929,9.9146],[-61.808,9.7184],[-61.9818,9.8519],[-62.1746,9.9559],[-62.2454,9.6133],[-62.5544,9.5246],[-62.7519,9.6002],[-62.9552,9.5417],[-63.169,9.6939],[-63.4299,9.7223],[-63.6828,9.6982],[-63.9357,9.6172]]},"properties":{"id":571,"source":38758,"mouth":38745,"parent":571,"basin":571,"widthFactor":0.672,"sourceWidth":0.05,"discharge":175,"name":"Vrugh","type":"River"}},{"type":"Feature","geometry":{"type":"LineString","coordinates":[[8.542,41.0297],[8.4812,41.2481],[8.2624,41.3532],[8.17,41.5489],[7.9116,41.7155],[7.9568,42.0106],[7.7163,42.2441],[7.7567,42.5431],[7.4744,42.6074],[7.1956,42.5291],[6.9977,42.4183],[6.903,42.2122],[6.7948,42.0355]]},"properties":{"id":572,"source":4715,"mouth":3787,"parent":572,"basin":572,"widthFactor":0.672,"sourceWidth":0.05,"discharge":154,"name":"Hitchbrid","type":"River"}},{"type":"Feature","geometry":{"type":"LineString","coordinates":[[13.5305,5.7521],[13.4527,5.5349],[13.5305,5.3177],[13.5528,5.1229],[13.708,5.0032]]},"properties":{"id":573,"source":43488,"mouth":43900,"parent":426,"basin":426,"widthFactor":0.56,"sourceWidth":0.04,"discharge":35,"name":"Maj'ijeksur","type":"Fork"}},{"type":"Feature","geometry":{"type":"LineString","coordinates":[[-38.4234,-18.8339],[-38.4748,-19.0012],[-38.3342,-19.1369],[-38.3471,-19.2979],[-38.3758,-19.4717],[-38.2213,-19.5918],[-38.2133,-19.7549]]},"properties":{"id":574,"source":66682,"mouth":66888,"parent":561,"basin":561,"widthFactor":0.56,"sourceWidth":0.06,"discharge":51,"name":"Kraggul","type":"River"}},{"type":"Feature","geometry":{"type":"LineString","coordinates":[[-70.8115,31.0052],[-70.9174,31.1025],[-71.2271,31.0916],[-71.4135,31.2034],[-71.6279,31.1679],[-71.8061,31.484],[-72.0149,31.5403],[-72.2124,31.4521],[-72.4462,31.6036],[-72.7244,31.6194],[-72.9735,31.4995],[-73.1797,31.3983]]},"properties":{"id":576,"source":13713,"mouth":13056,"parent":576,"basin":576,"widthFactor":0.672,"sourceWidth":0.05,"discharge":254,"name":"Draxning","type":"River"}},{"type":"Feature","geometry":{"type":"LineString","coordinates":[[-7.2571,25.3161],[-7.0072,25.4283],[-6.8587,25.6586],[-6.6344,25.6889],[-6.4804,25.8548],[-6.3684,26.1178],[-6.4049,26.4013],[-6.0804,26.5064],[-5.7823,26.4869]]},"properties":{"id":577,"source":20176,"mouth":18784,"parent":577,"basin":577,"widthFactor":0.672,"sourceWidth":0.08,"discharge":169,"name":"Bilukkzah","type":"River"}},{"type":"Feature","geometry":{"type":"LineString","coordinates":[[-1.1627,3.7412],[-1.4613,3.6346],[-1.6732,3.3987],[-1.8172,3.2913],[-2.0787,3.4345],[-2.3768,3.4322],[-2.5993,3.5684],[-2.8088,3.535],[-3.0095,3.4664]]},"properties":{"id":578,"source":45809,"mouth":45805,"parent":578,"basin":578,"widthFactor":0.672,"sourceWidth":0.05,"discharge":69,"name":"Srath'he","type":"River"}},{"type":"Feature","geometry":{"type":"LineString","coordinates":[[-42.5255,-15.3572],[-42.7068,-15.4495],[-42.7699,-15.6429],[-42.9213,-15.6554],[-42.9855,-15.7932],[-43.1562,-15.9698],[-43.1925,-16.2128],[-43.1953,-16.3857],[-43.1613,-16.5553]]},"properties":{"id":579,"source":64535,"mouth":65099,"parent":237,"basin":237,"widthFactor":0.56,"sourceWidth":0.05,"discharge":95,"name":"Ir-Rug","type":"Fork"}},{"type":"Feature","geometry":{"type":"LineString","coordinates":[[-65.3942,32.4485],[-65.2118,32.3415],[-65.1521,32.1387],[-65.3312,31.897],[-65.6059,31.7743],[-65.7965,31.5478],[-66.0366,31.6113],[-66.2705,31.5276],[-66.5724,31.4668]]},"properties":{"id":580,"source":12103,"mouth":13083,"parent":580,"basin":580,"widthFactor":0.672,"sourceWidth":0.06,"discharge":124,"name":"Wargmorough","type":"River"}},{"type":"Feature","geometry":{"type":"LineString","coordinates":[[-63.2641,37.8356],[-63.0934,37.8723],[-63.044,38.0612],[-62.8976,38.1283],[-62.7439,38.2426],[-62.7558,38.452],[-62.6353,38.5853]]},"properties":{"id":581,"source":7039,"mouth":6769,"parent":866,"basin":1106,"widthFactor":0.56,"sourceWidth":0.06,"discharge":61,"name":"Dalton","type":"River"}},{"type":"Feature","geometry":{"type":"LineString","coordinates":[[-41.6477,-17.2482],[-41.8876,-17.3459],[-42.0282,-17.5634],[-41.7916,-17.839],[-41.8816,-18.0594],[-41.822,-18.2898],[-41.5317,-18.4058],[-41.4924,-18.6137],[-41.3286,-18.7475],[-41.4108,-19.0399],[-41.3504,-19.3376],[-41.6562,-19.4902],[-41.7109,-19.7379],[-41.6274,-19.9775],[-41.5118,-20.195],[-41.2982,-20.3177],[-41.3823,-20.5571],[-41.3325,-20.8058],[-41.3115,-21.0129]]},"properties":{"id":582,"source":65699,"mouth":67701,"parent":1513,"basin":1513,"widthFactor":0.56,"sourceWidth":0.07,"discharge":454,"name":"Rogh","type":"Fork"}},{"type":"Feature","geometry":{"type":"LineString","coordinates":[[-10.1,-10.5322],[-10.1929,-10.7758],[-10.1304,-11.0289],[-9.9746,-11.0674],[-9.8572,-10.958],[-9.6898,-11.021],[-9.6292,-11.1892],[-9.574,-11.3809],[-9.4844,-11.559]]},"properties":{"id":585,"source":61239,"mouth":61834,"parent":585,"basin":585,"widthFactor":0.672,"sourceWidth":0.06,"discharge":69,"name":"Sarrij'hass","type":"River"}},{"type":"Feature","geometry":{"type":"LineString","coordinates":[[-64.6385,39.7304],[-64.4427,39.6369],[-64.2346,39.6985],[-64.158,39.9596],[-63.9529,40.1383],[-63.7607,40.001],[-63.6898,39.7756],[-63.4276,39.6985],[-63.3038,39.6183]]},"properties":{"id":586,"source":5500,"mouth":5504,"parent":1080,"basin":1106,"widthFactor":0.56,"sourceWidth":0.06,"discharge":132,"name":"Mermouth","type":"River"}},{"type":"Feature","geometry":{"type":"LineString","coordinates":[[51.3601,8.9913],[51.4635,8.7999],[51.6683,8.7266],[51.957,8.567],[52.1695,8.4921],[52.382,8.567],[52.5267,8.8418],[52.522,9.1891]]},"properties":{"id":587,"source":39819,"mouth":39823,"parent":587,"basin":587,"widthFactor":0.672,"sourceWidth":0.05,"discharge":95,"name":"Kuipuinx","type":"River"}},{"type":"Feature","geometry":{"type":"LineString","coordinates":[[-7.0221,-6.5098],[-7.0065,-6.7922],[-6.8439,-7.0236],[-6.6555,-7.0306],[-6.6197,-7.2729],[-6.7318,-7.4907],[-6.5295,-7.7896],[-6.3582,-7.8932]]},"properties":{"id":588,"source":57460,"mouth":58504,"parent":588,"basin":588,"widthFactor":0.672,"sourceWidth":0.05,"discharge":100,"name":"Rregakrus","type":"River"}},{"type":"Feature","geometry":{"type":"LineString","coordinates":[[-65.5802,42.7174],[-65.6071,42.9858],[-65.4813,43.2242],[-65.4268,43.3396],[-65.3008,43.32],[-65.147,43.5855],[-65.1374,43.8922],[-65.1271,44.0434],[-65.1537,44.1927]]},"properties":{"id":589,"source":3377,"mouth":2660,"parent":589,"basin":589,"widthFactor":0.672,"sourceWidth":0.05,"discharge":91,"name":"Wadington","type":"River"}},{"type":"Feature","geometry":{"type":"LineString","coordinates":[[6.991,38.6958],[6.8735,38.8562],[6.6765,38.8827],[6.4715,38.8887],[6.3322,38.7155],[6.1403,38.6857],[5.9856,38.7122],[5.8286,38.6919],[5.6734,38.7091]]},"properties":{"id":590,"source":6461,"mouth":6458,"parent":590,"basin":590,"widthFactor":0.672,"sourceWidth":0.07,"discharge":80,"name":"Afdorarihei","type":"River"}},{"type":"Feature","geometry":{"type":"LineString","coordinates":[[17.0171,7.8835],[17.1532,8.0673],[17.175,8.3849],[17.3065,8.5548],[17.2949,8.7694],[17.1992,8.9399],[16.926,9.1711]]},"properties":{"id":591,"source":40820,"mouth":39713,"parent":591,"basin":591,"widthFactor":0.672,"sourceWidth":0.05,"discharge":69,"name":"Mesash","type":"River"}},{"type":"Feature","geometry":{"type":"LineString","coordinates":[[-7.9785,27.1673],[-7.7473,27.2251],[-7.6011,27.4133],[-7.4136,27.4106],[-7.3012,27.5833],[-7.1287,27.6157],[-6.9706,27.6277],[-6.8197,27.6764]]},"properties":{"id":592,"source":18041,"mouth":17301,"parent":592,"basin":592,"widthFactor":0.672,"sourceWidth":0.06,"discharge":93,"name":"Bumun","type":"River"}},{"type":"Feature","geometry":{"type":"LineString","coordinates":[[-25.2446,-7.6363],[-25.3846,-7.8084],[-25.3769,-8.0302],[-25.4811,-8.0994],[-25.4408,-8.2178],[-25.498,-8.3886],[-25.5094,-8.5696],[-25.5575,-8.7425]]},"properties":{"id":593,"source":58442,"mouth":59142,"parent":593,"basin":593,"widthFactor":0.672,"sourceWidth":0.05,"discharge":49,"name":"Nuccidh","type":"River"}},{"type":"Feature","geometry":{"type":"LineString","coordinates":[[60.6804,-8.8445],[61.0275,-8.9348],[61.3582,-8.7985],[61.419,-8.5936],[61.3302,-8.3992],[61.5505,-8.2656],[61.808,-8.2746],[61.938,-8.4194],[62.1765,-8.36],[62.3419,-8.1781],[62.5578,-8.0607],[62.6742,-7.8441],[62.8104,-7.5257],[62.9722,-7.3711],[63.0143,-7.1513],[62.9754,-6.9909]]},"properties":{"id":594,"source":59964,"mouth":58345,"parent":594,"basin":594,"widthFactor":0.672,"sourceWidth":0.05,"discharge":204,"name":"Blix","type":"River"}},{"type":"Feature","geometry":{"type":"LineString","coordinates":[[4.5877,21.2236],[4.7498,21.3632],[4.9636,21.3559],[5.2087,21.1877],[5.338,20.92],[5.5406,20.7902],[5.7808,20.8055],[5.875,20.498],[6.1008,20.4124],[6.3349,20.4716],[6.5606,20.5564]]},"properties":{"id":595,"source":24647,"mouth":25491,"parent":595,"basin":595,"widthFactor":0.672,"sourceWidth":0.08,"discharge":160,"name":"Areshjen","type":"River"}},{"type":"Feature","geometry":{"type":"LineString","coordinates":[[-41.0632,-14.9415],[-40.9373,-14.9897],[-40.85,-14.887],[-40.706,-14.9866],[-40.5328,-14.8976],[-40.383,-14.9594],[-40.2569,-14.8714],[-40.1558,-14.7555]]},"properties":{"id":596,"source":64360,"mouth":64363,"parent":596,"basin":596,"widthFactor":0.672,"sourceWidth":0.05,"discharge":76,"name":"Kaz-Khul","type":"River"}},{"type":"Feature","geometry":{"type":"LineString","coordinates":[[16.6809,5.5691],[16.7024,5.3484],[16.8637,5.1962],[16.8358,5.0342],[16.9532,4.9191],[16.8939,4.7716],[16.9836,4.6404],[16.8768,4.483],[16.8023,4.308]]},"properties":{"id":597,"source":43497,"mouth":44712,"parent":597,"basin":597,"widthFactor":0.672,"sourceWidth":0.06,"discharge":71,"name":"Oz'kar'ha","type":"River"}},{"type":"Feature","geometry":{"type":"LineString","coordinates":[[16.6521,7.8423],[16.4908,7.9713],[16.4653,8.1762],[16.4816,8.3705],[16.5991,8.5112],[16.7167,8.6519],[16.7478,8.8265],[16.7416,9.0038]]},"properties":{"id":598,"source":40819,"mouth":40091,"parent":598,"basin":598,"widthFactor":0.672,"sourceWidth":0.06,"discharge":97,"name":"Par'jes","type":"River"}},{"type":"Feature","geometry":{"type":"LineString","coordinates":[[-17.5175,6.6481],[-17.4636,6.4622],[-17.2604,6.4011],[-17.1766,6.2402],[-17.1715,6.0477],[-17.0279,5.9194],[-16.9078,5.7923],[-16.7633,5.6937]]},"properties":{"id":599,"source":42203,"mouth":42991,"parent":599,"basin":599,"widthFactor":0.672,"sourceWidth":0.07,"discharge":83,"name":"Kindushund","type":"River"}},{"type":"Feature","geometry":{"type":"LineString","coordinates":[[-66.6542,33.5033],[-66.7412,33.7139],[-66.9719,33.7931],[-67.0876,33.9774],[-67.2279,34.0832],[-67.4053,34.0018],[-67.553,34.0701],[-67.6645,33.9579],[-67.7392,33.8168],[-67.8433,33.6987]]},"properties":{"id":601,"source":11084,"mouth":10343,"parent":601,"basin":601,"widthFactor":0.672,"sourceWidth":0.07,"discharge":95,"name":"Brasin","type":"River"}},{"type":"Feature","geometry":{"type":"LineString","coordinates":[[-66.3779,32.6252],[-66.5327,32.5037],[-66.7273,32.5326],[-66.7077,32.6505],[-66.8199,32.6914],[-67.0117,32.5774],[-67.1818,32.4329]]},"properties":{"id":602,"source":12100,"mouth":11777,"parent":602,"basin":602,"widthFactor":0.672,"sourceWidth":0.06,"discharge":76,"name":"Ashwark","type":"River"}},{"type":"Feature","geometry":{"type":"LineString","coordinates":[[5.9699,4.8646],[6.1997,4.8523],[6.3691,4.6964],[6.3269,4.4883],[6.1559,4.3625],[6.1543,4.131],[6.1901,3.9024]]},"properties":{"id":603,"source":44286,"mouth":45066,"parent":603,"basin":603,"widthFactor":0.672,"sourceWidth":0.04,"discharge":79,"name":"Nar'th'jar","type":"River"}},{"type":"Feature","geometry":{"type":"LineString","coordinates":[[59.9963,-8.6171],[59.7848,-8.5717],[59.6585,-8.3961],[59.5719,-8.2076],[59.5997,-8.013],[59.6274,-7.8184],[59.7241,-7.7857],[59.8025,-7.7203]]},"properties":{"id":604,"source":59668,"mouth":59027,"parent":604,"basin":604,"widthFactor":0.672,"sourceWidth":0.04,"discharge":84,"name":"Qosx","type":"River"}},{"type":"Feature","geometry":{"type":"LineString","coordinates":[[-40.8149,-15.2498],[-40.6194,-15.3154],[-40.4336,-15.2257],[-40.3027,-15.2623],[-40.2204,-15.1541],[-40.0665,-15.0231],[-39.9394,-14.866]]},"properties":{"id":605,"source":64540,"mouth":64542,"parent":605,"basin":605,"widthFactor":0.672,"sourceWidth":0.06,"discharge":78,"name":"Brukh","type":"River"}},{"type":"Feature","geometry":{"type":"LineString","coordinates":[[-36.7766,-18.5389],[-36.6174,-18.4261],[-36.6247,-18.2125],[-36.4988,-18.0796],[-36.4537,-17.9577],[-36.5556,-17.8772],[-36.5083,-17.7598],[-36.4288,-17.6615]]},"properties":{"id":606,"source":66490,"mouth":66112,"parent":606,"basin":606,"widthFactor":0.672,"sourceWidth":0.05,"discharge":74,"name":"Ugvukh","type":"River"}},{"type":"Feature","geometry":{"type":"LineString","coordinates":[[-24.6096,3.3621],[-24.4164,3.3359],[-24.2656,3.4594],[-24.0967,3.5055],[-23.9454,3.596],[-23.78,3.6509]]},"properties":{"id":607,"source":46129,"mouth":45759,"parent":607,"basin":607,"widthFactor":0.672,"sourceWidth":0.05,"discharge":55,"name":"Naled","type":"River"}},{"type":"Feature","geometry":{"type":"LineString","coordinates":[[-20.9861,22.5735],[-21.097,22.4097],[-21.0169,22.209],[-21.0896,22.0379],[-21.1222,21.8634],[-21.1168,21.686]]},"properties":{"id":609,"source":22953,"mouth":23748,"parent":609,"basin":609,"widthFactor":0.672,"sourceWidth":0.05,"discharge":46,"name":"Zizilarak","type":"River"}},{"type":"Feature","geometry":{"type":"LineString","coordinates":[[-44.3046,47.189],[-44.1615,47.1704],[-44.1186,47.0326],[-44.2048,46.8275],[-44.3248,46.6402]]},"properties":{"id":610,"source":843,"mouth":845,"parent":610,"basin":610,"widthFactor":0.672,"sourceWidth":0.05,"discharge":54,"name":"Torkwar","type":"River"}},{"type":"Feature","geometry":{"type":"LineString","coordinates":[[-8.0416,13.0542],[-7.8331,13.0755],[-7.6968,13.2348],[-7.5727,13.3023],[-7.4711,13.4006]]},"properties":{"id":611,"source":34924,"mouth":34518,"parent":611,"basin":611,"widthFactor":0.672,"sourceWidth":0.05,"discharge":74,"name":"Kirad","type":"River"}},{"type":"Feature","geometry":{"type":"LineString","coordinates":[[9.3716,33.8077],[9.4718,33.6636],[9.6471,33.6559],[9.7606,33.6361],[9.8743,33.6544]]},"properties":{"id":613,"source":10968,"mouth":11324,"parent":613,"basin":613,"widthFactor":0.672,"sourceWidth":0.04,"discharge":43,"name":"Dorariusmel","type":"Creek"}},{"type":"Feature","geometry":{"type":"LineString","coordinates":[[-45.6766,-8.927],[-45.8541,-9.017],[-45.9124,-9.2072],[-46.0683,-9.2801],[-46.2043,-9.3855]]},"properties":{"id":614,"source":59726,"mouth":60017,"parent":1456,"basin":1456,"widthFactor":0.56,"sourceWidth":0.05,"discharge":45,"name":"Kirzaz","type":"River"}},{"type":"Feature","geometry":{"type":"LineString","coordinates":[[54.6591,-16.6448],[54.6547,-16.3855],[54.5027,-16.1754],[54.285,-16.086],[54.0583,-16.1489],[53.901,-15.9644],[53.6653,-15.9076],[53.3773,-15.8189],[53.1976,-15.9956],[52.9629,-16.029],[52.7516,-15.9216],[52.8209,-15.5604],[52.5213,-15.3689]]},"properties":{"id":628,"source":65409,"mouth":64832,"parent":372,"basin":372,"widthFactor":0.56,"sourceWidth":0.05,"discharge":130,"name":"Dheublaralorne","type":"River"}},{"type":"Feature","geometry":{"type":"LineString","coordinates":[[-66.2604,14.9241],[-66.4783,15.139],[-66.5477,15.3525],[-66.7678,15.4487],[-66.8674,15.6388],[-67.0246,15.8349],[-66.9491,16.1378],[-67.2923,16.2966]]},"properties":{"id":629,"source":32226,"mouth":30643,"parent":73,"basin":73,"widthFactor":0.56,"sourceWidth":0.06,"discharge":77,"name":"Cliford","type":"River"}},{"type":"Feature","geometry":{"type":"LineString","coordinates":[[-49.792,-13.5597],[-49.9843,-13.7732],[-50.0371,-14.0556],[-50.1811,-14.1895],[-50.1593,-14.4822],[-50.0846,-14.81],[-50.3016,-14.9125],[-50.42,-15.1214],[-50.4553,-15.3936],[-50.3492,-15.6468],[-50.4177,-15.794],[-50.6278,-16.082],[-50.7144,-16.2993],[-50.6652,-16.5281],[-50.5679,-16.7445],[-50.5976,-17.0214],[-50.4963,-17.2809],[-50.3212,-17.4584],[-50.3655,-17.8219],[-50.3623,-18.0679],[-50.2371,-18.2797],[-50.1137,-18.5237],[-49.8947,-18.6876],[-49.8931,-18.9164],[-49.6542,-19.0924]]},"properties":{"id":631,"source":63524,"mouth":66639,"parent":631,"basin":631,"widthFactor":0.672,"sourceWidth":0.04,"discharge":224,"name":"Grur-Mog","type":"River"}},{"type":"Feature","geometry":{"type":"LineString","coordinates":[[51.0442,-7.3871],[51.0356,-7.0726],[51.3461,-6.9481],[51.5686,-6.9142],[51.7205,-6.748],[51.9341,-6.7359],[52.0893,-6.5884],[52.3039,-6.4725],[52.4146,-6.2552]]},"properties":{"id":632,"source":58307,"mouth":57617,"parent":41,"basin":41,"widthFactor":0.56,"sourceWidth":0.05,"discharge":58,"name":"Gobsil","type":"River"}},{"type":"Feature","geometry":{"type":"LineString","coordinates":[[51.7944,-5.2619],[52.0201,-5.3864],[52.3843,-5.286],[52.6089,-5.3772],[52.8442,-5.3187],[53.1501,-5.3078],[53.3801,-5.1709],[53.505,-4.9342]]},"properties":{"id":633,"source":56208,"mouth":56212,"parent":488,"basin":488,"widthFactor":0.56,"sourceWidth":0.05,"discharge":51,"name":"Feldai","type":"Fork"}},{"type":"Feature","geometry":{"type":"LineString","coordinates":[[56.7401,-0.8837],[56.9126,-0.9674],[57.0903,-0.8954],[57.3003,-0.9006],[57.4584,-0.7623],[57.5129,-0.5181],[57.418,-0.2866],[57.615,-0.1294],[57.6904,0.1112]]},"properties":{"id":634,"source":51268,"mouth":50528,"parent":407,"basin":407,"widthFactor":0.56,"sourceWidth":0.07,"discharge":113,"name":"Pyreaz","type":"River"}},{"type":"Feature","geometry":{"type":"LineString","coordinates":[[-40.534,-17.1524],[-40.4756,-17.4132],[-40.3574,-17.6037],[-40.3885,-17.8258],[-40.4633,-18.0373],[-40.6255,-18.1779],[-40.7877,-18.3186],[-41.0733,-18.4766],[-41.3286,-18.7475]]},"properties":{"id":635,"source":65703,"mouth":66477,"parent":582,"basin":1513,"widthFactor":0.56,"sourceWidth":0.04,"discharge":114,"name":"Negmurd","type":"River"}},{"type":"Feature","geometry":{"type":"LineString","coordinates":[[18.3657,17.8068],[18.202,17.9514],[17.9836,17.9501],[17.6459,17.8115],[17.4247,17.9296],[17.1758,17.9003],[16.9459,17.7923],[16.8147,17.5748],[16.5882,17.2907],[16.3065,17.1623],[16.1129,17.083],[16.0131,16.8991],[15.6995,16.8618],[15.4446,16.8646],[15.2248,16.7356],[15.1726,16.3573],[14.8286,16.1837],[14.4901,16.2327],[14.4505,16.0185],[14.2971,15.8637],[14.0627,15.8281],[13.8434,15.9182],[13.6318,15.7379],[13.5204,15.4831],[13.3074,15.4375],[13.1531,15.2838],[12.9282,15.1763]]},"properties":{"id":636,"source":28845,"mouth":32041,"parent":636,"basin":636,"widthFactor":0.672,"sourceWidth":0.05,"discharge":380,"name":"Rillin'ka","type":"River"}},{"type":"Feature","geometry":{"type":"LineString","coordinates":[[55.3113,-13.8641],[55.2756,-14.0482],[55.429,-14.1866],[55.4311,-14.3616],[55.6185,-14.4309],[55.8,-14.3475],[55.9348,-14.352],[55.9821,-14.4783]]},"properties":{"id":637,"source":63891,"mouth":64102,"parent":372,"basin":372,"widthFactor":0.56,"sourceWidth":0.06,"discharge":70,"name":"Wruil","type":"River"}},{"type":"Feature","geometry":{"type":"LineString","coordinates":[[-40.4873,-15.9333],[-40.239,-15.9406],[-40.0351,-15.7986],[-39.9149,-15.6357],[-39.9425,-15.4351],[-39.929,-15.2988],[-40.0484,-15.2319],[-39.9762,-15.0542],[-39.9394,-14.866]]},"properties":{"id":639,"source":64917,"mouth":64543,"parent":639,"basin":639,"widthFactor":0.672,"sourceWidth":0.06,"discharge":83,"name":"Bhiccon","type":"River"}},{"type":"Feature","geometry":{"type":"LineString","coordinates":[[-55.6988,36.4172],[-55.8134,36.4931],[-55.9253,36.4133],[-56.1074,36.5337],[-56.3238,36.5052],[-56.4335,36.5529],[-56.5526,36.5643]]},"properties":{"id":640,"source":8165,"mouth":8162,"parent":1106,"basin":1106,"widthFactor":0.56,"sourceWidth":0.04,"discharge":61,"name":"Newcesleho","type":"River"}},{"type":"Feature","geometry":{"type":"LineString","coordinates":[[-53.4536,-12.8622],[-53.119,-13.021],[-52.9153,-13.1676],[-52.6645,-13.1689],[-52.5765,-13.4663],[-52.6479,-13.6715],[-52.5718,-13.875],[-52.7315,-14.1046],[-52.7547,-14.3834],[-52.7119,-14.5889],[-52.8133,-14.7852],[-52.7757,-15.003],[-52.5574,-15.1499],[-52.2948,-15.1657],[-52.2962,-15.3839],[-52.1679,-15.5604],[-52.2604,-15.815],[-52.2193,-16.0828],[-52.336,-16.3319],[-52.3228,-16.6067],[-52.3594,-16.8714]]},"properties":{"id":641,"source":63051,"mouth":65260,"parent":1214,"basin":1214,"widthFactor":0.56,"sourceWidth":0.05,"discharge":126,"name":"Rezgga","type":"River"}},{"type":"Feature","geometry":{"type":"LineString","coordinates":[[45.0641,-16.2159],[45.0311,-16.445],[45.1505,-16.6433],[45.3965,-16.8254],[45.3012,-17.0283],[45.3552,-17.2458],[45.542,-17.5261],[45.3668,-17.7187],[45.3217,-17.9753],[45.3233,-18.3186],[45.4665,-18.5163],[45.391,-18.7927],[45.1794,-18.886],[45.0571,-19.0823],[44.9251,-19.2631],[44.9202,-19.4871],[44.9655,-19.7561],[44.8789,-20.0149],[44.517,-19.8958],[44.338,-20.0881],[44.1917,-20.3239],[44.1015,-20.5349],[44.1088,-20.7344],[44.1466,-20.9304],[44.1221,-21.1693],[44.2174,-21.3897],[44.1386,-21.5788],[44.1785,-21.7797],[44.3816,-21.8503],[44.5925,-21.8926]]},"properties":{"id":642,"source":65186,"mouth":68473,"parent":642,"basin":642,"widthFactor":0.672,"sourceWidth":0.05,"discharge":463,"name":"Amrith","type":"River"}},{"type":"Feature","geometry":{"type":"LineString","coordinates":[[-45.2929,47.3105],[-45.4119,47.3587],[-45.4898,47.2568],[-45.6687,47.3522],[-45.8634,47.2957],[-45.9199,47.2311],[-45.9436,47.1486]]},"properties":{"id":643,"source":721,"mouth":720,"parent":643,"basin":643,"widthFactor":0.672,"sourceWidth":0.04,"discharge":46,"name":"Clifracton","type":"River"}},{"type":"Feature","geometry":{"type":"LineString","coordinates":[[44.5404,-16.6067],[44.6621,-16.7441],[44.8609,-16.7028],[44.998,-16.8044],[45.0577,-16.9996],[45.2658,-17.0747],[45.3552,-17.2458]]},"properties":{"id":644,"source":65378,"mouth":65582,"parent":642,"basin":642,"widthFactor":0.56,"sourceWidth":0.05,"discharge":40,"name":"Brazzpobarand","type":"River"}},{"type":"Feature","geometry":{"type":"LineString","coordinates":[[48.0759,-15.5083],[47.8696,-15.6362],[47.7833,-15.8632],[47.7164,-16.0543],[47.802,-16.2377],[47.5781,-16.4124],[47.4744,-16.6768],[47.4118,-16.8148],[47.4962,-16.9407]]},"properties":{"id":645,"source":64818,"mouth":65387,"parent":334,"basin":334,"widthFactor":0.56,"sourceWidth":0.05,"discharge":119,"name":"Sadenixthada","type":"Fork"}},{"type":"Feature","geometry":{"type":"LineString","coordinates":[[-13.6644,17.9477],[-13.5335,17.9965],[-13.529,18.1361],[-13.4598,18.3542],[-13.4278,18.5806]]},"properties":{"id":646,"source":28763,"mouth":28331,"parent":646,"basin":646,"widthFactor":0.672,"sourceWidth":0.05,"discharge":48,"name":"Nulukkhath","type":"River"}},{"type":"Feature","geometry":{"type":"LineString","coordinates":[[-18.9323,19.4891],[-18.7649,19.5032],[-18.6809,19.6487],[-18.6681,19.8184],[-18.6934,19.9866]]},"properties":{"id":647,"source":26647,"mouth":26648,"parent":647,"basin":647,"widthFactor":0.672,"sourceWidth":0.04,"discharge":42,"name":"Akharb","type":"River"}},{"type":"Feature","geometry":{"type":"LineString","coordinates":[[-39.4709,-0.8284],[-39.6064,-1.0344],[-39.8382,-1.118],[-39.9978,-0.9664],[-40.0204,-0.7475],[-40.2819,-0.8265],[-40.4624,-1.0316],[-40.6959,-1.2146],[-40.9568,-1.1677],[-41.2033,-1.2652]]},"properties":{"id":648,"source":50998,"mouth":51360,"parent":545,"basin":1087,"widthFactor":0.56,"sourceWidth":0.04,"discharge":38,"name":"Kuzgzil","type":"Fork"}},{"type":"Feature","geometry":{"type":"LineString","coordinates":[[17.168,18.112],[16.9812,18.1212],[16.8521,17.9859],[16.7186,17.8699],[16.7252,17.6932],[16.5858,17.5161],[16.5882,17.2907]]},"properties":{"id":649,"source":28418,"mouth":29249,"parent":636,"basin":636,"widthFactor":0.56,"sourceWidth":0.06,"discharge":46,"name":"Naramvat","type":"River"}},{"type":"Feature","geometry":{"type":"LineString","coordinates":[[57.8149,0.6367],[57.632,0.7024],[57.4569,0.6516],[57.2818,0.6008],[57.2736,0.3614],[57.4117,0.1657]]},"properties":{"id":651,"source":49349,"mouth":49348,"parent":407,"basin":407,"widthFactor":0.56,"sourceWidth":0.05,"discharge":60,"name":"Threskurt","type":"Fork"}},{"type":"Feature","geometry":{"type":"LineString","coordinates":[[46.4315,24.4628],[46.6239,24.3607],[46.8354,24.413],[47.114,24.4761],[47.4238,24.3204],[47.6133,24.4487],[47.8417,24.4348],[48.0364,24.3415],[48.1281,24.146],[48.3305,24.0989],[48.5156,24.1935],[48.6695,23.9785],[48.9118,23.8728],[49.0153,23.8152],[49.2931,23.7708]]},"properties":{"id":652,"source":20965,"mouth":21671,"parent":652,"basin":652,"widthFactor":0.672,"sourceWidth":0.04,"discharge":196,"name":"Prean","type":"River"}},{"type":"Feature","geometry":{"type":"LineString","coordinates":[[56.0272,-15.966],[56.3697,-15.9894],[56.4794,-16.1708],[56.6825,-16.2315],[56.9907,-16.2906],[57.1408,-16.4745],[57.3705,-16.5343],[57.4728,-16.7919],[57.6911,-16.9625],[57.9049,-17.0647],[58.1386,-17.0255],[58.2678,-17.3213],[58.502,-17.4467],[58.7674,-17.4373],[59.0493,-17.4618],[59.3099,-17.3517],[59.6398,-17.3019]]},"properties":{"id":653,"source":65031,"mouth":65829,"parent":653,"basin":653,"widthFactor":0.672,"sourceWidth":0.06,"discharge":403,"name":"Saraxis","type":"River"}},{"type":"Feature","geometry":{"type":"LineString","coordinates":[[56.4063,-16.9991],[56.6722,-16.95],[56.867,-16.7624],[56.9754,-16.6523],[57.1253,-16.6892],[57.2617,-16.7874],[57.2654,-16.9555],[57.4771,-17.0327],[57.6911,-16.9625]]},"properties":{"id":655,"source":65616,"mouth":65619,"parent":653,"basin":653,"widthFactor":0.56,"sourceWidth":0.05,"discharge":78,"name":"Meraaloth","type":"River"}},{"type":"Feature","geometry":{"type":"LineString","coordinates":[[53.0684,-4.2273],[53.1761,-4.374],[53.3579,-4.3838],[53.4865,-4.4231],[53.4956,-4.5574],[53.5752,-4.7439],[53.505,-4.9342]]},"properties":{"id":656,"source":55065,"mouth":55463,"parent":488,"basin":488,"widthFactor":0.56,"sourceWidth":0.05,"discharge":52,"name":"Dobs","type":"River"}},{"type":"Feature","geometry":{"type":"LineString","coordinates":[[24.2119,24.262],[24.3223,24.4337],[24.2796,24.6333],[24.3735,24.702],[24.3185,24.8046],[24.3132,25.0315],[24.1675,25.2055]]},"properties":{"id":657,"source":21237,"mouth":20557,"parent":167,"basin":167,"widthFactor":0.56,"sourceWidth":0.04,"discharge":37,"name":"Kuzan","type":"Fork"}},{"type":"Feature","geometry":{"type":"LineString","coordinates":[[-13.2893,33.4808],[-13.5336,33.754],[-13.3825,33.9296],[-13.3733,34.1612],[-13.4574,34.4422],[-13.4761,34.8042],[-13.564,34.9997],[-13.7562,35.0946],[-13.8688,35.3274],[-14.0877,35.4651],[-14.1321,35.7462],[-14.1119,36.0498],[-13.7936,36.0537],[-13.9072,36.2335],[-14.0239,36.3269],[-13.9438,36.6103],[-14.0037,36.9115],[-14.2325,37.0431]]},"properties":{"id":658,"source":11254,"mouth":8013,"parent":658,"basin":658,"widthFactor":0.672,"sourceWidth":0.04,"discharge":256,"name":"Kanorgor","type":"River"}},{"type":"Feature","geometry":{"type":"LineString","coordinates":[[-14.5072,32.5552],[-14.6265,32.749],[-14.8666,32.7904],[-15.01,32.9537],[-15.203,33.1951],[-15.0769,33.3923],[-15.0964,33.6256],[-15.217,33.8077],[-15.0903,33.9935],[-15.1034,34.218],[-14.911,34.3359],[-14.8279,34.5457],[-14.9321,34.7497],[-14.9936,35.0798],[-15.2956,35.2378],[-15.5104,35.4706],[-15.5625,35.8419]]},"properties":{"id":659,"source":12245,"mouth":9172,"parent":659,"basin":659,"widthFactor":0.672,"sourceWidth":0.06,"discharge":131,"name":"Ulleri","type":"River"}},{"type":"Feature","geometry":{"type":"LineString","coordinates":[[50.7165,20.2108],[50.9357,20.2972],[51.0278,20.5309],[51.2216,20.6467],[51.227,20.913],[51.5422,20.9753],[51.6139,21.2206],[51.8092,21.3855],[52.0995,21.2259],[52.2962,21.3732],[52.3781,21.605],[52.619,21.6043],[52.8193,21.7382],[53.0061,21.8394]]},"properties":{"id":660,"source":26022,"mouth":23957,"parent":660,"basin":660,"widthFactor":0.672,"sourceWidth":0.05,"discharge":133,"name":"Blusee","type":"River"}},{"type":"Feature","geometry":{"type":"LineString","coordinates":[[-39.5246,-20.6237],[-39.7947,-20.8743],[-39.6522,-21.1203],[-39.8243,-21.3085],[-39.8608,-21.5609],[-40.0715,-21.6283],[-40.1931,-21.8132],[-40.2904,-21.9035],[-40.5005,-22.074],[-40.4064,-22.2849],[-40.7597,-22.4064]]},"properties":{"id":662,"source":67708,"mouth":68579,"parent":662,"basin":662,"widthFactor":0.672,"sourceWidth":0.05,"discharge":112,"name":"Ghore","type":"River"}},{"type":"Feature","geometry":{"type":"LineString","coordinates":[[18.0124,22.5423],[17.6918,22.663],[17.5365,22.8051],[17.326,22.8047],[16.9774,22.8452],[16.777,22.9544],[16.5517,22.9183],[16.3952,23.0258],[16.1108,22.9019],[15.9119,22.6638],[15.6084,22.6069]]},"properties":{"id":664,"source":23057,"mouth":23051,"parent":664,"basin":664,"widthFactor":0.672,"sourceWidth":0.05,"discharge":51,"name":"Iledgach","type":"River"}},{"type":"Feature","geometry":{"type":"LineString","coordinates":[[-40.4741,48.4992],[-40.3239,48.7624],[-40.1916,48.7787],[-40.0083,48.8865],[-39.9417,49.0885],[-39.6818,49.2909],[-39.4336,49.4295],[-39.4336,49.6]]},"properties":{"id":665,"source":405,"mouth":62,"parent":665,"basin":665,"widthFactor":0.672,"sourceWidth":0.04,"discharge":77,"name":"Chiplewent","type":"River"}},{"type":"Feature","geometry":{"type":"LineString","coordinates":[[-19.744,-8.9052],[-19.9873,-8.8878],[-20.1915,-9.0212],[-20.3624,-9.0722],[-20.4312,-9.2368]]},"properties":{"id":666,"source":59800,"mouth":59799,"parent":105,"basin":105,"widthFactor":0.56,"sourceWidth":0.05,"discharge":69,"name":"Kaccogzo","type":"Fork"}},{"type":"Feature","geometry":{"type":"LineString","coordinates":[[-51.1656,-8.2567],[-50.9797,-8.4405],[-50.9313,-8.6973],[-51.0504,-8.8928],[-51.266,-8.9698],[-51.2107,-9.2882],[-51.3679,-9.5077],[-51.499,-9.6864],[-51.4916,-9.9079],[-51.5882,-10.2823],[-51.5419,-10.5021],[-51.3741,-10.6513],[-51.2337,-10.8347],[-51.2232,-11.0655],[-51.413,-11.1457],[-51.6455,-11.1537],[-51.8349,-11.2889],[-51.7898,-11.5153],[-51.6278,-11.6797],[-51.776,-11.8437],[-51.8061,-12.0627],[-51.673,-12.2869],[-51.6722,-12.4862],[-51.7481,-12.7418],[-51.6994,-13.0039],[-51.5279,-13.161],[-51.3002,-13.2086],[-51.1142,-13.5395],[-51.0481,-13.8579],[-51.115,-14.0622],[-51.0644,-14.2713],[-50.9523,-14.5219],[-51.0355,-14.7638],[-51.0052,-15.0178],[-51.2442,-15.1393],[-51.3868,-15.2838],[-51.4325,-15.4818],[-51.5594,-15.762],[-51.6975,-15.9615],[-51.736,-16.2011],[-51.9065,-16.5304],[-51.9625,-16.8426]]},"properties":{"id":667,"source":59079,"mouth":65262,"parent":1214,"basin":1214,"widthFactor":0.56,"sourceWidth":0.06,"discharge":626,"name":"Zaccog","type":"River"}},{"type":"Feature","geometry":{"type":"LineString","coordinates":[[27.5731,14.703],[27.4547,14.5318],[27.526,14.3177],[27.4455,14.1379],[27.2421,14.1423],[27.093,14.004],[27.103,13.8109],[27.2818,13.6996],[27.3257,13.5229]]},"properties":{"id":668,"source":32904,"mouth":33761,"parent":501,"basin":501,"widthFactor":0.56,"sourceWidth":0.05,"discharge":50,"name":"Gomron","type":"River"}},{"type":"Feature","geometry":{"type":"LineString","coordinates":[[-7.8875,1.7538],[-7.7171,2.0955],[-7.4977,1.9934],[-7.3832,1.7802],[-7.3899,1.5105],[-7.2517,1.2789],[-7.1978,1.0719],[-7.0229,0.9488],[-6.6454,0.927],[-6.3894,0.8936],[-6.1949,0.8705],[-5.9995,0.8827]]},"properties":{"id":669,"source":48123,"mouth":48825,"parent":669,"basin":669,"widthFactor":0.672,"sourceWidth":0.06,"discharge":206,"name":"Gizad","type":"River"}},{"type":"Feature","geometry":{"type":"LineString","coordinates":[[-4.678,-5.5188],[-4.8218,-5.6441],[-4.8243,-5.8349],[-4.9956,-5.9391],[-5.013,-6.1564],[-5.1535,-6.2833]]},"properties":{"id":671,"source":56405,"mouth":56761,"parent":306,"basin":90,"widthFactor":0.56,"sourceWidth":0.07,"discharge":66,"name":"Srath","type":"River"}},{"type":"Feature","geometry":{"type":"LineString","coordinates":[[-39.9472,-16.4697],[-39.8764,-16.2626],[-39.8554,-16.0361],[-39.5897,-15.8655],[-39.4328,-15.5916],[-39.4748,-15.2809],[-39.5036,-15.0139]]},"properties":{"id":672,"source":65303,"mouth":64546,"parent":672,"basin":672,"widthFactor":0.672,"sourceWidth":0.05,"discharge":123,"name":"Gagh","type":"River"}},{"type":"Feature","geometry":{"type":"LineString","coordinates":[[11.7445,39.0991],[11.8939,39.2018],[12.0511,39.3412],[12.2394,39.48],[12.3048,39.7047],[12.511,39.7382],[12.7269,39.6356],[12.9624,39.6767],[13.1543,39.4753],[13.4208,39.3957],[13.6224,39.2049],[13.8138,39.036]]},"properties":{"id":673,"source":6226,"mouth":6234,"parent":673,"basin":673,"widthFactor":0.672,"sourceWidth":0.07,"discharge":93,"name":"Salmondge","type":"River"}},{"type":"Feature","geometry":{"type":"LineString","coordinates":[[4.7099,19.5678],[4.7045,19.3132],[4.8593,19.1466],[4.9006,18.9551],[4.8127,18.7745],[4.7382,18.5154],[4.8088,18.2552],[4.7169,17.9594],[4.3512,17.9547]]},"properties":{"id":675,"source":26719,"mouth":28806,"parent":675,"basin":675,"widthFactor":0.672,"sourceWidth":0.05,"discharge":117,"name":"Guj'ituk","type":"River"}},{"type":"Feature","geometry":{"type":"LineString","coordinates":[[10.5265,12.0087],[10.3046,12.1466],[10.2004,12.3863],[10.1174,12.4577],[10.1864,12.5427],[10.1404,12.7484],[9.9693,12.8713],[9.997,13.0595],[9.988,13.2496]]},"properties":{"id":676,"source":36141,"mouth":34965,"parent":676,"basin":676,"widthFactor":0.672,"sourceWidth":0.05,"discharge":83,"name":"Mij'jen","type":"River"}},{"type":"Feature","geometry":{"type":"LineString","coordinates":[[-7.2672,0.7075],[-7.1627,0.8393],[-6.9948,0.8289],[-6.8001,0.8146],[-6.6578,0.6984],[-6.5154,0.5822],[-6.3829,0.7097],[-6.3894,0.8936]]},"properties":{"id":677,"source":49166,"mouth":49168,"parent":669,"basin":669,"widthFactor":0.56,"sourceWidth":0.05,"discharge":61,"name":"Nala","type":"River"}},{"type":"Feature","geometry":{"type":"LineString","coordinates":[[-39.1884,-16.4502],[-38.8475,-16.5444],[-38.7047,-16.7634],[-38.4639,-16.8652],[-38.2585,-16.9679],[-38.0335,-16.922],[-37.8405,-17.0294],[-37.5981,-17.1299],[-37.3393,-17.0862],[-37.1253,-17.3385],[-36.9074,-17.4755]]},"properties":{"id":678,"source":65306,"mouth":65713,"parent":678,"basin":678,"widthFactor":0.672,"sourceWidth":0.05,"discharge":275,"name":"Grur","type":"River"}},{"type":"Feature","geometry":{"type":"LineString","coordinates":[[-70.3531,48.9118],[-70.527,48.9762],[-70.6886,48.8854],[-70.9076,48.8527],[-71.0536,48.6861]]},"properties":{"id":679,"source":223,"mouth":222,"parent":422,"basin":422,"widthFactor":0.56,"sourceWidth":0.04,"discharge":60,"name":"Heydon","type":"River"}},{"type":"Feature","geometry":{"type":"LineString","coordinates":[[58.7231,4.7081],[58.983,4.9276],[59.2554,4.9121],[59.4799,4.9891],[59.6134,5.1853],[59.9103,5.2153],[60.1566,5.3838],[60.3473,5.4274],[60.7185,5.3768],[60.8501,5.6152],[60.8453,5.8875],[61.0843,5.9825],[61.2714,6.0716],[61.4734,6.0253],[61.647,5.8913],[61.71,5.6812],[61.9115,5.552],[62.1793,5.5477],[62.4174,5.6703],[62.5528,5.6306]]},"properties":{"id":680,"source":44828,"mouth":43633,"parent":680,"basin":680,"widthFactor":0.672,"sourceWidth":0.08,"discharge":291,"name":"Eebrin","type":"River"}},{"type":"Feature","geometry":{"type":"LineString","coordinates":[[-44.1567,-13.9653],[-44.317,-14.1169],[-44.3373,-14.3366],[-44.5969,-14.4603],[-44.7567,-14.6994],[-44.598,-14.8606],[-44.6276,-15.0674],[-44.7863,-15.2031],[-45.0221,-15.0855],[-45.2108,-14.875],[-45.4782,-14.7835],[-45.784,-14.7492]]},"properties":{"id":681,"source":63761,"mouth":64346,"parent":1456,"basin":1456,"widthFactor":0.56,"sourceWidth":0.08,"discharge":124,"name":"Grirkraz","type":"Fork"}},{"type":"Feature","geometry":{"type":"LineString","coordinates":[[-63.689,38.0302],[-63.5863,38.2056],[-63.6377,38.4023],[-63.7369,38.5478],[-63.6852,38.7161],[-63.5008,38.8494],[-63.2735,38.8391]]},"properties":{"id":682,"source":6767,"mouth":6258,"parent":866,"basin":1106,"widthFactor":0.56,"sourceWidth":0.06,"discharge":60,"name":"Shersin","type":"River"}},{"type":"Feature","geometry":{"type":"LineString","coordinates":[[15.4901,8.0322],[15.4026,8.0925],[15.4691,8.1755],[15.6456,8.326],[15.8636,8.3699],[16.0816,8.4137],[16.2173,8.5156],[16.2194,8.6854],[16.31,8.8951],[16.3657,9.1167]]},"properties":{"id":683,"source":40816,"mouth":40089,"parent":683,"basin":683,"widthFactor":0.672,"sourceWidth":0.04,"discharge":80,"name":"Nalas","type":"River"}},{"type":"Feature","geometry":{"type":"LineString","coordinates":[[-13.1912,27.0918],[-13.0955,27.4343],[-13.3087,27.5722],[-13.5624,27.5628],[-13.7683,27.7564],[-14.0442,27.8173],[-14.1866,27.9824],[-14.2629,28.103],[-14.2579,28.3391],[-14.2885,28.5732]]},"properties":{"id":684,"source":18025,"mouth":16874,"parent":1098,"basin":1098,"widthFactor":0.56,"sourceWidth":0.05,"discharge":92,"name":"Velran","type":"Fork"}},{"type":"Feature","geometry":{"type":"LineString","coordinates":[[-3.8142,-0.9787],[-3.6175,-0.99],[-3.4741,-0.8549],[-3.3596,-0.6998],[-3.3939,-0.51],[-3.2158,-0.454],[-3.1363,-0.2851],[-3.095,-0.188],[-3.0896,-0.0827]]},"properties":{"id":685,"source":51105,"mouth":50342,"parent":685,"basin":685,"widthFactor":0.672,"sourceWidth":0.07,"discharge":123,"name":"Kepjar'jaz","type":"River"}},{"type":"Feature","geometry":{"type":"LineString","coordinates":[[-4.5971,-0.5832],[-4.5685,-0.4497],[-4.6835,-0.3761],[-4.6025,-0.1972],[-4.7123,-0.0134],[-4.6695,0.1665],[-4.648,0.2117],[-4.664,0.2591]]},"properties":{"id":686,"source":50726,"mouth":49941,"parent":686,"basin":686,"widthFactor":0.672,"sourceWidth":0.05,"discharge":47,"name":"Gahakinb","type":"River"}},{"type":"Feature","geometry":{"type":"LineString","coordinates":[[-44.9529,48.8589],[-45.1212,48.9089],[-45.2565,48.7671],[-45.4182,48.7787],[-45.6245,48.8167],[-45.8019,48.7047],[-45.9063,48.8054],[-46.0331,48.876]]},"properties":{"id":687,"source":284,"mouth":282,"parent":687,"basin":687,"widthFactor":0.672,"sourceWidth":0.04,"discharge":86,"name":"Horston","type":"River"}},{"type":"Feature","geometry":{"type":"LineString","coordinates":[[6.5341,39.3606],[6.4296,39.3202],[6.4664,39.2143],[6.3883,39.0124],[6.1964,38.9122],[6.0688,38.8662],[5.9769,38.9659],[5.8513,38.9555],[5.7341,38.9091]]},"properties":{"id":688,"source":5963,"mouth":6208,"parent":688,"basin":688,"widthFactor":0.672,"sourceWidth":0.04,"discharge":58,"name":"Mathananeas","type":"River"}},{"type":"Feature","geometry":{"type":"LineString","coordinates":[[-64.4183,39.015],[-64.2045,39.0257],[-64.0705,39.214],[-63.8727,39.2602],[-63.7815,39.1136],[-63.6097,39.0967]]},"properties":{"id":689,"source":6005,"mouth":6006,"parent":866,"basin":1106,"widthFactor":0.56,"sourceWidth":0.05,"discharge":47,"name":"Thatcking","type":"River"}},{"type":"Feature","geometry":{"type":"LineString","coordinates":[[-66.9296,34.4484],[-67.1338,34.4995],[-67.3172,34.3963],[-67.4967,34.3855],[-67.5848,34.207],[-67.746,34.1627],[-67.7968,34.0119],[-67.8017,33.8515],[-67.8433,33.6987]]},"properties":{"id":691,"source":9982,"mouth":10342,"parent":691,"basin":691,"widthFactor":0.672,"sourceWidth":0.04,"discharge":72,"name":"Brambemares","type":"River"}},{"type":"Feature","geometry":{"type":"LineString","coordinates":[[-17.2988,2.0527],[-17.1307,2.1449],[-17.0863,2.3314],[-17.0634,2.5114],[-17.1859,2.6451],[-17.1315,2.795],[-17.1136,2.9534]]},"properties":{"id":692,"source":47724,"mouth":46941,"parent":692,"basin":692,"widthFactor":0.672,"sourceWidth":0.05,"discharge":47,"name":"Shuzanbumun","type":"River"}},{"type":"Feature","geometry":{"type":"LineString","coordinates":[[-55.3393,37.5585],[-55.1962,37.6948],[-55.1961,37.8924],[-55.1068,38.0331],[-55.1696,38.1875],[-55.1085,38.2952],[-55.0825,38.4163]]},"properties":{"id":693,"source":7340,"mouth":6791,"parent":693,"basin":693,"widthFactor":0.672,"sourceWidth":0.04,"discharge":43,"name":"Dunsted","type":"River"}},{"type":"Feature","geometry":{"type":"LineString","coordinates":[[5.0477,29.7705],[5.2185,29.944],[5.4594,29.9784],[5.638,29.855],[5.6913,29.6444],[5.62,29.4727],[5.5847,29.2902]]},"properties":{"id":694,"source":15061,"mouth":15437,"parent":694,"basin":694,"widthFactor":0.672,"sourceWidth":0.06,"discharge":65,"name":"Kaloslelora","type":"River"}},{"type":"Feature","geometry":{"type":"LineString","coordinates":[[-70.459,44.3888],[-70.6223,44.5159],[-70.8279,44.4932],[-70.9467,44.4325],[-71.0434,44.3406]]},"properties":{"id":695,"source":2175,"mouth":1952,"parent":695,"basin":695,"widthFactor":0.672,"sourceWidth":0.07,"discharge":95,"name":"Picham","type":"River"}},{"type":"Feature","geometry":{"type":"LineString","coordinates":[[-6.1668,23.1636],[-6.058,23.3357],[-5.8594,23.3808],[-5.6872,23.312],[-5.5974,23.1638],[-5.5076,23.0157],[-5.3179,23.107],[-5.1473,23.2305]]},"properties":{"id":696,"source":22254,"mouth":22622,"parent":696,"basin":696,"widthFactor":0.672,"sourceWidth":0.06,"discharge":79,"name":"Shundinulb","type":"River"}},{"type":"Feature","geometry":{"type":"LineString","coordinates":[[-70.5812,48.0181],[-70.7214,48.1006],[-70.8668,48.0275],[-71.0766,48.0073],[-71.2792,47.9496]]},"properties":{"id":697,"source":448,"mouth":447,"parent":697,"basin":697,"widthFactor":0.672,"sourceWidth":0.06,"discharge":64,"name":"Macke","type":"River"}},{"type":"Feature","geometry":{"type":"LineString","coordinates":[[-68.2231,26.2736],[-68.0962,26.2082],[-67.9849,26.2977],[-67.7808,26.2519],[-67.5717,26.244]]},"properties":{"id":698,"source":18968,"mouth":18969,"parent":698,"basin":698,"widthFactor":0.672,"sourceWidth":0.05,"discharge":47,"name":"Bosfieldbu","type":"River"}},{"type":"Feature","geometry":{"type":"LineString","coordinates":[[-36.4443,-18.6525],[-36.2854,-18.7152],[-36.1416,-18.623],[-35.9272,-18.6688],[-35.7081,-18.6767]]},"properties":{"id":699,"source":66491,"mouth":66492,"parent":699,"basin":699,"widthFactor":0.672,"sourceWidth":0.05,"discharge":65,"name":"Mucrad","type":"River"}},{"type":"Feature","geometry":{"type":"LineString","coordinates":[[-50.6784,-9.6876],[-50.8694,-9.6105],[-51.0597,-9.6891],[-51.2382,-9.6939],[-51.3304,-9.869],[-51.4916,-9.9079]]},"properties":{"id":713,"source":60288,"mouth":60287,"parent":667,"basin":1214,"widthFactor":0.56,"sourceWidth":0.06,"discharge":47,"name":"Gridadh","type":"River"}},{"type":"Feature","geometry":{"type":"LineString","coordinates":[[-51.0481,-10.2442],[-51.1775,-10.4199],[-51.157,-10.6373],[-51.0489,-10.7004],[-51.0823,-10.821],[-51.0878,-10.9807],[-51.2232,-11.0655]]},"properties":{"id":714,"source":60856,"mouth":61465,"parent":667,"basin":1214,"widthFactor":0.56,"sourceWidth":0.04,"discharge":55,"name":"Ghegroc","type":"Fork"}},{"type":"Feature","geometry":{"type":"LineString","coordinates":[[-52.3275,-10.9868],[-52.1148,-11.0729],[-52.0061,-11.2749],[-52.0737,-11.4818],[-52.2606,-11.5933],[-52.2468,-11.8193],[-52.0948,-11.9872],[-51.9691,-12.0963],[-51.8061,-12.0627]]},"properties":{"id":716,"source":61461,"mouth":62307,"parent":667,"basin":1214,"widthFactor":0.56,"sourceWidth":0.05,"discharge":75,"name":"Zaccegzo","type":"River"}},{"type":"Feature","geometry":{"type":"LineString","coordinates":[[-58.632,2.0761],[-58.7207,1.8044],[-58.8873,1.6187],[-58.9145,1.3708],[-59.2258,1.3233],[-59.3799,1.0664],[-59.5745,0.8505],[-59.6406,0.5674],[-59.9146,0.4887],[-60.1613,0.4444],[-60.5099,0.3393],[-60.6576,0.481],[-60.8267,0.5962]]},"properties":{"id":717,"source":47594,"mouth":49374,"parent":717,"basin":717,"widthFactor":0.672,"sourceWidth":0.05,"discharge":117,"name":"Rezulzor","type":"River"}},{"type":"Feature","geometry":{"type":"LineString","coordinates":[[24.1987,11.6888],[23.9569,11.685],[23.7675,11.5346],[23.45,11.5969],[23.2461,11.642],[22.9037,11.5829],[22.5496,11.6125],[22.5128,11.8697],[22.3457,12.0687],[22.0942,12.0929],[21.8686,11.9791],[21.6118,12.2018]]},"properties":{"id":718,"source":36570,"mouth":36159,"parent":718,"basin":718,"widthFactor":0.672,"sourceWidth":0.05,"discharge":121,"name":"Gluth","type":"River"}},{"type":"Feature","geometry":{"type":"LineString","coordinates":[[10.3607,44.4823],[10.5287,44.628],[10.56,44.8482],[10.7623,45.0272],[11.0806,45.1985],[11.0308,45.418],[11.0044,45.6687],[10.7636,45.7997],[10.5078,45.8983]]},"properties":{"id":719,"source":2382,"mouth":1538,"parent":719,"basin":719,"widthFactor":0.672,"sourceWidth":0.05,"discharge":119,"name":"Nexeven","type":"River"}},{"type":"Feature","geometry":{"type":"LineString","coordinates":[[52.4808,-9.1597],[52.6019,-9.3339],[52.8092,-9.3785],[53.0715,-9.563],[53.2948,-9.4688],[53.3936,-9.6577],[53.5913,-9.7374],[53.7444,-9.9041],[53.9672,-9.9437],[54.2358,-10.0309],[54.5128,-9.9756],[54.7128,-10.171],[54.887,-10.3471],[55.1284,-10.4022],[55.1618,-10.6077]]},"properties":{"id":721,"source":60217,"mouth":61058,"parent":295,"basin":295,"widthFactor":0.56,"sourceWidth":0.04,"discharge":88,"name":"Chiafta","type":"River"}},{"type":"Feature","geometry":{"type":"LineString","coordinates":[[-50.5632,41.6774],[-50.3858,41.9024],[-50.4247,42.2371],[-50.5126,42.5579],[-50.8185,42.5999],[-50.9726,42.8903],[-51.1437,43.0953],[-51.3959,43.183],[-51.4543,43.5341],[-51.2411,43.8073],[-51.1325,43.983],[-51.157,44.188],[-50.9314,44.2332],[-50.7694,44.3966],[-50.9687,44.6722],[-50.8705,44.8738],[-50.6768,44.9867],[-50.5572,45.2058],[-50.5624,45.4554],[-50.5936,45.622],[-50.4971,45.773]]},"properties":{"id":722,"source":4119,"mouth":1423,"parent":722,"basin":722,"widthFactor":0.672,"sourceWidth":0.05,"discharge":143,"name":"Sudbury","type":"River"}},{"type":"Feature","geometry":{"type":"LineString","coordinates":[[-1.288,37.5982],[-1.0148,37.5585],[-0.9541,37.7258],[-0.7237,37.6889],[-0.5183,37.7998],[-0.363,38.0121],[-0.3463,38.2747],[-0.3899,38.5331],[-0.3692,38.7529],[-0.4872,38.9395],[-0.4483,39.24]]},"properties":{"id":723,"source":7504,"mouth":6439,"parent":175,"basin":175,"widthFactor":0.56,"sourceWidth":0.06,"discharge":138,"name":"Efdolumemy","type":"Fork"}},{"type":"Feature","geometry":{"type":"LineString","coordinates":[[53.0357,-7.3412],[53.3999,-7.2462],[53.698,-7.2579],[53.8804,-7.1517],[53.9462,-6.9512],[54.1602,-6.9995],[54.3564,-6.9014],[54.5953,-6.8569],[54.7665,-6.6842],[55.0747,-6.5573],[55.2879,-6.8788],[55.4162,-7.0423],[55.6187,-7.089],[55.9868,-7.0578],[56.186,-7.0704],[56.3845,-7.0493]]},"properties":{"id":724,"source":58313,"mouth":57971,"parent":724,"basin":724,"widthFactor":0.672,"sourceWidth":0.04,"discharge":182,"name":"Swaxi","type":"River"}},{"type":"Feature","geometry":{"type":"LineString","coordinates":[[-63.3684,34.8563],[-63.6093,34.9438],[-63.7552,35.1545],[-63.7925,35.372],[-63.6797,35.5617],[-63.7163,35.8092],[-63.8976,35.9205],[-63.9521,36.2888],[-64.1202,36.4353],[-64.3428,36.4499],[-64.6206,36.6126],[-64.7682,36.8305],[-65.0058,36.9435],[-65.1483,37.1233]]},"properties":{"id":725,"source":9649,"mouth":7857,"parent":725,"basin":725,"widthFactor":0.672,"sourceWidth":0.06,"discharge":225,"name":"Axbrid","type":"River"}},{"type":"Feature","geometry":{"type":"LineString","coordinates":[[-58.2639,7.583],[-58.4602,7.6923],[-58.6803,7.6477],[-58.9853,7.6508],[-59.0708,7.8658],[-59.2702,7.9832],[-59.6282,8.061],[-59.9768,8.2121],[-60.2363,8.3095],[-60.5099,8.265],[-60.6673,8.4135],[-60.8827,8.4339],[-61.0629,8.5319],[-61.257,8.5982]]},"properties":{"id":726,"source":40964,"mouth":40231,"parent":726,"basin":726,"widthFactor":0.672,"sourceWidth":0.04,"discharge":71,"name":"Khuzdra","type":"River"}},{"type":"Feature","geometry":{"type":"LineString","coordinates":[[53.3104,-18.63],[53.4929,-18.8884],[53.7766,-19.0286],[54.0964,-19.1181],[54.3992,-19.3547],[54.5953,-19.3438],[54.7463,-19.6685],[54.7984,-19.976],[54.9821,-20.2282],[55.2371,-20.1815],[55.4303,-20.0087],[55.6002,-20.1841],[55.8381,-20.2391],[55.8226,-20.3948],[55.8022,-20.6118],[55.9128,-20.7996],[55.965,-21.0954],[55.8179,-21.3087],[55.87,-21.5298],[56.1012,-21.6637]]},"properties":{"id":728,"source":66585,"mouth":68184,"parent":728,"basin":728,"widthFactor":0.672,"sourceWidth":0.06,"discharge":333,"name":"Metatharauthar","type":"River"}},{"type":"Feature","geometry":{"type":"LineString","coordinates":[[50.4223,-17.3003],[50.4872,-17.5046],[50.3967,-17.6989],[50.3065,-17.8716],[50.1196,-17.9262]]},"properties":{"id":730,"source":65802,"mouth":65997,"parent":735,"basin":1270,"widthFactor":0.56,"sourceWidth":0.04,"discharge":35,"name":"Skurmul","type":"River"}},{"type":"Feature","geometry":{"type":"LineString","coordinates":[[1.4569,35.7991],[1.7674,35.8139],[1.9539,35.7184],[2.1557,35.775],[2.3915,36.0498],[2.6357,36.0699],[2.8242,36.2265],[3.1457,36.0638]]},"properties":{"id":731,"source":8922,"mouth":8637,"parent":146,"basin":146,"widthFactor":0.56,"sourceWidth":0.05,"discharge":57,"name":"Ithlinzande","type":"River"}},{"type":"Feature","geometry":{"type":"LineString","coordinates":[[43.0539,-18.4704],[43.3567,-18.6455],[43.3948,-18.9639],[43.3925,-19.2317],[43.568,-19.3878],[43.8018,-19.4084],[43.8429,-19.6402],[44.012,-19.8039],[44.1281,-19.9998],[44.338,-20.0881]]},"properties":{"id":732,"source":66554,"mouth":67385,"parent":642,"basin":642,"widthFactor":0.56,"sourceWidth":0.05,"discharge":84,"name":"Thagas","type":"Fork"}},{"type":"Feature","geometry":{"type":"LineString","coordinates":[[47.5024,28.2323],[47.6943,28.3326],[47.7693,28.5359],[47.6371,28.7383],[47.6526,28.9796],[47.8388,29.1377],[48.0822,29.1571],[48.3243,29.137],[48.5335,29.2606],[48.7016,29.2544],[48.9487,29.1722],[49.2021,29.2326],[49.5351,29.2147],[49.8231,29.1291],[49.9678,29.2163],[50.1401,29.0673],[50.3798,29.0721],[50.5655,28.9539],[50.806,28.683]]},"properties":{"id":733,"source":17052,"mouth":16287,"parent":733,"basin":733,"widthFactor":0.672,"sourceWidth":0.06,"discharge":150,"name":"Suirx","type":"River"}},{"type":"Feature","geometry":{"type":"LineString","coordinates":[[59.0624,2.6887],[59.2721,2.7439],[59.3908,2.9254],[59.6546,3.1044],[59.9761,2.9939],[60.1776,3.087],[60.2765,3.2858],[60.5047,3.3911],[60.6368,3.605],[60.7822,3.7731],[60.7955,3.995],[61.078,4.0659],[61.3598,3.9382],[61.5187,4.0718],[61.5606,4.2753],[61.7888,4.2835],[61.973,4.4185],[62.2509,4.6209],[62.3941,4.8193],[62.4151,5.0631],[62.4921,5.2079]]},"properties":{"id":734,"source":47164,"mouth":44453,"parent":734,"basin":734,"widthFactor":0.672,"sourceWidth":0.06,"discharge":538,"name":"Brybring","type":"River"}},{"type":"Feature","geometry":{"type":"LineString","coordinates":[[50.1523,-17.2925],[50.01,-17.4545],[50.0138,-17.6701],[50.1196,-17.9262],[50.0737,-18.1543],[50.1764,-18.3629],[50.4091,-18.4774],[50.6792,-18.5529],[50.9484,-18.6316],[51.2216,-18.5677],[51.3999,-18.7231],[51.6348,-18.7499],[51.8698,-18.7116],[52.0862,-18.8106],[52.1776,-19.0026],[52.1337,-19.2107],[52.4536,-19.4186],[52.6575,-19.5696],[52.6307,-19.7816],[52.7322,-19.9697],[52.6979,-20.1651],[52.6505,-20.5295],[52.8374,-20.6388],[53.0536,-20.6268],[53.3758,-20.591],[53.6474,-20.8292],[53.796,-21.0203],[54.0178,-21.1172],[54.2578,-21.24],[54.5097,-21.336]]},"properties":{"id":735,"source":65801,"mouth":68009,"parent":1270,"basin":1270,"widthFactor":0.56,"sourceWidth":0.05,"discharge":468,"name":"Ma'tarktor","type":"Fork"}},{"type":"Feature","geometry":{"type":"LineString","coordinates":[[10.8798,41.0663],[11.0587,41.2144],[11.104,41.4423],[11.2581,41.7872],[11.5966,41.9094],[11.6721,42.0487],[11.9173,42.1895],[12.0604,42.4333],[12.2449,42.617],[12.4731,42.6236],[12.6542,42.7626],[12.571,43.0234],[12.5842,43.3177],[12.4301,43.5683]]},"properties":{"id":737,"source":4722,"mouth":3094,"parent":737,"basin":737,"widthFactor":0.672,"sourceWidth":0.06,"discharge":201,"name":"Exningham","type":"River"}},{"type":"Feature","geometry":{"type":"LineString","coordinates":[[52.1189,14.0499],[52.2995,14.0164],[52.4775,13.814],[52.7368,13.7408],[52.9555,13.8047],[53.087,13.9907],[53.2842,14.0923],[53.3742,14.2951],[53.6262,14.2769],[53.8466,14.4002],[54.0365,14.2437],[54.3875,14.2897]]},"properties":{"id":738,"source":33836,"mouth":33416,"parent":738,"basin":738,"widthFactor":0.672,"sourceWidth":0.05,"discharge":132,"name":"Blus","type":"River"}},{"type":"Feature","geometry":{"type":"LineString","coordinates":[[-29.6977,-5.8808],[-29.759,-6.1201],[-29.6651,-6.3487],[-29.3717,-6.4888],[-29.4215,-6.7046],[-29.5973,-6.8391],[-29.4079,-6.9815],[-29.159,-6.9495],[-28.9576,-7.0571],[-29.0432,-7.4222],[-28.7584,-7.5047],[-28.5957,-7.6814],[-28.5437,-7.8932],[-28.3747,-8.0309],[-28.2036,-8.218],[-28.009,-8.3805]]},"properties":{"id":739,"source":56686,"mouth":58785,"parent":739,"basin":739,"widthFactor":0.672,"sourceWidth":0.05,"discharge":110,"name":"Brogzokh","type":"River"}},{"type":"Feature","geometry":{"type":"LineString","coordinates":[[57.3036,-15.7496],[57.4705,-15.8963],[57.6927,-15.8975],[57.8997,-15.952],[58.0904,-15.8547],[58.2966,-15.7776],[58.4757,-15.887],[58.6826,-15.8516],[58.8095,-16.0736],[59.0367,-16.191],[59.2852,-16.1537],[59.4733,-15.987],[59.5846,-15.7667]]},"properties":{"id":740,"source":65035,"mouth":65042,"parent":740,"basin":740,"widthFactor":0.672,"sourceWidth":0.05,"discharge":141,"name":"A-Jikan","type":"River"}},{"type":"Feature","geometry":{"type":"LineString","coordinates":[[-40.0748,46.9968],[-40.0025,47.1947],[-40.0857,47.3883],[-39.8188,47.5534],[-39.6406,47.6857],[-39.6164,47.9636],[-39.4982,48.0664],[-39.4088,48.2748],[-39.4616,48.4953],[-39.2511,48.5462],[-39.116,48.7156],[-39.0304,49.0021],[-39.0643,49.2879],[-39.2258,49.526],[-39.2258,49.6]]},"properties":{"id":741,"source":857,"mouth":63,"parent":741,"basin":741,"widthFactor":0.672,"sourceWidth":0.07,"discharge":200,"name":"Castfordbu","type":"River"}},{"type":"Feature","geometry":{"type":"LineString","coordinates":[[41.7714,-23.7882],[41.6711,-23.9838],[41.7255,-24.1969],[41.7255,-24.2]]},"properties":{"id":742,"source":69357,"mouth":69467,"parent":742,"basin":742,"widthFactor":0.672,"sourceWidth":0.05,"discharge":93,"name":"Klithanzpolot","type":"Creek"}},{"type":"Feature","geometry":{"type":"LineString","coordinates":[[-15.7563,33.4496],[-15.7017,33.6362],[-15.8014,33.8031],[-15.6669,33.9962],[-15.6793,34.2312],[-15.6486,34.3571],[-15.5197,34.3698],[-15.2863,34.3632],[-15.1034,34.218]]},"properties":{"id":744,"source":11246,"mouth":10162,"parent":659,"basin":659,"widthFactor":0.56,"sourceWidth":0.04,"discharge":39,"name":"Mathilfana","type":"Fork"}},{"type":"Feature","geometry":{"type":"LineString","coordinates":[[-1.2226,2.3914],[-1.4832,2.3732],[-1.6872,2.21],[-1.825,2.2209],[-2.1067,2.1212],[-2.345,2.132],[-2.5441,2.0006],[-2.8229,1.9381],[-3.0351,1.7468],[-3.1745,1.7156]]},"properties":{"id":745,"source":47394,"mouth":47766,"parent":745,"basin":745,"widthFactor":0.672,"sourceWidth":0.07,"discharge":80,"name":"Graj'a","type":"River"}},{"type":"Feature","geometry":{"type":"LineString","coordinates":[[23.1045,25.2694],[23.0873,25.4749],[22.8196,25.6069],[22.5216,25.5893],[22.435,25.8506],[22.2243,26.0276],[21.9278,25.9971],[21.653,26.1124],[21.5679,26.3107],[21.6274,26.518],[21.5329,26.7506],[21.327,26.894],[21.2663,27.2537],[21.0203,27.3526],[20.955,27.4974],[20.6086,27.5052]]},"properties":{"id":747,"source":20222,"mouth":17743,"parent":747,"basin":747,"widthFactor":0.672,"sourceWidth":0.05,"discharge":123,"name":"Kindukk","type":"River"}},{"type":"Feature","geometry":{"type":"LineString","coordinates":[[-69.2963,24.6287],[-69.3224,24.8666],[-69.4893,25.0381],[-69.6898,25.0861],[-69.8683,24.9829],[-70.0046,25.1127],[-70.2055,25.0665],[-70.3547,25.1611]]},"properties":{"id":748,"source":20663,"mouth":20325,"parent":385,"basin":385,"widthFactor":0.56,"sourceWidth":0.05,"discharge":52,"name":"Mitford","type":"River"}},{"type":"Feature","geometry":{"type":"LineString","coordinates":[[59.8258,0.1454],[60.03,0.0762],[60.2274,0.1626],[60.3615,0.1624],[60.4088,0.2879],[60.5995,0.2769],[60.7395,0.407]]},"properties":{"id":749,"source":50142,"mouth":49746,"parent":309,"basin":309,"widthFactor":0.56,"sourceWidth":0.06,"discharge":80,"name":"Fruict","type":"River"}},{"type":"Feature","geometry":{"type":"LineString","coordinates":[[-12.3686,0.6997],[-12.1424,0.7245],[-11.9849,0.8889],[-11.7807,1.0602],[-11.704,1.3155],[-11.6013,1.5144],[-11.6472,1.7335],[-11.6557,1.9936],[-11.5413,2.3228],[-11.718,2.4256]]},"properties":{"id":751,"source":49151,"mouth":47366,"parent":751,"basin":751,"widthFactor":0.672,"sourceWidth":0.06,"discharge":127,"name":"Shazir","type":"River"}},{"type":"Feature","geometry":{"type":"LineString","coordinates":[[-3.1418,41.1807],[-3.2717,41.4516],[-3.0582,41.5768],[-2.8118,41.5528],[-2.5912,41.7029],[-2.4865,41.9483],[-2.2721,42.0343],[-2.1534,42.2325],[-2.33,42.3596],[-2.3876,42.5695],[-2.2457,42.726],[-2.0367,42.7564],[-1.8115,42.9325],[-1.6973,43.1947],[-1.4273,43.4173],[-1.5674,43.7256],[-1.5474,43.9732],[-1.6592,44.195],[-1.6577,44.3429]]},"properties":{"id":752,"source":4683,"mouth":2587,"parent":752,"basin":752,"widthFactor":0.672,"sourceWidth":0.06,"discharge":256,"name":"Ariselumye","type":"River"}},{"type":"Feature","geometry":{"type":"LineString","coordinates":[[-35.4194,49.5175],[-35.6487,49.4526],[-35.8692,49.5432],[-35.8692,49.6]]},"properties":{"id":753,"source":74,"mouth":73,"parent":753,"basin":753,"widthFactor":0.672,"sourceWidth":0.05,"discharge":75,"name":"Pilcestondo","type":"Creek"}},{"type":"Feature","geometry":{"type":"LineString","coordinates":[[48.5055,27.0871],[48.6767,27.3062],[48.7032,27.583],[48.9982,27.6725],[49.3157,27.5277],[49.539,27.6968],[49.6457,27.9559],[49.9354,27.8795],[50.227,27.9481],[50.4768,28.2229]]},"properties":{"id":754,"source":18186,"mouth":17456,"parent":754,"basin":754,"widthFactor":0.672,"sourceWidth":0.05,"discharge":152,"name":"Glam","type":"River"}},{"type":"Feature","geometry":{"type":"LineString","coordinates":[[-15.7392,30.9445],[-15.9638,31.108],[-16.2411,31.1251],[-16.2598,31.5019],[-16.6396,31.5626],[-16.8427,31.6288],[-17.1743,31.6482]]},"properties":{"id":756,"source":13875,"mouth":13229,"parent":1098,"basin":1098,"widthFactor":0.56,"sourceWidth":0.05,"discharge":101,"name":"Himnanarien","type":"Fork"}},{"type":"Feature","geometry":{"type":"LineString","coordinates":[[-9.1934,3.2944],[-9.2935,3.512],[-9.5062,3.6221],[-9.8323,3.6276],[-10.1638,3.5396],[-10.2211,3.7538],[-10.4303,3.8639],[-10.5179,4.0573],[-10.5063,4.3858],[-10.5257,4.6015]]},"properties":{"id":757,"source":46180,"mouth":45008,"parent":757,"basin":757,"widthFactor":0.672,"sourceWidth":0.04,"discharge":75,"name":"Nabadzah","type":"River"}},{"type":"Feature","geometry":{"type":"LineString","coordinates":[[56.8148,-13.39],[56.9231,-13.4439],[56.9946,-13.3464],[57.2346,-13.1656],[57.5324,-13.1261],[57.6731,-13.1772],[57.6989,-13.3246],[57.9268,-13.3356],[58.1534,-13.3098]]},"properties":{"id":758,"source":63458,"mouth":63462,"parent":758,"basin":758,"widthFactor":0.672,"sourceWidth":0.05,"discharge":103,"name":"Heshai","type":"River"}},{"type":"Feature","geometry":{"type":"LineString","coordinates":[[1.9246,1.4424],[1.8824,1.1461],[1.9946,0.8686],[1.9534,0.692],[2.0616,0.5464],[2.1027,0.4123],[2.2413,0.3922],[2.2819,0.2648],[2.3557,0.1532]]},"properties":{"id":759,"source":48504,"mouth":49202,"parent":759,"basin":759,"widthFactor":0.672,"sourceWidth":0.12,"discharge":118,"name":"Krajajas","type":"River"}},{"type":"Feature","geometry":{"type":"LineString","coordinates":[[14.3422,5.2857],[14.2656,5.1782],[14.3446,5.0724],[14.2012,4.8339],[14.2053,4.5555],[14.1147,4.4718],[14.1718,4.3625],[14.1422,4.2522],[14.1492,4.1383]]},"properties":{"id":760,"source":43902,"mouth":45100,"parent":760,"basin":760,"widthFactor":0.672,"sourceWidth":0.07,"discharge":87,"name":"Srataph","type":"River"}},{"type":"Feature","geometry":{"type":"LineString","coordinates":[[17.8031,8.3203],[17.8256,8.5473],[17.6972,8.736],[17.6539,8.8845],[17.5042,8.9236],[17.4557,9.0177],[17.3618,8.9687],[17.2482,9.141],[17.1058,9.2903]]},"properties":{"id":761,"source":40465,"mouth":39715,"parent":761,"basin":761,"widthFactor":0.672,"sourceWidth":0.05,"discharge":52,"name":"Pu'jeshaph","type":"River"}},{"type":"Feature","geometry":{"type":"LineString","coordinates":[[-6.5007,42.7019],[-6.4335,42.9057],[-6.5217,43.1012],[-6.4659,43.3353],[-6.5621,43.5559],[-6.3892,43.7341],[-6.3505,43.9794],[-6.2543,44.0873],[-6.1886,44.216]]},"properties":{"id":762,"source":3521,"mouth":2568,"parent":762,"basin":762,"widthFactor":0.672,"sourceWidth":0.06,"discharge":172,"name":"Filwen","type":"River"}},{"type":"Feature","geometry":{"type":"LineString","coordinates":[[-19.8592,41.9164],[-19.9154,42.1383],[-20.1005,42.2729],[-20.3409,42.1892],[-20.5861,42.2581],[-20.7601,42.4212],[-20.8024,42.6559],[-20.7946,42.7717],[-20.8234,42.884]]},"properties":{"id":764,"source":4193,"mouth":3486,"parent":764,"basin":764,"widthFactor":0.672,"sourceWidth":0.05,"discharge":79,"name":"Chalessas","type":"River"}},{"type":"Feature","geometry":{"type":"LineString","coordinates":[[-66.9763,34.7699],[-67.353,34.7326],[-67.4983,34.8972],[-67.7157,34.9272],[-67.932,34.7762],[-68.174,34.7785],[-68.3725,34.6399],[-68.5517,34.5616],[-68.7134,34.4515]]},"properties":{"id":765,"source":9638,"mouth":9977,"parent":765,"basin":765,"widthFactor":0.672,"sourceWidth":0.07,"discharge":139,"name":"Brampton","type":"River"}},{"type":"Feature","geometry":{"type":"LineString","coordinates":[[-61.18,42.2535],[-61.206,42.4514],[-61.0819,42.6077],[-60.9126,42.7721],[-60.678,42.7984],[-60.5835,43.0256],[-60.6383,43.2655],[-60.5104,43.3305],[-60.4033,43.4259]]},"properties":{"id":767,"source":3850,"mouth":3159,"parent":767,"basin":767,"widthFactor":0.672,"sourceWidth":0.05,"discharge":60,"name":"Balington","type":"River"}},{"type":"Feature","geometry":{"type":"LineString","coordinates":[[-11.367,31.3267],[-11.3071,31.3812],[-11.2176,31.6539],[-11.2806,31.9339],[-11.0367,32.0103],[-10.8775,32.2103],[-10.5615,32.4314],[-10.3273,32.4189],[-10.0557,32.6509]]},"properties":{"id":768,"source":13556,"mouth":12258,"parent":768,"basin":768,"widthFactor":0.672,"sourceWidth":0.04,"discharge":95,"name":"Gualssad","type":"River"}},{"type":"Feature","geometry":{"type":"LineString","coordinates":[[-54.4311,42.4162],[-54.4364,42.3205],[-54.5252,42.3562],[-54.6954,42.2609],[-54.8781,42.2794],[-55.0607,42.2978],[-55.1791,42.1725],[-55.2677,42.0246]]},"properties":{"id":769,"source":3648,"mouth":3646,"parent":769,"basin":769,"widthFactor":0.672,"sourceWidth":0.05,"discharge":62,"name":"Nortonmouth","type":"River"}},{"type":"Feature","geometry":{"type":"LineString","coordinates":[[19.2288,7.1852],[19.395,7.1359],[19.5339,7.2397],[19.7126,7.2053],[19.8545,7.3191],[19.843,7.4331],[19.9541,7.4608],[20.1819,7.3671],[20.3931,7.2405]]},"properties":{"id":772,"source":41563,"mouth":41196,"parent":772,"basin":772,"widthFactor":0.672,"sourceWidth":0.06,"discharge":125,"name":"Ran'harju","type":"River"}},{"type":"Feature","geometry":{"type":"LineString","coordinates":[[-43.5186,-7.5545],[-43.3574,-7.5297],[-43.2905,-7.3809],[-43.1524,-7.3607],[-43.1154,-7.226],[-42.9208,-7.2314],[-42.78,-7.0968],[-42.6066,-7.0558],[-42.4454,-6.98]]},"properties":{"id":773,"source":58397,"mouth":57688,"parent":773,"basin":773,"widthFactor":0.672,"sourceWidth":0.09,"discharge":110,"name":"Nudh","type":"River"}},{"type":"Feature","geometry":{"type":"LineString","coordinates":[[-71.1843,49.5011],[-71.3343,49.3402],[-71.5532,49.319],[-71.5532,49.6]]},"properties":{"id":774,"source":4,"mouth":3,"parent":774,"basin":774,"widthFactor":0.672,"sourceWidth":0.05,"discharge":83,"name":"Helstorough","type":"River"}},{"type":"Feature","geometry":{"type":"LineString","coordinates":[[51.4395,5.9848],[51.3779,6.1734],[51.4714,6.3484],[51.5956,6.4709],[51.7687,6.4488],[51.9475,6.3488],[52.1415,6.283]]},"properties":{"id":775,"source":43189,"mouth":42400,"parent":775,"basin":775,"widthFactor":0.672,"sourceWidth":0.05,"discharge":97,"name":"Vrea","type":"River"}},{"type":"Feature","geometry":{"type":"LineString","coordinates":[[60.9006,-8.1796],[61.0615,-8.1357],[61.1162,-7.978],[61.2259,-7.8043],[61.1854,-7.6028],[61.1831,-7.5046],[61.1442,-7.4144]]},"properties":{"id":776,"source":59359,"mouth":58692,"parent":776,"basin":776,"widthFactor":0.672,"sourceWidth":0.05,"discharge":60,"name":"Heskurt","type":"River"}},{"type":"Feature","geometry":{"type":"LineString","coordinates":[[-48.3779,-13.2421],[-48.2096,-13.1776],[-48.1825,-12.9792],[-48.0425,-12.8879],[-48.0042,-12.7261],[-48.1141,-12.6014],[-48.1811,-12.4793],[-48.2783,-12.3795]]},"properties":{"id":778,"source":63298,"mouth":62825,"parent":1456,"basin":1456,"widthFactor":0.56,"sourceWidth":0.05,"discharge":98,"name":"Rurguz","type":"River"}},{"type":"Feature","geometry":{"type":"LineString","coordinates":[[37.5728,23.5948],[37.5237,23.7645],[37.3307,23.8032],[37.2529,23.9467],[37.33,24.0368],[37.2545,24.1281],[37.1294,24.2271],[36.9798,24.2862],[36.8498,24.3772]]},"properties":{"id":779,"source":21990,"mouth":21282,"parent":779,"basin":779,"widthFactor":0.672,"sourceWidth":0.05,"discharge":46,"name":"Pinostilnue","type":"River"}},{"type":"Feature","geometry":{"type":"LineString","coordinates":[[-71.2505,49.0753],[-71.4514,49.1143],[-71.6217,49.0006],[-71.7612,48.915],[-71.7695,48.7515],[-71.8556,48.6332],[-71.9088,48.4969]]},"properties":{"id":781,"source":97,"mouth":217,"parent":781,"basin":781,"widthFactor":0.672,"sourceWidth":0.05,"discharge":101,"name":"Bruryles","type":"River"}},{"type":"Feature","geometry":{"type":"LineString","coordinates":[[56.6444,-3.7649],[56.8006,-3.8824],[57.0021,-3.8106],[57.1674,-3.8902],[57.143,-4.055],[57.2631,-4.1705],[57.225,-4.3942],[57.2242,-4.6212]]},"properties":{"id":782,"source":54299,"mouth":55080,"parent":782,"basin":782,"widthFactor":0.672,"sourceWidth":0.04,"discharge":75,"name":"Suirx","type":"River"}},{"type":"Feature","geometry":{"type":"LineString","coordinates":[[-43.3014,-6.4919],[-43.1885,-6.6799],[-42.9792,-6.7457],[-42.8781,-6.7658],[-42.8679,-6.6632],[-42.7027,-6.6413],[-42.5465,-6.583]]},"properties":{"id":783,"source":57346,"mouth":57348,"parent":783,"basin":783,"widthFactor":0.672,"sourceWidth":0.07,"discharge":62,"name":"Krodrukh","type":"River"}},{"type":"Feature","geometry":{"type":"LineString","coordinates":[[28.23,-7.8441],[28.0154,-7.8142],[27.8362,-7.936],[27.7593,-7.8578],[27.6603,-7.8106]]},"properties":{"id":784,"source":58927,"mouth":58925,"parent":784,"basin":784,"widthFactor":0.672,"sourceWidth":0.05,"discharge":35,"name":"Harthozig","type":"River"}},{"type":"Feature","geometry":{"type":"LineString","coordinates":[[-66.2619,43.6789],[-66.0991,43.7332],[-66.0471,43.8968],[-65.9606,43.9343],[-66.023,44.0051],[-65.9499,44.0958],[-65.9094,44.2051]]},"properties":{"id":785,"source":2656,"mouth":2420,"parent":785,"basin":785,"widthFactor":0.672,"sourceWidth":0.05,"discharge":48,"name":"Thaxningdon","type":"River"}},{"type":"Feature","geometry":{"type":"LineString","coordinates":[[-60.3784,42.0954],[-60.4211,42.233],[-60.3138,42.329],[-60.1793,42.4073],[-60.0297,42.4504]]},"properties":{"id":786,"source":3853,"mouth":3627,"parent":786,"basin":786,"widthFactor":0.672,"sourceWidth":0.05,"discharge":52,"name":"Knutsle","type":"Stream"}},{"type":"Feature","geometry":{"type":"LineString","coordinates":[[12.9756,18.9699],[13.0093,19.1138],[12.8955,19.2081],[12.9133,19.3691],[12.8833,19.5298],[12.8916,19.6908]]},"properties":{"id":787,"source":27552,"mouth":27149,"parent":787,"basin":787,"widthFactor":0.672,"sourceWidth":0.05,"discharge":35,"name":"Velnargkiz","type":"River"}},{"type":"Feature","geometry":{"type":"LineString","coordinates":[[-45.3311,-9.9374],[-45.3712,-10.0988],[-45.5272,-10.1562],[-45.6986,-10.1347],[-45.8611,-10.076]]},"properties":{"id":789,"source":60580,"mouth":60581,"parent":1456,"basin":1456,"widthFactor":0.56,"sourceWidth":0.07,"discharge":56,"name":"Lududh","type":"Fork"}},{"type":"Feature","geometry":{"type":"LineString","coordinates":[[-67.1748,14.2383],[-67.2138,14.0304],[-67.1001,13.8522],[-67.1308,13.6979],[-67.1234,13.5408]]},"properties":{"id":790,"source":33059,"mouth":33493,"parent":790,"basin":790,"widthFactor":0.672,"sourceWidth":0.04,"discharge":36,"name":"Witham","type":"River"}},{"type":"Feature","geometry":{"type":"LineString","coordinates":[[51.2916,6.9953],[51.3974,7.0623],[51.3562,7.1806],[51.5214,7.2535],[51.6675,7.3596]]},"properties":{"id":792,"source":42013,"mouth":41643,"parent":792,"basin":792,"widthFactor":0.672,"sourceWidth":0.05,"discharge":57,"name":"Breskurt","type":"Creek"}},{"type":"Feature","geometry":{"type":"LineString","coordinates":[[-8.1482,43.6446],[-8.0834,43.568],[-8.1715,43.5201],[-8.3756,43.4319],[-8.5918,43.3799]]},"properties":{"id":793,"source":2795,"mouth":3044,"parent":793,"basin":793,"widthFactor":0.672,"sourceWidth":0.05,"discharge":66,"name":"Imlielionnor","type":"Brook"}},{"type":"Feature","geometry":{"type":"LineString","coordinates":[[32.8839,-11.9459],[32.6523,-11.8194],[32.3897,-11.8455],[32.0831,-11.8657],[31.8854,-11.791],[31.6577,-11.7624],[31.4597,-11.8782],[31.2302,-12.09],[31.1211,-12.3827],[30.7912,-12.5142],[30.6953,-12.2955],[30.4931,-12.1686],[30.2722,-12.1248],[30.0674,-12.2184],[29.7771,-12.3671],[29.4736,-12.2706],[29.2411,-12.4076],[29.1016,-12.6388],[28.7382,-12.5384],[28.3561,-12.5843],[28.2346,-12.7096],[27.9078,-12.7408]]},"properties":{"id":811,"source":62439,"mouth":62915,"parent":811,"basin":811,"widthFactor":0.672,"sourceWidth":0.04,"discharge":85,"name":"Ozaba","type":"River"}},{"type":"Feature","geometry":{"type":"LineString","coordinates":[[27.6292,3.3637],[27.7693,3.6657],[27.9812,3.8572],[28.0642,4.1305],[28.3031,4.3516],[28.0844,4.5182],[27.9599,4.6295],[27.7174,4.748],[27.5692,4.9736],[27.5519,5.205],[27.6712,5.4041],[27.7872,5.5761]]},"properties":{"id":812,"source":46279,"mouth":43939,"parent":812,"basin":812,"widthFactor":0.672,"sourceWidth":0.05,"discharge":97,"name":"Tigkan","type":"River"}},{"type":"Feature","geometry":{"type":"LineString","coordinates":[[35.2365,-14.9501],[34.9564,-15.0474],[34.7641,-15.2732],[34.617,-15.1992],[34.4404,-15.3596],[34.203,-15.3829],[33.9814,-15.3314],[33.838,-15.1548],[33.4909,-15.2062],[33.2541,-15.1906],[33.0512,-15.3136],[33.0341,-15.5861],[32.9928,-15.8594],[32.7777,-15.9187],[32.6372,-16.0921],[32.5611,-16.303],[32.6193,-16.5195],[32.5601,-16.82],[32.6729,-17.1118],[32.8948,-17.3322],[33.2084,-17.4661],[33.1149,-17.691],[33.1469,-17.9324],[33.2394,-18.1182],[33.4216,-18.2174],[33.3921,-18.4579],[33.6828,-18.5057],[33.9298,-18.6666],[33.7817,-18.8918],[33.5508,-19.0309],[33.6123,-19.2816],[33.3399,-19.4435],[33.2247,-19.814]]},"properties":{"id":814,"source":64404,"mouth":67136,"parent":814,"basin":814,"widthFactor":0.672,"sourceWidth":0.05,"discharge":189,"name":"Sidgrim","type":"River"}},{"type":"Feature","geometry":{"type":"LineString","coordinates":[[46.5241,20.3143],[46.6559,20.4284],[46.644,20.6024],[46.7991,20.7216],[46.8214,20.9161],[46.8763,21.0811],[46.7825,21.2275],[47.0257,21.4271],[47.1514,21.7156]]},"properties":{"id":816,"source":26009,"mouth":24760,"parent":231,"basin":81,"widthFactor":0.56,"sourceWidth":0.06,"discharge":69,"name":"Chuera","type":"Fork"}},{"type":"Feature","geometry":{"type":"LineString","coordinates":[[37.4055,-20.0133],[37.2743,-19.8292],[37.0552,-19.7736],[36.9384,-19.6025],[36.7362,-19.5579],[36.6148,-19.6544],[36.6319,-19.8086],[36.4013,-19.8792],[36.1727,-19.8024]]},"properties":{"id":817,"source":67365,"mouth":67362,"parent":111,"basin":111,"widthFactor":0.56,"sourceWidth":0.04,"discharge":45,"name":"Bremtimor","type":"River"}},{"type":"Feature","geometry":{"type":"LineString","coordinates":[[51.0146,18.4794],[51.3422,18.5347],[51.6769,18.4849],[51.9575,18.5173],[52.1819,18.6889],[52.5041,18.8391],[52.595,19.036],[52.5415,19.2462],[52.5936,19.5973],[52.86,19.6978],[53.0458,19.9134],[53.1937,20.0884],[53.2139,20.3167],[53.2474,20.4848],[53.3621,20.6431],[53.4482,20.8188]]},"properties":{"id":819,"source":28091,"mouth":25618,"parent":819,"basin":819,"widthFactor":0.672,"sourceWidth":0.05,"discharge":164,"name":"Kleab","type":"River"}},{"type":"Feature","geometry":{"type":"LineString","coordinates":[[45.4151,27.7605],[45.479,27.9465],[45.3488,28.1177],[45.3739,28.3008],[45.2605,28.4228],[45.0953,28.4012]]},"properties":{"id":820,"source":17442,"mouth":17046,"parent":491,"basin":491,"widthFactor":0.56,"sourceWidth":0.08,"discharge":66,"name":"Stapton","type":"River"}},{"type":"Feature","geometry":{"type":"LineString","coordinates":[[52.3462,-18.2119],[52.2302,-18.3697],[52.266,-18.5622],[52.1143,-18.6416],[52.0862,-18.8106]]},"properties":{"id":821,"source":66390,"mouth":66582,"parent":735,"basin":1270,"widthFactor":0.56,"sourceWidth":0.06,"discharge":48,"name":"Madatath","type":"River"}},{"type":"Feature","geometry":{"type":"LineString","coordinates":[[-37.1992,-1.452],[-37.1377,-1.8319],[-36.7953,-1.9269],[-36.5743,-2.1923],[-36.6351,-2.479],[-36.5486,-2.7591],[-36.379,-2.8432],[-36.3215,-3.0595],[-36.1152,-3.1774],[-36.028,-3.3741],[-36.0023,-3.6341],[-35.8768,-3.8852],[-35.6466,-4.0459],[-35.5346,-4.0218],[-35.2868,-3.942],[-35.0513,-3.831]]},"properties":{"id":824,"source":51371,"mouth":54411,"parent":1078,"basin":1078,"widthFactor":0.56,"sourceWidth":0.04,"discharge":195,"name":"Rogh","type":"River"}},{"type":"Feature","geometry":{"type":"LineString","coordinates":[[-64.6735,33.807],[-64.577,34.0748],[-64.7557,34.3261],[-65.0331,34.4609],[-65.3288,34.5255],[-65.3294,34.8241],[-65.4728,35.086],[-65.664,35.1892],[-65.8775,35.1491],[-66.0014,35.3341],[-66.2121,35.406],[-66.1415,35.6775],[-66.2113,35.9493],[-65.9662,36.172],[-66.0681,36.4888],[-66.0246,36.7706]]},"properties":{"id":825,"source":10727,"mouth":8129,"parent":825,"basin":825,"widthFactor":0.672,"sourceWidth":0.07,"discharge":304,"name":"Wararen","type":"River"}},{"type":"Feature","geometry":{"type":"LineString","coordinates":[[53.4061,-5.9049],[53.5481,-6.0085],[53.7166,-5.9586],[53.8463,-6.0975],[54.0513,-6.0611],[54.196,-6.1649]]},"properties":{"id":828,"source":56929,"mouth":56930,"parent":41,"basin":41,"widthFactor":0.56,"sourceWidth":0.04,"discharge":37,"name":"Chiafzia","type":"Fork"}},{"type":"Feature","geometry":{"type":"LineString","coordinates":[[8.3895,5.9334],[8.6097,5.7271],[8.6959,5.5356],[8.8891,5.4531],[9.1007,5.4237],[9.2409,5.2624],[9.1644,5.0633],[9.2354,4.8623],[9.5084,4.8429],[9.7529,4.9658]]},"properties":{"id":829,"source":43066,"mouth":44296,"parent":28,"basin":28,"widthFactor":0.56,"sourceWidth":0.06,"discharge":82,"name":"Ma'jess","type":"River"}},{"type":"Feature","geometry":{"type":"LineString","coordinates":[[59.2336,3.4804],[59.3699,3.331],[59.5554,3.2874],[59.741,3.2438],[59.9332,3.2726],[60.0453,3.4314],[60.2008,3.4221],[60.2765,3.2858]]},"properties":{"id":831,"source":46377,"mouth":46379,"parent":734,"basin":734,"widthFactor":0.56,"sourceWidth":0.08,"discharge":73,"name":"Zriokots","type":"Fork"}},{"type":"Feature","geometry":{"type":"LineString","coordinates":[[-39.3386,-2.5271],[-39.452,-2.7363],[-39.4118,-2.9708],[-39.3591,-3.1926],[-39.1783,-3.3313],[-38.9988,-3.1812],[-38.765,-3.1709],[-38.5974,-3.3741],[-38.565,-3.6356],[-38.472,-3.8665],[-38.2662,-4.0062],[-38.3028,-4.2717]]},"properties":{"id":832,"source":52883,"mouth":54400,"parent":1483,"basin":1483,"widthFactor":0.56,"sourceWidth":0.04,"discharge":118,"name":"Khuld","type":"River"}},{"type":"Feature","geometry":{"type":"LineString","coordinates":[[9.4307,43.5029],[9.2785,43.7082],[9.0354,43.7871],[9.0416,44.1755],[8.9387,44.3584],[8.984,44.5632],[9.1009,44.7499],[9.3093,44.8209],[9.2971,45.0288],[9.1521,45.1782],[9.1856,45.499]]},"properties":{"id":836,"source":3082,"mouth":1930,"parent":836,"basin":836,"widthFactor":0.672,"sourceWidth":0.05,"discharge":136,"name":"Kilkburgh","type":"River"}},{"type":"Feature","geometry":{"type":"LineString","coordinates":[[27.6268,31.0566],[27.6121,31.4155],[27.5325,31.6382],[27.3334,31.7658],[27.1999,31.9608],[26.9534,32.0063],[26.7972,32.1714],[26.7049,32.3696],[26.5077,32.4641],[26.2299,32.707],[26.0088,32.7738],[25.7801,32.8058]]},"properties":{"id":838,"source":13647,"mouth":12012,"parent":838,"basin":838,"widthFactor":0.672,"sourceWidth":0.06,"discharge":96,"name":"Masaldon","type":"River"}},{"type":"Feature","geometry":{"type":"LineString","coordinates":[[48.1981,4.0129],[48.1757,3.7894],[48.304,3.605],[48.3251,3.3662],[48.4861,3.1885],[48.6141,2.9945],[48.8339,2.9192],[48.98,2.6888],[49.2246,2.5681],[49.2869,2.621],[49.6674,2.5875]]},"properties":{"id":840,"source":45578,"mouth":47133,"parent":928,"basin":928,"widthFactor":0.56,"sourceWidth":0.08,"discharge":91,"name":"Gler","type":"Fork"}},{"type":"Feature","geometry":{"type":"LineString","coordinates":[[-55.7409,-14.0089],[-55.6537,-14.2674],[-55.8339,-14.4373],[-55.8802,-14.6807],[-56.1093,-14.7631],[-56.2467,-14.9641],[-56.2561,-15.2911],[-56.4606,-15.4529],[-56.5471,-15.699],[-56.7806,-15.8547]]},"properties":{"id":841,"source":63726,"mouth":64674,"parent":1107,"basin":1107,"widthFactor":0.56,"sourceWidth":0.07,"discharge":116,"name":"Bulbrokh","type":"River"}},{"type":"Feature","geometry":{"type":"LineString","coordinates":[[-48.3133,-15.0093],[-48.0911,-14.7817],[-48.0036,-14.476],[-47.6464,-14.374],[-47.4869,-14.5622],[-47.2479,-14.6231],[-47.0217,-14.6492],[-46.8269,-14.5313],[-46.609,-14.3366]]},"properties":{"id":843,"source":64337,"mouth":63965,"parent":1456,"basin":1456,"widthFactor":0.56,"sourceWidth":0.05,"discharge":88,"name":"Chugnan","type":"Fork"}},{"type":"Feature","geometry":{"type":"LineString","coordinates":[[-38.7277,48.0718],[-38.865,48.1621],[-38.8654,48.3264],[-38.8334,48.534],[-38.6693,48.665],[-38.7385,48.8322],[-38.9356,48.8624],[-39.0304,49.0021]]},"properties":{"id":844,"source":520,"mouth":303,"parent":741,"basin":741,"widthFactor":0.56,"sourceWidth":0.04,"discharge":43,"name":"Winewes","type":"River"}},{"type":"Feature","geometry":{"type":"LineString","coordinates":[[-56.0093,45.4515],[-56.3759,45.5675],[-56.537,45.6749],[-56.6404,45.8994],[-56.8545,46.0229],[-56.9971,46.2168],[-57.2476,46.2613],[-57.4117,46.4254],[-57.7051,46.3927]]},"properties":{"id":845,"source":1592,"mouth":1068,"parent":845,"basin":845,"widthFactor":0.672,"sourceWidth":0.06,"discharge":210,"name":"Kentalisdon","type":"River"}},{"type":"Feature","geometry":{"type":"LineString","coordinates":[[-13.8216,34.6578],[-14.0358,34.6694],[-14.1858,34.8229],[-14.0834,34.978],[-13.9198,35.0363],[-13.7562,35.0946]]},"properties":{"id":846,"source":10167,"mouth":9818,"parent":658,"basin":658,"widthFactor":0.56,"sourceWidth":0.04,"discharge":40,"name":"Tlauma","type":"Fork"}},{"type":"Feature","geometry":{"type":"LineString","coordinates":[[57.0172,-11.4991],[57.1292,-11.826],[57.1497,-12.0773],[57.3113,-12.2706],[57.5747,-12.2818],[57.8016,-12.1476],[57.8997,-12.2246],[57.9325,-12.4597],[58.0958,-12.6318],[58.0997,-12.7844]]},"properties":{"id":848,"source":62251,"mouth":63006,"parent":848,"basin":848,"widthFactor":0.672,"sourceWidth":0.05,"discharge":137,"name":"Stios","type":"River"}},{"type":"Feature","geometry":{"type":"LineString","coordinates":[[-69.8862,46.0198],[-69.9835,46.2221],[-70.1889,46.3125],[-70.2351,46.5117],[-70.4376,46.6015],[-70.515,46.7788],[-70.63,46.9653],[-70.838,47.0341]]},"properties":{"id":849,"source":1212,"mouth":910,"parent":1142,"basin":376,"widthFactor":0.56,"sourceWidth":0.04,"discharge":44,"name":"Midleymere","type":"Fork"}},{"type":"Feature","geometry":{"type":"LineString","coordinates":[[53.161,12.3123],[53.3711,12.4898],[53.4513,12.7529],[53.74,12.858],[53.9169,13.0391],[53.9602,13.2885],[54.184,13.313],[54.3447,13.4707],[54.5554,13.5597],[54.7494,13.6809]]},"properties":{"id":850,"source":35859,"mouth":34262,"parent":850,"basin":850,"widthFactor":0.672,"sourceWidth":0.06,"discharge":219,"name":"Chalkvact","type":"River"}},{"type":"Feature","geometry":{"type":"LineString","coordinates":[[17.0848,23.2103],[16.9098,23.0811],[16.6933,23.1021],[16.5846,23.2884],[16.5887,23.4938],[16.5929,23.6992],[16.6195,23.8786],[16.5019,24.0168]]},"properties":{"id":851,"source":22283,"mouth":21922,"parent":235,"basin":235,"widthFactor":0.56,"sourceWidth":0.05,"discharge":35,"name":"Hilddam","type":"River"}},{"type":"Feature","geometry":{"type":"LineString","coordinates":[[52.3026,11.2186],[52.526,11.1388],[52.7508,11.2147],[52.8318,11.05],[53.0092,11.0037]]},"properties":{"id":852,"source":37064,"mouth":37065,"parent":273,"basin":273,"widthFactor":0.56,"sourceWidth":0.04,"discharge":42,"name":"Swagielt","type":"Fork"}},{"type":"Feature","geometry":{"type":"LineString","coordinates":[[18.5214,7.9738],[18.7109,7.8795],[18.9136,7.9404],[19.1123,7.9331],[19.2576,8.0688],[19.4694,8.2038],[19.5666,8.4355],[19.6089,8.6046],[19.6148,8.7788]]},"properties":{"id":853,"source":40825,"mouth":40470,"parent":853,"basin":853,"widthFactor":0.672,"sourceWidth":0.06,"discharge":150,"name":"Pikar'hej","type":"River"}},{"type":"Feature","geometry":{"type":"LineString","coordinates":[[55.4124,-11.3769],[55.4949,-11.1598],[55.4218,-10.9394],[55.3766,-10.7315],[55.7385,-10.6202],[55.9167,-10.4442],[55.6794,-10.1687]]},"properties":{"id":854,"source":61970,"mouth":61063,"parent":295,"basin":295,"widthFactor":0.56,"sourceWidth":0.05,"discharge":72,"name":"Thultmelt","type":"River"}},{"type":"Feature","geometry":{"type":"LineString","coordinates":[[54.5898,-19.7759],[54.6534,-20.0619],[54.8544,-20.2749],[54.7373,-20.497],[54.7704,-20.7459],[54.6005,-20.8231],[54.5424,-21.0004],[54.5077,-21.1664],[54.5097,-21.336]]},"properties":{"id":855,"source":67422,"mouth":68010,"parent":1270,"basin":1270,"widthFactor":0.56,"sourceWidth":0.05,"discharge":82,"name":"Barath","type":"Fork"}},{"type":"Feature","geometry":{"type":"LineString","coordinates":[[-6.4851,41.7124],[-6.3889,41.8763],[-6.2026,41.9133],[-6.0042,41.9541],[-5.8337,41.8448],[-5.6113,41.9198],[-5.4796,42.1141]]},"properties":{"id":856,"source":4218,"mouth":4220,"parent":519,"basin":177,"widthFactor":0.56,"sourceWidth":0.07,"discharge":90,"name":"Aethondhil","type":"River"}},{"type":"Feature","geometry":{"type":"LineString","coordinates":[[58.0094,-14.7687],[57.9923,-15.1346],[58.1427,-15.3686],[58.3939,-15.488],[58.5986,-15.5729],[58.8935,-15.7667],[59.1651,-15.8616],[59.4484,-15.8119],[59.5846,-15.7667]]},"properties":{"id":857,"source":64473,"mouth":65041,"parent":857,"basin":857,"widthFactor":0.672,"sourceWidth":0.06,"discharge":206,"name":"Gugaut","type":"River"}},{"type":"Feature","geometry":{"type":"LineString","coordinates":[[-14.4294,7.5877],[-14.4399,7.3288],[-14.3002,7.1105],[-14.3225,6.9154],[-14.1983,6.7633],[-14.1198,6.5588],[-13.9282,6.4527],[-13.6974,6.435],[-13.4667,6.4542]]},"properties":{"id":858,"source":41098,"mouth":42602,"parent":858,"basin":858,"widthFactor":0.672,"sourceWidth":0.07,"discharge":121,"name":"Bilgabhela","type":"River"}},{"type":"Feature","geometry":{"type":"LineString","coordinates":[[43.4392,29.5245],[43.4109,29.6778],[43.2641,29.7301],[43.0018,29.831],[42.7255,29.7799],[42.5691,29.8742],[42.3948,29.8196],[42.3069,29.8177],[42.2274,29.7799]]},"properties":{"id":860,"source":15525,"mouth":15154,"parent":860,"basin":860,"widthFactor":0.672,"sourceWidth":0.06,"discharge":79,"name":"Searington","type":"River"}},{"type":"Feature","geometry":{"type":"LineString","coordinates":[[-0.8475,0.7729],[-0.8596,0.6625],[-0.7494,0.6483],[-0.7732,0.4339],[-0.6491,0.2575],[-0.5121,0.069],[-0.2887,0.003],[-0.1806,-0.1444],[-0.0451,-0.2672]]},"properties":{"id":861,"source":49192,"mouth":49958,"parent":861,"basin":861,"widthFactor":0.672,"sourceWidth":0.07,"discharge":99,"name":"Cullaler","type":"River"}},{"type":"Feature","geometry":{"type":"LineString","coordinates":[[56.8421,-13.0039],[56.8424,-12.8885],[56.9572,-12.8786],[57.2352,-12.8603],[57.481,-12.9914],[57.5948,-13.0366],[57.667,-12.9377],[57.8928,-13.009],[58.1269,-13.0444]]},"properties":{"id":862,"source":63236,"mouth":63239,"parent":862,"basin":862,"widthFactor":0.672,"sourceWidth":0.04,"discharge":66,"name":"Phiggang","type":"River"}},{"type":"Feature","geometry":{"type":"LineString","coordinates":[[-35.1727,49.3665],[-34.934,49.3823],[-34.7555,49.5416],[-34.7555,49.6]]},"properties":{"id":863,"source":75,"mouth":76,"parent":863,"basin":863,"widthFactor":0.672,"sourceWidth":0.06,"discharge":99,"name":"Berden","type":"River"}},{"type":"Feature","geometry":{"type":"LineString","coordinates":[[-69.8068,29.4257],[-69.8394,29.2045],[-69.6816,29.0238],[-69.6761,28.8107],[-69.9305,28.7895],[-70.1516,28.9173],[-70.3191,28.681],[-70.3461,28.3926],[-70.2014,28.247],[-70.3134,27.9076],[-70.5205,27.7714]]},"properties":{"id":864,"source":15201,"mouth":17092,"parent":1515,"basin":1515,"widthFactor":0.56,"sourceWidth":0.05,"discharge":126,"name":"Chipseacu","type":"Fork"}},{"type":"Feature","geometry":{"type":"LineString","coordinates":[[-9.0183,19.1443],[-8.8375,19.2628],[-8.7832,19.472],[-8.6497,19.629],[-8.697,19.847],[-8.5996,20.0162],[-8.4439,20.1376],[-8.314,20.2863]]},"properties":{"id":865,"source":27106,"mouth":26274,"parent":865,"basin":865,"widthFactor":0.672,"sourceWidth":0.05,"discharge":80,"name":"Nulgathun","type":"River"}},{"type":"Feature","geometry":{"type":"LineString","coordinates":[[-63.9536,38.7347],[-63.8381,38.9694],[-63.6097,39.0967],[-63.3951,39.0285],[-63.2735,38.8391],[-63.2429,38.6291],[-63.0812,38.4919],[-62.8432,38.4664],[-62.6353,38.5853],[-62.3411,38.3556],[-62.0838,38.4602],[-61.9123,38.6787]]},"properties":{"id":866,"source":6257,"mouth":6513,"parent":1080,"basin":1106,"widthFactor":0.56,"sourceWidth":0.07,"discharge":407,"name":"Bramburgh","type":"River"}},{"type":"Feature","geometry":{"type":"LineString","coordinates":[[-62.0524,5.7723],[-62.0621,5.478],[-62.2205,5.2297],[-62.3692,5.3216],[-62.5334,5.2616],[-62.5392,5.1432],[-62.6563,5.1254],[-62.8409,5.1479],[-63.0174,5.2063]]},"properties":{"id":867,"source":43256,"mouth":43667,"parent":867,"basin":867,"widthFactor":0.672,"sourceWidth":0.05,"discharge":45,"name":"Brur","type":"River"}},{"type":"Feature","geometry":{"type":"LineString","coordinates":[[-12.2783,34.5815],[-12.3861,34.6599],[-12.346,34.7871],[-12.2834,34.9559],[-12.1404,35.0431],[-11.9974,35.1304],[-11.833,35.2628],[-11.6947,35.4223]]},"properties":{"id":870,"source":10172,"mouth":9490,"parent":870,"basin":870,"widthFactor":0.672,"sourceWidth":0.05,"discharge":40,"name":"Eld-Shoris","type":"River"}},{"type":"Feature","geometry":{"type":"LineString","coordinates":[[62.9427,-9.8253],[63.0823,-10.009],[63.0735,-10.2395],[62.9648,-10.4149],[62.7653,-10.4676],[62.7306,-10.6595],[62.7334,-10.8545]]},"properties":{"id":871,"source":60800,"mouth":61404,"parent":871,"basin":871,"widthFactor":0.672,"sourceWidth":0.05,"discharge":77,"name":"Thres","type":"River"}},{"type":"Feature","geometry":{"type":"LineString","coordinates":[[-72.1034,32.9148],[-72.251,33.0267],[-72.4318,32.9864],[-72.7206,32.9192],[-72.9377,32.7171],[-73.0747,32.749],[-73.1626,32.6392],[-73.3154,32.6487],[-73.4661,32.6213]]},"properties":{"id":872,"source":11759,"mouth":12073,"parent":872,"basin":872,"widthFactor":0.672,"sourceWidth":0.06,"discharge":88,"name":"Agelcesle","type":"River"}},{"type":"Feature","geometry":{"type":"LineString","coordinates":[[-71.1462,45.738],[-71.1411,45.9855],[-71.2847,46.1871],[-71.5681,46.1879],[-71.8108,46.0416],[-72.0688,45.9667],[-72.2466,45.7652],[-72.3887,45.7262],[-72.5167,45.6531]]},"properties":{"id":874,"source":1377,"mouth":1374,"parent":874,"basin":874,"widthFactor":0.672,"sourceWidth":0.05,"discharge":107,"name":"Oakhambeton","type":"River"}},{"type":"Feature","geometry":{"type":"LineString","coordinates":[[-37.0381,37.0447],[-36.9813,37.2291],[-37.1178,37.391],[-37.0996,37.5709],[-37.069,37.6857],[-37.1767,37.7359],[-37.3186,37.7824],[-37.4677,37.792]]},"properties":{"id":875,"source":7670,"mouth":7121,"parent":875,"basin":875,"widthFactor":0.672,"sourceWidth":0.06,"discharge":53,"name":"Ingloy","type":"River"}},{"type":"Feature","geometry":{"type":"LineString","coordinates":[[2.5729,21.5062],[2.6792,21.7093],[2.6312,21.9336],[2.614,22.1008],[2.4686,22.185],[2.5286,22.3222],[2.5526,22.4699]]},"properties":{"id":877,"source":24223,"mouth":23418,"parent":877,"basin":877,"widthFactor":0.672,"sourceWidth":0.05,"discharge":51,"name":"Therius","type":"River"}},{"type":"Feature","geometry":{"type":"LineString","coordinates":[[-47.416,-13.8633],[-47.3127,-14.0197],[-47.1064,-14.0109],[-46.9825,-14.1342],[-46.8423,-14.1526],[-46.7023,-14.1327]]},"properties":{"id":878,"source":63751,"mouth":63753,"parent":1456,"basin":1456,"widthFactor":0.56,"sourceWidth":0.06,"discharge":60,"name":"Driz","type":"River"}},{"type":"Feature","geometry":{"type":"LineString","coordinates":[[-4.5333,-6.6009],[-4.6678,-6.7371],[-4.6203,-6.9421],[-4.7185,-7.0921],[-4.7885,-7.1786],[-4.8251,-7.2836]]},"properties":{"id":879,"source":57468,"mouth":57800,"parent":879,"basin":879,"widthFactor":0.672,"sourceWidth":0.04,"discharge":42,"name":"Napjess","type":"River"}},{"type":"Feature","geometry":{"type":"LineString","coordinates":[[54.0116,17.8964],[54.1542,17.7644],[54.3606,17.8164],[54.5159,17.7212],[54.5342,17.6489],[54.5859,17.5951]]},"properties":{"id":880,"source":28953,"mouth":28956,"parent":880,"basin":880,"widthFactor":0.672,"sourceWidth":0.04,"discharge":67,"name":"Kasee","type":"River"}},{"type":"Feature","geometry":{"type":"LineString","coordinates":[[62.5544,8.901],[62.4448,9.0342],[62.2726,9.0248],[62.1477,9.0646],[62.0166,9.0668]]},"properties":{"id":881,"source":39834,"mouth":39833,"parent":881,"basin":881,"widthFactor":0.672,"sourceWidth":0.08,"discharge":66,"name":"Stios","type":"Brook"}},{"type":"Feature","geometry":{"type":"LineString","coordinates":[[-50.6161,-20.9444],[-50.4371,-21.0502],[-50.2348,-21.002],[-50.0709,-20.953],[-49.9219,-20.8689]]},"properties":{"id":882,"source":67872,"mouth":67873,"parent":882,"basin":882,"widthFactor":0.672,"sourceWidth":0.04,"discharge":42,"name":"Bhogved","type":"River"}},{"type":"Feature","geometry":{"type":"LineString","coordinates":[[-72.803,33.3243],[-72.9848,33.2405],[-73.0228,33.0256],[-73.1758,32.9156],[-73.2856,32.9882],[-73.4116,33.0261]]},"properties":{"id":883,"source":11419,"mouth":11756,"parent":883,"basin":883,"widthFactor":0.672,"sourceWidth":0.07,"discharge":75,"name":"Bunrithes","type":"River"}},{"type":"Feature","geometry":{"type":"LineString","coordinates":[[-12.16,19.6752],[-12.1634,19.4803],[-12.0231,19.3451],[-11.9153,19.2519],[-11.9538,19.1147],[-12.0515,19.0435],[-12.1663,19.0057]]},"properties":{"id":884,"source":26678,"mouth":27097,"parent":884,"basin":884,"widthFactor":0.672,"sourceWidth":0.06,"discharge":64,"name":"Zaruktharb","type":"River"}},{"type":"Feature","geometry":{"type":"LineString","coordinates":[[-55.7338,-24.1798],[-55.719,-23.9914],[-55.8872,-23.8691],[-55.909,-23.694],[-55.9879,-23.6351],[-56.0833,-23.6107]]},"properties":{"id":885,"source":69403,"mouth":69138,"parent":885,"basin":885,"widthFactor":0.672,"sourceWidth":0.05,"discharge":48,"name":"Rezg","type":"River"}},{"type":"Feature","geometry":{"type":"LineString","coordinates":[[53.9742,17.4713],[54.0737,17.5713],[54.2046,17.5188],[54.3196,17.452],[54.4108,17.3553]]},"properties":{"id":886,"source":29362,"mouth":29363,"parent":886,"basin":886,"widthFactor":0.672,"sourceWidth":0.05,"discharge":50,"name":"Sios","type":"Brook"}},{"type":"Feature","geometry":{"type":"LineString","coordinates":[[60.1068,-1.164],[59.9569,-1.2777],[59.9781,-1.484],[59.8624,-1.6163],[59.8268,-1.7422],[59.829,-1.8732]]},"properties":{"id":887,"source":51649,"mouth":52034,"parent":887,"basin":887,"widthFactor":0.672,"sourceWidth":0.05,"discharge":78,"name":"Fardeek","type":"River"}},{"type":"Feature","geometry":{"type":"LineString","coordinates":[[-55.9829,-24.2],[-55.9674,-23.9779],[-56.1012,-23.7999],[-56.0732,-23.7071],[-56.0833,-23.6107]]},"properties":{"id":888,"source":69402,"mouth":69274,"parent":888,"basin":888,"widthFactor":0.672,"sourceWidth":0.06,"discharge":50,"name":"Gazd","type":"Creek"}},{"type":"Feature","geometry":{"type":"LineString","coordinates":[[-14.2341,26.012],[-14.3666,26.1477],[-14.5422,26.2191],[-14.5752,26.415],[-14.771,26.448],[-14.8167,26.6351],[-15.0045,26.6776],[-15.1345,26.7948],[-15.2909,26.873]]},"properties":{"id":896,"source":19126,"mouth":18753,"parent":1098,"basin":1098,"widthFactor":0.56,"sourceWidth":0.43,"discharge":458,"name":"Olorion","type":"River"}},{"type":"Feature","geometry":{"type":"LineString","coordinates":[[61.6127,6.5905],[61.8242,6.6663],[61.9357,6.8614],[62.2129,6.891],[62.433,7.0622],[62.638,6.9998],[62.8338,7.0872],[63.0151,7.0763],[63.3342,7.1977],[63.5918,7.4655],[63.7575,7.7403],[63.9552,7.9956],[64.1435,8.2206],[64.3916,8.3625],[64.5474,8.6021],[64.5451,8.9828],[64.8417,9.039],[65.1342,8.9648],[65.3181,8.8015],[65.5592,8.7531],[65.7686,8.7804],[65.9716,8.8387]]},"properties":{"id":923,"source":42419,"mouth":39845,"parent":923,"basin":923,"widthFactor":0.672,"sourceWidth":0.05,"discharge":617,"name":"Stios","type":"River"}},{"type":"Feature","geometry":{"type":"LineString","coordinates":[[48.8799,2.259],[48.9235,2.3823],[49.0542,2.3766],[49.221,2.461],[49.3951,2.3929],[49.5207,2.3843],[49.6433,2.4132]]},"properties":{"id":924,"source":47522,"mouth":47132,"parent":928,"basin":928,"widthFactor":0.56,"sourceWidth":0.05,"discharge":36,"name":"Styr","type":"Fork"}},{"type":"Feature","geometry":{"type":"LineString","coordinates":[[49.8869,1.0119],[49.719,1.1576],[49.6877,1.3778],[49.8102,1.5577],[50.0208,1.6129],[50.1561,1.8106],[50.2589,2.027],[50.0161,2.1134],[50.0348,2.3711],[49.841,2.4099],[49.6433,2.4132]]},"properties":{"id":925,"source":48957,"mouth":47527,"parent":928,"basin":928,"widthFactor":0.56,"sourceWidth":0.05,"discharge":43,"name":"Brid","type":"River"}},{"type":"Feature","geometry":{"type":"LineString","coordinates":[[62.4999,7.5247],[62.8252,7.5589],[63.103,7.6484],[63.4805,7.5908],[63.5138,7.8983],[63.4011,8.1864],[63.6618,8.2074],[63.9046,8.1427],[64.1435,8.2206]]},"properties":{"id":926,"source":41301,"mouth":40573,"parent":923,"basin":923,"widthFactor":0.56,"sourceWidth":0.06,"discharge":167,"name":"Crild","type":"River"}},{"type":"Feature","geometry":{"type":"LineString","coordinates":[[49.7173,21.1527],[49.5872,21.2518],[49.4332,21.1971],[49.2171,21.2945],[48.9865,21.2399],[48.85,21.3245],[48.7032,21.2594]]},"properties":{"id":927,"source":24769,"mouth":24767,"parent":366,"basin":81,"widthFactor":0.56,"sourceWidth":0.05,"discharge":50,"name":"Secillarde","type":"Fork"}},{"type":"Feature","geometry":{"type":"LineString","coordinates":[[49.6986,2.7549],[49.9074,2.8035],[50.0854,2.9231],[50.3104,3.1142],[50.3297,3.4088],[50.58,3.4157],[50.743,3.6058],[50.6582,3.8892],[50.9211,4.049],[51.2286,4.0355],[51.5232,4.1177],[51.7267,4.3461],[51.6551,4.7058],[51.8201,4.8681],[52.0512,4.8817],[52.3306,5.0981],[52.6481,5.2344],[52.6115,5.401],[52.8297,5.4616],[53.0349,5.5574]]},"properties":{"id":928,"source":47134,"mouth":44015,"parent":928,"basin":928,"widthFactor":0.672,"sourceWidth":0.56,"discharge":983,"name":"Stiolkeh","type":"River"}},{"type":"Feature","geometry":{"type":"LineString","coordinates":[[-53.6933,-22.7948],[-53.8961,-22.8594],[-54.0007,-23.0447],[-54.3073,-23.1701],[-54.4098,-22.9722],[-54.64,-22.9116],[-54.7681,-22.7411],[-55.0972,-22.7209],[-55.3502,-22.6508],[-55.5821,-22.7209]]},"properties":{"id":931,"source":68850,"mouth":68693,"parent":931,"basin":931,"widthFactor":0.672,"sourceWidth":0.05,"discharge":101,"name":"Grur","type":"River"}},{"type":"Feature","geometry":{"type":"LineString","coordinates":[[16.6738,26.6076],[16.4367,26.7936],[16.1384,26.8364],[15.9836,27.0448],[15.7384,27.1299],[15.4649,27.1198],[15.2271,27.2553],[15.1179,27.4536],[15.1539,27.6772],[15.0395,27.7862],[14.8461,27.9036],[14.6208,27.8819],[14.2574,27.9847],[13.9718,27.8812],[13.8676,28.1155],[13.6582,28.2634],[13.5788,28.4969],[13.3464,28.5982],[13.1967,28.8029],[13.4278,29.0855],[13.2696,29.2457],[13.0496,29.2933],[13.0153,29.586]]},"properties":{"id":933,"source":18821,"mouth":15813,"parent":933,"basin":933,"widthFactor":0.672,"sourceWidth":0.05,"discharge":295,"name":"Yfalyho","type":"River"}},{"type":"Feature","geometry":{"type":"LineString","coordinates":[[-37.8903,-20.6322],[-37.6974,-20.8819],[-37.4086,-21.009],[-37.2611,-21.124],[-37.077,-21.0907],[-36.8884,-21.2578],[-36.828,-21.5026],[-36.8023,-21.6549],[-36.9159,-21.7595]]},"properties":{"id":934,"source":67713,"mouth":68262,"parent":561,"basin":561,"widthFactor":0.56,"sourceWidth":0.05,"discharge":96,"name":"Irkor","type":"River"}},{"type":"Feature","geometry":{"type":"LineString","coordinates":[[-44.2781,41.8673],[-43.9972,42.1351],[-43.8135,42.269],[-43.5491,42.367],[-43.3722,42.5867],[-43.3006,42.7066],[-43.4627,42.8516],[-43.4975,43.0662],[-43.1785,43.2741],[-42.8594,43.2733]]},"properties":{"id":935,"source":4138,"mouth":3211,"parent":44,"basin":1289,"widthFactor":0.56,"sourceWidth":0.04,"discharge":51,"name":"Horston","type":"River"}},{"type":"Feature","geometry":{"type":"LineString","coordinates":[[-1.6265,7.2436],[-1.5878,6.9823],[-1.4086,6.7882],[-1.5067,6.4223],[-1.4872,6.1257],[-1.6916,6.0356],[-1.7703,5.8108],[-1.9495,5.6937],[-2.19,5.5657],[-2.3308,5.3325],[-2.4849,5.2242],[-2.6634,5.0848],[-2.7254,4.8669],[-2.8779,4.7182]]},"properties":{"id":936,"source":41500,"mouth":44259,"parent":936,"basin":936,"widthFactor":0.672,"sourceWidth":0.06,"discharge":154,"name":"Nulukkhel","type":"River"}},{"type":"Feature","geometry":{"type":"LineString","coordinates":[[-1.0685,4.9853],[-1.0506,5.2038],[-1.1822,5.3792],[-1.3019,5.5287],[-1.5107,5.5094],[-1.6483,5.6252],[-1.7823,5.7325],[-1.9495,5.6937]]},"properties":{"id":937,"source":44264,"mouth":43433,"parent":936,"basin":936,"widthFactor":0.56,"sourceWidth":0.06,"discharge":56,"name":"Path'tir","type":"River"}},{"type":"Feature","geometry":{"type":"LineString","coordinates":[[-62.5684,28.2984],[-62.7821,28.2056],[-63.0065,28.2681],[-63.0945,28.3732],[-63.0307,28.4946]]},"properties":{"id":939,"source":16716,"mouth":16715,"parent":216,"basin":216,"widthFactor":0.56,"sourceWidth":0.04,"discharge":32,"name":"Barling","type":"Fork"}},{"type":"Feature","geometry":{"type":"LineString","coordinates":[[18.7385,8.2985],[18.8223,8.3416],[18.8319,8.2479],[18.9466,8.1137],[18.9136,7.9404]]},"properties":{"id":940,"source":40467,"mouth":40468,"parent":853,"basin":853,"widthFactor":0.56,"sourceWidth":0.04,"discharge":39,"name":"Ki'kas","type":"River"}},{"type":"Feature","geometry":{"type":"LineString","coordinates":[[26.6385,29.8149],[26.625,30.0979],[26.4641,30.331],[26.4245,30.6689],[26.521,30.9102],[26.3481,31.1599],[26.0781,31.2987],[26.1435,31.5276],[26.0452,31.7311],[25.8447,31.8351],[25.7443,32.1231],[25.779,32.3232],[25.7793,32.5264]]},"properties":{"id":941,"source":15111,"mouth":12664,"parent":941,"basin":941,"widthFactor":0.672,"sourceWidth":0.05,"discharge":164,"name":"Axbrid","type":"River"}},{"type":"Feature","geometry":{"type":"LineString","coordinates":[[-36.4887,-1.6645],[-36.5772,-1.7499],[-36.5113,-1.8537],[-36.6178,-2.009],[-36.5743,-2.1923]]},"properties":{"id":942,"source":51749,"mouth":52129,"parent":824,"basin":1078,"widthFactor":0.56,"sourceWidth":0.06,"discharge":44,"name":"Igudol","type":"Branch"}},{"type":"Feature","geometry":{"type":"LineString","coordinates":[[60.0025,1.3731],[60.1374,1.4099],[60.2228,1.2991],[60.3619,1.2532],[60.3846,1.1084],[60.3365,0.9351],[60.4735,0.7916],[60.4625,0.6242]]},"properties":{"id":943,"source":48646,"mouth":48989,"parent":309,"basin":309,"widthFactor":0.56,"sourceWidth":0.07,"discharge":104,"name":"Treaq","type":"River"}},{"type":"Feature","geometry":{"type":"LineString","coordinates":[[15.1617,17.6418],[14.894,17.6114],[14.7098,17.7443],[14.4831,17.7305],[14.3516,17.454],[14.3671,17.1482],[14.2014,16.8555],[14.1593,16.6025],[14.2491,16.3858],[14.1967,16.1572],[14.0594,15.9795],[13.8434,15.9182]]},"properties":{"id":944,"source":29245,"mouth":30848,"parent":636,"basin":636,"widthFactor":0.56,"sourceWidth":0.04,"discharge":95,"name":"Slor'thass","type":"River"}},{"type":"Feature","geometry":{"type":"LineString","coordinates":[[51.7843,19.4549],[51.9017,19.3528],[52.0489,19.4035],[52.1899,19.2783],[52.3889,19.335],[52.5415,19.2462]]},"properties":{"id":947,"source":26854,"mouth":27268,"parent":819,"basin":819,"widthFactor":0.56,"sourceWidth":0.05,"discharge":53,"name":"Oimzofs","type":"River"}},{"type":"Feature","geometry":{"type":"LineString","coordinates":[[-48.7764,-15.7823],[-48.4059,-15.755],[-48.0822,-15.9512],[-47.7405,-16.001],[-47.4323,-16.0042],[-47.368,-16.2225],[-47.1849,-16.3576],[-47.0977,-16.5421],[-47.1615,-16.7772],[-47.0681,-17.0458],[-46.9514,-17.3595]]},"properties":{"id":949,"source":64889,"mouth":65477,"parent":949,"basin":949,"widthFactor":0.672,"sourceWidth":0.09,"discharge":190,"name":"Gidh","type":"River"}},{"type":"Feature","geometry":{"type":"LineString","coordinates":[[-55.4809,46.0836],[-55.3451,46.3081],[-55.3603,46.5702],[-55.2732,46.7752],[-55.3385,46.9882],[-55.2581,47.1941],[-55.3276,47.4039],[-55.4366,47.6694],[-55.3517,47.9499],[-55.4117,48.2369],[-55.4965,48.5958],[-55.621,48.9305]]},"properties":{"id":950,"source":1231,"mouth":253,"parent":950,"basin":950,"widthFactor":0.672,"sourceWidth":0.06,"discharge":164,"name":"Chiptonwich","type":"River"}},{"type":"Feature","geometry":{"type":"LineString","coordinates":[[-55.1058,46.1832],[-54.7618,46.3561],[-54.51,46.3002],[-54.2708,46.3966],[-53.9571,46.5546],[-53.6489,46.6893],[-53.2871,46.7912],[-53.0933,46.6815]]},"properties":{"id":951,"source":1232,"mouth":937,"parent":951,"basin":951,"widthFactor":0.672,"sourceWidth":0.05,"discharge":109,"name":"Cocheapton","type":"River"}},{"type":"Feature","geometry":{"type":"LineString","coordinates":[[-36.9004,48.6619],[-36.7594,48.8084],[-36.7996,49.0259],[-36.6949,49.1866],[-36.5335,49.2197],[-36.4685,49.3711],[-36.4685,49.6]]},"properties":{"id":953,"source":309,"mouth":71,"parent":953,"basin":953,"widthFactor":0.672,"sourceWidth":0.04,"discharge":119,"name":"Atfordling","type":"River"}},{"type":"Feature","geometry":{"type":"LineString","coordinates":[[-51.9796,-20.6564],[-52.0074,-20.9668],[-51.8815,-21.2519],[-51.6224,-21.5197],[-51.6224,-21.8622],[-51.7318,-22.0827],[-51.6955,-22.3262],[-51.901,-22.6127],[-52.0092,-22.7909]]},"properties":{"id":954,"source":67674,"mouth":68706,"parent":954,"basin":954,"widthFactor":0.672,"sourceWidth":0.04,"discharge":117,"name":"Mucro","type":"River"}},{"type":"Feature","geometry":{"type":"LineString","coordinates":[[57.3277,-2.3924],[57.4928,-2.286],[57.6833,-2.3332],[57.8017,-2.5333],[57.7705,-2.7637]]},"properties":{"id":955,"source":52785,"mouth":52786,"parent":379,"basin":379,"widthFactor":0.56,"sourceWidth":0.05,"discharge":67,"name":"Shagaald","type":"River"}},{"type":"Feature","geometry":{"type":"LineString","coordinates":[[-62.7194,42.4442],[-62.6415,42.6567],[-62.7194,42.8693],[-62.6034,43.1666],[-62.5126,43.4375],[-62.5715,43.717],[-62.5991,43.9471],[-62.7598,44.114],[-62.5723,44.3437]]},"properties":{"id":956,"source":3619,"mouth":2436,"parent":956,"basin":956,"widthFactor":0.672,"sourceWidth":0.05,"discharge":65,"name":"Betown","type":"River"}},{"type":"Feature","geometry":{"type":"LineString","coordinates":[[25.5902,30.5163],[25.4197,30.7746],[25.145,30.9172],[24.989,31.0771],[24.7668,31.0994],[24.7763,31.3812],[24.6399,31.628],[24.4368,31.7961],[24.3512,32.1387]]},"properties":{"id":957,"source":14361,"mouth":12990,"parent":957,"basin":957,"widthFactor":0.672,"sourceWidth":0.05,"discharge":132,"name":"Westford","type":"River"}},{"type":"Feature","geometry":{"type":"LineString","coordinates":[[-63.1871,12.6665],[-63.4135,12.6012],[-63.5497,12.4088],[-63.8891,12.2999],[-64.0888,12.3883],[-64.2984,12.3271],[-64.5708,12.5054],[-64.7922,12.6057],[-65.0261,12.672]]},"properties":{"id":958,"source":35140,"mouth":35136,"parent":958,"basin":958,"widthFactor":0.672,"sourceWidth":0.05,"discharge":78,"name":"Hartonley","type":"River"}},{"type":"Feature","geometry":{"type":"LineString","coordinates":[[-49.7772,43.8268],[-49.5709,44.0183],[-49.4371,44.3172],[-49.1414,44.4324],[-48.899,44.3599],[-48.6573,44.4348],[-48.3623,44.4106]]},"properties":{"id":959,"source":2715,"mouth":2260,"parent":959,"basin":959,"widthFactor":0.672,"sourceWidth":0.04,"discharge":54,"name":"Bucker","type":"River"}},{"type":"Feature","geometry":{"type":"LineString","coordinates":[[8.219,42.691],[8.3841,42.8395],[8.4112,43.06],[8.4245,43.3231],[8.4521,43.6122],[8.3319,43.8766],[8.1339,43.9788],[7.9155,43.935],[7.6638,44.0438],[7.3917,44.0089],[7.2219,44.1791],[6.9855,44.223],[6.8719,44.3608]]},"properties":{"id":960,"source":3553,"mouth":2601,"parent":960,"basin":960,"widthFactor":0.672,"sourceWidth":0.07,"discharge":221,"name":"Berton","type":"River"}},{"type":"Feature","geometry":{"type":"LineString","coordinates":[[-61.9045,42.4099],[-61.8666,42.67],[-61.9824,42.9058],[-62.0228,43.0304],[-62.3092,43.2305],[-62.2282,43.4805],[-62.2944,43.7349],[-62.2042,44.0378],[-62.3139,44.3453]]},"properties":{"id":961,"source":3621,"mouth":2438,"parent":961,"basin":961,"widthFactor":0.672,"sourceWidth":0.05,"discharge":81,"name":"Leigham","type":"River"}},{"type":"Feature","geometry":{"type":"LineString","coordinates":[[-3.3573,41.8308],[-3.2236,41.7612],[-3.0997,41.8471],[-2.9119,41.9091],[-2.8493,42.1152],[-2.6865,42.206],[-2.529,42.2795],[-2.5162,42.4722],[-2.3876,42.5695]]},"properties":{"id":962,"source":4228,"mouth":4006,"parent":752,"basin":752,"widthFactor":0.56,"sourceWidth":0.04,"discharge":67,"name":"Irgondreth","type":"River"}},{"type":"Feature","geometry":{"type":"LineString","coordinates":[[61.3255,2.1313],[61.5271,1.9672],[61.7862,1.9476],[62.103,2.0379],[62.4524,2.0659],[62.5356,1.8487],[62.7326,1.725],[62.8509,1.5132],[63.1147,1.7024]]},"properties":{"id":963,"source":47937,"mouth":48302,"parent":963,"basin":963,"widthFactor":0.672,"sourceWidth":0.06,"discharge":307,"name":"Ulbligz","type":"River"}},{"type":"Feature","geometry":{"type":"LineString","coordinates":[[56.6125,-12.262],[56.7933,-12.2694],[56.9129,-12.1335],[57.0873,-12.2743],[57.3113,-12.2706]]},"properties":{"id":964,"source":62767,"mouth":62768,"parent":848,"basin":848,"widthFactor":0.56,"sourceWidth":0.04,"discharge":42,"name":"Goblenis","type":"River"}},{"type":"Feature","geometry":{"type":"LineString","coordinates":[[63.812,9.9348],[63.5569,10.0515],[63.2789,10.0142],[63.0516,10.1632],[62.9404,10.4113],[63.1679,10.5999],[63.4587,10.6526],[63.6099,10.8497],[63.6229,11.0979],[63.8826,11.1288],[64.0859,11.2933],[64.2439,11.4311],[64.4183,11.7004],[64.1817,11.9838],[64.3685,12.1667],[64.6922,12.3676],[64.8826,12.554],[64.9599,12.809],[65.1186,12.9292],[65.2556,13.0737]]},"properties":{"id":965,"source":38726,"mouth":35113,"parent":965,"basin":965,"widthFactor":0.672,"sourceWidth":0.07,"discharge":498,"name":"Sluyagh","type":"River"}},{"type":"Feature","geometry":{"type":"LineString","coordinates":[[-64.584,41.278],[-64.4044,41.1657],[-64.1965,41.2064],[-63.9971,41.3279],[-63.9155,41.5466]]},"properties":{"id":966,"source":4518,"mouth":4519,"parent":1074,"basin":1106,"widthFactor":0.56,"sourceWidth":0.05,"discharge":55,"name":"Winchbridge","type":"Fork"}},{"type":"Feature","geometry":{"type":"LineString","coordinates":[[12.0028,40.5136],[12.1927,40.5922],[12.4623,40.5536],[12.7103,40.6662],[12.6211,40.8804],[12.6815,41.1044],[12.8332,41.2579],[13.048,41.278],[13.2862,41.5381]]},"properties":{"id":967,"source":5233,"mouth":4728,"parent":967,"basin":967,"widthFactor":0.672,"sourceWidth":0.05,"discharge":99,"name":"Hayfield","type":"River"}},{"type":"Feature","geometry":{"type":"LineString","coordinates":[[-38.7121,-22.2857],[-39.0075,-22.3317],[-39.2398,-22.52],[-39.2665,-22.7756],[-39.4336,-22.9708],[-39.5087,-23.0832],[-39.6413,-23.0572],[-39.7946,-23.0743],[-39.9394,-23.1273]]},"properties":{"id":968,"source":68584,"mouth":69019,"parent":968,"basin":968,"widthFactor":0.672,"sourceWidth":0.07,"discharge":95,"name":"Nudadh","type":"River"}},{"type":"Feature","geometry":{"type":"LineString","coordinates":[[48.2464,30.4743],[48.3927,30.4657],[48.6479,30.6323],[48.7149,30.8269],[48.5755,31.073],[48.3312,31.2154],[48.2435,31.4192],[48.0487,31.5252],[47.9242,31.6716],[48.0738,31.8081],[48.2448,31.9168],[48.1701,32.1488],[47.937,32.2812],[47.6689,32.2819],[47.5724,32.5668],[47.5749,32.8172],[47.4495,33.0339],[47.3716,33.3243]]},"properties":{"id":969,"source":14419,"mouth":11729,"parent":969,"basin":969,"widthFactor":0.672,"sourceWidth":0.04,"discharge":188,"name":"Crewenther","type":"River"}},{"type":"Feature","geometry":{"type":"LineString","coordinates":[[61.5816,1.6736],[61.7526,1.5723],[61.9494,1.6639],[62.1256,1.6012],[62.2991,1.5473],[62.4524,1.6448],[62.6131,1.6128],[62.7326,1.725]]},"properties":{"id":971,"source":48298,"mouth":48300,"parent":963,"basin":963,"widthFactor":0.56,"sourceWidth":0.07,"discharge":81,"name":"Honk","type":"River"}},{"type":"Feature","geometry":{"type":"LineString","coordinates":[[62.1365,2.6576],[62.1064,2.49],[62.2252,2.368],[62.2778,2.1711],[62.4524,2.0659]]},"properties":{"id":972,"source":47173,"mouth":47566,"parent":963,"basin":963,"widthFactor":0.56,"sourceWidth":0.05,"discharge":51,"name":"Paas","type":"Fork"}},{"type":"Feature","geometry":{"type":"LineString","coordinates":[[-64.0182,42.3531],[-64.0242,42.5519],[-64.1716,42.6855],[-64.0551,42.9576],[-64.0898,43.2515],[-64.0992,43.4561],[-64.2455,43.5995],[-64.2839,43.674],[-64.3506,43.7248]]},"properties":{"id":973,"source":3615,"mouth":2904,"parent":973,"basin":973,"widthFactor":0.672,"sourceWidth":0.06,"discharge":98,"name":"Shorewent","type":"River"}},{"type":"Feature","geometry":{"type":"LineString","coordinates":[[-9.0502,-9.5778],[-8.8657,-9.3574],[-8.5934,-9.2656],[-8.4589,-9.2302],[-8.3731,-9.3396],[-8.1547,-9.3208],[-7.9996,-9.166],[-7.8274,-9.2502],[-7.6423,-9.2999]]},"properties":{"id":974,"source":60378,"mouth":60118,"parent":974,"basin":974,"widthFactor":0.672,"sourceWidth":0.05,"discharge":152,"name":"Nan'jerjar","type":"River"}},{"type":"Feature","geometry":{"type":"LineString","coordinates":[[-2.4328,-1.786],[-2.1588,-1.9229],[-1.853,-1.9074],[-1.8347,-2.1494],[-1.6756,-2.3325],[-1.4039,-2.3877],[-1.0856,-2.2873],[-0.7831,-2.3073],[-0.5059,-2.1846],[-0.2848,-2.2881]]},"properties":{"id":977,"source":51852,"mouth":52239,"parent":977,"basin":977,"widthFactor":0.672,"sourceWidth":0.07,"discharge":222,"name":"Az'kasar","type":"River"}},{"type":"Feature","geometry":{"type":"LineString","coordinates":[[-36.326,-5.0478],[-36.4411,-5.1628],[-36.407,-5.3218],[-36.5547,-5.4572],[-36.5642,-5.6574],[-36.7032,-5.8134],[-36.7019,-6.0225],[-36.7415,-6.1411],[-36.7447,-6.2661]]},"properties":{"id":978,"source":55573,"mouth":56665,"parent":978,"basin":978,"widthFactor":0.672,"sourceWidth":0.05,"discharge":55,"name":"Bedrush","type":"River"}},{"type":"Feature","geometry":{"type":"LineString","coordinates":[[-8.3638,-7.7133],[-8.3197,-7.8452],[-8.1809,-7.8535],[-8.0474,-7.9446],[-7.8976,-7.8838],[-7.7492,-8.0038],[-7.5598,-7.9796],[-7.4667,-7.9396],[-7.3941,-7.869]]},"properties":{"id":979,"source":58493,"mouth":58848,"parent":979,"basin":979,"widthFactor":0.672,"sourceWidth":0.05,"discharge":66,"name":"Rrisa","type":"River"}},{"type":"Feature","geometry":{"type":"LineString","coordinates":[[-54.3852,-23.7718],[-54.4481,-23.635],[-54.5984,-23.627],[-54.7717,-23.5727],[-54.9253,-23.6699],[-55.1263,-23.495],[-55.3899,-23.4566],[-55.5399,-23.3398],[-55.7097,-23.2541]]},"properties":{"id":981,"source":69280,"mouth":69139,"parent":981,"basin":981,"widthFactor":0.672,"sourceWidth":0.04,"discharge":77,"name":"Lul-Qod","type":"River"}},{"type":"Feature","geometry":{"type":"LineString","coordinates":[[-3.9192,-6.4063],[-3.9376,-6.5392],[-3.8181,-6.6001],[-3.7255,-6.6957],[-3.604,-6.6414]]},"properties":{"id":982,"source":57121,"mouth":57470,"parent":505,"basin":505,"widthFactor":0.56,"sourceWidth":0.06,"discharge":60,"name":"Grorkush","type":"Creek"}},{"type":"Feature","geometry":{"type":"LineString","coordinates":[[-55.0685,-24.1587],[-55.1638,-24.0592],[-55.291,-24.112],[-55.291,-24.2]]},"properties":{"id":983,"source":69405,"mouth":69404,"parent":983,"basin":983,"widthFactor":0.672,"sourceWidth":0.05,"discharge":67,"name":"Krudh","type":"River"}},{"type":"Feature","geometry":{"type":"LineString","coordinates":[[53.6388,4.1274],[53.7344,4.2793],[53.6754,4.4489],[53.6119,4.5445],[53.6995,4.6186],[53.7892,4.7994],[53.9789,4.8685],[54.1691,4.9516],[54.3416,5.067]]},"properties":{"id":984,"source":45595,"mouth":44424,"parent":984,"basin":984,"widthFactor":0.672,"sourceWidth":0.04,"discharge":61,"name":"Kluir","type":"River"}},{"type":"Feature","geometry":{"type":"LineString","coordinates":[[-52.7633,-19.5509],[-52.9742,-19.525],[-53.1462,-19.6498],[-53.3135,-19.4497],[-53.388,-19.2538],[-53.5742,-19.1578],[-53.7988,-19.0562],[-54.0412,-19.1009],[-54.2474,-18.9966]]},"properties":{"id":985,"source":67046,"mouth":66626,"parent":985,"basin":985,"widthFactor":0.672,"sourceWidth":0.07,"discharge":81,"name":"Brogmurd","type":"River"}},{"type":"Feature","geometry":{"type":"LineString","coordinates":[[-43.78,-19.5891],[-43.9728,-19.6757],[-44.054,-19.8709],[-44.2375,-19.871],[-44.3416,-20.0447],[-44.5093,-20.0795],[-44.6954,-20.1229],[-44.8696,-20.2017]]},"properties":{"id":986,"source":67072,"mouth":67481,"parent":986,"basin":986,"widthFactor":0.672,"sourceWidth":0.06,"discharge":61,"name":"Gazd","type":"River"}},{"type":"Feature","geometry":{"type":"LineString","coordinates":[[-56.6475,46.075],[-56.5918,46.3117],[-56.6911,46.5336],[-56.7611,46.6285],[-56.8662,46.5748],[-57.0678,46.5973],[-57.22,46.439],[-57.4117,46.4254]]},"properties":{"id":987,"source":1227,"mouth":1069,"parent":845,"basin":845,"widthFactor":0.56,"sourceWidth":0.05,"discharge":68,"name":"Walterlowbu","type":"Fork"}},{"type":"Feature","geometry":{"type":"LineString","coordinates":[[-16.0871,32.2959],[-16.2621,32.3443],[-16.4036,32.201],[-16.5719,32.2111],[-16.7466,32.2079],[-16.8521,32.0686],[-16.9743,31.9399],[-17.0594,31.7827],[-17.1743,31.6482]]},"properties":{"id":989,"source":12579,"mouth":12577,"parent":1098,"basin":1098,"widthFactor":0.56,"sourceWidth":0.1,"discharge":98,"name":"Alhonalinzan","type":"River"}},{"type":"Feature","geometry":{"type":"LineString","coordinates":[[-1.9153,1.3326],[-2.0867,1.3838],[-2.2271,1.2428],[-2.3923,1.2556],[-2.464,1.4178],[-2.6351,1.4642],[-2.8045,1.3433],[-2.9495,1.1941]]},"properties":{"id":990,"source":48492,"mouth":48489,"parent":990,"basin":990,"widthFactor":0.672,"sourceWidth":0.04,"discharge":39,"name":"Skun'jashin","type":"River"}},{"type":"Feature","geometry":{"type":"LineString","coordinates":[[-54.2458,48.0991],[-54.3431,48.3223],[-54.5556,48.4408],[-54.657,48.7221],[-54.884,48.9165],[-54.8872,49.0337],[-55.0031,49.0519],[-55.1432,49.2224],[-55.3097,49.3672]]},"properties":{"id":991,"source":475,"mouth":132,"parent":991,"basin":991,"widthFactor":0.672,"sourceWidth":0.06,"discharge":112,"name":"Birmouthes","type":"River"}},{"type":"Feature","geometry":{"type":"LineString","coordinates":[[-1.0156,39.0664],[-0.8342,39.0465],[-0.7035,39.1738],[-0.589,39.3067],[-0.659,39.4888],[-0.5813,39.6316]]},"properties":{"id":992,"source":6186,"mouth":6187,"parent":175,"basin":175,"widthFactor":0.56,"sourceWidth":0.05,"discharge":45,"name":"Sylselume","type":"River"}},{"type":"Feature","geometry":{"type":"LineString","coordinates":[[-64.6198,43.0172],[-64.5697,43.2249],[-64.7123,43.4063],[-64.7008,43.6088],[-64.5943,43.6996],[-64.5163,43.8159]]},"properties":{"id":994,"source":3147,"mouth":2902,"parent":994,"basin":994,"widthFactor":0.672,"sourceWidth":0.06,"discharge":52,"name":"Uxbrigh","type":"River"}},{"type":"Feature","geometry":{"type":"LineString","coordinates":[[-20.7736,41.5552],[-20.8058,41.71],[-20.955,41.7623],[-21.0413,42.0203],[-21.253,42.1912],[-21.3888,42.1899],[-21.4406,42.0643],[-21.6094,41.944],[-21.7542,41.7957]]},"properties":{"id":995,"source":4414,"mouth":3962,"parent":995,"basin":995,"widthFactor":0.672,"sourceWidth":0.06,"discharge":97,"name":"Geaux","type":"River"}},{"type":"Feature","geometry":{"type":"LineString","coordinates":[[-54.8825,-23.9011],[-55.0661,-23.7992],[-55.2744,-23.8904],[-55.463,-23.8271],[-55.5356,-23.6504],[-55.7144,-23.5834],[-55.8421,-23.4974],[-55.9868,-23.4449]]},"properties":{"id":998,"source":69278,"mouth":69136,"parent":998,"basin":998,"widthFactor":0.672,"sourceWidth":0.04,"discharge":57,"name":"Dod-Rug","type":"River"}},{"type":"Feature","geometry":{"type":"LineString","coordinates":[[-72.4583,32.3909],[-72.6003,32.5461],[-72.827,32.5261],[-72.9859,32.6462],[-73.1383,32.6076],[-73.1859,32.4578],[-73.3379,32.4746],[-73.4895,32.454]]},"properties":{"id":999,"source":12076,"mouth":12074,"parent":999,"basin":999,"widthFactor":0.672,"sourceWidth":0.06,"discharge":73,"name":"Draxtedge","type":"River"}},{"type":"Feature","geometry":{"type":"LineString","coordinates":[[16.5042,15.2573],[16.3182,15.2399],[16.21,15.0876],[16.1688,14.9009],[16.3149,14.7509],[16.3112,14.5715],[16.238,14.3923],[16.2007,14.2025]]},"properties":{"id":1000,"source":32052,"mouth":32861,"parent":1000,"basin":1000,"widthFactor":0.672,"sourceWidth":0.06,"discharge":71,"name":"Cathrasher","type":"River"}},{"type":"Feature","geometry":{"type":"LineString","coordinates":[[-4.9613,-0.5809],[-4.8144,-0.4925],[-4.7994,-0.3217],[-4.7374,-0.1519],[-4.8655,0.0015],[-4.8414,0.168],[-4.8413,0.2158],[-4.8757,0.249]]},"properties":{"id":1001,"source":50725,"mouth":49940,"parent":1001,"basin":1001,"widthFactor":0.672,"sourceWidth":0.05,"discharge":45,"name":"Nabirakhil","type":"River"}},{"type":"Feature","geometry":{"type":"LineString","coordinates":[[-9.5366,-10.589],[-9.6065,-10.7271],[-9.521,-10.8561],[-9.5592,-11.0472],[-9.4479,-11.2072],[-9.4848,-11.3811],[-9.4844,-11.559]]},"properties":{"id":1002,"source":61241,"mouth":61835,"parent":1002,"basin":1002,"widthFactor":0.672,"sourceWidth":0.06,"discharge":54,"name":"Srapjess","type":"River"}},{"type":"Feature","geometry":{"type":"LineString","coordinates":[[-35.7929,-19.4707],[-35.5782,-19.4224],[-35.3851,-19.5283],[-35.4178,-19.8101],[-35.3874,-20.0418],[-35.2225,-20.2072],[-34.9857,-20.3137],[-34.7291,-20.2741],[-34.4512,-20.3006],[-34.1906,-20.2557],[-33.9913,-20.0818],[-33.7711,-19.7697]]},"properties":{"id":1003,"source":67096,"mouth":67512,"parent":1003,"basin":1003,"widthFactor":0.672,"sourceWidth":0.05,"discharge":292,"name":"Nudh","type":"River"}},{"type":"Feature","geometry":{"type":"LineString","coordinates":[[28.1794,-16.1957],[28.0074,-16.3028],[27.9937,-16.5229],[27.8533,-16.6526],[27.6975,-16.7552],[27.6704,-16.9399],[27.7126,-17.0225],[27.784,-17.0816]]},"properties":{"id":1004,"source":65135,"mouth":65527,"parent":1004,"basin":1004,"widthFactor":0.672,"sourceWidth":0.04,"discharge":45,"name":"Kegbeorn","type":"River"}},{"type":"Feature","geometry":{"type":"LineString","coordinates":[[-10.2137,2.7012],[-10.3527,2.8129],[-10.5352,2.7349],[-10.6829,2.8086],[-10.8388,2.9056],[-11.0114,2.9682]]},"properties":{"id":1005,"source":46971,"mouth":46970,"parent":1005,"basin":1005,"widthFactor":0.672,"sourceWidth":0.06,"discharge":51,"name":"Bundusharbh","type":"River"}},{"type":"Feature","geometry":{"type":"LineString","coordinates":[[-3.4204,-2.1534],[-3.4803,-2.3187],[-3.3469,-2.4626],[-3.3682,-2.6236],[-3.3996,-2.7392],[-3.292,-2.7918],[-3.1614,-2.8525],[-3.0196,-2.8774]]},"properties":{"id":1006,"source":52615,"mouth":52995,"parent":1220,"basin":1220,"widthFactor":0.56,"sourceWidth":0.06,"discharge":120,"name":"Skaph","type":"River"}},{"type":"Feature","geometry":{"type":"LineString","coordinates":[[-33.2278,37.2953],[-33.1191,37.4046],[-33.1609,37.553],[-33.077,37.6463],[-33.1454,37.7515],[-33.28,37.8411],[-33.436,37.889],[-33.5749,37.9703]]},"properties":{"id":1007,"source":7682,"mouth":7137,"parent":1007,"basin":1007,"widthFactor":0.672,"sourceWidth":0.04,"discharge":37,"name":"Vises","type":"River"}},{"type":"Feature","geometry":{"type":"LineString","coordinates":[[10.4502,4.9385],[10.302,4.7893],[10.2969,4.5789],[10.3243,4.3795],[10.3888,4.1889]]},"properties":{"id":1009,"source":44299,"mouth":44687,"parent":28,"basin":28,"widthFactor":0.56,"sourceWidth":0.05,"discharge":42,"name":"Mithuj'ika","type":"River"}},{"type":"Feature","geometry":{"type":"LineString","coordinates":[[-0.8257,-1.0059],[-0.7652,-1.2341],[-0.5759,-1.3749],[-0.4726,-1.3483],[-0.3852,-1.287]]},"properties":{"id":1010,"source":51114,"mouth":51482,"parent":1010,"basin":1010,"widthFactor":0.672,"sourceWidth":0.05,"discharge":69,"name":"Shurressar","type":"River"}},{"type":"Feature","geometry":{"type":"LineString","coordinates":[[65.2448,9.8336],[65.3722,9.6466],[65.5903,9.5861],[65.6603,9.4544],[65.7615,9.3447]]},"properties":{"id":1011,"source":38731,"mouth":39110,"parent":1011,"basin":1011,"widthFactor":0.672,"sourceWidth":0.05,"discharge":45,"name":"Ekork","type":"River"}},{"type":"Feature","geometry":{"type":"LineString","coordinates":[[63.9225,-9.1169],[63.9835,-8.9645],[63.8898,-8.8297],[63.9693,-8.7424],[64.0167,-8.6343]]},"properties":{"id":1012,"source":60252,"mouth":59974,"parent":1012,"basin":1012,"widthFactor":0.672,"sourceWidth":0.08,"discharge":76,"name":"Gler","type":"Brook"}},{"type":"Feature","geometry":{"type":"LineString","coordinates":[[-59.3317,39.3466],[-59.498,39.478],[-59.7091,39.4603],[-59.7254,39.6379],[-59.9059,39.7185],[-59.955,39.8768]]},"properties":{"id":1013,"source":5771,"mouth":5770,"parent":1106,"basin":1106,"widthFactor":0.56,"sourceWidth":0.05,"discharge":42,"name":"Skipingin","type":"River"}},{"type":"Feature","geometry":{"type":"LineString","coordinates":[[5.6998,19.5421],[5.7545,19.6368],[5.8485,19.581],[5.8841,19.4437],[6.0236,19.4183],[6.1773,19.4617],[6.3132,19.5484],[6.4633,19.6005]]},"properties":{"id":1014,"source":26722,"mouth":26724,"parent":1014,"basin":1014,"widthFactor":0.672,"sourceWidth":0.07,"discharge":80,"name":"Athisan'ka","type":"River"}},{"type":"Feature","geometry":{"type":"LineString","coordinates":[[53.0769,15.7314],[53.3069,15.6559],[53.5353,15.7361],[53.6832,15.757],[53.8209,15.8147]]},"properties":{"id":1015,"source":31765,"mouth":31364,"parent":1015,"basin":1015,"widthFactor":0.672,"sourceWidth":0.04,"discharge":63,"name":"Bhiaxair","type":"River"}},{"type":"Feature","geometry":{"type":"LineString","coordinates":[[65.1506,9.576],[65.2569,9.4683],[65.402,9.5113],[65.4736,9.3677],[65.5771,9.2451]]},"properties":{"id":1016,"source":39108,"mouth":39109,"parent":1016,"basin":1016,"widthFactor":0.672,"sourceWidth":0.05,"discharge":44,"name":"Gneable","type":"Creek"}},{"type":"Feature","geometry":{"type":"LineString","coordinates":[[2.2818,0.6507],[2.4224,0.4674],[2.4149,0.2365],[2.4009,0.1838],[2.3557,0.1532]]},"properties":{"id":1017,"source":49203,"mouth":49577,"parent":1017,"basin":1017,"widthFactor":0.672,"sourceWidth":0.06,"discharge":65,"name":"Nashruz","type":"Brook"}},{"type":"Feature","geometry":{"type":"LineString","coordinates":[[-34.3711,49.2855],[-34.431,49.1115],[-34.3361,48.9539],[-34.1782,48.8779],[-34.0076,48.8379]]},"properties":{"id":1018,"source":77,"mouth":193,"parent":1018,"basin":1018,"widthFactor":0.672,"sourceWidth":0.07,"discharge":61,"name":"Bunzangay","type":"River"}},{"type":"Feature","geometry":{"type":"LineString","coordinates":[[-67.4783,35.8256],[-67.3426,35.8087],[-67.2791,35.9299],[-67.2177,36.0583],[-67.1927,36.1984]]},"properties":{"id":1019,"source":8706,"mouth":8417,"parent":1019,"basin":1019,"widthFactor":0.672,"sourceWidth":0.06,"discharge":83,"name":"Apseasings","type":"River"}},{"type":"Feature","geometry":{"type":"LineString","coordinates":[[-22.5161,34.5668],[-22.6479,34.4076],[-22.6313,34.2016],[-22.5676,34.0394],[-22.4702,33.8949]]},"properties":{"id":1020,"source":10132,"mouth":10491,"parent":1098,"basin":1098,"widthFactor":0.56,"sourceWidth":0.05,"discharge":46,"name":"Aulet","type":"Fork"}},{"type":"Feature","geometry":{"type":"LineString","coordinates":[[7.3925,-1.0083],[7.4011,-0.8174],[7.2287,-0.6976],[7.2011,-0.5209],[7.3185,-0.451],[7.412,-0.3512]]},"properties":{"id":1021,"source":51136,"mouth":50769,"parent":1021,"basin":1021,"widthFactor":0.672,"sourceWidth":0.05,"discharge":54,"name":"Srash","type":"River"}},{"type":"Feature","geometry":{"type":"LineString","coordinates":[[64.5661,-9.9125],[64.7318,-9.9873],[64.8938,-9.8674],[65.0588,-9.9032],[65.0809,-10.0788],[64.9943,-10.2183],[64.9078,-10.3578],[64.9709,-10.4317],[65.0572,-10.4762]]},"properties":{"id":1022,"source":60805,"mouth":61099,"parent":1022,"basin":1022,"widthFactor":0.672,"sourceWidth":0.05,"discharge":72,"name":"Glerd","type":"River"}},{"type":"Feature","geometry":{"type":"LineString","coordinates":[[59.2686,-15.2568],[59.2251,-15.3846],[59.3309,-15.4686],[59.4452,-15.5773],[59.5823,-15.6554]]},"properties":{"id":1023,"source":64658,"mouth":64852,"parent":1023,"basin":1023,"widthFactor":0.672,"sourceWidth":0.05,"discharge":61,"name":"Viinser","type":"Creek"}},{"type":"Feature","geometry":{"type":"LineString","coordinates":[[-7.619,11.8437],[-7.5156,11.7594],[-7.4026,11.8304],[-7.2896,11.7048],[-7.1513,11.6078]]},"properties":{"id":1024,"source":36092,"mouth":36093,"parent":1024,"basin":1024,"widthFactor":0.672,"sourceWidth":0.06,"discharge":58,"name":"Sholed","type":"River"}},{"type":"Feature","geometry":{"type":"LineString","coordinates":[[-6.875,3.2002],[-6.8647,3.389],[-6.7162,3.5061],[-6.5364,3.5104],[-6.3598,3.4766]]},"properties":{"id":1025,"source":46187,"mouth":45801,"parent":1025,"basin":1025,"widthFactor":0.672,"sourceWidth":0.06,"discharge":58,"name":"Bilgab","type":"River"}},{"type":"Feature","geometry":{"type":"LineString","coordinates":[[2.2289,13.7369],[2.4092,13.7054],[2.5382,13.8617],[2.7083,13.8677],[2.8359,13.8561],[2.9612,13.8825]]},"properties":{"id":1026,"source":34114,"mouth":33691,"parent":1026,"basin":1026,"widthFactor":0.672,"sourceWidth":0.06,"discharge":66,"name":"Rraneksas","type":"River"}},{"type":"Feature","geometry":{"type":"LineString","coordinates":[[-69.0076,29.5782],[-68.8497,29.7053],[-68.8286,29.9068],[-68.7549,29.9159],[-68.6955,29.9605]]},"properties":{"id":1027,"source":15204,"mouth":14834,"parent":1027,"basin":1027,"widthFactor":0.672,"sourceWidth":0.06,"discharge":50,"name":"Dyfield","type":"Creek"}},{"type":"Feature","geometry":{"type":"LineString","coordinates":[[-34.0139,49.3042],[-33.9094,49.3029],[-33.922,49.1991],[-33.9463,49.0141],[-34.0076,48.8379]]},"properties":{"id":1028,"source":78,"mouth":194,"parent":1028,"basin":1028,"widthFactor":0.672,"sourceWidth":0.07,"discharge":60,"name":"Godbury","type":"Creek"}},{"type":"Feature","geometry":{"type":"LineString","coordinates":[[-64.472,41.8603],[-64.4272,41.6539],[-64.2533,41.5342],[-63.9155,41.5466],[-63.6922,41.2383],[-63.7721,41.013],[-63.7046,40.7837],[-63.3381,40.6996],[-63.0976,40.5385],[-63.0287,40.2612],[-62.8361,40.0504],[-62.717,39.8503]]},"properties":{"id":1074,"source":4070,"mouth":5262,"parent":1080,"basin":1106,"widthFactor":0.56,"sourceWidth":0.06,"discharge":281,"name":"Watchingin","type":"Fork"}},{"type":"Feature","geometry":{"type":"LineString","coordinates":[[-62.6509,40.9293],[-62.7876,40.9102],[-62.8197,40.7759],[-63.0083,40.7153],[-63.0976,40.5385]]},"properties":{"id":1075,"source":4763,"mouth":4762,"parent":1074,"basin":1106,"widthFactor":0.56,"sourceWidth":0.06,"discharge":47,"name":"Mandorough","type":"Creek"}},{"type":"Feature","geometry":{"type":"LineString","coordinates":[[-32.3617,-4.6313],[-32.4745,-4.8205],[-32.5251,-5.149],[-32.2781,-5.2592],[-32.1772,-5.5102],[-32.1825,-5.7748],[-32.3624,-5.9688],[-32.3975,-6.3307],[-32.2747,-6.5731],[-32.0309,-6.6927],[-31.9632,-6.9095],[-31.7655,-7.0213],[-31.8488,-7.2432],[-31.7694,-7.4666],[-31.834,-7.7219],[-31.7398,-7.9679],[-31.9095,-8.3096],[-31.792,-8.6389]]},"properties":{"id":1078,"source":55206,"mouth":59114,"parent":1078,"basin":1078,"widthFactor":0.672,"sourceWidth":0.59,"discharge":659,"name":"Merkrir","type":"River"}},{"type":"Feature","geometry":{"type":"LineString","coordinates":[[-62.3497,39.6681],[-62.0384,39.4977],[-61.8859,39.1559],[-62.0004,38.9229],[-61.9123,38.6787],[-61.5831,38.5339],[-61.2321,38.5456],[-61.204,38.3082],[-61.3426,38.1135],[-61.0878,38.0875],[-60.871,38.2241],[-60.6735,38.4069],[-60.6173,38.6701],[-60.3527,38.8017]]},"properties":{"id":1080,"source":5512,"mouth":6268,"parent":1106,"basin":1106,"widthFactor":0.56,"sourceWidth":0.79,"discharge":1378,"name":"Dodbrigh","type":"Fork"}},{"type":"Feature","geometry":{"type":"LineString","coordinates":[[-17.4482,27.207],[-17.5075,27.3649],[-17.6708,27.4071],[-17.6571,27.5925],[-17.6817,27.7768]]},"properties":{"id":1081,"source":18008,"mouth":17642,"parent":1098,"basin":1098,"widthFactor":0.56,"sourceWidth":0.05,"discharge":72,"name":"Rymasetheine","type":"River"}},{"type":"Feature","geometry":{"type":"LineString","coordinates":[[-17.1704,32.7949],[-17.2834,32.649],[-17.2066,32.4599],[-17.2817,32.3053],[-17.3963,32.3228],[-17.5105,32.3022]]},"properties":{"id":1083,"source":11917,"mouth":12575,"parent":1098,"basin":1098,"widthFactor":0.56,"sourceWidth":0.04,"discharge":48,"name":"Linlumyeri","type":"Fork"}},{"type":"Feature","geometry":{"type":"LineString","coordinates":[[-23.2944,35.8061],[-23.5683,35.708],[-23.822,35.5399],[-24.1909,35.5219],[-24.3152,35.3314],[-24.2967,35.1047],[-24.1551,34.8019]]},"properties":{"id":1084,"source":8844,"mouth":9449,"parent":1098,"basin":1098,"widthFactor":0.56,"sourceWidth":0.08,"discharge":105,"name":"Guigny","type":"River"}},{"type":"Feature","geometry":{"type":"LineString","coordinates":[[29.3452,-2.109],[29.5589,-1.9114],[29.6402,-1.6318],[29.4822,-1.3898],[29.223,-1.2621],[29.1592,-1.0028],[29.1218,-0.7366],[28.9467,-0.7786],[28.7801,-0.5945],[28.5397,-0.5326],[28.3838,-0.7609],[28.1358,-0.8829],[27.9939,-0.719],[27.7817,-0.6743],[27.6893,-0.8828],[27.4945,-1.0013],[27.294,-0.8359],[27.2027,-0.5926],[26.8478,-0.6945],[26.6409,-0.6766],[26.4641,-0.7856],[26.2343,-0.701],[25.9933,-0.7444],[25.7777,-0.6938]]},"properties":{"id":1085,"source":52321,"mouth":50814,"parent":1272,"basin":1272,"widthFactor":0.56,"sourceWidth":0.05,"discharge":130,"name":"Numun","type":"River"}},{"type":"Feature","geometry":{"type":"LineString","coordinates":[[-43.1108,-3.2511],[-42.9285,-3.3649],[-42.7177,-3.4068],[-42.6866,-3.6668],[-42.5076,-3.9112],[-42.5832,-4.1438],[-42.471,-4.3612],[-42.3255,-4.5161],[-42.3494,-4.7886],[-42.2057,-5.0213],[-42.2632,-5.0906],[-42.6181,-5.1965],[-42.7393,-5.4011],[-42.7045,-5.6363],[-42.601,-5.9804],[-42.6205,-6.198],[-42.6018,-6.4156]]},"properties":{"id":1087,"source":53629,"mouth":56640,"parent":1087,"basin":1087,"widthFactor":0.672,"sourceWidth":1,"discharge":6626,"name":"Krarra","type":"River"}},{"type":"Feature","geometry":{"type":"LineString","coordinates":[[-16.9089,28.8582],[-16.9802,28.7392],[-16.9766,28.6005],[-17.054,28.4413],[-17.0762,28.2657]]},"properties":{"id":1090,"source":16097,"mouth":16467,"parent":1098,"basin":1098,"widthFactor":0.56,"sourceWidth":0.06,"discharge":46,"name":"Elsyanathent","type":"Creek"}},{"type":"Feature","geometry":{"type":"LineString","coordinates":[[-55.9066,34.3807],[-56.0047,34.4841],[-56.1424,34.5208],[-56.2286,34.6466],[-56.3409,34.5434],[-56.4506,34.3964],[-56.516,34.225]]},"properties":{"id":1093,"source":10015,"mouth":10013,"parent":1106,"basin":1106,"widthFactor":0.56,"sourceWidth":0.19,"discharge":175,"name":"Lympscast","type":"River"}},{"type":"Feature","geometry":{"type":"LineString","coordinates":[[36.2529,-21.2005],[36.0429,-21.353],[35.9579,-21.5983],[35.7976,-21.8708],[35.5699,-21.8833],[35.3836,-21.7517],[35.189,-21.814],[35.0215,-21.9469],[34.8077,-21.9424],[34.6494,-21.7969],[34.617,-21.5843],[34.3562,-21.5417],[34.1104,-21.6388],[33.8014,-21.4263]]},"properties":{"id":1097,"source":68117,"mouth":68111,"parent":1097,"basin":1097,"widthFactor":0.672,"sourceWidth":0.04,"discharge":91,"name":"Brershel","type":"River"}},{"type":"Feature","geometry":{"type":"LineString","coordinates":[[-19.3238,34.3106],[-19.1648,34.4574],[-19.0677,34.6508],[-19.1035,34.8859],[-18.9712,35.0253],[-18.6841,35.2386],[-18.4103,35.172],[-18.1517,35.2837],[-18.0241,35.5328],[-17.8343,35.624],[-17.6661,35.7508]]},"properties":{"id":1098,"source":10148,"mouth":9159,"parent":1098,"basin":1098,"widthFactor":0.672,"sourceWidth":1,"discharge":2755,"name":"Sandillambrie","type":"River"}},{"type":"Feature","geometry":{"type":"LineString","coordinates":[[27.7763,0.1408],[27.6433,0.0248],[27.6897,-0.1665],[27.5926,-0.2975],[27.4444,-0.3126],[27.3607,-0.1893],[27.2119,-0.3636],[27.2027,-0.5926]]},"properties":{"id":1101,"source":50046,"mouth":50437,"parent":1085,"basin":1272,"widthFactor":0.56,"sourceWidth":0.05,"discharge":42,"name":"Froth","type":"Fork"}},{"type":"Feature","geometry":{"type":"LineString","coordinates":[[26.577,1.2579],[26.3948,1.4351],[26.1435,1.4727],[25.9809,1.6923],[25.7304,1.8571],[25.4314,1.8799],[25.2415,1.8721],[24.9691,2.0161]]},"properties":{"id":1102,"source":48545,"mouth":47823,"parent":1284,"basin":1284,"widthFactor":0.56,"sourceWidth":0.06,"discharge":66,"name":"Glumrud","type":"River"}},{"type":"Feature","geometry":{"type":"LineString","coordinates":[[-17.7805,33.7828],[-17.8768,34.0467],[-18.0988,34.2188],[-18.1986,34.4156],[-18.4023,34.5006],[-18.578,34.623],[-18.6304,34.8307],[-18.5215,35.0352],[-18.3366,35.1595],[-18.1517,35.2837]]},"properties":{"id":1103,"source":10882,"mouth":9805,"parent":1098,"basin":1098,"widthFactor":0.56,"sourceWidth":0.04,"discharge":60,"name":"Yhoressin","type":"River"}},{"type":"Feature","geometry":{"type":"LineString","coordinates":[[7.7653,43.3247],[7.7344,43.5311],[7.5692,43.6586],[7.5486,43.8683],[7.3917,44.0089]]},"properties":{"id":1104,"source":3077,"mouth":2833,"parent":960,"basin":960,"widthFactor":0.56,"sourceWidth":0.05,"discharge":40,"name":"Coclifract","type":"Fork"}},{"type":"Feature","geometry":{"type":"LineString","coordinates":[[-60.0336,39.2151],[-60.2049,39.3474],[-60.1841,39.6613],[-59.955,39.8768],[-59.7793,40.0238],[-59.7893,40.2528],[-59.5915,40.3457],[-59.5395,40.5579],[-59.7737,40.786],[-59.6064,41.0928],[-59.7846,41.4018],[-59.6266,41.5943],[-59.6212,41.8432],[-59.3465,42.0106]]},"properties":{"id":1106,"source":6020,"mouth":4085,"parent":1106,"basin":1106,"widthFactor":0.672,"sourceWidth":1,"discharge":4564,"name":"Penwich","type":"River"}},{"type":"Feature","geometry":{"type":"LineString","coordinates":[[-57.0343,-16.3],[-57.0953,-16.4965],[-57.0794,-16.7017],[-57.1036,-16.9191],[-57.309,-16.9944],[-57.4468,-17.1508],[-57.6522,-17.1158],[-57.814,-17.2059],[-57.9479,-17.3338]]},"properties":{"id":1107,"source":65054,"mouth":65436,"parent":1107,"basin":1107,"widthFactor":0.672,"sourceWidth":0.18,"discharge":160,"name":"Dignod","type":"River"}},{"type":"Feature","geometry":{"type":"LineString","coordinates":[[44.4431,-18.5093],[44.3645,-18.6256],[44.4415,-18.7428],[44.6369,-18.7698],[44.7544,-18.9281],[44.7978,-19.147],[44.6929,-19.3438],[44.7673,-19.4778],[44.9202,-19.4871]]},"properties":{"id":1109,"source":66558,"mouth":66963,"parent":642,"basin":642,"widthFactor":0.56,"sourceWidth":0.04,"discharge":74,"name":"Andrarharpero","type":"River"}},{"type":"Feature","geometry":{"type":"LineString","coordinates":[[3.4157,35.6278],[3.4966,35.6973],[3.4219,35.7734],[3.3715,35.9721],[3.1978,36.0809]]},"properties":{"id":1111,"source":9231,"mouth":8928,"parent":146,"basin":146,"widthFactor":0.56,"sourceWidth":0.05,"discharge":36,"name":"Syrandoriath","type":"Creek"}},{"type":"Feature","geometry":{"type":"LineString","coordinates":[[27.4276,-4.84],[27.3077,-4.6135],[27.079,-4.4982],[26.8722,-4.535],[26.6953,-4.4219],[26.5841,-4.1712],[26.6213,-3.8996],[26.4202,-3.8074],[26.2058,-3.8622],[26.0668,-3.6482],[25.8338,-3.5446],[25.6729,-3.3935],[25.4532,-3.3725],[25.2773,-3.0362],[25.254,-2.7996],[24.952,-2.8914],[24.7964,-3.1709],[24.5536,-3.3009]]},"properties":{"id":1113,"source":55766,"mouth":53823,"parent":1113,"basin":1113,"widthFactor":0.672,"sourceWidth":0.06,"discharge":96,"name":"Grimruddud","type":"River"}},{"type":"Feature","geometry":{"type":"LineString","coordinates":[[-48.4106,42.0378],[-48.2111,41.9627],[-48.0137,42.0433],[-47.9027,41.9912],[-47.8269,42.0877]]},"properties":{"id":1114,"source":3897,"mouth":3898,"parent":301,"basin":301,"widthFactor":0.56,"sourceWidth":0.05,"discharge":46,"name":"Chipton","type":"Creek"}},{"type":"Feature","geometry":{"type":"LineString","coordinates":[[56.6677,-18.4852],[56.6306,-18.7089],[56.7463,-18.904],[56.8851,-18.9716],[57.0141,-18.8869],[57.1589,-19.0235],[57.1674,-19.2224]]},"properties":{"id":1115,"source":66595,"mouth":66800,"parent":558,"basin":558,"widthFactor":0.56,"sourceWidth":0.06,"discharge":55,"name":"Ingelindrethed","type":"River"}},{"type":"Feature","geometry":{"type":"LineString","coordinates":[[-54.642,44.4745],[-54.3338,44.3717],[-54.0984,44.4115],[-53.9353,44.5858],[-53.7836,44.852],[-53.5722,44.919],[-53.4716,45.1332],[-53.2824,45.2296],[-53.1151,45.4273]]},"properties":{"id":1116,"source":2242,"mouth":1799,"parent":415,"basin":415,"widthFactor":0.56,"sourceWidth":0.06,"discharge":144,"name":"Bingham","type":"Fork"}},{"type":"Feature","geometry":{"type":"LineString","coordinates":[[-21.5527,39.1294],[-21.5459,39.3731],[-21.3931,39.563],[-21.095,39.349],[-20.853,39.3451],[-20.5269,39.2431],[-20.3813,39.0803],[-20.1658,39.0446],[-19.9498,39.0294],[-19.7713,39.152],[-19.6066,38.9621],[-19.4172,38.797]]},"properties":{"id":1117,"source":6148,"mouth":6153,"parent":1117,"basin":1117,"widthFactor":0.672,"sourceWidth":0.05,"discharge":120,"name":"Briavey","type":"River"}},{"type":"Feature","geometry":{"type":"LineString","coordinates":[[-41.0492,-2.9397],[-41.0761,-3.2036],[-40.9504,-3.4371],[-41.0228,-3.6572],[-40.9044,-3.874],[-40.9387,-4.0934],[-41.1504,-4.1233],[-41.2904,-4.2849],[-41.4699,-4.4911],[-41.5161,-4.7606],[-41.3815,-4.8906],[-41.1924,-5.0735],[-40.9229,-5.1797],[-40.6352,-5.1467],[-40.4842,-5.3685],[-40.2432,-5.4473],[-39.9939,-5.4931]]},"properties":{"id":1118,"source":53260,"mouth":55931,"parent":1118,"basin":1118,"widthFactor":0.672,"sourceWidth":0.05,"discharge":129,"name":"Lorgzil","type":"River"}},{"type":"Feature","geometry":{"type":"LineString","coordinates":[[51.9819,-21.0775],[51.7883,-21.2148],[51.7212,-21.4426],[51.6037,-21.7649],[51.5931,-22.0431],[51.7282,-22.2865],[51.9781,-22.4764],[51.9788,-22.7417],[52.1189,-22.9669],[51.9742,-23.2526],[52.2123,-23.476],[52.1989,-23.7021],[52.2201,-23.9275]]},"properties":{"id":1119,"source":68171,"mouth":69246,"parent":1119,"basin":1119,"widthFactor":0.672,"sourceWidth":0.05,"discharge":155,"name":"Felthoon","type":"River"}},{"type":"Feature","geometry":{"type":"LineString","coordinates":[[-21.2912,37.7173],[-21.0756,37.8286],[-20.9721,38.0481],[-20.8099,38.2254],[-20.5736,38.2692],[-20.3745,38.084],[-20.1075,38.0326],[-19.9417,38.2466],[-19.5962,38.2497],[-19.3524,38.2187],[-19.1066,38.2233]]},"properties":{"id":1120,"source":7176,"mouth":6662,"parent":1120,"basin":1120,"widthFactor":0.672,"sourceWidth":0.09,"discharge":101,"name":"Nonainstolig","type":"River"}},{"type":"Feature","geometry":{"type":"LineString","coordinates":[[-5.3022,42.5906],[-5.1318,42.6854],[-5.085,42.8747],[-4.956,43.0251],[-4.9722,43.2227],[-4.7946,43.2634],[-4.7302,43.4534],[-4.5753,43.524]]},"properties":{"id":1121,"source":3767,"mouth":3290,"parent":177,"basin":177,"widthFactor":0.56,"sourceWidth":0.05,"discharge":53,"name":"Esilaurtheas","type":"River"}},{"type":"Feature","geometry":{"type":"LineString","coordinates":[[57.5884,-17.5183],[57.8055,-17.5428],[57.9741,-17.3789],[58.1814,-17.3657],[58.3113,-17.4164],[58.3168,-17.5557],[58.5612,-17.569],[58.7674,-17.4373]]},"properties":{"id":1122,"source":66019,"mouth":66021,"parent":653,"basin":653,"widthFactor":0.56,"sourceWidth":0.07,"discharge":93,"name":"Penatar","type":"Fork"}},{"type":"Feature","geometry":{"type":"LineString","coordinates":[[7.791,-2.2928],[7.9264,-2.2538],[8.0991,-2.4558],[8.3544,-2.5294],[8.6292,-2.5224],[8.839,-2.4913],[8.9778,-2.3309],[9.2051,-2.2546]]},"properties":{"id":1124,"source":52644,"mouth":52648,"parent":1124,"basin":1124,"widthFactor":0.672,"sourceWidth":0.04,"discharge":160,"name":"Man'kegak","type":"River"}},{"type":"Feature","geometry":{"type":"LineString","coordinates":[[-19.681,36.0832],[-19.751,36.3012],[-19.6144,36.4601],[-19.4063,36.4842],[-19.3395,36.6934],[-19.4226,36.8967],[-19.2748,37.0775],[-19.2646,37.3109],[-19.1697,37.5553]]},"properties":{"id":1125,"source":8567,"mouth":7725,"parent":1125,"basin":1125,"widthFactor":0.672,"sourceWidth":0.04,"discharge":78,"name":"Neude","type":"River"}},{"type":"Feature","geometry":{"type":"LineString","coordinates":[[53.1314,-21.9844],[53.3836,-21.9549],[53.5704,-21.8269],[53.796,-21.8467],[53.803,-22.1736],[53.6363,-22.3432],[53.6015,-22.5784],[53.7921,-22.8688]]},"properties":{"id":1128,"source":68498,"mouth":68811,"parent":1270,"basin":1270,"widthFactor":0.56,"sourceWidth":0.05,"discharge":77,"name":"Skurlathan","type":"Fork"}},{"type":"Feature","geometry":{"type":"LineString","coordinates":[[4.4399,36.1245],[4.2289,36.3228],[4.1511,36.6017],[4.1126,36.7483],[4.2212,36.8539],[4.2808,37.0805],[4.1908,37.2969],[4.301,37.4164],[4.3815,37.5577]]},"properties":{"id":1129,"source":8642,"mouth":7792,"parent":1129,"basin":1129,"widthFactor":0.672,"sourceWidth":0.06,"discharge":59,"name":"Ishlas","type":"River"}},{"type":"Feature","geometry":{"type":"LineString","coordinates":[[63.5863,10.5709],[63.8009,10.6608],[63.9108,10.8659],[64.069,11.0506],[64.0859,11.2933]]},"properties":{"id":1130,"source":37914,"mouth":37499,"parent":965,"basin":965,"widthFactor":0.56,"sourceWidth":0.05,"discharge":41,"name":"Moft","type":"River"}},{"type":"Feature","geometry":{"type":"LineString","coordinates":[[-70.8847,15.0837],[-71.0895,15.2529],[-71.354,15.2783],[-71.6232,15.4846],[-71.8061,15.6738],[-71.8302,15.8933],[-72.1812,15.8108]]},"properties":{"id":1131,"source":32212,"mouth":31028,"parent":1131,"basin":1131,"widthFactor":0.672,"sourceWidth":0.05,"discharge":67,"name":"Bolmond","type":"River"}},{"type":"Feature","geometry":{"type":"LineString","coordinates":[[43.9956,30.5942],[44.0723,30.7535],[43.9933,30.9118],[44.1813,31.0329],[44.2478,31.2465],[44.3427,31.3612],[44.2898,31.5003],[44.216,31.6183],[44.1139,31.7128]]},"properties":{"id":1132,"source":14407,"mouth":13347,"parent":1132,"basin":1132,"widthFactor":0.672,"sourceWidth":0.05,"discharge":100,"name":"Maringley","type":"River"}},{"type":"Feature","geometry":{"type":"LineString","coordinates":[[-53.238,-20.1527],[-53.3283,-19.9445],[-53.5314,-19.8436],[-53.6831,-19.6762],[-53.9065,-19.6436],[-54.0317,-19.4629],[-54.2435,-19.4046],[-54.3594,-19.3221],[-54.4926,-19.2722]]},"properties":{"id":1133,"source":67462,"mouth":66837,"parent":1133,"basin":1133,"widthFactor":0.672,"sourceWidth":0.05,"discharge":41,"name":"Zradrakh","type":"River"}},{"type":"Feature","geometry":{"type":"LineString","coordinates":[[43.4882,30.44],[43.5083,30.6351],[43.38,30.7833],[43.4618,31.0382],[43.3909,31.2964],[43.684,31.4242],[43.8867,31.6716],[44.0036,31.6741],[44.1139,31.7128]]},"properties":{"id":1134,"source":14405,"mouth":13345,"parent":1134,"basin":1134,"widthFactor":0.672,"sourceWidth":0.04,"discharge":83,"name":"Sherston","type":"River"}},{"type":"Feature","geometry":{"type":"LineString","coordinates":[[-34.6801,-20.8191],[-34.5309,-20.7363],[-34.5112,-20.5668],[-34.4067,-20.4505],[-34.4512,-20.3006]]},"properties":{"id":1135,"source":67915,"mouth":67723,"parent":1003,"basin":1003,"widthFactor":0.56,"sourceWidth":0.05,"discharge":44,"name":"Drukh","type":"Brook"}},{"type":"Feature","geometry":{"type":"LineString","coordinates":[[45.7871,31.4902],[45.6871,31.6099],[45.7404,31.7564],[45.8685,31.8948],[46.0418,31.928],[46.2152,31.9612],[46.3913,31.9558],[46.5078,32.0881]]},"properties":{"id":1136,"source":13352,"mouth":13031,"parent":491,"basin":491,"widthFactor":0.56,"sourceWidth":0.05,"discharge":57,"name":"Milseale","type":"River"}},{"type":"Feature","geometry":{"type":"LineString","coordinates":[[-71.8271,29.2848],[-72.0528,28.9928],[-72.1587,28.771],[-72.3633,28.5678],[-72.2963,28.3517],[-72.1104,28.2229],[-72.2614,27.8796]]},"properties":{"id":1137,"source":15560,"mouth":16685,"parent":1137,"basin":1137,"widthFactor":0.672,"sourceWidth":0.04,"discharge":87,"name":"Ashwark","type":"River"}},{"type":"Feature","geometry":{"type":"LineString","coordinates":[[48.4153,24.7859],[48.473,24.9451],[48.6363,24.9899],[48.8363,24.7436],[49.1281,24.6193],[49.1965,24.7726],[49.36,24.8101],[49.4631,24.6838],[49.5351,24.5376]]},"properties":{"id":1138,"source":20632,"mouth":20635,"parent":1138,"basin":1138,"widthFactor":0.672,"sourceWidth":0.06,"discharge":75,"name":"Vohzaarm","type":"River"}},{"type":"Feature","geometry":{"type":"LineString","coordinates":[[7.5575,-3.7042],[7.6516,-3.847],[7.591,-4.007],[7.5506,-4.1737],[7.3933,-4.2421],[7.3222,-4.4023],[7.4011,-4.5589]]},"properties":{"id":1139,"source":54159,"mouth":54932,"parent":1271,"basin":1271,"widthFactor":0.56,"sourceWidth":0.04,"discharge":63,"name":"Krakra","type":"River"}},{"type":"Feature","geometry":{"type":"LineString","coordinates":[[58.1184,-11.5053],[58.2266,-11.7225],[58.4445,-11.8292],[58.6941,-11.9229],[58.9542,-11.8642],[59.2021,-11.8194],[59.3807,-11.6415],[59.6469,-11.4874],[59.9473,-11.5824],[60.2049,-11.3784]]},"properties":{"id":1140,"source":62254,"mouth":62260,"parent":1140,"basin":1140,"widthFactor":0.672,"sourceWidth":0.05,"discharge":188,"name":"Crildvelb","type":"River"}},{"type":"Feature","geometry":{"type":"LineString","coordinates":[[46.802,31.649],[46.9142,31.8065],[46.836,32.0036],[46.9101,32.169],[46.9373,32.382],[46.816,32.5591]]},"properties":{"id":1141,"source":13355,"mouth":12705,"parent":491,"basin":491,"widthFactor":0.56,"sourceWidth":0.04,"discharge":60,"name":"Maveford","type":"River"}},{"type":"Feature","geometry":{"type":"LineString","coordinates":[[-70.3189,47.112],[-70.3415,46.9877],[-70.4675,46.9796],[-70.6639,46.9313],[-70.838,47.0341],[-71.0038,47.0756],[-71.1384,46.9703]]},"properties":{"id":1142,"source":781,"mouth":779,"parent":376,"basin":376,"widthFactor":0.56,"sourceWidth":0.05,"discharge":113,"name":"Swabington","type":"River"}},{"type":"Feature","geometry":{"type":"LineString","coordinates":[[28.9179,31.2831],[29.0761,31.3654],[29.0782,31.5638],[29.2051,31.6692],[29.3554,31.682],[29.4176,31.8195],[29.3751,31.9797],[29.2977,32.1262]]},"properties":{"id":1147,"source":13651,"mouth":13006,"parent":1147,"basin":1147,"widthFactor":0.672,"sourceWidth":0.07,"discharge":77,"name":"Portstabrid","type":"River"}},{"type":"Feature","geometry":{"type":"LineString","coordinates":[[29.5421,-17.1337],[29.394,-17.0323],[29.2222,-17.0847],[28.9773,-17.0862],[28.781,-17.2326],[28.6924,-17.3017],[28.6315,-17.3961]]},"properties":{"id":1148,"source":65739,"mouth":65736,"parent":1148,"basin":1148,"widthFactor":0.672,"sourceWidth":0.04,"discharge":43,"name":"Khizdin","type":"River"}},{"type":"Feature","geometry":{"type":"LineString","coordinates":[[29.511,-17.6756],[29.3023,-17.7538],[29.1958,-17.9496],[28.9863,-17.8767],[28.7794,-17.9566],[28.7144,-17.9722],[28.6681,-18.0204]]},"properties":{"id":1149,"source":65934,"mouth":66122,"parent":1149,"basin":1149,"widthFactor":0.672,"sourceWidth":0.04,"discharge":49,"name":"Lingord","type":"River"}},{"type":"Feature","geometry":{"type":"LineString","coordinates":[[-40.9729,-20.3092],[-40.9066,-20.4578],[-40.9955,-20.5941],[-41.1234,-20.7646],[-41.3325,-20.8058]]},"properties":{"id":1150,"source":67491,"mouth":67703,"parent":582,"basin":1513,"widthFactor":0.56,"sourceWidth":0.05,"discharge":39,"name":"Kudg","type":"River"}},{"type":"Feature","geometry":{"type":"LineString","coordinates":[[62.9941,-8.6537],[63.1917,-8.6238],[63.2876,-8.428],[63.4649,-8.3649],[63.6251,-8.4058],[63.7505,-8.298],[63.8297,-8.2181],[63.8782,-8.1166]]},"properties":{"id":1153,"source":59677,"mouth":59368,"parent":1153,"basin":1153,"widthFactor":0.672,"sourceWidth":0.05,"discharge":74,"name":"Chox","type":"River"}},{"type":"Feature","geometry":{"type":"LineString","coordinates":[[-40.885,-20.6089],[-41.0746,-20.7524],[-41.1348,-20.9825],[-41.2264,-20.9789],[-41.3115,-21.0129]]},"properties":{"id":1154,"source":67704,"mouth":67895,"parent":1513,"basin":1513,"widthFactor":0.56,"sourceWidth":0.05,"discharge":37,"name":"Gribredh","type":"Creek"}},{"type":"Feature","geometry":{"type":"LineString","coordinates":[[-34.3781,-21.4278],[-34.406,-21.6219],[-34.2461,-21.7648],[-34.2365,-21.9486],[-34.308,-22.0504],[-34.2271,-22.1448],[-34.073,-22.176],[-33.9151,-22.1604],[-33.7602,-22.1822]]},"properties":{"id":1155,"source":68269,"mouth":68432,"parent":1155,"basin":1155,"widthFactor":0.672,"sourceWidth":0.06,"discharge":84,"name":"Velg","type":"River"}},{"type":"Feature","geometry":{"type":"LineString","coordinates":[[56.5969,-20.7529],[56.5243,-20.9409],[56.6462,-21.1234],[56.6125,-21.3103],[56.4974,-21.4473],[56.53,-21.6232],[56.4624,-21.7396],[56.4296,-21.87]]},"properties":{"id":1156,"source":68017,"mouth":68350,"parent":1156,"basin":1156,"widthFactor":0.672,"sourceWidth":0.05,"discharge":85,"name":"Hedenonorus","type":"River"}},{"type":"Feature","geometry":{"type":"LineString","coordinates":[[-74.291,29.4981],[-74.2121,29.7067],[-74.2887,29.9161],[-74.4,29.9161]]},"properties":{"id":1157,"source":15188,"mouth":14815,"parent":1157,"basin":1157,"widthFactor":0.672,"sourceWidth":0.05,"discharge":46,"name":"Modgeven","type":"Creek"}},{"type":"Feature","geometry":{"type":"LineString","coordinates":[[-25.9131,38.9177],[-25.9353,39.114],[-26.1265,39.214],[-26.1824,39.391],[-26.3014,39.5445],[-26.4945,39.5646],[-26.6119,39.4756],[-26.7031,39.3599]]},"properties":{"id":1158,"source":6391,"mouth":5881,"parent":1158,"basin":1158,"widthFactor":0.672,"sourceWidth":0.05,"discharge":69,"name":"Mepiedshervil","type":"River"}},{"type":"Feature","geometry":{"type":"LineString","coordinates":[[8.4611,-1.9393],[8.5214,-1.8316],[8.6393,-1.8685],[8.8428,-1.9363],[8.9498,-2.1223],[9.0688,-2.2051],[9.2051,-2.2546]]},"properties":{"id":1159,"source":52260,"mouth":52263,"parent":1159,"basin":1159,"widthFactor":0.672,"sourceWidth":0.05,"discharge":60,"name":"Krapjij'ji","type":"River"}},{"type":"Feature","geometry":{"type":"LineString","coordinates":[[-18.9852,42.3547],[-18.9109,42.5778],[-18.9922,42.7984],[-18.9113,42.9352],[-18.9829,43.0771],[-18.9767,43.2495],[-19.0171,43.4184],[-19.0203,43.5901]]},"properties":{"id":1161,"source":3734,"mouth":3257,"parent":1161,"basin":1161,"widthFactor":0.672,"sourceWidth":0.05,"discharge":59,"name":"Oubergis","type":"River"}},{"type":"Feature","geometry":{"type":"LineString","coordinates":[[45.3015,32.6688],[45.5715,32.7363],[45.763,32.9382],[45.9959,32.9705],[46.1599,33.139],[46.292,33.2467],[46.458,33.2083],[46.5878,33.0881],[46.6899,32.9436]]},"properties":{"id":1162,"source":12367,"mouth":11723,"parent":1162,"basin":1162,"widthFactor":0.672,"sourceWidth":0.06,"discharge":90,"name":"Cansey","type":"River"}},{"type":"Feature","geometry":{"type":"LineString","coordinates":[[-36.0871,47.1034],[-36.029,46.9722],[-35.8855,46.9711],[-35.6934,46.9967],[-35.5423,46.8753],[-35.5064,46.789],[-35.5073,46.6955]]},"properties":{"id":1164,"source":869,"mouth":872,"parent":1164,"basin":1164,"widthFactor":0.672,"sourceWidth":0.04,"discharge":48,"name":"Lympsford","type":"River"}},{"type":"Feature","geometry":{"type":"LineString","coordinates":[[26.4992,32.1301],[26.293,32.206],[26.0883,32.1262],[26.0481,32.0515],[26.0143,32.1293],[25.8807,32.3183],[25.7793,32.5264]]},"properties":{"id":1166,"source":12667,"mouth":12665,"parent":1166,"basin":1166,"widthFactor":0.672,"sourceWidth":0.04,"discharge":62,"name":"Newbowen","type":"River"}},{"type":"Feature","geometry":{"type":"LineString","coordinates":[[-52.575,-21.9743],[-52.5935,-22.1701],[-52.4269,-22.3059],[-52.4084,-22.4897],[-52.3342,-22.6917],[-52.2255,-22.8774]]},"properties":{"id":1167,"source":68379,"mouth":68704,"parent":1167,"basin":1167,"widthFactor":0.672,"sourceWidth":0.07,"discharge":72,"name":"Golzug","type":"River"}},{"type":"Feature","geometry":{"type":"LineString","coordinates":[[-35.912,47.6336],[-35.7294,47.5314],[-35.5268,47.5837],[-35.453,47.5111],[-35.3579,47.4701]]},"properties":{"id":1168,"source":634,"mouth":636,"parent":1168,"basin":1168,"widthFactor":0.672,"sourceWidth":0.06,"discharge":64,"name":"Sidleridge","type":"Creek"}},{"type":"Feature","geometry":{"type":"LineString","coordinates":[[-34.7369,-19.4162],[-34.6207,-19.4881],[-34.5127,-19.4046],[-34.345,-19.3033],[-34.1555,-19.3532],[-33.9907,-19.3959],[-33.9236,-19.5525],[-33.8624,-19.6717],[-33.7711,-19.7697]]},"properties":{"id":1169,"source":67099,"mouth":67102,"parent":1169,"basin":1169,"widthFactor":0.672,"sourceWidth":0.05,"discharge":105,"name":"Bulg","type":"River"}},{"type":"Feature","geometry":{"type":"LineString","coordinates":[[62.44,-7.5101],[62.6191,-7.4382],[62.6591,-7.2302],[62.8104,-7.131],[62.9053,-7.0755],[62.9754,-6.9909]]},"properties":{"id":1171,"source":58696,"mouth":58344,"parent":1171,"basin":1171,"widthFactor":0.672,"sourceWidth":0.05,"discharge":44,"name":"Vrea","type":"River"}},{"type":"Feature","geometry":{"type":"LineString","coordinates":[[-56.6864,39.2626],[-56.4542,39.3355],[-56.3136,39.5342],[-56.2324,39.4767],[-56.1354,39.4541]]},"properties":{"id":1172,"source":6034,"mouth":5534,"parent":1172,"basin":1172,"widthFactor":0.672,"sourceWidth":0.07,"discharge":57,"name":"Dalborne","type":"River"}},{"type":"Feature","geometry":{"type":"LineString","coordinates":[[-10.6425,-11.1776],[-10.5658,-11.4002],[-10.367,-11.5263],[-10.3942,-11.6971],[-10.3833,-11.8696]]},"properties":{"id":1173,"source":61831,"mouth":62119,"parent":1173,"basin":1173,"widthFactor":0.672,"sourceWidth":0.05,"discharge":43,"name":"Rrar'ke","type":"River"}},{"type":"Feature","geometry":{"type":"LineString","coordinates":[[-68.2355,35.6488],[-68.4331,35.5047],[-68.472,35.248],[-68.6379,35.0813],[-68.7473,35.0846],[-68.8511,35.0502]]},"properties":{"id":1174,"source":9003,"mouth":9303,"parent":1174,"basin":1174,"widthFactor":0.672,"sourceWidth":0.05,"discharge":78,"name":"Hitchwark","type":"River"}},{"type":"Feature","geometry":{"type":"LineString","coordinates":[[-72.5859,29.9293],[-72.6327,30.0812],[-72.7867,30.1201],[-72.9665,30.0818],[-73.1346,30.0072]]},"properties":{"id":1175,"source":14822,"mouth":14441,"parent":1175,"basin":1175,"widthFactor":0.672,"sourceWidth":0.05,"discharge":52,"name":"Somerming","type":"River"}},{"type":"Feature","geometry":{"type":"LineString","coordinates":[[-2.5231,-0.4213],[-2.5972,-0.2987],[-2.7394,-0.3162],[-2.7766,-0.1917],[-2.8484,-0.0834]]},"properties":{"id":1176,"source":50345,"mouth":50344,"parent":1176,"basin":1176,"widthFactor":0.672,"sourceWidth":0.06,"discharge":51,"name":"Pepjus","type":"River"}},{"type":"Feature","geometry":{"type":"LineString","coordinates":[[63.7272,-8.8118],[63.6775,-8.6693],[63.7801,-8.5588],[63.9042,-8.5783],[64.0167,-8.6343]]},"properties":{"id":1177,"source":59973,"mouth":59679,"parent":1177,"basin":1177,"widthFactor":0.672,"sourceWidth":0.04,"discharge":66,"name":"Cielb","type":"Creek"}},{"type":"Feature","geometry":{"type":"LineString","coordinates":[[-72.5898,29.6592],[-72.6891,29.8413],[-72.8871,29.9029],[-73.0034,29.9726],[-73.1346,30.0072]]},"properties":{"id":1178,"source":15193,"mouth":14820,"parent":1178,"basin":1178,"widthFactor":0.672,"sourceWidth":0.05,"discharge":45,"name":"Tihul","type":"River"}},{"type":"Feature","geometry":{"type":"LineString","coordinates":[[50.7671,27.3985],[50.7538,27.6103],[50.5643,27.7396],[50.5157,27.9349],[50.599,28.0467],[50.6488,28.177]]},"properties":{"id":1179,"source":17829,"mouth":17458,"parent":1179,"basin":1179,"widthFactor":0.672,"sourceWidth":0.05,"discharge":57,"name":"Cielb","type":"River"}},{"type":"Feature","geometry":{"type":"LineString","coordinates":[[-56.6911,47.4856],[-56.7529,47.6162],[-56.8973,47.6149],[-57.0064,47.4903],[-57.0841,47.344]]},"properties":{"id":1181,"source":682,"mouth":575,"parent":1181,"basin":1181,"widthFactor":0.672,"sourceWidth":0.06,"discharge":77,"name":"Knutshambe","type":"Brook"}},{"type":"Feature","geometry":{"type":"LineString","coordinates":[[-56.6179,47.1828],[-56.8349,47.0992],[-57.0561,47.1711],[-57.0889,47.2545],[-57.0841,47.344]]},"properties":{"id":1182,"source":801,"mouth":799,"parent":1182,"basin":1182,"widthFactor":0.672,"sourceWidth":0.05,"discharge":80,"name":"Carton","type":"Creek"}},{"type":"Feature","geometry":{"type":"LineString","coordinates":[[-56.3168,43.492],[-56.4737,43.6369],[-56.6872,43.6368],[-56.8097,43.5517],[-56.9067,43.4383]]},"properties":{"id":1183,"source":2929,"mouth":2694,"parent":1183,"basin":1183,"widthFactor":0.672,"sourceWidth":0.08,"discharge":94,"name":"Hatnesfield","type":"River"}},{"type":"Feature","geometry":{"type":"LineString","coordinates":[[-69.7305,31.751],[-69.5928,31.897],[-69.6373,32.1113],[-69.536,32.271],[-69.5119,32.3401],[-69.5259,32.4119]]},"properties":{"id":1184,"source":12742,"mouth":12411,"parent":1184,"basin":1184,"widthFactor":0.672,"sourceWidth":0.05,"discharge":44,"name":"Betbury","type":"River"}},{"type":"Feature","geometry":{"type":"LineString","coordinates":[[65.0525,-8.6927],[65.1203,-8.929],[65.3164,-9.0772],[65.4587,-9.1994],[65.6448,-9.1753],[65.8389,-9.2319],[66.0401,-9.2516]]},"properties":{"id":1185,"source":59684,"mouth":59980,"parent":1185,"basin":1185,"widthFactor":0.672,"sourceWidth":0.05,"discharge":147,"name":"Phax","type":"River"}},{"type":"Feature","geometry":{"type":"LineString","coordinates":[[11.2184,12.535],[11.3847,12.4881],[11.5211,12.5941],[11.6792,12.6943],[11.8137,12.8246]]},"properties":{"id":1186,"source":35355,"mouth":35356,"parent":1186,"basin":1186,"widthFactor":0.672,"sourceWidth":0.05,"discharge":59,"name":"Kopjij'jer","type":"River"}},{"type":"Feature","geometry":{"type":"LineString","coordinates":[[-1.2491,9.597],[-1.0548,9.6015],[-0.9261,9.7472],[-0.9515,9.9308],[-1.0141,10.1053]]},"properties":{"id":1187,"source":38916,"mouth":38917,"parent":1187,"basin":1187,"widthFactor":0.672,"sourceWidth":0.04,"discharge":43,"name":"Aj'agentas","type":"River"}},{"type":"Feature","geometry":{"type":"LineString","coordinates":[[-23.8181,4.8475],[-23.6426,4.8247],[-23.5169,4.9494],[-23.3762,4.8368],[-23.215,4.7564]]},"properties":{"id":1188,"source":44193,"mouth":44194,"parent":1188,"basin":1188,"widthFactor":0.672,"sourceWidth":0.09,"discharge":76,"name":"Akzigzaddus","type":"River"}},{"type":"Feature","geometry":{"type":"LineString","coordinates":[[-61.6018,3.5676],[-61.6403,3.4015],[-61.5279,3.2734],[-61.6104,3.1818],[-61.6609,3.0694]]},"properties":{"id":1189,"source":45643,"mouth":46015,"parent":1189,"basin":1189,"widthFactor":0.672,"sourceWidth":0.06,"discharge":46,"name":"Nucrodod","type":"Creek"}},{"type":"Feature","geometry":{"type":"LineString","coordinates":[[41.7574,30.7483],[41.7004,30.8878],[41.5504,30.9024],[41.5062,31.0015],[41.4305,31.0792]]},"properties":{"id":1190,"source":14018,"mouth":14017,"parent":1190,"basin":1190,"widthFactor":0.672,"sourceWidth":0.05,"discharge":58,"name":"Keningtho","type":"Creek"}},{"type":"Feature","geometry":{"type":"LineString","coordinates":[[9.6175,-0.2796],[9.6317,-0.1511],[9.7592,-0.1294],[9.9456,-0.1925],[10.1164,-0.2905]]},"properties":{"id":1191,"source":50395,"mouth":50004,"parent":1191,"basin":1191,"widthFactor":0.672,"sourceWidth":0.04,"discharge":55,"name":"Shez'tir","type":"Stream"}},{"type":"Feature","geometry":{"type":"LineString","coordinates":[[55.1074,19.0174],[55.2484,18.8736],[55.4498,18.8734],[55.539,18.707],[55.6599,18.562]]},"properties":{"id":1192,"source":27679,"mouth":27680,"parent":1192,"basin":1192,"widthFactor":0.672,"sourceWidth":0.05,"discharge":63,"name":"Qosx","type":"River"}},{"type":"Feature","geometry":{"type":"LineString","coordinates":[[29.1234,5.5115],[29.1119,5.7271],[28.9584,5.8789],[28.823,5.9329],[28.6782,5.9498]]},"properties":{"id":1193,"source":43535,"mouth":43121,"parent":1193,"basin":1193,"widthFactor":0.672,"sourceWidth":0.04,"discharge":34,"name":"Theodga","type":"River"}},{"type":"Feature","geometry":{"type":"LineString","coordinates":[[-50.9912,47.7799],[-50.828,47.6768],[-50.6418,47.7278],[-50.4608,47.7464],[-50.2877,47.8025]]},"properties":{"id":1194,"source":595,"mouth":596,"parent":1194,"basin":1194,"widthFactor":0.672,"sourceWidth":0.04,"discharge":37,"name":"Durbury","type":"River"}},{"type":"Feature","geometry":{"type":"LineString","coordinates":[[21.6141,29.189],[21.4228,29.2213],[21.2694,29.1026],[21.0852,29.1053],[20.9044,29.0699]]},"properties":{"id":1195,"source":15833,"mouth":15832,"parent":1195,"basin":1195,"widthFactor":0.672,"sourceWidth":0.05,"discharge":49,"name":"Khazar","type":"River"}},{"type":"Feature","geometry":{"type":"LineString","coordinates":[[19.5619,6.1903],[19.4452,6.0093],[19.5191,5.7891],[19.4405,5.6003],[19.3894,5.5136],[19.3744,5.4142]]},"properties":{"id":1196,"source":42698,"mouth":43507,"parent":1196,"basin":1196,"widthFactor":0.672,"sourceWidth":0.04,"discharge":41,"name":"Cegus","type":"River"}},{"type":"Feature","geometry":{"type":"LineString","coordinates":[[-55.6233,48.2104],[-55.5876,48.4005],[-55.7035,48.5553],[-55.7331,48.714],[-55.7992,48.8612]]},"properties":{"id":1197,"source":471,"mouth":366,"parent":1197,"basin":1197,"widthFactor":0.672,"sourceWidth":0.05,"discharge":51,"name":"Penkham","type":"River"}},{"type":"Feature","geometry":{"type":"LineString","coordinates":[[-7.3731,14.06],[-7.2148,13.9174],[-7.0018,13.9207],[-6.8569,13.918],[-6.7162,13.9534]]},"properties":{"id":1198,"source":33674,"mouth":33675,"parent":1198,"basin":1198,"widthFactor":0.672,"sourceWidth":0.05,"discharge":59,"name":"Unbiz","type":"River"}},{"type":"Feature","geometry":{"type":"LineString","coordinates":[[61.5434,-13.457],[61.447,-13.5272],[61.5022,-13.6329],[61.5119,-13.7745],[61.559,-13.9085]]},"properties":{"id":1199,"source":63489,"mouth":63700,"parent":1199,"basin":1199,"widthFactor":0.672,"sourceWidth":0.04,"discharge":75,"name":"Phig","type":"Creek"}},{"type":"Feature","geometry":{"type":"LineString","coordinates":[[-2.0079,-10.8568],[-2.1129,-10.9021],[-2.0756,-11.0102],[-2.0219,-11.1397],[-1.8818,-11.1433],[-1.7196,-11.0679],[-1.5767,-10.9604]]},"properties":{"id":1200,"source":61278,"mouth":61870,"parent":1200,"basin":1200,"widthFactor":0.672,"sourceWidth":0.05,"discharge":72,"name":"Zurrus","type":"River"}},{"type":"Feature","geometry":{"type":"LineString","coordinates":[[67.1156,-10.4754],[67.2337,-10.4031],[67.2098,-10.2667],[67.19,-10.1821],[67.1359,-10.1142]]},"properties":{"id":1201,"source":61116,"mouth":61113,"parent":1201,"basin":1201,"widthFactor":0.672,"sourceWidth":0.05,"discharge":50,"name":"Katvielx","type":"Creek"}},{"type":"Feature","geometry":{"type":"LineString","coordinates":[[5.8057,21.7537],[5.8918,21.6721],[5.9847,21.7459],[6.0724,21.652],[6.1839,21.5879]]},"properties":{"id":1202,"source":23828,"mouth":23830,"parent":1202,"basin":1202,"widthFactor":0.672,"sourceWidth":0.05,"discharge":50,"name":"Henenor","type":"River"}},{"type":"Feature","geometry":{"type":"LineString","coordinates":[[61.5901,-13.4959],[61.5207,-13.6118],[61.6065,-13.7162],[61.6604,-13.7732],[61.7349,-13.7979]]},"properties":{"id":1203,"source":63488,"mouth":63701,"parent":1203,"basin":1203,"widthFactor":0.672,"sourceWidth":0.04,"discharge":49,"name":"Phigsee","type":"River"}},{"type":"Feature","geometry":{"type":"LineString","coordinates":[[-52.7516,-18.0235],[-52.9237,-17.9063],[-53.1267,-17.8601],[-53.2632,-17.7433],[-53.4022,-17.8569],[-53.5522,-17.8047],[-53.631,-17.9426],[-53.8247,-17.9596],[-54.0085,-18.0228]]},"properties":{"id":1214,"source":66055,"mouth":66048,"parent":1214,"basin":1214,"widthFactor":0.672,"sourceWidth":0.69,"discharge":670,"name":"Bogvic","type":"River"}},{"type":"Feature","geometry":{"type":"LineString","coordinates":[[-2.646,-3.1343],[-2.5962,-3.3554],[-2.4748,-3.5469],[-2.3786,-3.7482],[-2.1557,-3.7571],[-1.9947,-3.7491],[-1.9534,-3.905],[-1.96,-4.047],[-2.0125,-4.179]]},"properties":{"id":1220,"source":53383,"mouth":54128,"parent":1220,"basin":1220,"widthFactor":0.672,"sourceWidth":0.31,"discharge":295,"name":"Zurjass","type":"River"}},{"type":"Feature","geometry":{"type":"LineString","coordinates":[[54.8007,-21.8093],[54.8272,-22.137],[54.7097,-22.338],[54.477,-22.3394],[54.1229,-22.4757],[53.8855,-22.6116],[53.7921,-22.8688],[53.81,-23.1693],[53.6209,-23.3904],[53.4032,-23.5205],[53.3135,-23.7578],[53.3439,-24.1035],[53.3439,-24.2]]},"properties":{"id":1270,"source":68504,"mouth":69482,"parent":1270,"basin":1270,"widthFactor":0.672,"sourceWidth":0.73,"discharge":896,"name":"Aleh'no'kene","type":"River"}},{"type":"Feature","geometry":{"type":"LineString","coordinates":[[8.6595,-3.9494],[8.4301,-3.9264],[8.2385,-4.0545],[7.8782,-4.0724],[7.6729,-4.1479],[7.5645,-4.3378],[7.4011,-4.5589],[7.4665,-4.9357]]},"properties":{"id":1271,"source":54538,"mouth":55323,"parent":1271,"basin":1271,"widthFactor":0.672,"sourceWidth":0.05,"discharge":208,"name":"Vult'hass","type":"River"}},{"type":"Feature","geometry":{"type":"LineString","coordinates":[[25.8812,0.0956],[25.6081,0.263],[25.4208,0.4309],[25.1754,0.3759],[25.0773,0.5907],[24.9707,0.7021],[24.8771,0.9714],[24.6415,1.1318],[24.5086,1.3353],[24.2742,1.3996],[24.1137,1.5654],[23.8835,1.5794],[23.6555,1.8005],[23.6422,2.0605]]},"properties":{"id":1272,"source":50038,"mouth":48181,"parent":1272,"basin":1272,"widthFactor":0.672,"sourceWidth":0.18,"discharge":209,"name":"Mistinwyn","type":"River"}},{"type":"Feature","geometry":{"type":"LineString","coordinates":[[8.2844,0.1345],[8.3049,0.2432],[8.1965,0.2645],[8.0743,0.3833],[7.9062,0.3564],[7.8708,0.4325],[7.8058,0.4856]]},"properties":{"id":1274,"source":49998,"mouth":49598,"parent":1274,"basin":1274,"widthFactor":0.672,"sourceWidth":0.05,"discharge":53,"name":"Cij'ass","type":"River"}},{"type":"Feature","geometry":{"type":"LineString","coordinates":[[60.2298,4.3508],[60.4648,4.2788],[60.6959,4.3625],[60.7935,4.2717],[60.9123,4.3321],[61.0625,4.2298],[61.2384,4.2753],[61.3995,4.2016],[61.5606,4.2753]]},"properties":{"id":1275,"source":45235,"mouth":45238,"parent":734,"basin":734,"widthFactor":0.56,"sourceWidth":0.05,"discharge":66,"name":"Thres","type":"Fork"}},{"type":"Feature","geometry":{"type":"LineString","coordinates":[[-57.6211,-1.083],[-57.8771,-1.3415],[-57.9791,-1.5462],[-58.1422,-1.4367],[-58.3231,-1.3601],[-58.3094,-1.565],[-58.2592,-1.7642],[-58.0787,-1.7471],[-57.8553,-1.9954]]},"properties":{"id":1276,"source":50943,"mouth":51680,"parent":1276,"basin":1276,"widthFactor":0.672,"sourceWidth":0.04,"discharge":102,"name":"Khuzdra","type":"River"}},{"type":"Feature","geometry":{"type":"LineString","coordinates":[[-48.5647,-3.775],[-48.4886,-3.8183],[-48.4767,-3.905],[-48.5091,-4.0411],[-48.5935,-4.1526]]},"properties":{"id":1278,"source":53983,"mouth":54366,"parent":1456,"basin":1456,"widthFactor":0.56,"sourceWidth":0.06,"discharge":54,"name":"Kudog","type":"Branch"}},{"type":"Feature","geometry":{"type":"LineString","coordinates":[[11.7079,45.8275],[11.8816,45.6763],[12.1118,45.6702],[12.2786,45.6349],[12.4067,45.7473],[12.5055,45.6684],[12.6231,45.622]]},"properties":{"id":1282,"source":1540,"mouth":1542,"parent":1282,"basin":1282,"widthFactor":0.672,"sourceWidth":0.07,"discharge":108,"name":"Frampleven","type":"River"}},{"type":"Feature","geometry":{"type":"LineString","coordinates":[[-27.4019,-7.6728],[-27.5865,-7.7216],[-27.6735,-7.8916],[-27.8397,-8.0163],[-27.8759,-8.2209],[-27.9568,-8.2887],[-28.009,-8.3805]]},"properties":{"id":1283,"source":58435,"mouth":59129,"parent":1283,"basin":1283,"widthFactor":0.672,"sourceWidth":0.05,"discharge":47,"name":"Rogh-Bec","type":"River"}},{"type":"Feature","geometry":{"type":"LineString","coordinates":[[25.2088,2.361],[25.0773,2.2932],[24.9294,2.3011],[24.7629,2.2683],[24.717,2.4318],[24.6673,2.5833],[24.5092,2.5634],[24.3957,2.7428],[24.2454,2.8927]]},"properties":{"id":1284,"source":47449,"mouth":47051,"parent":1284,"basin":1284,"widthFactor":0.672,"sourceWidth":0.13,"discharge":117,"name":"Botrekkek","type":"River"}},{"type":"Feature","geometry":{"type":"LineString","coordinates":[[-46.9825,43.7131],[-46.9477,43.8204],[-46.9903,43.9249],[-46.9343,44.1504],[-47.1,44.3133],[-47.2334,44.3545],[-47.1849,44.4854],[-47.1855,44.6179],[-47.1397,44.7423]]},"properties":{"id":1286,"source":2725,"mouth":2034,"parent":1286,"basin":1286,"widthFactor":0.672,"sourceWidth":0.05,"discharge":61,"name":"Stotfordle","type":"River"}},{"type":"Feature","geometry":{"type":"LineString","coordinates":[[-71.8372,45.5605],[-71.8781,45.6699],[-71.9913,45.6414],[-72.1701,45.5314],[-72.326,45.3908]]},"properties":{"id":1287,"source":1551,"mouth":1375,"parent":1287,"basin":1287,"widthFactor":0.672,"sourceWidth":0.05,"discharge":74,"name":"Caney","type":"Creek"}},{"type":"Feature","geometry":{"type":"LineString","coordinates":[[20.8803,26.736],[20.8202,26.9033],[20.6243,26.9313],[20.537,27.0708],[20.4688,27.1961],[20.3697,27.2989]]},"properties":{"id":1288,"source":18465,"mouth":18104,"parent":1288,"basin":1288,"widthFactor":0.672,"sourceWidth":0.05,"discharge":44,"name":"Girbarkun","type":"River"}},{"type":"Feature","geometry":{"type":"LineString","coordinates":[[-42.7006,44.8622],[-42.866,44.9299],[-43.0446,44.9213],[-43.2355,44.7879],[-43.4477,44.884],[-43.6032,44.8644],[-43.6477,45.0147],[-43.7642,45.1858],[-43.9162,45.3261]]},"properties":{"id":1289,"source":2055,"mouth":1837,"parent":1289,"basin":1289,"widthFactor":0.672,"sourceWidth":0.74,"discharge":728,"name":"Boshiling","type":"River"}},{"type":"Feature","geometry":{"type":"LineString","coordinates":[[60.7278,3.3248],[60.9072,3.4233],[60.9352,3.644],[61.0843,3.7669],[61.2623,3.7877],[61.3598,3.9382]]},"properties":{"id":1290,"source":46381,"mouth":45990,"parent":734,"basin":734,"widthFactor":0.56,"sourceWidth":0.05,"discharge":69,"name":"Stroi","type":"Fork"}},{"type":"Feature","geometry":{"type":"LineString","coordinates":[[-30.6737,35.8178],[-30.5462,36.0152],[-30.5702,36.2491],[-30.7621,36.3893],[-30.9997,36.3837]]},"properties":{"id":1292,"source":8821,"mouth":8534,"parent":86,"basin":145,"widthFactor":0.56,"sourceWidth":0.05,"discharge":48,"name":"Rebleux","type":"River"}},{"type":"Feature","geometry":{"type":"LineString","coordinates":[[52.4917,19.8496],[52.6652,20.0528],[52.831,20.3782],[53.0824,20.5954],[53.1252,20.8297],[53.3096,21.0064]]},"properties":{"id":1293,"source":26437,"mouth":25201,"parent":1293,"basin":1293,"widthFactor":0.672,"sourceWidth":0.06,"discharge":109,"name":"Gler","type":"River"}},{"type":"Feature","geometry":{"type":"LineString","coordinates":[[55.1268,-7.4113],[55.2638,-7.4167],[55.3175,-7.2906],[55.562,-7.3816],[55.8156,-7.3202],[55.9401,-7.3534],[56.0117,-7.2462],[56.1874,-7.2813],[56.3666,-7.2797]]},"properties":{"id":1294,"source":58319,"mouth":58322,"parent":1294,"basin":1294,"widthFactor":0.672,"sourceWidth":0.08,"discharge":105,"name":"Gnokvish","type":"River"}},{"type":"Feature","geometry":{"type":"LineString","coordinates":[[11.739,10.9873],[11.9768,10.9625],[12.1795,11.0893],[12.4179,11.0041],[12.662,11.0714],[12.7708,11.206],[12.7336,11.375],[12.7628,11.4715],[12.7554,11.572]]},"properties":{"id":1295,"source":37347,"mouth":36944,"parent":1295,"basin":1295,"widthFactor":0.672,"sourceWidth":0.06,"discharge":81,"name":"Apjussiph","type":"River"}},{"type":"Feature","geometry":{"type":"LineString","coordinates":[[-55.3774,-16.5499],[-55.5932,-16.6682],[-55.6949,-16.8924],[-55.6327,-17.2248],[-55.4716,-17.4926],[-55.3362,-17.8094],[-55.3642,-18.1294]]},"properties":{"id":1298,"source":65249,"mouth":66042,"parent":1298,"basin":1298,"widthFactor":0.672,"sourceWidth":0.05,"discharge":64,"name":"Dhod","type":"River"}},{"type":"Feature","geometry":{"type":"LineString","coordinates":[[-54.4715,-16.8177],[-54.5968,-17.0167],[-54.5704,-17.2505],[-54.6878,-17.3863],[-54.6583,-17.5634],[-54.5819,-17.8143],[-54.3805,-17.9823],[-54.3401,-18.0917],[-54.2676,-18.1831]]},"properties":{"id":1299,"source":65446,"mouth":66046,"parent":1299,"basin":1299,"widthFactor":0.672,"sourceWidth":0.05,"discharge":48,"name":"Gurzaz","type":"River"}},{"type":"Feature","geometry":{"type":"LineString","coordinates":[[57.3542,-18.6681],[57.4907,-18.7507],[57.4919,-18.9102],[57.3825,-19.1213],[57.1674,-19.2224]]},"properties":{"id":1300,"source":66597,"mouth":66801,"parent":558,"basin":558,"widthFactor":0.56,"sourceWidth":0.06,"discharge":62,"name":"Sylrimiussi","type":"River"}},{"type":"Feature","geometry":{"type":"LineString","coordinates":[[8.584,44.3616],[8.7821,44.4575],[8.8673,44.6605],[8.997,44.8672],[8.9786,45.1105],[9.0693,45.2025],[9.0121,45.3184],[9.1121,45.3959],[9.1856,45.499]]},"properties":{"id":1301,"source":2377,"mouth":1722,"parent":1301,"basin":1301,"widthFactor":0.672,"sourceWidth":0.05,"discharge":75,"name":"Wargton","type":"River"}},{"type":"Feature","geometry":{"type":"LineString","coordinates":[[53.7711,12.4377],[53.9596,12.2653],[54.2132,12.2345],[54.3844,12.241],[54.4824,12.3816],[54.5884,12.3321],[54.656,12.4275],[54.8088,12.3556],[54.9735,12.3185]]},"properties":{"id":1302,"source":35861,"mouth":35471,"parent":1302,"basin":1302,"widthFactor":0.672,"sourceWidth":0.08,"discharge":138,"name":"Klilm","type":"River"}},{"type":"Feature","geometry":{"type":"LineString","coordinates":[[31.8356,-19.0114],[31.5797,-19.1033],[31.4161,-19.3205],[31.3517,-19.414],[31.4387,-19.4871],[31.4629,-19.7387],[31.6254,-19.9324],[31.65,-20.0053],[31.7056,-20.0585]]},"properties":{"id":1305,"source":66721,"mouth":67345,"parent":1305,"basin":1305,"widthFactor":0.672,"sourceWidth":0.06,"discharge":66,"name":"Yliakrelxoth","type":"River"}},{"type":"Feature","geometry":{"type":"LineString","coordinates":[[-36.0996,-22.6103],[-36.1459,-22.7583],[-36.0404,-22.8719],[-36.1734,-23.0361],[-36.161,-23.2471],[-36.1696,-23.3998],[-36.1408,-23.55]]},"properties":{"id":1306,"source":68747,"mouth":69033,"parent":1306,"basin":1306,"widthFactor":0.672,"sourceWidth":0.06,"discharge":86,"name":"Nududh","type":"River"}},{"type":"Feature","geometry":{"type":"LineString","coordinates":[[-5.3605,43.4928],[-5.3774,43.6462],[-5.5193,43.7069],[-5.583,43.8695],[-5.776,43.8916],[-5.8656,44.0261],[-5.9211,44.1867],[-6.0104,44.3312]]},"properties":{"id":1309,"source":3054,"mouth":2570,"parent":1309,"basin":1309,"widthFactor":0.672,"sourceWidth":0.04,"discharge":95,"name":"Wasthas","type":"River"}},{"type":"Feature","geometry":{"type":"LineString","coordinates":[[62.7684,3.3606],[62.9384,3.4309],[63.1015,3.3458],[63.2389,3.2725],[63.2478,3.1169],[63.4181,3.0904],[63.5902,3.1013]]},"properties":{"id":1311,"source":46387,"mouth":46390,"parent":1311,"basin":1311,"widthFactor":0.672,"sourceWidth":0.07,"discharge":103,"name":"Pyreaz","type":"River"}},{"type":"Feature","geometry":{"type":"LineString","coordinates":[[57.1479,-19.9308],[57.2277,-20.1604],[57.4304,-20.2944],[57.6186,-20.3569],[57.7954,-20.2671],[57.8982,-20.264],[57.9931,-20.2243]]},"properties":{"id":1312,"source":67429,"mouth":67647,"parent":1312,"basin":1312,"widthFactor":0.672,"sourceWidth":0.05,"discharge":75,"name":"Thaugnorthorna","type":"River"}},{"type":"Feature","geometry":{"type":"LineString","coordinates":[[50.7601,22.5828],[50.9465,22.5626],[51.0838,22.6902],[51.2608,22.6813],[51.3644,22.8485],[51.5267,22.8747],[51.6055,22.9975],[51.6504,23.1363]]},"properties":{"id":1313,"source":23162,"mouth":22765,"parent":1313,"basin":1313,"widthFactor":0.672,"sourceWidth":0.06,"discharge":91,"name":"Joimtoilm","type":"River"}},{"type":"Feature","geometry":{"type":"LineString","coordinates":[[-33.3345,-7.9196],[-33.491,-8.0474],[-33.476,-8.267],[-33.5983,-8.4132],[-33.6985,-8.4645],[-33.7757,-8.5463]]},"properties":{"id":1314,"source":58767,"mouth":59109,"parent":1314,"basin":1314,"widthFactor":0.672,"sourceWidth":0.06,"discharge":48,"name":"Khuld","type":"River"}},{"type":"Feature","geometry":{"type":"LineString","coordinates":[[-51.2769,-22.0662],[-51.4461,-22.1642],[-51.4588,-22.3779],[-51.5967,-22.499],[-51.631,-22.7414],[-51.8022,-22.9163],[-51.9154,-22.8697],[-52.0092,-22.7909]]},"properties":{"id":1315,"source":68547,"mouth":68857,"parent":1315,"basin":1315,"widthFactor":0.672,"sourceWidth":0.05,"discharge":92,"name":"Khebun","type":"River"}},{"type":"Feature","geometry":{"type":"LineString","coordinates":[[-35.1392,-22.4274],[-35.1693,-22.6106],[-35.0119,-22.7419],[-35.0046,-22.9147],[-35.1853,-23.0194],[-35.2466,-23.2191],[-35.2579,-23.354],[-35.2318,-23.4869]]},"properties":{"id":1316,"source":68750,"mouth":69038,"parent":1316,"basin":1316,"widthFactor":0.672,"sourceWidth":0.07,"discharge":74,"name":"Dhadog","type":"River"}},{"type":"Feature","geometry":{"type":"LineString","coordinates":[[67.0417,12.078],[67.233,11.96],[67.455,11.9947],[67.6618,11.9571],[67.8394,12.0694],[67.953,11.9296],[68.0931,11.8164]]},"properties":{"id":1319,"source":36299,"mouth":35899,"parent":1319,"basin":1319,"widthFactor":0.672,"sourceWidth":0.07,"discharge":103,"name":"Stioszai","type":"River"}},{"type":"Feature","geometry":{"type":"LineString","coordinates":[[58.8064,-17.8258],[58.9835,-17.9017],[59.1589,-17.8219],[59.2578,-17.9029],[59.3636,-17.8312],[59.5303,-17.8094],[59.6881,-17.7511]]},"properties":{"id":1320,"source":66212,"mouth":66214,"parent":1320,"basin":1320,"widthFactor":0.672,"sourceWidth":0.06,"discharge":91,"name":"Maldravarvor","type":"River"}},{"type":"Feature","geometry":{"type":"LineString","coordinates":[[-2.6958,43.8221],[-2.4532,43.71],[-2.1892,43.7521],[-2.0845,43.6979],[-2.0141,43.7925],[-1.8605,43.991],[-1.8475,44.2417],[-1.8237,44.3352],[-1.8367,44.4309]]},"properties":{"id":1321,"source":2813,"mouth":2586,"parent":1321,"basin":1321,"widthFactor":0.672,"sourceWidth":0.04,"discharge":75,"name":"Aymnanathe","type":"River"}},{"type":"Feature","geometry":{"type":"LineString","coordinates":[[-8.293,-10.8685],[-8.3172,-11.0523],[-8.1557,-11.1782],[-8.1428,-11.3504],[-8.172,-11.471],[-8.2961,-11.4718],[-8.2955,-11.5943],[-8.2579,-11.7108]]},"properties":{"id":1322,"source":61542,"mouth":61843,"parent":1322,"basin":1322,"widthFactor":0.672,"sourceWidth":0.05,"discharge":56,"name":"Skun'je","type":"River"}},{"type":"Feature","geometry":{"type":"LineString","coordinates":[[-4.6562,31.2356],[-4.7021,31.0566],[-4.5567,30.9132],[-4.5644,30.7413],[-4.7708,30.7548],[-4.9302,30.623],[-4.9354,30.4474],[-4.8938,30.2755],[-4.8897,30.1006]]},"properties":{"id":1323,"source":13574,"mouth":14280,"parent":1323,"basin":1323,"widthFactor":0.672,"sourceWidth":0.05,"discharge":65,"name":"Laritheiral","type":"River"}},{"type":"Feature","geometry":{"type":"LineString","coordinates":[[-3.3169,-7.1676],[-3.1681,-7.3427],[-3.1651,-7.5724],[-3.2214,-7.7543],[-3.3931,-7.8363],[-3.3482,-7.9941],[-3.2686,-8.1376]]},"properties":{"id":1324,"source":58158,"mouth":58866,"parent":1324,"basin":1324,"widthFactor":0.672,"sourceWidth":0.06,"discharge":101,"name":"Cakkash","type":"River"}},{"type":"Feature","geometry":{"type":"LineString","coordinates":[[-40.9605,-21.0939],[-41.1055,-21.1756],[-41.2546,-21.1016],[-41.2991,-21.0676],[-41.3115,-21.0129]]},"properties":{"id":1325,"source":68073,"mouth":67896,"parent":1513,"basin":1513,"widthFactor":0.56,"sourceWidth":0.04,"discharge":35,"name":"Qash","type":"River"}},{"type":"Feature","geometry":{"type":"LineString","coordinates":[[-2.6725,-4.2468],[-2.607,-4.4133],[-2.4359,-4.4655],[-2.2268,-4.5005],[-2.0149,-4.4974]]},"properties":{"id":1326,"source":54900,"mouth":54902,"parent":1326,"basin":1326,"widthFactor":0.672,"sourceWidth":0.05,"discharge":59,"name":"Capjal'a","type":"River"}},{"type":"Feature","geometry":{"type":"LineString","coordinates":[[66.2059,12.2166],[66.1418,12.4325],[65.953,12.5552],[65.7643,12.6557],[65.5607,12.721]]},"properties":{"id":1327,"source":35893,"mouth":35494,"parent":1327,"basin":1327,"widthFactor":0.672,"sourceWidth":0.05,"discharge":52,"name":"Moft","type":"River"}},{"type":"Feature","geometry":{"type":"LineString","coordinates":[[15.2325,4.747],[15.2694,4.5309],[15.4403,4.3936],[15.4119,4.2278],[15.4312,4.0594],[15.4123,3.893]]},"properties":{"id":1328,"source":44703,"mouth":45105,"parent":1328,"basin":1328,"widthFactor":0.672,"sourceWidth":0.06,"discharge":60,"name":"Cagez","type":"River"}},{"type":"Feature","geometry":{"type":"LineString","coordinates":[[22.5076,9.8508],[22.2845,9.8087],[22.141,9.6328],[21.9954,9.5542],[21.8717,9.4444]]},"properties":{"id":1329,"source":38624,"mouth":38623,"parent":1329,"basin":1329,"widthFactor":0.672,"sourceWidth":0.04,"discharge":60,"name":"Shassin","type":"River"}},{"type":"Feature","geometry":{"type":"LineString","coordinates":[[65.721,12.1029],[65.7036,12.2886],[65.5514,12.3964],[65.5751,12.5582],[65.5607,12.721]]},"properties":{"id":1330,"source":36295,"mouth":35492,"parent":1330,"basin":1330,"widthFactor":0.672,"sourceWidth":0.04,"discharge":89,"name":"Driorzan","type":"River"}},{"type":"Feature","geometry":{"type":"LineString","coordinates":[[62.9279,-8.3268],[63.1355,-8.314],[63.2593,-8.1256],[63.4501,-8.0777],[63.5855,-8.0607],[63.7108,-8.0068]]},"properties":{"id":1332,"source":59365,"mouth":59040,"parent":1332,"basin":1332,"widthFactor":0.672,"sourceWidth":0.05,"discharge":59,"name":"Qeekork","type":"River"}},{"type":"Feature","geometry":{"type":"LineString","coordinates":[[13.6185,4.22],[13.6681,4.0821],[13.8138,4.0666],[13.9855,4.0838],[14.1492,4.1383]]},"properties":{"id":1333,"source":45096,"mouth":45098,"parent":1333,"basin":1333,"widthFactor":0.672,"sourceWidth":0.05,"discharge":51,"name":"Zurjas","type":"Creek"}},{"type":"Feature","geometry":{"type":"LineString","coordinates":[[52.4466,-23.2347],[52.3535,-23.3859],[52.4154,-23.5523],[52.3901,-23.7502],[52.403,-23.9493]]},"properties":{"id":1334,"source":69101,"mouth":69247,"parent":1334,"basin":1334,"widthFactor":0.672,"sourceWidth":0.04,"discharge":40,"name":"Alalothlothril","type":"River"}},{"type":"Feature","geometry":{"type":"LineString","coordinates":[[-57.2717,39.5701],[-57.0926,39.6943],[-57.0421,39.9064],[-56.9341,39.9681],[-56.8498,40.0597]]},"properties":{"id":1335,"source":5777,"mouth":5530,"parent":1335,"basin":1335,"widthFactor":0.672,"sourceWidth":0.06,"discharge":46,"name":"Macleskirk","type":"River"}},{"type":"Feature","geometry":{"type":"LineString","coordinates":[[65.7584,10.7211],[65.6627,10.5427],[65.7218,10.349],[65.8111,10.2058],[65.9794,10.1933],[66.1332,10.1591],[66.2907,10.1622]]},"properties":{"id":1336,"source":37920,"mouth":38331,"parent":1336,"basin":1336,"widthFactor":0.672,"sourceWidth":0.07,"discharge":159,"name":"Bres","type":"River"}},{"type":"Feature","geometry":{"type":"LineString","coordinates":[[-56.2677,48.1061],[-56.1483,48.3002],[-56.1813,48.5257],[-56.0472,48.7048],[-55.9455,48.904]]},"properties":{"id":1337,"source":469,"mouth":249,"parent":1337,"basin":1337,"widthFactor":0.672,"sourceWidth":0.04,"discharge":66,"name":"Marltash","type":"River"}},{"type":"Feature","geometry":{"type":"LineString","coordinates":[[-3.6647,43.4625],[-3.8311,43.6197],[-3.8585,43.847],[-3.8052,43.9482],[-3.7216,44.0261]]},"properties":{"id":1338,"source":3059,"mouth":2809,"parent":1338,"basin":1338,"widthFactor":0.672,"sourceWidth":0.08,"discharge":72,"name":"Hethrion","type":"River"}},{"type":"Feature","geometry":{"type":"LineString","coordinates":[[18.1556,-6.9489],[17.9984,-7.0412],[17.9696,-7.2213],[17.8749,-7.362],[17.814,-7.5203]]},"properties":{"id":1340,"source":57861,"mouth":57860,"parent":1340,"basin":1340,"widthFactor":0.672,"sourceWidth":0.05,"discharge":41,"name":"Herrus","type":"River"}},{"type":"Feature","geometry":{"type":"LineString","coordinates":[[2.4982,39.0555],[2.5837,39.2113],[2.4749,39.3765],[2.5215,39.5342],[2.5831,39.6513],[2.6087,39.781]]},"properties":{"id":1341,"source":6196,"mouth":5948,"parent":1341,"basin":1341,"widthFactor":0.672,"sourceWidth":0.05,"discharge":46,"name":"Natheasmel","type":"River"}},{"type":"Feature","geometry":{"type":"LineString","coordinates":[[49.0246,32.1519],[49.0914,32.3577],[49.0028,32.5552],[48.8827,32.6542],[48.7421,32.721]]},"properties":{"id":1342,"source":12713,"mouth":12382,"parent":1514,"basin":1514,"widthFactor":0.56,"sourceWidth":0.06,"discharge":48,"name":"Witleton","type":"River"}},{"type":"Feature","geometry":{"type":"LineString","coordinates":[[-73.1688,29.4319],[-73.3112,29.5245],[-73.3182,29.6942],[-73.2429,29.8604],[-73.1346,30.0072]]},"properties":{"id":1343,"source":15191,"mouth":14818,"parent":1343,"basin":1343,"widthFactor":0.672,"sourceWidth":0.04,"discharge":55,"name":"Cleoverton","type":"River"}},{"type":"Feature","geometry":{"type":"LineString","coordinates":[[52.3072,21.767],[52.497,21.7511],[52.6223,21.9189],[52.7991,21.9398],[52.8778,21.9471],[52.9438,21.9904]]},"properties":{"id":1344,"source":23955,"mouth":23956,"parent":1344,"basin":1344,"widthFactor":0.672,"sourceWidth":0.06,"discharge":55,"name":"Glamzofs","type":"River"}},{"type":"Feature","geometry":{"type":"LineString","coordinates":[[-29.9343,-8.5175],[-29.9922,-8.6956],[-29.8568,-8.8514],[-29.876,-9.0251],[-29.8353,-9.1588],[-29.76,-9.2765]]},"properties":{"id":1346,"source":59454,"mouth":59762,"parent":1346,"basin":1346,"widthFactor":0.672,"sourceWidth":0.04,"discharge":41,"name":"Odrukh","type":"River"}},{"type":"Feature","geometry":{"type":"LineString","coordinates":[[-48.1281,-17.6903],[-47.8845,-17.703],[-47.6829,-17.5658],[-47.569,-17.5469],[-47.4674,-17.4918]]},"properties":{"id":1347,"source":65874,"mouth":65875,"parent":1347,"basin":1347,"widthFactor":0.672,"sourceWidth":0.05,"discharge":39,"name":"Bagrakh","type":"River"}},{"type":"Feature","geometry":{"type":"LineString","coordinates":[[28.2136,32.5458],[28.3166,32.5512],[28.2969,32.6525],[28.4849,32.7431],[28.6533,32.8666]]},"properties":{"id":1348,"source":12337,"mouth":12019,"parent":1348,"basin":1348,"widthFactor":0.672,"sourceWidth":0.05,"discharge":49,"name":"Witford","type":"Brook"}},{"type":"Feature","geometry":{"type":"LineString","coordinates":[[-8.914,29.5962],[-8.8571,29.7586],[-8.9545,29.9005],[-8.9907,30.0157],[-9.0611,30.1138]]},"properties":{"id":1349,"source":15389,"mouth":15017,"parent":1349,"basin":1349,"widthFactor":0.672,"sourceWidth":0.06,"discharge":46,"name":"Elluven","type":"Creek"}},{"type":"Feature","geometry":{"type":"LineString","coordinates":[[32.4916,26.4698],[32.6914,26.4041],[32.8815,26.4939],[32.9852,26.4189],[33.1064,26.3779]]},"properties":{"id":1350,"source":18871,"mouth":18872,"parent":1350,"basin":1350,"widthFactor":0.672,"sourceWidth":0.04,"discharge":41,"name":"Mijos","type":"River"}},{"type":"Feature","geometry":{"type":"LineString","coordinates":[[16.519,4.8584],[16.4443,4.7326],[16.5252,4.6108],[16.5323,4.4952],[16.5766,4.3882]]},"properties":{"id":1351,"source":44318,"mouth":44710,"parent":1351,"basin":1351,"widthFactor":0.672,"sourceWidth":0.05,"discharge":51,"name":"Mil'arriss","type":"Creek"}},{"type":"Feature","geometry":{"type":"LineString","coordinates":[[13.2044,3.8152],[13.3329,3.6347],[13.5702,3.6155],[13.7204,3.4672],[13.6778,3.3108],[13.6729,3.1488]]},"properties":{"id":1352,"source":45860,"mouth":45863,"parent":1352,"basin":1352,"widthFactor":0.672,"sourceWidth":0.05,"discharge":60,"name":"Ilzisalas","type":"River"}},{"type":"Feature","geometry":{"type":"LineString","coordinates":[[19.4615,-5.6784],[19.5242,-5.4834],[19.7059,-5.3888],[19.8015,-5.3827],[19.8919,-5.4145]]},"properties":{"id":1353,"source":56467,"mouth":56103,"parent":1353,"basin":1353,"widthFactor":0.672,"sourceWidth":0.05,"discharge":42,"name":"Car'th'tiss","type":"Creek"}},{"type":"Feature","geometry":{"type":"LineString","coordinates":[[-39.4452,-23.128],[-39.5477,-23.1252],[-39.5347,-23.2269],[-39.7265,-23.2591],[-39.9083,-23.3281]]},"properties":{"id":1354,"source":69021,"mouth":69020,"parent":1354,"basin":1354,"widthFactor":0.672,"sourceWidth":0.08,"discharge":69,"name":"Grigh","type":"Brook"}},{"type":"Feature","geometry":{"type":"LineString","coordinates":[[23.457,-0.0398],[23.4622,0.1481],[23.3239,0.2754],[23.2426,0.4338],[23.1294,0.5713]]},"properties":{"id":1357,"source":50030,"mouth":49633,"parent":1357,"basin":1357,"widthFactor":0.672,"sourceWidth":0.05,"discharge":37,"name":"Garic","type":"River"}},{"type":"Feature","geometry":{"type":"LineString","coordinates":[[54.4606,19.5958],[54.531,19.8276],[54.4459,20.0543],[54.5334,20.116],[54.5937,20.2046]]},"properties":{"id":1361,"source":26862,"mouth":26443,"parent":1361,"basin":1361,"widthFactor":0.672,"sourceWidth":0.04,"discharge":42,"name":"Threskurt","type":"River"}},{"type":"Feature","geometry":{"type":"LineString","coordinates":[[8.9226,-3.2581],[9.1214,-3.2604],[9.2611,-3.1187],[9.3039,-3.0107],[9.3093,-2.8945]]},"properties":{"id":1362,"source":53795,"mouth":53420,"parent":1362,"basin":1362,"widthFactor":0.672,"sourceWidth":0.04,"discharge":50,"name":"Rossu","type":"Creek"}},{"type":"Feature","geometry":{"type":"LineString","coordinates":[[-7.1645,27.9707],[-7.0855,27.9029],[-7.0275,27.9894],[-6.8445,28.0096],[-6.6695,28.0672]]},"properties":{"id":1363,"source":17299,"mouth":16898,"parent":1363,"basin":1363,"widthFactor":0.672,"sourceWidth":0.05,"discharge":46,"name":"Kharakinb","type":"Creek"}},{"type":"Feature","geometry":{"type":"LineString","coordinates":[[-56.8094,48.1186],[-56.7653,48.2982],[-56.874,48.4478],[-56.9324,48.5495],[-57.0203,48.6269]]},"properties":{"id":1364,"source":468,"mouth":361,"parent":1364,"basin":1364,"widthFactor":0.672,"sourceWidth":0.05,"discharge":46,"name":"Westcham","type":"Creek"}},{"type":"Feature","geometry":{"type":"LineString","coordinates":[[20.79,-5.1467],[20.5831,-5.0747],[20.3806,-5.1584],[20.3101,-5.3393],[20.2763,-5.5305]]},"properties":{"id":1366,"source":56110,"mouth":56108,"parent":1366,"basin":1366,"widthFactor":0.672,"sourceWidth":0.05,"discharge":47,"name":"Gor'thesh","type":"River"}},{"type":"Feature","geometry":{"type":"LineString","coordinates":[[-2.0156,-3.6325],[-1.9623,-3.7669],[-1.818,-3.775],[-1.693,-3.8705],[-1.5487,-3.933]]},"properties":{"id":1367,"source":54125,"mouth":54127,"parent":1367,"basin":1367,"widthFactor":0.672,"sourceWidth":0.05,"discharge":43,"name":"Vupjikar't","type":"Creek"}},{"type":"Feature","geometry":{"type":"LineString","coordinates":[[44.6789,40.772],[44.7779,40.6553],[44.9279,40.6856],[45.029,40.5385],[45.1591,40.4163]]},"properties":{"id":1368,"source":4993,"mouth":4995,"parent":1368,"basin":1368,"widthFactor":0.672,"sourceWidth":0.05,"discharge":45,"name":"Stapton","type":"Creek"}},{"type":"Feature","geometry":{"type":"LineString","coordinates":[[60.6928,-0.8798],[60.684,-1.0669],[60.8197,-1.1959],[60.8242,-1.3353],[60.8664,-1.4684]]},"properties":{"id":1369,"source":51280,"mouth":51282,"parent":1369,"basin":1369,"widthFactor":0.672,"sourceWidth":0.05,"discharge":65,"name":"Chiafta","type":"Creek"}},{"type":"Feature","geometry":{"type":"LineString","coordinates":[[-33.659,49.2497],[-33.7314,49.215],[-33.6512,49.2108],[-33.6255,49.0499],[-33.5538,48.902],[-33.5189,48.7437]]},"properties":{"id":1370,"source":81,"mouth":195,"parent":1370,"basin":1370,"widthFactor":0.672,"sourceWidth":0.07,"discharge":61,"name":"Orlington","type":"Brook"}},{"type":"Feature","geometry":{"type":"LineString","coordinates":[[-46.4105,-16.3755],[-46.4952,-16.4864],[-46.5078,-16.6254],[-46.4221,-16.7842],[-46.5623,-16.8978],[-46.5566,-17.0683],[-46.7179,-17.1236],[-46.8514,-17.225],[-46.9514,-17.3595]]},"properties":{"id":1456,"source":65088,"mouth":65476,"parent":1456,"basin":1456,"widthFactor":0.672,"sourceWidth":1,"discharge":2318,"name":"Kardud","type":"River"}},{"type":"Feature","geometry":{"type":"LineString","coordinates":[[-38.0701,-4.6414],[-38.2309,-4.6066],[-38.3899,-4.6492],[-38.6,-4.6641],[-38.6709,-4.8625],[-38.8279,-4.8294],[-38.988,-4.8596],[-39.1456,-4.8392]]},"properties":{"id":1483,"source":55185,"mouth":55183,"parent":1483,"basin":1483,"widthFactor":0.672,"sourceWidth":0.21,"discharge":178,"name":"Gribrugh","type":"River"}},{"type":"Feature","geometry":{"type":"LineString","coordinates":[[9.3794,2.941],[9.3801,3.1175],[9.2409,3.2259],[9.1205,3.2815],[9.0276,3.187],[8.8379,3.1842],[8.6525,3.1441]]},"properties":{"id":1510,"source":46632,"mouth":46236,"parent":1510,"basin":1510,"widthFactor":0.672,"sourceWidth":0.08,"discharge":109,"name":"Magis","type":"River"}},{"type":"Feature","geometry":{"type":"LineString","coordinates":[[-72.6692,18.372],[-72.782,18.3276],[-72.9843,18.4444],[-73.1883,18.3308],[-73.4246,18.1821],[-73.498,17.9127],[-73.607,17.6971],[-73.8194,17.4557]]},"properties":{"id":1511,"source":28129,"mouth":28991,"parent":1511,"basin":1511,"widthFactor":0.672,"sourceWidth":0.06,"discharge":61,"name":"Dunscastho","type":"River"}},{"type":"Feature","geometry":{"type":"LineString","coordinates":[[55.4381,-5.6566],[55.5457,-5.7722],[55.6721,-5.8654],[55.7984,-5.9586],[55.7148,-5.7673],[55.5977,-5.5943],[55.6355,-5.4319],[55.5276,-5.3047]]},"properties":{"id":1512,"source":56581,"mouth":56582,"parent":41,"basin":41,"widthFactor":0.56,"sourceWidth":0.07,"discharge":158,"name":"Wruilbog","type":"Fork"}},{"type":"Feature","geometry":{"type":"LineString","coordinates":[[-41.7457,-21.1826],[-41.8431,-21.3525],[-41.8671,-21.5469],[-42.0052,-21.6006],[-41.9239,-21.7244],[-42.0467,-21.7838],[-41.9745,-21.8996],[-42.0986,-22.0306],[-42.1846,-22.1892]]},"properties":{"id":1513,"source":68071,"mouth":68405,"parent":1513,"basin":1513,"widthFactor":0.672,"sourceWidth":0.72,"discharge":708,"name":"Bozd","type":"River"}},{"type":"Feature","geometry":{"type":"LineString","coordinates":[[48.3748,32.8261],[48.3724,32.94],[48.2977,33.0261],[48.2826,33.2069],[48.1024,33.227],[48.0344,33.3793],[47.8697,33.3531],[47.7759,33.4814],[47.6487,33.5765]]},"properties":{"id":1514,"source":12055,"mouth":11389,"parent":1514,"basin":1514,"widthFactor":0.672,"sourceWidth":0.3,"discharge":289,"name":"Haringley","type":"River"}},{"type":"Feature","geometry":{"type":"LineString","coordinates":[[-70.5103,27.4382],[-70.6701,27.3847],[-70.789,27.2654],[-70.7311,27.0805],[-70.8909,26.9711],[-71.026,26.7936],[-71.2489,26.7991],[-71.309,26.7287],[-71.3267,26.6379]]},"properties":{"id":1515,"source":17478,"mouth":18214,"parent":1515,"basin":1515,"widthFactor":0.672,"sourceWidth":0.25,"discharge":223,"name":"Tinesover","type":"River"}},{"type":"Feature","geometry":{"type":"LineString","coordinates":[[55.0653,-23.8061],[55.2331,-23.6543],[55.263,-23.4301],[55.4554,-23.3421],[55.5385,-23.1475],[55.7302,-23.1869],[55.8934,-23.079],[56.0434,-23.0316],[56.1782,-22.9505]]},"properties":{"id":1517,"source":69386,"mouth":68966,"parent":1517,"basin":1517,"widthFactor":0.672,"sourceWidth":0.06,"discharge":131,"name":"Kuldharlaktor","type":"River"}},{"type":"Feature","geometry":{"type":"LineString","coordinates":[[61.7504,4.9705],[61.9155,5.0833],[61.9497,5.2803],[62.1148,5.3196],[62.1816,5.4757],[62.3499,5.4299],[62.524,5.4212]]},"properties":{"id":1518,"source":44450,"mouth":43634,"parent":1518,"basin":1518,"widthFactor":0.672,"sourceWidth":0.07,"discharge":122,"name":"Ekorkvact","type":"River"}},{"type":"Feature","geometry":{"type":"LineString","coordinates":[[-38.5487,-24.0412],[-38.3857,-24.169],[-38.1691,-24.1096],[-37.9954,-24.2],[-37.9954,-24.2]]},"properties":{"id":1519,"source":69425,"mouth":69426,"parent":1519,"basin":1519,"widthFactor":0.672,"sourceWidth":0.07,"discharge":70,"name":"Zrard","type":"Brook"}},{"type":"Feature","geometry":{"type":"LineString","coordinates":[[20.3137,-1.4325],[20.2289,-1.2822],[20.0576,-1.2613],[19.8009,-1.2472],[19.5814,-1.3812],[19.4129,-1.4291],[19.3432,-1.5898],[19.2675,-1.7036],[19.2249,-1.8335]]},"properties":{"id":1520,"source":51529,"mouth":51903,"parent":1520,"basin":1520,"widthFactor":0.672,"sourceWidth":0.05,"discharge":72,"name":"Rraj'aj'a","type":"River"}},{"type":"Feature","geometry":{"type":"LineString","coordinates":[[-37.7526,-23.7967],[-37.7288,-23.9741],[-37.5426,-24.0441],[-37.4864,-24.2],[-37.4864,-24.2]]},"properties":{"id":1521,"source":69307,"mouth":69428,"parent":1521,"basin":1521,"widthFactor":0.672,"sourceWidth":0.05,"discharge":79,"name":"Bhegh","type":"Brook"}},{"type":"Feature","geometry":{"type":"LineString","coordinates":[[11.5803,44.1203],[11.7252,44.0325],[11.8807,44.1],[11.9862,43.9666],[12.1562,43.9716],[12.2452,44.1035],[12.3009,44.2526]]},"properties":{"id":1522,"source":2616,"mouth":2618,"parent":1522,"basin":1522,"widthFactor":0.672,"sourceWidth":0.07,"discharge":69,"name":"Mitford","type":"River"}},{"type":"Feature","geometry":{"type":"LineString","coordinates":[[-38.0148,49.3439],[-38.1728,49.4419],[-38.3548,49.3468],[-38.5176,49.4062],[-38.5176,49.6]]},"properties":{"id":1524,"source":66,"mouth":65,"parent":1524,"basin":1524,"widthFactor":0.672,"sourceWidth":0.08,"discharge":59,"name":"Lympster","type":"River"}},{"type":"Feature","geometry":{"type":"LineString","coordinates":[[53.403,19.9399],[53.5894,20.0557],[53.6521,20.2661],[53.7466,20.3577],[53.691,20.477],[53.5848,20.6588],[53.4482,20.8188]]},"properties":{"id":1526,"source":26440,"mouth":25620,"parent":1526,"basin":1526,"widthFactor":0.672,"sourceWidth":0.05,"discharge":56,"name":"Gnoklig","type":"River"}},{"type":"Feature","geometry":{"type":"LineString","coordinates":[[49.7282,28.6589],[49.8777,28.6464],[49.9577,28.7733],[50.1216,28.6824],[50.3019,28.7818],[50.469,28.7289],[50.635,28.6874],[50.806,28.683]]},"properties":{"id":1527,"source":16666,"mouth":16288,"parent":1527,"basin":1527,"widthFactor":0.672,"sourceWidth":0.06,"discharge":55,"name":"Klear","type":"River"}},{"type":"Feature","geometry":{"type":"LineString","coordinates":[[42.1815,30.6097],[42.2773,30.5116],[42.2197,30.3871],[42.0945,30.245],[41.9434,30.131]]},"properties":{"id":1528,"source":14399,"mouth":14401,"parent":1528,"basin":1528,"widthFactor":0.672,"sourceWidth":0.05,"discharge":53,"name":"Hagelbonexe","type":"Creek"}},{"type":"Feature","geometry":{"type":"LineString","coordinates":[[-23.6088,40.4061],[-23.4199,40.5087],[-23.3796,40.737],[-23.2204,40.8647],[-23.1375,40.7673],[-23.0204,40.8187],[-22.9642,40.9235],[-22.9434,41.0406]]},"properties":{"id":1529,"source":5132,"mouth":4886,"parent":1529,"basin":1529,"widthFactor":0.672,"sourceWidth":0.08,"discharge":102,"name":"Ailleville","type":"River"}},{"type":"Feature","geometry":{"type":"LineString","coordinates":[[-57.9752,-12.3258],[-58.1061,-12.1988],[-58.2873,-12.2192],[-58.365,-12.3551],[-58.5215,-12.3601],[-58.5986,-12.4457],[-58.6951,-12.3827],[-58.8358,-12.4998],[-58.9503,-12.6427]]},"properties":{"id":1530,"source":62546,"mouth":62542,"parent":1530,"basin":1530,"widthFactor":0.672,"sourceWidth":0.05,"discharge":61,"name":"Kud-Druz","type":"River"}},{"type":"Feature","geometry":{"type":"LineString","coordinates":[[7.7194,44.5656],[7.809,44.714],[7.7435,44.8746],[7.6824,45.024],[7.5879,45.1549]]},"properties":{"id":1531,"source":2374,"mouth":1926,"parent":1531,"basin":1531,"widthFactor":0.672,"sourceWidth":0.05,"discharge":56,"name":"Clifracton","type":"Stream"}},{"type":"Feature","geometry":{"type":"LineString","coordinates":[[4.0951,-3.3445],[3.9387,-3.4132],[3.9029,-3.5804],[3.8219,-3.6965],[3.8935,-3.8186],[3.7898,-3.9939],[3.72,-4.1853]]},"properties":{"id":1532,"source":53778,"mouth":54520,"parent":1532,"basin":1532,"widthFactor":0.672,"sourceWidth":0.05,"discharge":113,"name":"Narras","type":"River"}},{"type":"Feature","geometry":{"type":"LineString","coordinates":[[-37.2428,-23.1553],[-37.1541,-23.3036],[-36.9821,-23.3203],[-36.8655,-23.4973],[-36.719,-23.6504]]},"properties":{"id":1533,"source":69028,"mouth":69031,"parent":1533,"basin":1533,"widthFactor":0.672,"sourceWidth":0.05,"discharge":88,"name":"Ghegmurd","type":"River"}},{"type":"Feature","geometry":{"type":"LineString","coordinates":[[19.6545,-4.9248],[19.5908,-5.0506],[19.6818,-5.1584],[19.7721,-5.2985],[19.8919,-5.4145]]},"properties":{"id":1534,"source":55739,"mouth":55741,"parent":1534,"basin":1534,"widthFactor":0.672,"sourceWidth":0.05,"discharge":62,"name":"Margissa","type":"Stream"}},{"type":"Feature","geometry":{"type":"LineString","coordinates":[[-73.9058,18.5845],[-73.9963,18.6692],[-74.098,18.5986],[-74.4,18.5986]]},"properties":{"id":1535,"source":27698,"mouth":27697,"parent":1535,"basin":1535,"widthFactor":0.672,"sourceWidth":0.05,"discharge":61,"name":"Newleighes","type":"Creek"}},{"type":"Feature","geometry":{"type":"LineString","coordinates":[[50.2013,32.879],[50.1409,33.0121],[50.2348,33.1242],[50.391,33.1855],[50.557,33.2099]]},"properties":{"id":1536,"source":12061,"mouth":11739,"parent":1536,"basin":1536,"widthFactor":0.672,"sourceWidth":0.04,"discharge":51,"name":"Rothfield","type":"Creek"}},{"type":"Feature","geometry":{"type":"LineString","coordinates":[[-45.7124,-17.4272],[-45.9069,-17.5507],[-45.9786,-17.7697],[-46.0853,-17.7597],[-46.1887,-17.7877]]},"properties":{"id":1537,"source":65884,"mouth":65883,"parent":1537,"basin":1537,"widthFactor":0.672,"sourceWidth":0.04,"discharge":40,"name":"Nududh","type":"River"}},{"type":"Feature","geometry":{"type":"LineString","coordinates":[[57.4545,-19.7946],[57.5969,-19.8641],[57.73,-19.7782],[57.8342,-19.7483],[57.9215,-19.684]]},"properties":{"id":1538,"source":67430,"mouth":67219,"parent":1538,"basin":1538,"widthFactor":0.672,"sourceWidth":0.05,"discharge":52,"name":"Aglathagos","type":"River"}},{"type":"Feature","geometry":{"type":"LineString","coordinates":[[4.6975,37.1077],[4.5787,37.2803],[4.3737,37.3234],[4.3967,37.4399],[4.3815,37.5577]]},"properties":{"id":1539,"source":7793,"mouth":7526,"parent":1539,"basin":1539,"widthFactor":0.672,"sourceWidth":0.06,"discharge":45,"name":"Drethelond","type":"Creek"}},{"type":"Feature","geometry":{"type":"LineString","coordinates":[[24.1372,9.8975],[24.3005,9.7481],[24.5216,9.7433],[24.5319,9.5167],[24.58,9.2949]]},"properties":{"id":1540,"source":38629,"mouth":39010,"parent":1540,"basin":1540,"widthFactor":0.672,"sourceWidth":0.05,"discharge":42,"name":"Capjesshaj","type":"River"}},{"type":"Feature","geometry":{"type":"LineString","coordinates":[[-39.9861,-4.2024],[-39.9304,-4.405],[-39.7195,-4.4903],[-39.6328,-4.6695],[-39.5184,-4.7292],[-39.3915,-4.7528]]},"properties":{"id":1541,"source":54774,"mouth":55175,"parent":1541,"basin":1541,"widthFactor":0.672,"sourceWidth":0.05,"discharge":53,"name":"Bashnokh","type":"River"}},{"type":"Feature","geometry":{"type":"LineString","coordinates":[[9.3,-6.3479],[9.1472,-6.378],[9.0969,-6.5254],[8.9649,-6.6692],[8.8634,-6.836]]},"properties":{"id":1542,"source":57138,"mouth":57482,"parent":1542,"basin":1542,"widthFactor":0.672,"sourceWidth":0.05,"discharge":41,"name":"Srapjessin","type":"River"}},{"type":"Feature","geometry":{"type":"LineString","coordinates":[[-57.365,-14.6052],[-57.5493,-14.6234],[-57.6546,-14.7757],[-57.7793,-14.7318],[-57.8623,-14.8349],[-57.983,-14.8161],[-58.1036,-14.8349]]},"properties":{"id":1543,"source":64133,"mouth":64132,"parent":1543,"basin":1543,"widthFactor":0.672,"sourceWidth":0.06,"discharge":49,"name":"Duzar","type":"River"}},{"type":"Feature","geometry":{"type":"LineString","coordinates":[[26.6315,33.1297],[26.408,33.1361],[26.2346,32.995],[26.005,33.0141],[25.7754,32.995]]},"properties":{"id":1544,"source":11682,"mouth":11681,"parent":1544,"basin":1544,"widthFactor":0.672,"sourceWidth":0.05,"discharge":70,"name":"Mitham","type":"River"}},{"type":"Feature","geometry":{"type":"LineString","coordinates":[[42.5395,30.2407],[42.3805,30.2772],[42.2632,30.1637],[42.2372,30.0737],[42.2492,29.9807]]},"properties":{"id":1545,"source":14780,"mouth":14779,"parent":1545,"basin":1545,"widthFactor":0.672,"sourceWidth":0.04,"discharge":58,"name":"Reavehovil","type":"Creek"}},{"type":"Feature","geometry":{"type":"LineString","coordinates":[[56.5775,21.6852],[56.5517,21.4411],[56.6779,21.2306],[56.8216,21.201],[56.9681,21.2096]]},"properties":{"id":1547,"source":24380,"mouth":24799,"parent":1547,"basin":1547,"widthFactor":0.672,"sourceWidth":0.05,"discharge":79,"name":"Slutiarm","type":"River"}},{"type":"Feature","geometry":{"type":"LineString","coordinates":[[-73.9657,15.7361],[-73.809,15.782],[-73.7618,15.9385],[-73.7021,16.0901],[-73.6793,16.2514]]},"properties":{"id":1548,"source":31419,"mouth":31019,"parent":1548,"basin":1548,"widthFactor":0.672,"sourceWidth":0.05,"discharge":38,"name":"Winkleigh","type":"Creek"}},{"type":"Feature","geometry":{"type":"LineString","coordinates":[[10.5008,-5.996],[10.469,-6.1547],[10.5857,-6.2669],[10.6476,-6.384],[10.7787,-6.365],[10.8658,-6.479],[10.9794,-6.5666]]},"properties":{"id":1550,"source":56788,"mouth":57145,"parent":1550,"basin":1550,"widthFactor":0.672,"sourceWidth":0.05,"discharge":50,"name":"Rossush","type":"River"}},{"type":"Feature","geometry":{"type":"LineString","coordinates":[[-31.4947,-8.3478],[-31.4722,-8.4967],[-31.5935,-8.586],[-31.6878,-8.6309],[-31.792,-8.6389]]},"properties":{"id":1551,"source":59116,"mouth":59447,"parent":1551,"basin":1551,"widthFactor":0.672,"sourceWidth":0.05,"discharge":60,"name":"Vrugh","type":"Creek"}},{"type":"Feature","geometry":{"type":"LineString","coordinates":[[55.9689,-23.7625],[56.2047,-23.789],[56.4063,-23.6636],[56.5259,-23.5592],[56.6172,-23.4293]]},"properties":{"id":1552,"source":69389,"mouth":69260,"parent":1552,"basin":1552,"widthFactor":0.672,"sourceWidth":0.04,"discharge":48,"name":"Claurimadasse","type":"River"}},{"type":"Feature","geometry":{"type":"LineString","coordinates":[[56.0771,-24.0988],[56.2962,-24.0202],[56.516,-24.0972],[56.516,-24.2]]},"properties":{"id":1553,"source":69490,"mouth":69491,"parent":1553,"basin":1553,"widthFactor":0.672,"sourceWidth":0.05,"discharge":67,"name":"Rathalosslaa","type":"Brook"}},{"type":"Feature","geometry":{"type":"LineString","coordinates":[[-36.5681,-23.0837],[-36.3975,-23.1427],[-36.3362,-23.3125],[-36.3647,-23.4624],[-36.4295,-23.6006]]},"properties":{"id":1554,"source":69032,"mouth":69035,"parent":1554,"basin":1554,"widthFactor":0.672,"sourceWidth":0.06,"discharge":53,"name":"Zragvidh","type":"River"}},{"type":"Feature","geometry":{"type":"LineString","coordinates":[[56.4483,21.0383],[56.5403,20.9465],[56.6545,21.0087],[56.836,20.9916],[57.0172,21.0126]]},"properties":{"id":1556,"source":25215,"mouth":25216,"parent":1556,"basin":1556,"widthFactor":0.672,"sourceWidth":0.05,"discharge":70,"name":"Drior","type":"River"}},{"type":"Feature","geometry":{"type":"LineString","coordinates":[[7.4089,44.5632],[7.4036,44.6746],[7.2921,44.6722],[7.1521,44.689],[7.0127,44.6675]]},"properties":{"id":1557,"source":2147,"mouth":2145,"parent":1557,"basin":1557,"widthFactor":0.672,"sourceWidth":0.04,"discharge":52,"name":"Cocking","type":"River"}},{"type":"Feature","geometry":{"type":"LineString","coordinates":[[-0.2389,39.5194],[-0.3487,39.4719],[-0.4125,39.5732],[-0.3415,39.7768],[-0.2358,39.9647]]},"properties":{"id":1558,"source":5939,"mouth":5938,"parent":1558,"basin":1558,"widthFactor":0.672,"sourceWidth":0.05,"discharge":44,"name":"Oshtanyn","type":"River"}},{"type":"Feature","geometry":{"type":"LineString","coordinates":[[65.2004,12.1426],[65.3385,12.3237],[65.328,12.5513],[65.4556,12.6207],[65.5607,12.721]]},"properties":{"id":1559,"source":35890,"mouth":35491,"parent":1559,"basin":1559,"widthFactor":0.672,"sourceWidth":0.05,"discharge":67,"name":"Drior","type":"River"}},{"type":"Feature","geometry":{"type":"LineString","coordinates":[[62.2789,11.5689],[62.3938,11.6071],[62.3762,11.7269],[62.1867,11.8624],[61.9777,11.9651]]},"properties":{"id":1560,"source":36687,"mouth":36282,"parent":1560,"basin":1560,"widthFactor":0.672,"sourceWidth":0.04,"discharge":55,"name":"Eebsil","type":"River"}},{"type":"Feature","geometry":{"type":"LineString","coordinates":[[55.9673,-6.8733],[56.0315,-6.7464],[56.1736,-6.7542],[56.2945,-6.8907],[56.3845,-7.0493]]},"properties":{"id":1561,"source":57970,"mouth":57631,"parent":1561,"basin":1561,"widthFactor":0.672,"sourceWidth":0.04,"discharge":54,"name":"Styrdeek","type":"River"}},{"type":"Feature","geometry":{"type":"LineString","coordinates":[[59.148,-16.4814],[59.2809,-16.5497],[59.4025,-16.4627],[59.5204,-16.5778],[59.6616,-16.6627]]},"properties":{"id":1562,"source":65422,"mouth":65423,"parent":1562,"basin":1562,"widthFactor":0.672,"sourceWidth":0.05,"discharge":57,"name":"Indeirvil","type":"Brook"}},{"type":"Feature","geometry":{"type":"LineString","coordinates":[[-57.9643,40.8078],[-57.9833,40.9866],[-58.1347,41.0834],[-58.2556,41.2557],[-58.4056,41.4034]]},"properties":{"id":1564,"source":4777,"mouth":4539,"parent":1564,"basin":1564,"widthFactor":0.672,"sourceWidth":0.05,"discharge":44,"name":"Hatbute","type":"River"}},{"type":"Feature","geometry":{"type":"LineString","coordinates":[[66.5211,12.9888],[66.4269,13.1272],[66.2596,13.1282],[66.1542,13.2993],[66.0183,13.4473]]},"properties":{"id":1565,"source":35119,"mouth":34718,"parent":1565,"basin":1565,"widthFactor":0.672,"sourceWidth":0.06,"discharge":62,"name":"Utiarm","type":"River"}},{"type":"Feature","geometry":{"type":"LineString","coordinates":[[67.3102,12.946],[67.2994,13.1587],[67.1468,13.3072],[67.1167,13.4667],[67.0503,13.6147]]},"properties":{"id":1566,"source":35121,"mouth":34721,"parent":1566,"basin":1566,"widthFactor":0.672,"sourceWidth":0.05,"discharge":47,"name":"Eebligz","type":"River"}},{"type":"Feature","geometry":{"type":"LineString","coordinates":[[57.8406,-22.1425],[57.6581,-22.2643],[57.6024,-22.4764],[57.443,-22.543],[57.302,-22.643]]},"properties":{"id":1567,"source":68677,"mouth":68826,"parent":1567,"basin":1567,"widthFactor":0.672,"sourceWidth":0.05,"discharge":45,"name":"Alatevenedior","type":"River"}},{"type":"Feature","geometry":{"type":"LineString","coordinates":[[43.4594,32.0733],[43.6427,31.934],[43.8727,31.9433],[44.0361,31.9721],[44.1886,32.0375]]},"properties":{"id":1568,"source":12693,"mouth":13023,"parent":1568,"basin":1568,"widthFactor":0.672,"sourceWidth":0.05,"discharge":62,"name":"Newcescast","type":"River"}},{"type":"Feature","geometry":{"type":"LineString","coordinates":[[-21.2382,44.3312],[-21.1322,44.4372],[-20.9892,44.392],[-20.9195,44.3363],[-20.8795,44.2565]]},"properties":{"id":1569,"source":2316,"mouth":2318,"parent":1569,"basin":1569,"widthFactor":0.672,"sourceWidth":0.06,"discharge":55,"name":"Fervilly","type":"Creek"}},{"type":"Feature","geometry":{"type":"LineString","coordinates":[[46.3817,33.9673],[46.5452,33.9905],[46.6167,34.1394],[46.8002,34.0837],[46.9911,34.0654]]},"properties":{"id":1570,"source":11028,"mouth":10661,"parent":1570,"basin":1570,"widthFactor":0.672,"sourceWidth":0.04,"discharge":40,"name":"Dunshead","type":"River"}},{"type":"Feature","geometry":{"type":"LineString","coordinates":[[26.2392,33.276],[26.1789,33.377],[26.0711,33.3297],[25.914,33.277],[25.7731,33.1896]]},"properties":{"id":1571,"source":11680,"mouth":11339,"parent":1571,"basin":1571,"widthFactor":0.672,"sourceWidth":0.05,"discharge":56,"name":"Clitford","type":"Creek"}},{"type":"Feature","geometry":{"type":"LineString","coordinates":[[8.2961,0.7581],[8.2103,0.8801],[8.0626,0.8593],[7.93,0.8182],[7.8136,0.7425]]},"properties":{"id":1572,"source":48862,"mouth":48860,"parent":1572,"basin":1572,"widthFactor":0.672,"sourceWidth":0.06,"discharge":60,"name":"Krakkuss","type":"Brook"}},{"type":"Feature","geometry":{"type":"LineString","coordinates":[[-2.6834,-10.8708],[-2.5577,-10.8804],[-2.5371,-11.0047],[-2.5865,-11.1152],[-2.6678,-11.2048]]},"properties":{"id":1573,"source":61574,"mouth":61575,"parent":1573,"basin":1573,"widthFactor":0.672,"sourceWidth":0.04,"discharge":78,"name":"Or'th'jes","type":"River"}},{"type":"Feature","geometry":{"type":"LineString","coordinates":[[-0.681,-13.246],[-0.7707,-13.347],[-0.7059,-13.4655],[-0.6444,-13.5779],[-0.5526,-13.6672]]},"properties":{"id":1574,"source":63364,"mouth":63589,"parent":1574,"basin":1574,"widthFactor":0.672,"sourceWidth":0.06,"discharge":70,"name":"Mar'har","type":"Stream"}},{"type":"Feature","geometry":{"type":"LineString","coordinates":[[-66.851,36.2958],[-66.8344,36.47],[-66.9631,36.5885],[-66.915,36.7026],[-66.904,36.8259]]},"properties":{"id":1575,"source":8127,"mouth":8122,"parent":1575,"basin":1575,"widthFactor":0.672,"sourceWidth":0.04,"discharge":51,"name":"Brample","type":"Creek"}}]}