{"type":"FeatureCollection","features":[{"type":"Feature","geometry":{"type":"Point","coordinates":[-45.6175,31.0558]},"properties":{"id":"marker0","type":"volcanoes","icon":"🌋","x":369.84,"y":238.21,"name":"Bosham Volcano","legend":"Dormant volcano. Height: 15621ft."}},{"type":"Feature","geometry":{"type":"Point","coordinates":[40.6655,-6.9582]},"properties":{"id":"marker1","type":"volcanoes","icon":"🌋","x":1478.53,"y":726.52,"name":"Seatonzan Volcano","legend":"Dormant volcano. Height: 8872ft."}},{"type":"Feature","geometry":{"type":"Point","coordinates":[-30.5849,27.6912]},"properties":{"id":"marker2","type":"volcanoes","icon":"🌋","x":563,"y":281.43,"name":"Gnibendynntyn Volcano","legend":"Dormant volcano. Height: 12209ft."}},{"type":"Feature","geometry":{"type":"Point","coordinates":[-37.3899,29.4117]},"properties":{"id":"marker3","type":"volcanoes","icon":"🌋","x":475.56,"y":259.33,"name":"Undhelssin Volcano","legend":"Dormant volcano. Height: 9925ft."}},{"type":"Feature","geometry":{"type":"Point","coordinates":[-47.3802,24.87]},"properties":{"id":"marker4","type":"hot-springs","icon":"♨️","x":347.19,"y":317.67,"name":"Soutreton Hot Springs","legend":"A geothermal springs with naturally heated water that provide relaxation and medicinal benefits. Average temperature is 97°F."}},{"type":"Feature","geometry":{"type":"Point","coordinates":[41.7426,10.3077]},"properties":{"id":"marker5","type":"hot-springs","icon":"♨️","x":1492.37,"y":504.73,"name":"Stios Hot Springs","legend":"A geothermal springs with naturally heated water that provide relaxation and medicinal benefits. Average temperature is 77°F."}},{"type":"Feature","geometry":{"type":"Point","coordinates":[-41.8259,18.6211]},"properties":{"id":"marker6","type":"hot-springs","icon":"♨️","x":418.56,"y":397.94,"name":"Zaram Hot Springs","legend":"A geothermal springs with naturally heated water that provide relaxation and medicinal benefits. Average temperature is 93°F."}},{"type":"Feature","geometry":{"type":"Point","coordinates":[38.5277,11.6078]},"properties":{"id":"marker7","type":"hot-springs","icon":"♨️","x":1451.06,"y":488.03,"name":"Chia Hot Springs","legend":"A geothermal springs with naturally heated water that provide relaxation and medicinal benefits. Average temperature is 108°F."}},{"type":"Feature","geometry":{"type":"Point","coordinates":[-46.5887,28.2058]},"properties":{"id":"marker8","type":"hot-springs","icon":"♨️","x":357.36,"y":274.82,"name":"Wadingra","legend":"A geothermal springs with naturally heated water that provide relaxation and medicinal benefits. Average temperature is 115°F."}},{"type":"Feature","geometry":{"type":"Point","coordinates":[24.5263,20.1976]},"properties":{"id":"marker9","type":"water-sources","icon":"💧","x":1271.15,"y":377.69,"name":"Shatrek Creek of Luck","legend":"This legendary water source is whispered about in ancient tales and believed to possess mystical properties. The spring emanates crystal-clear water, shimmering with an otherworldly iridescence that sparkles even in the dimmest light."}},{"type":"Feature","geometry":{"type":"Point","coordinates":[-9.6876,27.9232]},"properties":{"id":"marker10","type":"water-sources","icon":"💧","x":831.52,"y":278.45,"name":"Nylmka Purifying Well","legend":"This legendary water source is whispered about in ancient tales and believed to possess mystical properties. The spring emanates crystal-clear water, shimmering with an otherworldly iridescence that sparkles even in the dimmest light."}},{"type":"Feature","geometry":{"type":"Point","coordinates":[-51.6356,32.1371]},"properties":{"id":"marker11","type":"mines","icon":"⛏️","x":292.51,"y":224.32,"name":"Sazionrith — silver mining town","legend":"Sazionrith is a mining town of 5504 people just nearby the silver mine."}},{"type":"Feature","geometry":{"type":"Point","coordinates":[42.2158,-7.1458]},"properties":{"id":"marker12","type":"mines","icon":"⛏️","x":1498.45,"y":728.93,"name":"Rhiknur — lead mining town","legend":"Rhiknur is a mining town of 12483 people just nearby the lead mine."}},{"type":"Feature","geometry":{"type":"Point","coordinates":[-24.1675,29.0785]},"properties":{"id":"marker13","type":"mines","icon":"⛏️","x":645.46,"y":263.61,"name":"Drethatabet — silver mining town","legend":"Drethatabet is a mining town of 5569 people just nearby the silver mine."}},{"type":"Feature","geometry":{"type":"Point","coordinates":[-12.0954,22.1321]},"properties":{"id":"marker14","type":"mines","icon":"⛏️","x":800.58,"y":352.84,"name":"Narbilndin — silver mining town","legend":"Narbilndin is a mining town of 16563 people just nearby the silver mine."}},{"type":"Feature","geometry":{"type":"Point","coordinates":[-19.1852,27.2545]},"properties":{"id":"marker15","type":"mines","icon":"⛏️","x":709.48,"y":287.04,"name":"Thasenor — silver mining town","legend":"Thasenor is a mining town of 11974 people just nearby the silver mine."}},{"type":"Feature","geometry":{"type":"Point","coordinates":[-39.397,14.7233]},"properties":{"id":"marker16","type":"mines","icon":"⛏️","x":449.77,"y":448.01,"name":"Zrald — salt mining town","legend":"Zrald is a mining town of 1180 people just nearby the salt mine."}},{"type":"Feature","geometry":{"type":"Point","coordinates":[-30.3569,0.1672]},"properties":{"id":"marker17","type":"mines","icon":"⛏️","x":565.93,"y":634.99,"name":"Drukh — silver mining town","legend":"Drukh is a mining town of 3624 people just nearby the silver mine."}},{"type":"Feature","geometry":{"type":"Point","coordinates":[41.5473,-1.192]},"properties":{"id":"marker18","type":"mines","icon":"⛏️","x":1489.86,"y":652.45,"name":"Khreth'i — gold mining town","legend":"Khreth'i is a mining town of 4480 people just nearby the gold mine."}},{"type":"Feature","geometry":{"type":"Point","coordinates":[-40.3581,1.9445]},"properties":{"id":"marker19","type":"bridges","icon":"🌉","x":437.42,"y":612.16,"name":"Gurrad Bridge","legend":"A stone bridge spans over the Adgmukh River near Gurrad."}},{"type":"Feature","geometry":{"type":"Point","coordinates":[53.677,-20.7934]},"properties":{"id":"marker20","type":"bridges","icon":"🌉","x":1645.72,"y":904.24,"name":"Zorothanz Bridge","legend":"A stone bridge spans over the Ma'tarktor Fork near Zorothanz."}},{"type":"Feature","geometry":{"type":"Point","coordinates":[-42.3854,-2.197]},"properties":{"id":"marker21","type":"bridges","icon":"🌉","x":411.37,"y":665.36,"name":"Adri Bridge","legend":"A stone bridge spans over the Adgmukh River near Adri."}},{"type":"Feature","geometry":{"type":"Point","coordinates":[-10.1172,-7.8862]},"properties":{"id":"marker22","type":"inns","icon":"🍻","x":826,"y":738.44,"name":"The Great Camel","legend":"A big and famous roadside tavern. Delicious steamed camel with dark wine is served here."}},{"type":"Feature","geometry":{"type":"Point","coordinates":[11.662,41.524]},"properties":{"id":"marker23","type":"inns","icon":"🍻","x":1105.85,"y":103.74,"name":"The Orange Beaver","legend":"A big and famous roadside tavern. Delicious dressed pudding with smoky absinthe is served here."}},{"type":"Feature","geometry":{"type":"Point","coordinates":[54.2653,4.8373]},"properties":{"id":"marker24","type":"inns","icon":"🍻","x":1653.28,"y":575,"name":"The Loud Tavern","legend":"A big and famous roadside tavern. Delicious pickled garlic with smoky beer is served here."}},{"type":"Feature","geometry":{"type":"Point","coordinates":[17.5953,14.5419]},"properties":{"id":"marker25","type":"inns","icon":"🍻","x":1182.09,"y":450.34,"name":"The Huge Tavern","legend":"A big and famous roadside tavern. Delicious marinated mango with green tequila is served here."}},{"type":"Feature","geometry":{"type":"Point","coordinates":[-53.0178,43.436]},"properties":{"id":"marker26","type":"inns","icon":"🍻","x":274.75,"y":79.18,"name":"The Good Tavern","legend":"A big and famous roadside tavern. Delicious roasted melon with sweet spirits is served here."}},{"type":"Feature","geometry":{"type":"Point","coordinates":[49.2441,-19.7502]},"properties":{"id":"marker27","type":"inns","icon":"🍻","x":1588.76,"y":890.84,"name":"The Loud Lark","legend":"A big and famous roadside inn. Delicious pickled potato with bitter whisky is served here."}},{"type":"Feature","geometry":{"type":"Point","coordinates":[-50.6224,-23.1561]},"properties":{"id":"marker28","type":"inns","icon":"🍻","x":305.53,"y":934.59,"name":"The Great Tavern","legend":"A big and famous roadside tavern. Delicious cured potato with amber absinthe is served here."}},{"type":"Feature","geometry":{"type":"Point","coordinates":[64.7194,7.5457]},"properties":{"id":"marker29","type":"inns","icon":"🍻","x":1787.61,"y":540.21,"name":"The Golden Tavern","legend":"A big and famous roadside tavern. Delicious marinated mango with yellow wine is served here."}},{"type":"Feature","geometry":{"type":"Point","coordinates":[-52.8108,38.4631]},"properties":{"id":"marker30","type":"inns","icon":"🍻","x":277.41,"y":143.06,"name":"The Bright Crocodile","legend":"A big and famous roadside tavern. Delicious dressed crocodile with smelly cider is served here."}},{"type":"Feature","geometry":{"type":"Point","coordinates":[17.7797,-4.4764]},"properties":{"id":"marker31","type":"inns","icon":"🍻","x":1184.46,"y":694.64,"name":"The Honest Sheep","legend":"A big and famous roadside tavern. Delicious dry-aged pears with salty beer is served here."}},{"type":"Feature","geometry":{"type":"Point","coordinates":[19.4856,-6.3915]},"properties":{"id":"marker32","type":"inns","icon":"🍻","x":1206.38,"y":719.24,"name":"The Distant Crow","legend":"A big and famous roadside tavern. Delicious stuffed chevon with salty vodka is served here."}},{"type":"Feature","geometry":{"type":"Point","coordinates":[40.2896,25.903]},"properties":{"id":"marker33","type":"inns","icon":"🍻","x":1473.7,"y":304.4,"name":"The Friendly Jackal","legend":"A big and famous roadside tavern. Delicious smoked apples with salty liquor is served here."}},{"type":"Feature","geometry":{"type":"Point","coordinates":[2.2989,39.7328]},"properties":{"id":"marker34","type":"inns","icon":"🍻","x":985.54,"y":126.75,"name":"The Amber Goat","legend":"A big and famous roadside tavern. Delicious grilled carrot with golden cider is served here."}},{"type":"Feature","geometry":{"type":"Point","coordinates":[-23.7123,29.5105]},"properties":{"id":"marker35","type":"inns","icon":"🍻","x":651.31,"y":258.06,"name":"The Orange Badger","legend":"A big and famous roadside tavern. Delicious marinated eggplant with pink water is served here."}},{"type":"Feature","geometry":{"type":"Point","coordinates":[8.8471,3.1862]},"properties":{"id":"marker36","type":"inns","icon":"🍻","x":1069.68,"y":596.21,"name":"The Flying Crocodile","legend":"A big and famous roadside tavern. Delicious dry-aged cabbage with salty milk is served here."}},{"type":"Feature","geometry":{"type":"Point","coordinates":[-46.5747,-13.5177]},"properties":{"id":"marker37","type":"inns","icon":"🍻","x":357.54,"y":810.78,"name":"The Hungry Moose","legend":"A big and famous roadside tavern. Delicious roasted beans with bitter brandy is served here."}},{"type":"Feature","geometry":{"type":"Point","coordinates":[-38.3899,-4.6492]},"properties":{"id":"marker38","type":"inns","icon":"🍻","x":462.71,"y":696.86,"name":"The Far Tavern","legend":"A big and famous roadside tavern. Delicious roasted mango with bright cider is served here."}},{"type":"Feature","geometry":{"type":"Point","coordinates":[4.2368,37.4534]},"properties":{"id":"marker39","type":"inns","icon":"🍻","x":1010.44,"y":156.03,"name":"The Lucky Antelope","legend":"A big and famous roadside tavern. Delicious cured antelope with dark juice is served here."}},{"type":"Feature","geometry":{"type":"Point","coordinates":[-17.4972,35.2892]},"properties":{"id":"marker40","type":"inns","icon":"🍻","x":731.17,"y":183.83,"name":"The Blue Hawk","legend":"A big and famous roadside tavern. Delicious deep-fried onions with orange wine is served here."}},{"type":"Feature","geometry":{"type":"Point","coordinates":[61.952,4.4606]},"properties":{"id":"marker41","type":"inns","icon":"🍻","x":1752.05,"y":579.84,"name":"The Fair Inn","legend":"A big and famous roadside inn. Delicious deep-fried pumpkin with cold milk is served here."}},{"type":"Feature","geometry":{"type":"Point","coordinates":[-26.9046,18.2443]},"properties":{"id":"marker42","type":"lighthouses","icon":"🚨","x":610.29,"y":402.78,"name":"Kinzanese Lighthouse","legend":"A lighthouse to serve as a beacon for ships in the open sea."}},{"type":"Feature","geometry":{"type":"Point","coordinates":[8.3817,2.6335]},"properties":{"id":"marker43","type":"lighthouses","icon":"🚨","x":1063.7,"y":603.31,"name":"Krapjiph Lighthouse","legend":"A lighthouse to serve as a beacon for ships in the open sea."}},{"type":"Feature","geometry":{"type":"Point","coordinates":[35.533,23.9934]},"properties":{"id":"marker44","type":"lighthouses","icon":"🚨","x":1412.58,"y":328.93,"name":"Allarmomanian Lighthouse","legend":"A lighthouse to serve as a beacon for ships in the open sea."}},{"type":"Feature","geometry":{"type":"Point","coordinates":[-13.0457,38.1026]},"properties":{"id":"marker45","type":"lighthouses","icon":"🚨","x":788.37,"y":147.69,"name":"Bonnevorailese Lighthouse","legend":"A lighthouse to serve as a beacon for ships in the open sea."}},{"type":"Feature","geometry":{"type":"Point","coordinates":[22.5792,0.9473]},"properties":{"id":"marker46","type":"lighthouses","icon":"🚨","x":1246.13,"y":624.97,"name":"Gunbunar Lighthouse","legend":"A lighthouse to serve as a beacon for ships in the open sea."}},{"type":"Feature","geometry":{"type":"Point","coordinates":[-62.5536,-1.9884]},"properties":{"id":"marker47","type":"lighthouses","icon":"🚨","x":152.22,"y":662.68,"name":"Mucruz Lighthouse","legend":"A lighthouse to serve as a beacon for ships in the open sea."}},{"type":"Feature","geometry":{"type":"Point","coordinates":[-14.2115,39.6284]},"properties":{"id":"marker48","type":"lighthouses","icon":"🚨","x":773.39,"y":128.09,"name":"Boismonts Lighthouse","legend":"A lighthouse to serve as a beacon for ships in the open sea."}},{"type":"Feature","geometry":{"type":"Point","coordinates":[56.5782,-7.2369]},"properties":{"id":"marker49","type":"lighthouses","icon":"🚨","x":1683,"y":730.1,"name":"Stiagseean Lighthouse","legend":"A lighthouse to serve as a beacon for ships in the open sea."}},{"type":"Feature","geometry":{"type":"Point","coordinates":[25.1022,33.5625]},"properties":{"id":"marker50","type":"lighthouses","icon":"🚨","x":1278.55,"y":206.01,"name":"Bretonese Lighthouse","legend":"A lighthouse to serve as a beacon for ships in the open sea."}},{"type":"Feature","geometry":{"type":"Point","coordinates":[12.5927,30.8456]},"properties":{"id":"marker51","type":"lighthouses","icon":"🚨","x":1117.81,"y":240.91,"name":"Lymalas Lighthouse","legend":"A lighthouse to serve as a beacon for ships in the open sea."}},{"type":"Feature","geometry":{"type":"Point","coordinates":[47.7491,34.443]},"properties":{"id":"marker52","type":"lighthouses","icon":"🚨","x":1569.55,"y":194.7,"name":"Bridbumedonese Lighthouse","legend":"A lighthouse to serve as a beacon for ships in the open sea."}},{"type":"Feature","geometry":{"type":"Point","coordinates":[-1.3534,26.2386]},"properties":{"id":"marker53","type":"lighthouses","icon":"🚨","x":938.61,"y":300.09,"name":"Gonleanese Lighthouse","legend":"A lighthouse to serve as a beacon for ships in the open sea."}},{"type":"Feature","geometry":{"type":"Point","coordinates":[-6.9419,8.9859]},"properties":{"id":"marker54","type":"lighthouses","icon":"🚨","x":866.8,"y":521.71,"name":"Undizahan Lighthouse","legend":"A lighthouse to serve as a beacon for ships in the open sea."}},{"type":"Feature","geometry":{"type":"Point","coordinates":[-14.5905,5.6625]},"properties":{"id":"marker55","type":"lighthouses","icon":"🚨","x":768.52,"y":564.4,"name":"Zamunz Lighthouse","legend":"A lighthouse to serve as a beacon for ships in the open sea."}},{"type":"Feature","geometry":{"type":"Point","coordinates":[44.31,2.3859]},"properties":{"id":"marker56","type":"battlefields","icon":"⚔️","x":1525.36,"y":606.49,"name":"Givzie Battlefield","legend":"A historical battle of the Elzesish War. \r\nDate: November 3, 1848 Great War."}},{"type":"Feature","geometry":{"type":"Point","coordinates":[-38.8335,6.5095]},"properties":{"id":"marker57","type":"battlefields","icon":"⚔️","x":457.01,"y":553.52,"name":"Brur Battlefield","legend":"A historical battle of the Bhakh War. \r\nDate: October 23, 1919 Great War."}},{"type":"Feature","geometry":{"type":"Point","coordinates":[20.2226,14.4212]},"properties":{"id":"marker58","type":"battlefields","icon":"⚔️","x":1215.85,"y":451.89,"name":"Bundushel Battlefield","legend":"A historical battle of the Srus Intervention. \r\nDate: September 6, 1923 Great War."}},{"type":"Feature","geometry":{"type":"Point","coordinates":[-52.5765,40.8795]},"properties":{"id":"marker59","type":"battlefields","icon":"⚔️","x":280.42,"y":112.02,"name":"Wigin Battlefield","legend":"A historical battle of the Crafish War. \r\nDate: September 14, 1756 Great War."}},{"type":"Feature","geometry":{"type":"Point","coordinates":[-31.0534,18.5877]},"properties":{"id":"marker60","type":"battlefields","icon":"⚔️","x":556.98,"y":398.37,"name":"Akzah Battlefield","legend":"A historical battle of the Sholish War. \r\nDate: September 21, 1820 Great War."}},{"type":"Feature","geometry":{"type":"Point","coordinates":[34.2536,1.0866]},"properties":{"id":"marker61","type":"battlefields","icon":"⚔️","x":1396.14,"y":623.18,"name":"Toranerad Battlefield","legend":"A historical battle of the Elzesh-Joimian War. \r\nDate: January 28, 1616 Great War."}},{"type":"Feature","geometry":{"type":"Point","coordinates":[-6.703,-2.6952]},"properties":{"id":"marker62","type":"battlefields","icon":"⚔️","x":869.87,"y":671.76,"name":"Srar'thur Battlefield","legend":"A historical battle of the Ris Campaign. \r\nDate: September 4, 1801 Great War."}},{"type":"Feature","geometry":{"type":"Point","coordinates":[-22.72,17.4651]},"properties":{"id":"marker63","type":"battlefields","icon":"⚔️","x":664.06,"y":412.79,"name":"Zazir Battlefield","legend":"A historical battle of the Naled Rebellion. \r\nDate: December 24, 1787 Great War."}},{"type":"Feature","geometry":{"type":"Point","coordinates":[28.4603,30.1676]},"properties":{"id":"marker64","type":"battlefields","icon":"⚔️","x":1321.7,"y":249.62,"name":"Lindukkhaz Battlefield","legend":"A historical battle of the Nashan Expedition. \r\nDate: March 23, 1449 Great War."}},{"type":"Feature","geometry":{"type":"Point","coordinates":[-16.6412,26.5453]},"properties":{"id":"marker65","type":"battlefields","icon":"⚔️","x":742.17,"y":296.15,"name":"Nasadilel Battlefield","legend":"A historical battle of the Szith Rebellion. \r\nDate: May 6, 1684 Great War."}},{"type":"Feature","geometry":{"type":"Point","coordinates":[-14.1228,10.6246]},"properties":{"id":"marker66","type":"battlefields","icon":"⚔️","x":774.53,"y":500.66,"name":"Shuzur Battlefield","legend":"A historical battle of the Kinduzur Invasion. \r\nDate: November 25, 1721 Great War."}},{"type":"Feature","geometry":{"type":"Point","coordinates":[-52.4146,-8.6008]},"properties":{"id":"marker67","type":"battlefields","icon":"⚔️","x":282.5,"y":747.62,"name":"Gurgol Battlefield","legend":"A historical battle of the Druran War. \r\nDate: August 15, 1919 Great War."}},{"type":"Feature","geometry":{"type":"Point","coordinates":[51.0589,-15.5433]},"properties":{"id":"marker68","type":"battlefields","icon":"⚔️","x":1612.08,"y":836.8,"name":"Mavasis Battlefield","legend":"A historical battle of the Zarharmerdian Campaign. \r\nDate: February 13, 1820 Great War."}},{"type":"Feature","geometry":{"type":"Point","coordinates":[43.7598,4.877]},"properties":{"id":"marker69","type":"battlefields","icon":"⚔️","x":1518.29,"y":574.49,"name":"Dobgarm Battlefield","legend":"A historical battle of the Elzesh-Joimian War. \r\nDate: November 6, 1796 Great War."}},{"type":"Feature","geometry":{"type":"Point","coordinates":[46.0292,7.246]},"properties":{"id":"marker70","type":"battlefields","icon":"⚔️","x":1547.45,"y":544.06,"name":"Driordeek Battlefield","legend":"A historical battle of the Gnokan Campaign. \r\nDate: May 5, 1867 Great War."}},{"type":"Feature","geometry":{"type":"Point","coordinates":[-40.2896,10.0142]},"properties":{"id":"marker71","type":"battlefields","icon":"⚔️","x":438.3,"y":508.5,"name":"Zulbrez Battlefield","legend":"A historical battle of the Soburish Expedition. \r\nDate: March 22, 1831 Great War."}},{"type":"Feature","geometry":{"type":"Point","coordinates":[-1.9596,-0.5887]},"properties":{"id":"marker72","type":"battlefields","icon":"⚔️","x":930.82,"y":644.7,"name":"Migeguss Battlefield","legend":"A historical battle of the Graj'ar't War. \r\nDate: July 24, 1815 Great War."}},{"type":"Feature","geometry":{"type":"Point","coordinates":[-13.1912,27.0918]},"properties":{"id":"marker73","type":"battlefields","icon":"⚔️","x":786.5,"y":289.13,"name":"Wlazin Battlefield","legend":"A historical battle of the Boignian Campaign. \r\nDate: April 16, 1923 Great War."}},{"type":"Feature","geometry":{"type":"Point","coordinates":[-41.6391,45.7668]},"properties":{"id":"marker74","type":"battlefields","icon":"⚔️","x":420.96,"y":49.24,"name":"Dunmouthing Battlefield","legend":"A historical battle of the Soburan Campaign. \r\nDate: January 11, 1918 Great War."}},{"type":"Feature","geometry":{"type":"Point","coordinates":[-44.0532,7.6298]},"properties":{"id":"marker75","type":"battlefields","icon":"⚔️","x":389.94,"y":539.13,"name":"Kalbrugh Battlefield","legend":"A historical battle of the Soburish Expedition. \r\nDate: February 25, 1828 Great War."}},{"type":"Feature","geometry":{"type":"Point","coordinates":[-67.739,27.5682]},"properties":{"id":"marker76","type":"battlefields","icon":"⚔️","x":85.59,"y":283.01,"name":"Dunsham Battlefield","legend":"A historical battle of the Sobury-Craflandian War. \r\nDate: November 11, 1262 Great War."}},{"type":"Feature","geometry":{"type":"Point","coordinates":[-60.6197,34.6469]},"properties":{"id":"marker77","type":"battlefields","icon":"⚔️","x":177.07,"y":192.08,"name":"Swaralewes Battlefield","legend":"A historical battle of the Crafish War. \r\nDate: May 6, 1789 Great War."}},{"type":"Feature","geometry":{"type":"Point","coordinates":[-44.9816,-8.6763]},"properties":{"id":"marker78","type":"battlefields","icon":"⚔️","x":378.01,"y":748.59,"name":"Dodrodh Battlefield","legend":"A historical battle of the Dhalgan Conflict. \r\nDate: November 4, 1672 Great War."}},{"type":"Feature","geometry":{"type":"Point","coordinates":[-35.4598,11.9963]},"properties":{"id":"marker79","type":"battlefields","icon":"⚔️","x":500.36,"y":483.04,"name":"Garukth Battlefield","legend":"A historical battle of the Naled Rebellion. \r\nDate: May 20, 1786 Great War."}},{"type":"Feature","geometry":{"type":"Point","coordinates":[-28.5327,-2.9187]},"properties":{"id":"marker80","type":"battlefields","icon":"⚔️","x":589.37,"y":674.63,"name":"Bulbrul Battlefield","legend":"A historical battle of the Nazirukt Campaign. \r\nDate: February 4, 1873 Great War."}},{"type":"Feature","geometry":{"type":"Point","coordinates":[-60.3823,26.6535]},"properties":{"id":"marker81","type":"battlefields","icon":"⚔️","x":180.12,"y":294.76,"name":"Birpormouth Battlefield","legend":"A historical battle of the Solidish Conquest. \r\nDate: December 7, 1756 Great War."}},{"type":"Feature","geometry":{"type":"Point","coordinates":[-30.062,13.2154]},"properties":{"id":"marker82","type":"battlefields","icon":"⚔️","x":569.72,"y":467.38,"name":"Nabuled Battlefield","legend":"A historical battle of the Kudan War. \r\nDate: July 25, 1812 Great War."}},{"type":"Feature","geometry":{"type":"Point","coordinates":[-59.7838,24.543]},"properties":{"id":"marker83","type":"battlefields","icon":"⚔️","x":187.81,"y":321.87,"name":"Craftham Battlefield","legend":"A historical battle of the Solidish Conquest. \r\nDate: March 28, 1755 Great War."}},{"type":"Feature","geometry":{"type":"Point","coordinates":[-23.0391,-6.8196]},"properties":{"id":"marker84","type":"battlefields","icon":"⚔️","x":659.96,"y":724.74,"name":"Gugh-Ner Battlefield","legend":"A historical battle of the Leg Rebellion. \r\nDate: December 2, 1824 Great War."}},{"type":"Feature","geometry":{"type":"Point","coordinates":[-58.7098,9.9994]},"properties":{"id":"marker85","type":"battlefields","icon":"⚔️","x":201.61,"y":508.69,"name":"Brol Battlefield","legend":"A historical battle of the Ugul Campaign. \r\nDate: November 25, 1922 Great War."}},{"type":"Feature","geometry":{"type":"Point","coordinates":[-55.5681,35.1576]},"properties":{"id":"marker86","type":"battlefields","icon":"⚔️","x":241.98,"y":185.52,"name":"Boston Battlefield","legend":"A historical battle of the Sidburan Rebellion. \r\nDate: April 10, 1873 Great War."}},{"type":"Feature","geometry":{"type":"Point","coordinates":[-55.8833,36.9528]},"properties":{"id":"marker87","type":"battlefields","icon":"⚔️","x":237.93,"y":162.46,"name":"Hornwich Battlefield","legend":"A historical battle of the Kud Invasion. \r\nDate: February 24, 1761 Great War."}},{"type":"Feature","geometry":{"type":"Point","coordinates":[55.4895,-14.6659]},"properties":{"id":"marker88","type":"battlefields","icon":"⚔️","x":1669.01,"y":825.53,"name":"Suirx Battlefield","legend":"A historical battle of the Slehzit Campaign. \r\nDate: March 13, 1893 Great War."}},{"type":"Feature","geometry":{"type":"Point","coordinates":[-38.2304,33.5859]},"properties":{"id":"marker89","type":"dungeons","icon":"🗝️","x":464.76,"y":205.71,"name":"Dungeon","legend":"<div>Undiscovered dungeon. See <a href=\"https://watabou.github.io/one-page-dungeon/?seed=65589507011178\" target=\"_blank\">One page dungeon</a></div><iframe style=\"pointer-events: none;\" src=\"https://watabou.github.io/one-page-dungeon/?seed=65589507011178\" sandbox=\"allow-scripts allow-same-origin\"></iframe>"}},{"type":"Feature","geometry":{"type":"Point","coordinates":[-34.9913,14.7599]},"properties":{"id":"marker90","type":"dungeons","icon":"🗝️","x":506.38,"y":447.54,"name":"Dungeon","legend":"<div>Undiscovered dungeon. See <a href=\"https://watabou.github.io/one-page-dungeon/?seed=65589507032722\" target=\"_blank\">One page dungeon</a></div><iframe style=\"pointer-events: none;\" src=\"https://watabou.github.io/one-page-dungeon/?seed=65589507032722\" sandbox=\"allow-scripts allow-same-origin\"></iframe>"}},{"type":"Feature","geometry":{"type":"Point","coordinates":[31.6566,3.8899]},"properties":{"id":"marker91","type":"dungeons","icon":"🗝️","x":1362.77,"y":587.17,"name":"Dungeon","legend":"<div>Undiscovered dungeon. See <a href=\"https://watabou.github.io/one-page-dungeon/?seed=65589507045528\" target=\"_blank\">One page dungeon</a></div><iframe style=\"pointer-events: none;\" src=\"https://watabou.github.io/one-page-dungeon/?seed=65589507045528\" sandbox=\"allow-scripts allow-same-origin\"></iframe>"}},{"type":"Feature","geometry":{"type":"Point","coordinates":[36.9183,11.6701]},"properties":{"id":"marker92","type":"dungeons","icon":"🗝️","x":1430.38,"y":487.23,"name":"Dungeon","legend":"<div>Undiscovered dungeon. See <a href=\"https://watabou.github.io/one-page-dungeon/?seed=65589507036615\" target=\"_blank\">One page dungeon</a></div><iframe style=\"pointer-events: none;\" src=\"https://watabou.github.io/one-page-dungeon/?seed=65589507036615\" sandbox=\"allow-scripts allow-same-origin\"></iframe>"}},{"type":"Feature","geometry":{"type":"Point","coordinates":[-6.8088,40.7199]},"properties":{"id":"marker93","type":"dungeons","icon":"🗝️","x":868.51,"y":114.07,"name":"Dungeon","legend":"<div>Undiscovered dungeon. See <a href=\"https://watabou.github.io/one-page-dungeon/?seed=6558950704914\" target=\"_blank\">One page dungeon</a></div><iframe style=\"pointer-events: none;\" src=\"https://watabou.github.io/one-page-dungeon/?seed=6558950704914\" sandbox=\"allow-scripts allow-same-origin\"></iframe>"}},{"type":"Feature","geometry":{"type":"Point","coordinates":[-52.9859,22.2917]},"properties":{"id":"marker94","type":"dungeons","icon":"🗝️","x":275.16,"y":350.79,"name":"Dungeon","legend":"<div>Undiscovered dungeon. See <a href=\"https://watabou.github.io/one-page-dungeon/?seed=65589507023258\" target=\"_blank\">One page dungeon</a></div><iframe style=\"pointer-events: none;\" src=\"https://watabou.github.io/one-page-dungeon/?seed=65589507023258\" sandbox=\"allow-scripts allow-same-origin\"></iframe>"}},{"type":"Feature","geometry":{"type":"Point","coordinates":[46.4875,0.0224]},"properties":{"id":"marker95","type":"dungeons","icon":"🗝️","x":1553.34,"y":636.85,"name":"Dungeon","legend":"<div>Undiscovered dungeon. See <a href=\"https://watabou.github.io/one-page-dungeon/?seed=65589507050102\" target=\"_blank\">One page dungeon</a></div><iframe style=\"pointer-events: none;\" src=\"https://watabou.github.io/one-page-dungeon/?seed=65589507050102\" sandbox=\"allow-scripts allow-same-origin\"></iframe>"}},{"type":"Feature","geometry":{"type":"Point","coordinates":[-14.4325,-2.5964]},"properties":{"id":"marker96","type":"dungeons","icon":"🗝️","x":770.55,"y":670.49,"name":"Dungeon","legend":"<div>Undiscovered dungeon. See <a href=\"https://watabou.github.io/one-page-dungeon/?seed=65589507052960\" target=\"_blank\">One page dungeon</a></div><iframe style=\"pointer-events: none;\" src=\"https://watabou.github.io/one-page-dungeon/?seed=65589507052960\" sandbox=\"allow-scripts allow-same-origin\"></iframe>"}},{"type":"Feature","geometry":{"type":"Point","coordinates":[-56.572,-0.3279]},"properties":{"id":"marker97","type":"dungeons","icon":"🗝️","x":229.08,"y":641.35,"name":"Dungeon","legend":"<div>Undiscovered dungeon. See <a href=\"https://watabou.github.io/one-page-dungeon/?seed=65589507050179\" target=\"_blank\">One page dungeon</a></div><iframe style=\"pointer-events: none;\" src=\"https://watabou.github.io/one-page-dungeon/?seed=65589507050179\" sandbox=\"allow-scripts allow-same-origin\"></iframe>"}},{"type":"Feature","geometry":{"type":"Point","coordinates":[-60.5411,27.323]},"properties":{"id":"marker98","type":"dungeons","icon":"🗝️","x":178.08,"y":286.16,"name":"Dungeon","legend":"<div>Undiscovered dungeon. See <a href=\"https://watabou.github.io/one-page-dungeon/?seed=65589507017878\" target=\"_blank\">One page dungeon</a></div><iframe style=\"pointer-events: none;\" src=\"https://watabou.github.io/one-page-dungeon/?seed=65589507017878\" sandbox=\"allow-scripts allow-same-origin\"></iframe>"}},{"type":"Feature","geometry":{"type":"Point","coordinates":[25.0228,16.7076]},"properties":{"id":"marker99","type":"dungeons","icon":"🗝️","x":1277.53,"y":422.52,"name":"Dungeon","legend":"<div>Undiscovered dungeon. See <a href=\"https://watabou.github.io/one-page-dungeon/?seed=65589507030477\" target=\"_blank\">One page dungeon</a></div><iframe style=\"pointer-events: none;\" src=\"https://watabou.github.io/one-page-dungeon/?seed=65589507030477\" sandbox=\"allow-scripts allow-same-origin\"></iframe>"}},{"type":"Feature","geometry":{"type":"Point","coordinates":[-56.1058,16.5761]},"properties":{"id":"marker100","type":"dungeons","icon":"🗝️","x":235.07,"y":424.21,"name":"Dungeon","legend":"<div>Undiscovered dungeon. See <a href=\"https://watabou.github.io/one-page-dungeon/?seed=65589507030272\" target=\"_blank\">One page dungeon</a></div><iframe style=\"pointer-events: none;\" src=\"https://watabou.github.io/one-page-dungeon/?seed=65589507030272\" sandbox=\"allow-scripts allow-same-origin\"></iframe>"}},{"type":"Feature","geometry":{"type":"Point","coordinates":[-43.2143,22.6505]},"properties":{"id":"marker101","type":"dungeons","icon":"🗝️","x":400.72,"y":346.18,"name":"Dungeon","legend":"<div>Undiscovered dungeon. See <a href=\"https://watabou.github.io/one-page-dungeon/?seed=65589507022886\" target=\"_blank\">One page dungeon</a></div><iframe style=\"pointer-events: none;\" src=\"https://watabou.github.io/one-page-dungeon/?seed=65589507022886\" sandbox=\"allow-scripts allow-same-origin\"></iframe>"}},{"type":"Feature","geometry":{"type":"Point","coordinates":[-41.3247,-21.9969]},"properties":{"id":"marker102","type":"dungeons","icon":"🗝️","x":425,"y":919.7,"name":"Dungeon","legend":"<div>Undiscovered dungeon. See <a href=\"https://watabou.github.io/one-page-dungeon/?seed=65589507068408\" target=\"_blank\">One page dungeon</a></div><iframe style=\"pointer-events: none;\" src=\"https://watabou.github.io/one-page-dungeon/?seed=65589507068408\" sandbox=\"allow-scripts allow-same-origin\"></iframe>"}},{"type":"Feature","geometry":{"type":"Point","coordinates":[-43.4423,2.8024]},"properties":{"id":"marker103","type":"dungeons","icon":"🗝️","x":397.79,"y":601.14,"name":"Dungeon","legend":"<div>Undiscovered dungeon. See <a href=\"https://watabou.github.io/one-page-dungeon/?seed=65589507046855\" target=\"_blank\">One page dungeon</a></div><iframe style=\"pointer-events: none;\" src=\"https://watabou.github.io/one-page-dungeon/?seed=65589507046855\" sandbox=\"allow-scripts allow-same-origin\"></iframe>"}},{"type":"Feature","geometry":{"type":"Point","coordinates":[24.2718,12.8666]},"properties":{"id":"marker104","type":"dungeons","icon":"🗝️","x":1267.88,"y":471.86,"name":"Dungeon","legend":"<div>Undiscovered dungeon. See <a href=\"https://watabou.github.io/one-page-dungeon/?seed=65589507034997\" target=\"_blank\">One page dungeon</a></div><iframe style=\"pointer-events: none;\" src=\"https://watabou.github.io/one-page-dungeon/?seed=65589507034997\" sandbox=\"allow-scripts allow-same-origin\"></iframe>"}},{"type":"Feature","geometry":{"type":"Point","coordinates":[34.9252,7.541]},"properties":{"id":"marker105","type":"dungeons","icon":"🗝️","x":1404.77,"y":540.27,"name":"Dungeon","legend":"<div>Undiscovered dungeon. See <a href=\"https://watabou.github.io/one-page-dungeon/?seed=65589507041223\" target=\"_blank\">One page dungeon</a></div><iframe style=\"pointer-events: none;\" src=\"https://watabou.github.io/one-page-dungeon/?seed=65589507041223\" sandbox=\"allow-scripts allow-same-origin\"></iframe>"}},{"type":"Feature","geometry":{"type":"Point","coordinates":[-51.4551,27.734]},"properties":{"id":"marker106","type":"dungeons","icon":"🗝️","x":294.83,"y":280.88,"name":"Dungeon","legend":"<div>Undiscovered dungeon. See <a href=\"https://watabou.github.io/one-page-dungeon/?seed=65589507017150\" target=\"_blank\">One page dungeon</a></div><iframe style=\"pointer-events: none;\" src=\"https://watabou.github.io/one-page-dungeon/?seed=65589507017150\" sandbox=\"allow-scripts allow-same-origin\"></iframe>"}},{"type":"Feature","geometry":{"type":"Point","coordinates":[54.2046,21.1387]},"properties":{"id":"marker107","type":"dungeons","icon":"🗝️","x":1652.5,"y":365.6,"name":"Dungeon","legend":"<div>Undiscovered dungeon. See <a href=\"https://watabou.github.io/one-page-dungeon/?seed=65589507024789\" target=\"_blank\">One page dungeon</a></div><iframe style=\"pointer-events: none;\" src=\"https://watabou.github.io/one-page-dungeon/?seed=65589507024789\" sandbox=\"allow-scripts allow-same-origin\"></iframe>"}},{"type":"Feature","geometry":{"type":"Point","coordinates":[37.0809,-20.5046]},"properties":{"id":"marker108","type":"dungeons","icon":"🗝️","x":1432.47,"y":900.53,"name":"Dungeon","legend":"<div>Undiscovered dungeon. See <a href=\"https://watabou.github.io/one-page-dungeon/?seed=65589507067770\" target=\"_blank\">One page dungeon</a></div><iframe style=\"pointer-events: none;\" src=\"https://watabou.github.io/one-page-dungeon/?seed=65589507067770\" sandbox=\"allow-scripts allow-same-origin\"></iframe>"}},{"type":"Feature","geometry":{"type":"Point","coordinates":[-52.6995,13.7471]},"properties":{"id":"marker109","type":"dungeons","icon":"🗝️","x":278.84,"y":460.55,"name":"Dungeon","legend":"<div>Undiscovered dungeon. See <a href=\"https://watabou.github.io/one-page-dungeon/?seed=65589507033962\" target=\"_blank\">One page dungeon</a></div><iframe style=\"pointer-events: none;\" src=\"https://watabou.github.io/one-page-dungeon/?seed=65589507033962\" sandbox=\"allow-scripts allow-same-origin\"></iframe>"}},{"type":"Feature","geometry":{"type":"Point","coordinates":[-37.3245,16.0444]},"properties":{"id":"marker110","type":"dungeons","icon":"🗝️","x":476.4,"y":431.04,"name":"Dungeon","legend":"<div>Undiscovered dungeon. See <a href=\"https://watabou.github.io/one-page-dungeon/?seed=65589507031132\" target=\"_blank\">One page dungeon</a></div><iframe style=\"pointer-events: none;\" src=\"https://watabou.github.io/one-page-dungeon/?seed=65589507031132\" sandbox=\"allow-scripts allow-same-origin\"></iframe>"}},{"type":"Feature","geometry":{"type":"Point","coordinates":[-49.3289,21.2072]},"properties":{"id":"marker111","type":"dungeons","icon":"🗝️","x":322.15,"y":364.72,"name":"Dungeon","legend":"<div>Undiscovered dungeon. See <a href=\"https://watabou.github.io/one-page-dungeon/?seed=65589507024468\" target=\"_blank\">One page dungeon</a></div><iframe style=\"pointer-events: none;\" src=\"https://watabou.github.io/one-page-dungeon/?seed=65589507024468\" sandbox=\"allow-scripts allow-same-origin\"></iframe>"}},{"type":"Feature","geometry":{"type":"Point","coordinates":[-50.7803,16.8392]},"properties":{"id":"marker112","type":"dungeons","icon":"🗝️","x":303.5,"y":420.83,"name":"Dungeon","legend":"<div>Undiscovered dungeon. See <a href=\"https://watabou.github.io/one-page-dungeon/?seed=65589507029881\" target=\"_blank\">One page dungeon</a></div><iframe style=\"pointer-events: none;\" src=\"https://watabou.github.io/one-page-dungeon/?seed=65589507029881\" sandbox=\"allow-scripts allow-same-origin\"></iframe>"}},{"type":"Feature","geometry":{"type":"Point","coordinates":[-48.5701,31.8849]},"properties":{"id":"marker113","type":"dungeons","icon":"🗝️","x":331.9,"y":227.56,"name":"Dungeon","legend":"<div>Undiscovered dungeon. See <a href=\"https://watabou.github.io/one-page-dungeon/?seed=65589507012821\" target=\"_blank\">One page dungeon</a></div><iframe style=\"pointer-events: none;\" src=\"https://watabou.github.io/one-page-dungeon/?seed=65589507012821\" sandbox=\"allow-scripts allow-same-origin\"></iframe>"}},{"type":"Feature","geometry":{"type":"Point","coordinates":[-59.2056,6.0043]},"properties":{"id":"marker114","type":"dungeons","icon":"🗝️","x":195.24,"y":560.01,"name":"Dungeon","legend":"<div>Undiscovered dungeon. See <a href=\"https://watabou.github.io/one-page-dungeon/?seed=65589507042852\" target=\"_blank\">One page dungeon</a></div><iframe style=\"pointer-events: none;\" src=\"https://watabou.github.io/one-page-dungeon/?seed=65589507042852\" sandbox=\"allow-scripts allow-same-origin\"></iframe>"}},{"type":"Feature","geometry":{"type":"Point","coordinates":[-56.6623,-8.0045]},"properties":{"id":"marker115","type":"dungeons","icon":"🗝️","x":227.92,"y":739.96,"name":"Dungeon","legend":"<div>Undiscovered dungeon. See <a href=\"https://watabou.github.io/one-page-dungeon/?seed=65589507058714\" target=\"_blank\">One page dungeon</a></div><iframe style=\"pointer-events: none;\" src=\"https://watabou.github.io/one-page-dungeon/?seed=65589507058714\" sandbox=\"allow-scripts allow-same-origin\"></iframe>"}},{"type":"Feature","geometry":{"type":"Point","coordinates":[43.2111,41.9187]},"properties":{"id":"marker116","type":"dungeons","icon":"🗝️","x":1511.24,"y":98.67,"name":"Dungeon","legend":"<div>Undiscovered dungeon. See <a href=\"https://watabou.github.io/one-page-dungeon/?seed=6558950704267\" target=\"_blank\">One page dungeon</a></div><iframe style=\"pointer-events: none;\" src=\"https://watabou.github.io/one-page-dungeon/?seed=6558950704267\" sandbox=\"allow-scripts allow-same-origin\"></iframe>"}},{"type":"Feature","geometry":{"type":"Point","coordinates":[-38.1977,22.0441]},"properties":{"id":"marker117","type":"dungeons","icon":"🗝️","x":465.18,"y":353.97,"name":"Dungeon","legend":"<div>Undiscovered dungeon. See <a href=\"https://watabou.github.io/one-page-dungeon/?seed=65589507023695\" target=\"_blank\">One page dungeon</a></div><iframe style=\"pointer-events: none;\" src=\"https://watabou.github.io/one-page-dungeon/?seed=65589507023695\" sandbox=\"allow-scripts allow-same-origin\"></iframe>"}},{"type":"Feature","geometry":{"type":"Point","coordinates":[38.4483,-17.9472]},"properties":{"id":"marker118","type":"dungeons","icon":"🗝️","x":1450.04,"y":867.68,"name":"Dungeon","legend":"<div>Undiscovered dungeon. See <a href=\"https://watabou.github.io/one-page-dungeon/?seed=65589507066151\" target=\"_blank\">One page dungeon</a></div><iframe style=\"pointer-events: none;\" src=\"https://watabou.github.io/one-page-dungeon/?seed=65589507066151\" sandbox=\"allow-scripts allow-same-origin\"></iframe>"}},{"type":"Feature","geometry":{"type":"Point","coordinates":[18.4615,25.4741]},"properties":{"id":"marker119","type":"dungeons","icon":"🗝️","x":1193.22,"y":309.91,"name":"Dungeon","legend":"<div>Undiscovered dungeon. See <a href=\"https://watabou.github.io/one-page-dungeon/?seed=65589507019874\" target=\"_blank\">One page dungeon</a></div><iframe style=\"pointer-events: none;\" src=\"https://watabou.github.io/one-page-dungeon/?seed=65589507019874\" sandbox=\"allow-scripts allow-same-origin\"></iframe>"}},{"type":"Feature","geometry":{"type":"Point","coordinates":[36.2443,21.0368]},"properties":{"id":"marker120","type":"dungeons","icon":"🗝️","x":1421.72,"y":366.91,"name":"Dungeon","legend":"<div>Undiscovered dungeon. See <a href=\"https://watabou.github.io/one-page-dungeon/?seed=65589507025150\" target=\"_blank\">One page dungeon</a></div><iframe style=\"pointer-events: none;\" src=\"https://watabou.github.io/one-page-dungeon/?seed=65589507025150\" sandbox=\"allow-scripts allow-same-origin\"></iframe>"}},{"type":"Feature","geometry":{"type":"Point","coordinates":[38.4491,-6.9489]},"properties":{"id":"marker121","type":"dungeons","icon":"🗝️","x":1450.05,"y":726.4,"name":"Dungeon","legend":"<div>Undiscovered dungeon. See <a href=\"https://watabou.github.io/one-page-dungeon/?seed=65589507057917\" target=\"_blank\">One page dungeon</a></div><iframe style=\"pointer-events: none;\" src=\"https://watabou.github.io/one-page-dungeon/?seed=65589507057917\" sandbox=\"allow-scripts allow-same-origin\"></iframe>"}},{"type":"Feature","geometry":{"type":"Point","coordinates":[-59.5986,10.5296]},"properties":{"id":"marker122","type":"dungeons","icon":"🗝️","x":190.19,"y":501.88,"name":"Dungeon","legend":"<div>Undiscovered dungeon. See <a href=\"https://watabou.github.io/one-page-dungeon/?seed=65589507037537\" target=\"_blank\">One page dungeon</a></div><iframe style=\"pointer-events: none;\" src=\"https://watabou.github.io/one-page-dungeon/?seed=65589507037537\" sandbox=\"allow-scripts allow-same-origin\"></iframe>"}},{"type":"Feature","geometry":{"type":"Point","coordinates":[68.7585,13.1982]},"properties":{"id":"marker123","type":"dungeons","icon":"🗝️","x":1839.51,"y":467.6,"name":"Dungeon","legend":"<div>Undiscovered dungeon. See <a href=\"https://watabou.github.io/one-page-dungeon/?seed=65589507034728\" target=\"_blank\">One page dungeon</a></div><iframe style=\"pointer-events: none;\" src=\"https://watabou.github.io/one-page-dungeon/?seed=65589507034728\" sandbox=\"allow-scripts allow-same-origin\"></iframe>"}},{"type":"Feature","geometry":{"type":"Point","coordinates":[32.5103,13.1546]},"properties":{"id":"marker124","type":"dungeons","icon":"🗝️","x":1373.74,"y":468.16,"name":"Dungeon","legend":"<div>Undiscovered dungeon. See <a href=\"https://watabou.github.io/one-page-dungeon/?seed=65589507034628\" target=\"_blank\">One page dungeon</a></div><iframe style=\"pointer-events: none;\" src=\"https://watabou.github.io/one-page-dungeon/?seed=65589507034628\" sandbox=\"allow-scripts allow-same-origin\"></iframe>"}},{"type":"Feature","geometry":{"type":"Point","coordinates":[-47.2899,21.4595]},"properties":{"id":"marker125","type":"dungeons","icon":"🗝️","x":348.35,"y":361.48,"name":"Dungeon","legend":"<div>Undiscovered dungeon. See <a href=\"https://watabou.github.io/one-page-dungeon/?seed=65589507024067\" target=\"_blank\">One page dungeon</a></div><iframe style=\"pointer-events: none;\" src=\"https://watabou.github.io/one-page-dungeon/?seed=65589507024067\" sandbox=\"allow-scripts allow-same-origin\"></iframe>"}},{"type":"Feature","geometry":{"type":"Point","coordinates":[-62.3909,24.7486]},"properties":{"id":"marker126","type":"dungeons","icon":"🗝️","x":154.31,"y":319.23,"name":"Dungeon","legend":"<div>Undiscovered dungeon. See <a href=\"https://watabou.github.io/one-page-dungeon/?seed=65589507020341\" target=\"_blank\">One page dungeon</a></div><iframe style=\"pointer-events: none;\" src=\"https://watabou.github.io/one-page-dungeon/?seed=65589507020341\" sandbox=\"allow-scripts allow-same-origin\"></iframe>"}},{"type":"Feature","geometry":{"type":"Point","coordinates":[-45.7264,-5.2938]},"properties":{"id":"marker127","type":"dungeons","icon":"🗝️","x":368.44,"y":705.14,"name":"Dungeon","legend":"<div>Undiscovered dungeon. See <a href=\"https://watabou.github.io/one-page-dungeon/?seed=65589507055914\" target=\"_blank\">One page dungeon</a></div><iframe style=\"pointer-events: none;\" src=\"https://watabou.github.io/one-page-dungeon/?seed=65589507055914\" sandbox=\"allow-scripts allow-same-origin\"></iframe>"}},{"type":"Feature","geometry":{"type":"Point","coordinates":[-44.4633,18.892]},"properties":{"id":"marker128","type":"dungeons","icon":"🗝️","x":384.67,"y":394.46,"name":"Dungeon","legend":"<div>Undiscovered dungeon. See <a href=\"https://watabou.github.io/one-page-dungeon/?seed=65589507027383\" target=\"_blank\">One page dungeon</a></div><iframe style=\"pointer-events: none;\" src=\"https://watabou.github.io/one-page-dungeon/?seed=65589507027383\" sandbox=\"allow-scripts allow-same-origin\"></iframe>"}},{"type":"Feature","geometry":{"type":"Point","coordinates":[39.8484,5.0141]},"properties":{"id":"marker129","type":"dungeons","icon":"🗝️","x":1468.03,"y":572.73,"name":"Dungeon","legend":"<div>Undiscovered dungeon. See <a href=\"https://watabou.github.io/one-page-dungeon/?seed=65589507044380\" target=\"_blank\">One page dungeon</a></div><iframe style=\"pointer-events: none;\" src=\"https://watabou.github.io/one-page-dungeon/?seed=65589507044380\" sandbox=\"allow-scripts allow-same-origin\"></iframe>"}},{"type":"Feature","geometry":{"type":"Point","coordinates":[-34.7695,14.9529]},"properties":{"id":"marker130","type":"dungeons","icon":"🗝️","x":509.23,"y":445.06,"name":"Dungeon","legend":"<div>Undiscovered dungeon. See <a href=\"https://watabou.github.io/one-page-dungeon/?seed=65589507032321\" target=\"_blank\">One page dungeon</a></div><iframe style=\"pointer-events: none;\" src=\"https://watabou.github.io/one-page-dungeon/?seed=65589507032321\" sandbox=\"allow-scripts allow-same-origin\"></iframe>"}},{"type":"Feature","geometry":{"type":"Point","coordinates":[-49.4923,14.6929]},"properties":{"id":"marker131","type":"dungeons","icon":"🗝️","x":320.05,"y":448.4,"name":"Dungeon","legend":"<div>Undiscovered dungeon. See <a href=\"https://watabou.github.io/one-page-dungeon/?seed=65589507032679\" target=\"_blank\">One page dungeon</a></div><iframe style=\"pointer-events: none;\" src=\"https://watabou.github.io/one-page-dungeon/?seed=65589507032679\" sandbox=\"allow-scripts allow-same-origin\"></iframe>"}},{"type":"Feature","geometry":{"type":"Point","coordinates":[-52.9703,5.1339]},"properties":{"id":"marker132","type":"dungeons","icon":"🗝️","x":275.36,"y":571.19,"name":"Dungeon","legend":"<div>Undiscovered dungeon. See <a href=\"https://watabou.github.io/one-page-dungeon/?seed=65589507044105\" target=\"_blank\">One page dungeon</a></div><iframe style=\"pointer-events: none;\" src=\"https://watabou.github.io/one-page-dungeon/?seed=65589507044105\" sandbox=\"allow-scripts allow-same-origin\"></iframe>"}},{"type":"Feature","geometry":{"type":"Point","coordinates":[37.9136,-0.9935]},"properties":{"id":"marker133","type":"dungeons","icon":"🗝️","x":1443.17,"y":649.9,"name":"Dungeon","legend":"<div>Undiscovered dungeon. See <a href=\"https://watabou.github.io/one-page-dungeon/?seed=65589507051211\" target=\"_blank\">One page dungeon</a></div><iframe style=\"pointer-events: none;\" src=\"https://watabou.github.io/one-page-dungeon/?seed=65589507051211\" sandbox=\"allow-scripts allow-same-origin\"></iframe>"}},{"type":"Feature","geometry":{"type":"Point","coordinates":[-55.1953,16.0864]},"properties":{"id":"marker134","type":"dungeons","icon":"🗝️","x":246.77,"y":430.5,"name":"Dungeon","legend":"<div>Undiscovered dungeon. See <a href=\"https://watabou.github.io/one-page-dungeon/?seed=65589507031078\" target=\"_blank\">One page dungeon</a></div><iframe style=\"pointer-events: none;\" src=\"https://watabou.github.io/one-page-dungeon/?seed=65589507031078\" sandbox=\"allow-scripts allow-same-origin\"></iframe>"}},{"type":"Feature","geometry":{"type":"Point","coordinates":[-6.6034,41.6027]},"properties":{"id":"marker135","type":"dungeons","icon":"🗝️","x":871.15,"y":102.73,"name":"Dungeon","legend":"<div>Undiscovered dungeon. See <a href=\"https://watabou.github.io/one-page-dungeon/?seed=6558950704440\" target=\"_blank\">One page dungeon</a></div><iframe style=\"pointer-events: none;\" src=\"https://watabou.github.io/one-page-dungeon/?seed=6558950704440\" sandbox=\"allow-scripts allow-same-origin\"></iframe>"}},{"type":"Feature","geometry":{"type":"Point","coordinates":[-30.7717,-5.6114]},"properties":{"id":"marker136","type":"dungeons","icon":"🗝️","x":560.6,"y":709.22,"name":"Dungeon","legend":"<div>Undiscovered dungeon. See <a href=\"https://watabou.github.io/one-page-dungeon/?seed=65589507056326\" target=\"_blank\">One page dungeon</a></div><iframe style=\"pointer-events: none;\" src=\"https://watabou.github.io/one-page-dungeon/?seed=65589507056326\" sandbox=\"allow-scripts allow-same-origin\"></iframe>"}},{"type":"Feature","geometry":{"type":"Point","coordinates":[33.4917,-0.9405]},"properties":{"id":"marker137","type":"dungeons","icon":"🗝️","x":1386.35,"y":649.22,"name":"Dungeon","legend":"<div>Undiscovered dungeon. See <a href=\"https://watabou.github.io/one-page-dungeon/?seed=65589507051198\" target=\"_blank\">One page dungeon</a></div><iframe style=\"pointer-events: none;\" src=\"https://watabou.github.io/one-page-dungeon/?seed=65589507051198\" sandbox=\"allow-scripts allow-same-origin\"></iframe>"}},{"type":"Feature","geometry":{"type":"Point","coordinates":[-27.8144,15.617]},"properties":{"id":"marker138","type":"dungeons","icon":"🗝️","x":598.6,"y":436.53,"name":"Dungeon","legend":"<div>Undiscovered dungeon. See <a href=\"https://watabou.github.io/one-page-dungeon/?seed=65589507031561\" target=\"_blank\">One page dungeon</a></div><iframe style=\"pointer-events: none;\" src=\"https://watabou.github.io/one-page-dungeon/?seed=65589507031561\" sandbox=\"allow-scripts allow-same-origin\"></iframe>"}},{"type":"Feature","geometry":{"type":"Point","coordinates":[51.6878,-2.9669]},"properties":{"id":"marker139","type":"dungeons","icon":"🗝️","x":1620.16,"y":675.25,"name":"Dungeon","legend":"<div>Undiscovered dungeon. See <a href=\"https://watabou.github.io/one-page-dungeon/?seed=65589507053537\" target=\"_blank\">One page dungeon</a></div><iframe style=\"pointer-events: none;\" src=\"https://watabou.github.io/one-page-dungeon/?seed=65589507053537\" sandbox=\"allow-scripts allow-same-origin\"></iframe>"}},{"type":"Feature","geometry":{"type":"Point","coordinates":[-33.1952,16.0638]},"properties":{"id":"marker140","type":"dungeons","icon":"🗝️","x":529.46,"y":430.79,"name":"Dungeon","legend":"<div>Undiscovered dungeon. See <a href=\"https://watabou.github.io/one-page-dungeon/?seed=65589507031145\" target=\"_blank\">One page dungeon</a></div><iframe style=\"pointer-events: none;\" src=\"https://watabou.github.io/one-page-dungeon/?seed=65589507031145\" sandbox=\"allow-scripts allow-same-origin\"></iframe>"}},{"type":"Feature","geometry":{"type":"Point","coordinates":[51.9625,-10.0659]},"properties":{"id":"marker141","type":"dungeons","icon":"🗝️","x":1623.69,"y":766.44,"name":"Dungeon","legend":"<div>Undiscovered dungeon. See <a href=\"https://watabou.github.io/one-page-dungeon/?seed=65589507060760\" target=\"_blank\">One page dungeon</a></div><iframe style=\"pointer-events: none;\" src=\"https://watabou.github.io/one-page-dungeon/?seed=65589507060760\" sandbox=\"allow-scripts allow-same-origin\"></iframe>"}},{"type":"Feature","geometry":{"type":"Point","coordinates":[-66.5312,19.8356]},"properties":{"id":"marker142","type":"dungeons","icon":"🗝️","x":101.11,"y":382.34,"name":"Dungeon","legend":"<div>Undiscovered dungeon. See <a href=\"https://watabou.github.io/one-page-dungeon/?seed=65589507026075\" target=\"_blank\">One page dungeon</a></div><iframe style=\"pointer-events: none;\" src=\"https://watabou.github.io/one-page-dungeon/?seed=65589507026075\" sandbox=\"allow-scripts allow-same-origin\"></iframe>"}},{"type":"Feature","geometry":{"type":"Point","coordinates":[-36.2077,-0.4447]},"properties":{"id":"marker143","type":"dungeons","icon":"🗝️","x":490.75,"y":642.85,"name":"Dungeon","legend":"<div>Undiscovered dungeon. See <a href=\"https://watabou.github.io/one-page-dungeon/?seed=65589507050241\" target=\"_blank\">One page dungeon</a></div><iframe style=\"pointer-events: none;\" src=\"https://watabou.github.io/one-page-dungeon/?seed=65589507050241\" sandbox=\"allow-scripts allow-same-origin\"></iframe>"}},{"type":"Feature","geometry":{"type":"Point","coordinates":[28.3148,-8.175]},"properties":{"id":"marker144","type":"dungeons","icon":"🗝️","x":1319.83,"y":742.15,"name":"Dungeon","legend":"<div>Undiscovered dungeon. See <a href=\"https://watabou.github.io/one-page-dungeon/?seed=65589507059259\" target=\"_blank\">One page dungeon</a></div><iframe style=\"pointer-events: none;\" src=\"https://watabou.github.io/one-page-dungeon/?seed=65589507059259\" sandbox=\"allow-scripts allow-same-origin\"></iframe>"}},{"type":"Feature","geometry":{"type":"Point","coordinates":[29.3001,-10.0223]},"properties":{"id":"marker145","type":"dungeons","icon":"🗝️","x":1332.49,"y":765.88,"name":"Dungeon","legend":"<div>Undiscovered dungeon. See <a href=\"https://watabou.github.io/one-page-dungeon/?seed=65589507060691\" target=\"_blank\">One page dungeon</a></div><iframe style=\"pointer-events: none;\" src=\"https://watabou.github.io/one-page-dungeon/?seed=65589507060691\" sandbox=\"allow-scripts allow-same-origin\"></iframe>"}},{"type":"Feature","geometry":{"type":"Point","coordinates":[-14.1866,27.9824]},"properties":{"id":"marker146","type":"lake-monsters","icon":"🐉","x":773.71,"y":277.69,"name":"Orariondera Monster","legend":"Tipplers say a relic monster of 10 ft long inhabits Orariondera Lake. Truth or lie, folks are afraid to fish in the lake."}},{"type":"Feature","geometry":{"type":"Point","coordinates":[-43.3901,-16.5382]},"properties":{"id":"marker147","type":"lake-monsters","icon":"🐉","x":398.46,"y":849.58,"name":"Merkrukh Monster","legend":"Journeying folk say a relic monster of 5 ft long inhabits Merkrukh Lake. Truth or lie, folks are afraid to fish in the lake."}},{"type":"Feature","geometry":{"type":"Point","coordinates":[-72.6692,18.372]},"properties":{"id":"marker148","type":"lake-monsters","icon":"🐉","x":22.24,"y":401.14,"name":"Draxningmo Monster","legend":"Whispers say a relic monster of 12 ft long inhabits Draxningmo Lake. Truth or lie, folks are afraid to fish in the lake."}},{"type":"Feature","geometry":{"type":"Point","coordinates":[-41.3115,-21.0129]},"properties":{"id":"marker149","type":"lake-monsters","icon":"🐉","x":425.17,"y":907.06,"name":"Dhodh Monster","legend":"Locals say a relic monster of 5 ft long inhabits Dhodh Lake. Truth or lie, folks are afraid to fish in the lake."}},{"type":"Feature","geometry":{"type":"Point","coordinates":[-56.1121,35.4924]},"properties":{"id":"marker150","type":"lake-monsters","icon":"🐉","x":234.99,"y":181.22,"name":"Maclifton Monster","legend":"Rumors say a relic monster of 10 ft long inhabits Maclifton Lake. Truth or lie, folks are afraid to fish in the lake."}},{"type":"Feature","geometry":{"type":"Point","coordinates":[-2.9931,-2.6781]},"properties":{"id":"marker151","type":"lake-monsters","icon":"🐉","x":917.54,"y":671.54,"name":"Slallij'tes Monster","legend":"Inscriptions say a relic monster of 17 ft long inhabits Slallij'tes Lake. Truth or lie, folks are afraid to fish in the lake."}},{"type":"Feature","geometry":{"type":"Point","coordinates":[46.8167,10.4463]},"properties":{"id":"marker152","type":"lake-monsters","icon":"🐉","x":1557.57,"y":502.95,"name":"Nilsirt Monster","legend":"Inscriptions say a relic monster of 5 ft long inhabits Nilsirt Lake. Truth or lie, folks are afraid to fish in the lake."}},{"type":"Feature","geometry":{"type":"Point","coordinates":[64.3529,2.2528]},"properties":{"id":"marker153","type":"sea-monsters","icon":"🦑","x":1782.9,"y":608.2,"name":"Tuthema Monster","legend":"Old sailors tell stories of a gigantic sea monster inhabiting these dangerous waters. Rumors say it can be 36 ft long."}},{"type":"Feature","geometry":{"type":"Point","coordinates":[-63.7715,4.4138]},"properties":{"id":"marker154","type":"sea-monsters","icon":"🦑","x":136.57,"y":580.44,"name":"Altonzan Monster","legend":"Old sailors tell stories of a gigantic sea monster inhabiting these dangerous waters. Rumors say it can be 24 ft long."}},{"type":"Feature","geometry":{"type":"Point","coordinates":[-8.9576,16.0319]},"properties":{"id":"marker155","type":"sea-monsters","icon":"🦑","x":840.9,"y":431.2,"name":"Fidetown Monster","legend":"Old sailors tell stories of a gigantic sea monster inhabiting these dangerous waters. Rumors say it can be 12 ft long."}},{"type":"Feature","geometry":{"type":"Point","coordinates":[-32.7586,-9.8479]},"properties":{"id":"marker156","type":"sea-monsters","icon":"🦑","x":535.07,"y":763.64,"name":"Amersham Monster","legend":"Old sailors tell stories of a gigantic sea monster inhabiting these dangerous waters. Rumors say it can be 17 ft long."}},{"type":"Feature","geometry":{"type":"Point","coordinates":[6.2882,29.3906]},"properties":{"id":"marker157","type":"sea-monsters","icon":"🦑","x":1036.8,"y":259.6,"name":"Dartony Monster","legend":"Old sailors tell stories of a gigantic sea monster inhabiting these dangerous waters. Rumors say it can be 36 ft long."}},{"type":"Feature","geometry":{"type":"Point","coordinates":[-0.3852,-1.287]},"properties":{"id":"marker158","type":"sea-monsters","icon":"🦑","x":951.05,"y":653.67,"name":"Guild Monster","legend":"Old sailors tell stories of a gigantic sea monster inhabiting these dangerous waters. Rumors say it can be 28 ft long."}},{"type":"Feature","geometry":{"type":"Point","coordinates":[-67.8822,33.6505]},"properties":{"id":"marker159","type":"sea-monsters","icon":"🦑","x":83.75,"y":204.88,"name":"Bolewes Monster","legend":"Old sailors tell stories of a gigantic sea monster inhabiting these dangerous waters. Rumors say it can be 32 ft long."}},{"type":"Feature","geometry":{"type":"Point","coordinates":[-8.4751,43.7069]},"properties":{"id":"marker160","type":"sea-monsters","icon":"🦑","x":847.1,"y":75.7,"name":"Monbury Monster","legend":"Old sailors tell stories of a gigantic sea monster inhabiting these dangerous waters. Rumors say it can be 30 ft long."}},{"type":"Feature","geometry":{"type":"Point","coordinates":[-48.4931,14.2959]},"properties":{"id":"marker161","type":"hill-monsters","icon":"👹","x":332.89,"y":453.5,"name":"Bralgor Hag","legend":"Tales speak of a huge Hag who inhabits Bralgor hills and keeps the region at bay."}},{"type":"Feature","geometry":{"type":"Point","coordinates":[-30.8667,1.6643]},"properties":{"id":"marker162","type":"hill-monsters","icon":"👹","x":559.38,"y":615.76,"name":"Dod-Bhor Giant","legend":"Elders speak of a terrifying Giant who inhabits Dod-Bhor hills and prefers eating children."}},{"type":"Feature","geometry":{"type":"Point","coordinates":[-49.8021,10.1964]},"properties":{"id":"marker163","type":"hill-monsters","icon":"👹","x":316.07,"y":506.16,"name":"Zrald-Ug Banshee","legend":"Journeying folk speak of a huge Banshee who inhabits Zrald-Ug hills and doesn't mind human flesh."}},{"type":"Feature","geometry":{"type":"Point","coordinates":[32.9383,16.8625]},"properties":{"id":"marker164","type":"hill-monsters","icon":"👹","x":1379.24,"y":420.53,"name":"Rurke Hag","legend":"Locals speak of a golden Hag who inhabits Rurke hills and doesn't mind human flesh."}},{"type":"Feature","geometry":{"type":"Point","coordinates":[-44.9793,24.6668]},"properties":{"id":"marker165","type":"hill-monsters","icon":"👹","x":378.04,"y":320.28,"name":"Chincesbo Banshee","legend":"Inscriptions speak of a magical Banshee who inhabits Chincesbo hills and keeps the region at bay."}},{"type":"Feature","geometry":{"type":"Point","coordinates":[-39.19,32.3317]},"properties":{"id":"marker166","type":"hill-monsters","icon":"👹","x":452.43,"y":221.82,"name":"O'tarra Cyclops","legend":"Rumors speak of a superior Cyclops who inhabits O'tarra hills and abducts young women."}},{"type":"Feature","geometry":{"type":"Point","coordinates":[-17.6373,-5.8909]},"properties":{"id":"marker167","type":"hill-monsters","icon":"👹","x":729.37,"y":712.81,"name":"Ukthar Ogre","legend":"Elders speak of a proud Ogre who inhabits Ukthar hills and attacks anyone who dares to approach its lair."}},{"type":"Feature","geometry":{"type":"Point","coordinates":[-52.2823,14.3068]},"properties":{"id":"marker168","type":"hill-monsters","icon":"👹","x":284.2,"y":453.36,"name":"Afordling Giant","legend":"Inscriptions speak of a big Giant who inhabits Afordling hills and harasses travelers in the area."}},{"type":"Feature","geometry":{"type":"Point","coordinates":[-23.4018,23.1348]},"properties":{"id":"marker169","type":"hill-monsters","icon":"👹","x":655.3,"y":339.96,"name":"Nunulbara Hydra","legend":"Legends speak of a fat Hydra who inhabits Nunulbara hills and snatches people from homes."}},{"type":"Feature","geometry":{"type":"Point","coordinates":[-30.7639,28.9197]},"properties":{"id":"marker170","type":"hill-monsters","icon":"👹","x":560.7,"y":265.65,"name":"Zirrenzithlkis Ghoul","legend":"Legends speak of a big Ghoul who inhabits Zirrenzithlkis hills and abducts young women."}},{"type":"Feature","geometry":{"type":"Point","coordinates":[-23.657,16.3503]},"properties":{"id":"marker171","type":"hill-monsters","icon":"👹","x":652.02,"y":427.11,"name":"Buzan Vampire","legend":"Whispers speak of a superior Vampire who inhabits Buzan hills and harasses travelers in the area."}},{"type":"Feature","geometry":{"type":"Point","coordinates":[-56.8094,48.1186]},"properties":{"id":"marker172","type":"sacred-forests","icon":"🌳","x":226.03,"y":19.03,"name":"Flokseyme Forest","legend":"A forest sacred to local Religion of the Explicit."}},{"type":"Feature","geometry":{"type":"Point","coordinates":[-61.0749,42.111]},"properties":{"id":"marker173","type":"sacred-forests","icon":"🌳","x":171.22,"y":96.2,"name":"Berbume Forest","legend":"A forest sacred to local Religion of the Explicit."}},{"type":"Feature","geometry":{"type":"Point","coordinates":[-46.2198,45.0692]},"properties":{"id":"marker174","type":"sacred-forests","icon":"🌳","x":362.1,"y":58.2,"name":"Hatlewesbu Forest","legend":"A forest sacred to local Religion of the Explicit."}},{"type":"Feature","geometry":{"type":"Point","coordinates":[-53.4232,38.7075]},"properties":{"id":"marker175","type":"sacred-forests","icon":"🌳","x":269.54,"y":139.92,"name":"Stapton Forest","legend":"A forest sacred to local Religion of the Explicit."}},{"type":"Feature","geometry":{"type":"Point","coordinates":[-13.8294,37.0898]},"properties":{"id":"marker176","type":"sacred-forests","icon":"🌳","x":778.3,"y":160.7,"name":"Nalyarion Forest","legend":"A forest sacred to local Tlauna Religion."}},{"type":"Feature","geometry":{"type":"Point","coordinates":[-20.8561,28.5211]},"properties":{"id":"marker177","type":"sacred-forests","icon":"🌳","x":688.01,"y":270.77,"name":"Theririandra Forest","legend":"A forest sacred to local Tlauna Religion."}},{"type":"Feature","geometry":{"type":"Point","coordinates":[45.3015,32.6688]},"properties":{"id":"marker178","type":"sacred-forests","icon":"🌳","x":1538.1,"y":217.49,"name":"Bretford Forest","legend":"A forest sacred to local Tlauna Religion."}},{"type":"Feature","geometry":{"type":"Point","coordinates":[-60.1784,44.0985]},"properties":{"id":"marker179","type":"sacred-forests","icon":"🌳","x":182.74,"y":70.67,"name":"Sherstowbu Forest","legend":"A forest sacred to local Religion of the Explicit."}},{"type":"Feature","geometry":{"type":"Point","coordinates":[-32.599,31.7113]},"properties":{"id":"marker180","type":"sacred-pineries","icon":"🌲","x":537.12,"y":229.79,"name":"Und-Did Pinery","legend":"A pinery sacred to local Religion of the Explicit."}},{"type":"Feature","geometry":{"type":"Point","coordinates":[-47.0323,19.8978]},"properties":{"id":"marker181","type":"sacred-palm-groves","icon":"🌴","x":351.66,"y":381.54,"name":"Mitford Palm Grove","legend":"A palm grove sacred to local Religion of the Explicit."}},{"type":"Feature","geometry":{"type":"Point","coordinates":[-56.1199,0.4405]},"properties":{"id":"marker182","type":"sacred-palm-groves","icon":"🌴","x":234.89,"y":631.48,"name":"Zrag Palm Grove","legend":"A palm grove sacred to local Religion of the Explicit."}},{"type":"Feature","geometry":{"type":"Point","coordinates":[31.8667,18.2062]},"properties":{"id":"marker183","type":"sacred-palm-groves","icon":"🌴","x":1365.47,"y":403.27,"name":"Tuhalduch Palm Grove","legend":"A palm grove sacred to local Tlauna Religion."}},{"type":"Feature","geometry":{"type":"Point","coordinates":[43.7847,-12.9502]},"properties":{"id":"marker184","type":"sacred-palm-groves","icon":"🌴","x":1518.61,"y":803.49,"name":"Gortrekhaz Palm Grove","legend":"A palm grove sacred to local Sect of the Unfathomable Sheep of Fate."}},{"type":"Feature","geometry":{"type":"Point","coordinates":[37.1105,-11.3628]},"properties":{"id":"marker185","type":"sacred-palm-groves","icon":"🌴","x":1432.85,"y":783.1,"name":"Arararic Palm Grove","legend":"A palm grove sacred to local Tlauna Religion."}},{"type":"Feature","geometry":{"type":"Point","coordinates":[-50.9508,19.936]},"properties":{"id":"marker186","type":"sacred-palm-groves","icon":"🌴","x":301.31,"y":381.05,"name":"Bermingley Palm Grove","legend":"A palm grove sacred to local Religion of the Explicit."}},{"type":"Feature","geometry":{"type":"Point","coordinates":[-39.8273,22.5867]},"properties":{"id":"marker187","type":"sacred-palm-groves","icon":"🌴","x":444.24,"y":347,"name":"Vhalthath Palm Grove","legend":"A palm grove sacred to local Religion of the Explicit."}},{"type":"Feature","geometry":{"type":"Point","coordinates":[39.7682,1.9274]},"properties":{"id":"marker188","type":"sacred-palm-groves","icon":"🌴","x":1467,"y":612.38,"name":"Rezielneth Palm Grove","legend":"A palm grove sacred to local Tlauna Religion."}},{"type":"Feature","geometry":{"type":"Point","coordinates":[39.0468,10.015]},"properties":{"id":"marker189","type":"sacred-palm-groves","icon":"🌴","x":1457.73,"y":508.49,"name":"Gunzad Palm Grove","legend":"A palm grove sacred to local Tlauna Religion."}},{"type":"Feature","geometry":{"type":"Point","coordinates":[-19.7915,5.2959]},"properties":{"id":"marker190","type":"brigands","icon":"💰","x":701.69,"y":569.11,"name":"Kindabhur Hares","legend":"A gang of forest bandits."}},{"type":"Feature","geometry":{"type":"Point","coordinates":[64.4704,-8.9651]},"properties":{"id":"marker191","type":"brigands","icon":"💰","x":1784.41,"y":752.3,"name":"Slofta Scorpions","legend":"A gang of forest brigands."}},{"type":"Feature","geometry":{"type":"Point","coordinates":[52.4263,5.9833]},"properties":{"id":"marker192","type":"brigands","icon":"💰","x":1629.65,"y":560.28,"name":"Treaq Badgers","legend":"A gang of forest robbers."}},{"type":"Feature","geometry":{"type":"Point","coordinates":[-42.4212,-2.6026]},"properties":{"id":"marker193","type":"brigands","icon":"💰","x":410.91,"y":670.57,"name":"Krar Falcons","legend":"A gang of swamp bandits."}},{"type":"Feature","geometry":{"type":"Point","coordinates":[-2.9153,-3.4348]},"properties":{"id":"marker194","type":"brigands","icon":"💰","x":918.54,"y":681.26,"name":"Rregaksiss Sharks","legend":"A gang of forest bandits."}},{"type":"Feature","geometry":{"type":"Point","coordinates":[-9.6673,9.7169]},"properties":{"id":"marker195","type":"brigands","icon":"💰","x":831.78,"y":512.32,"name":"Shathar Jackals","legend":"A gang of forest highwaymen."}},{"type":"Feature","geometry":{"type":"Point","coordinates":[55.1945,-6.207]},"properties":{"id":"marker196","type":"brigands","icon":"💰","x":1665.22,"y":716.87,"name":"Klilm Rats","legend":"A gang of forest bandits."}},{"type":"Feature","geometry":{"type":"Point","coordinates":[-1.2071,-2.9934]},"properties":{"id":"marker197","type":"brigands","icon":"💰","x":940.49,"y":675.59,"name":"Kagissar't Panthers","legend":"A gang of forest bandits."}},{"type":"Feature","geometry":{"type":"Point","coordinates":[61.7785,-9.4501]},"properties":{"id":"marker198","type":"brigands","icon":"💰","x":1749.82,"y":758.53,"name":"Froi Jaguars","legend":"A gang of forest bandits."}},{"type":"Feature","geometry":{"type":"Point","coordinates":[9.0961,-1.5228]},"properties":{"id":"marker199","type":"brigands","icon":"💰","x":1072.88,"y":656.7,"name":"Nan'jess Ravens","legend":"A gang of forest brigands."}},{"type":"Feature","geometry":{"type":"Point","coordinates":[15.8108,-7.5545]},"properties":{"id":"marker200","type":"brigands","icon":"💰","x":1159.16,"y":734.18,"name":"Skorriss Lions","legend":"A gang of forest brigands."}},{"type":"Feature","geometry":{"type":"Point","coordinates":[54.3066,13.2885]},"properties":{"id":"marker201","type":"brigands","icon":"💰","x":1653.81,"y":466.44,"name":"Taxai Jackals","legend":"A gang of forest brigands."}},{"type":"Feature","geometry":{"type":"Point","coordinates":[-52.4964,38.8741]},"properties":{"id":"marker202","type":"brigands","icon":"💰","x":281.45,"y":137.78,"name":"Helscom Cats","legend":"A gang of forest brigands."}},{"type":"Feature","geometry":{"type":"Point","coordinates":[52.0901,22.8522]},"properties":{"id":"marker203","type":"brigands","icon":"💰","x":1625.33,"y":343.59,"name":"Stryt Ravens","legend":"A gang of forest bandits."}},{"type":"Feature","geometry":{"type":"Point","coordinates":[-20.5012,5.4119]},"properties":{"id":"marker204","type":"brigands","icon":"💰","x":692.57,"y":567.62,"name":"Shadush Cats","legend":"A gang of forest bandits."}},{"type":"Feature","geometry":{"type":"Point","coordinates":[27.3163,11.8203]},"properties":{"id":"marker205","type":"brigands","icon":"💰","x":1307,"y":485.3,"name":"Memrondush Apes","legend":"A gang of forest bandits."}},{"type":"Feature","geometry":{"type":"Point","coordinates":[-19.2623,16.6866]},"properties":{"id":"marker206","type":"brigands","icon":"💰","x":708.49,"y":422.79,"name":"Zizindilukk Leopards","legend":"A gang of forest brigands."}},{"type":"Feature","geometry":{"type":"Point","coordinates":[43.654,2.0566]},"properties":{"id":"marker207","type":"brigands","icon":"💰","x":1516.93,"y":610.72,"name":"Haqshas Rooks","legend":"A gang of mounted bandits."}},{"type":"Feature","geometry":{"type":"Point","coordinates":[-51.8956,-22.8486]},"properties":{"id":"marker208","type":"brigands","icon":"💰","x":289.17,"y":930.64,"name":"Zribagh Lions","legend":"A gang of forest bandits."}},{"type":"Feature","geometry":{"type":"Point","coordinates":[-15.108,2.1189]},"properties":{"id":"marker209","type":"brigands","icon":"💰","x":761.87,"y":609.92,"name":"Tulukkhil Ravens","legend":"A gang of forest bandits."}},{"type":"Feature","geometry":{"type":"Point","coordinates":[48.416,-0.7716]},"properties":{"id":"marker210","type":"brigands","icon":"💰","x":1578.12,"y":647.05,"name":"Suirx Apes","legend":"A gang of desert robbers."}},{"type":"Feature","geometry":{"type":"Point","coordinates":[15.308,-5.4075]},"properties":{"id":"marker211","type":"brigands","icon":"💰","x":1152.7,"y":706.6,"name":"Gapjaj'tass Rooks","legend":"A gang of forest brigands."}},{"type":"Feature","geometry":{"type":"Point","coordinates":[-31.7367,-4.3721]},"properties":{"id":"marker212","type":"brigands","icon":"💰","x":548.2,"y":693.3,"name":"Adrer Lions","legend":"A gang of mounted robbers."}},{"type":"Feature","geometry":{"type":"Point","coordinates":[-6.6454,0.927]},"properties":{"id":"marker213","type":"brigands","icon":"💰","x":870.61,"y":625.23,"name":"Khiz Sharks","legend":"A gang of forest robbers."}},{"type":"Feature","geometry":{"type":"Point","coordinates":[48.3771,-20.0795]},"properties":{"id":"marker214","type":"pirates","icon":"🏴‍☠️","x":1577.62,"y":895.07,"name":"Pirates","legend":"Pirate ships have been spotted in these waters."}},{"type":"Feature","geometry":{"type":"Point","coordinates":[-26.8307,40.3555]},"properties":{"id":"marker215","type":"pirates","icon":"🏴‍☠️","x":611.24,"y":118.75,"name":"Pirates","legend":"Pirate ships have been spotted in these waters."}},{"type":"Feature","geometry":{"type":"Point","coordinates":[20.0436,28.5125]},"properties":{"id":"marker216","type":"pirates","icon":"🏴‍☠️","x":1213.55,"y":270.88,"name":"Pirates","legend":"Pirate ships have been spotted in these waters."}},{"type":"Feature","geometry":{"type":"Point","coordinates":[5.6819,-1.0659]},"properties":{"id":"marker217","type":"pirates","icon":"🏴‍☠️","x":1029.01,"y":650.83,"name":"Pirates","legend":"Pirate ships have been spotted in these waters."}},{"type":"Feature","geometry":{"type":"Point","coordinates":[62.7334,-10.8545]},"properties":{"id":"marker218","type":"pirates","icon":"🏴‍☠️","x":1762.09,"y":776.57,"name":"Pirates","legend":"Pirate ships have been spotted in these waters."}},{"type":"Feature","geometry":{"type":"Point","coordinates":[-20.6686,13.0332]},"properties":{"id":"marker219","type":"pirates","icon":"🏴‍☠️","x":690.42,"y":469.72,"name":"Pirates","legend":"Pirate ships have been spotted in these waters."}},{"type":"Feature","geometry":{"type":"Point","coordinates":[-57.2343,-19.1928]},"properties":{"id":"marker220","type":"pirates","icon":"🏴‍☠️","x":220.57,"y":883.68,"name":"Pirates","legend":"Pirate ships have been spotted in these waters."}},{"type":"Feature","geometry":{"type":"Point","coordinates":[0.4436,44.1211]},"properties":{"id":"marker221","type":"pirates","icon":"🏴‍☠️","x":961.7,"y":70.38,"name":"Pirates","legend":"Pirate ships have been spotted in these waters."}},{"type":"Feature","geometry":{"type":"Point","coordinates":[-35.8101,-18.1107]},"properties":{"id":"marker222","type":"pirates","icon":"🏴‍☠️","x":495.86,"y":869.78,"name":"Pirates","legend":"Pirate ships have been spotted in these waters."}},{"type":"Feature","geometry":{"type":"Point","coordinates":[18.7354,13.9899]},"properties":{"id":"marker223","type":"pirates","icon":"🏴‍☠️","x":1196.74,"y":457.43,"name":"Pirates","legend":"Pirate ships have been spotted in these waters."}},{"type":"Feature","geometry":{"type":"Point","coordinates":[44.1575,42.4551]},"properties":{"id":"marker224","type":"pirates","icon":"🏴‍☠️","x":1523.4,"y":91.78,"name":"Pirates","legend":"Pirate ships have been spotted in these waters."}},{"type":"Feature","geometry":{"type":"Point","coordinates":[13.1811,-7.6339]},"properties":{"id":"marker225","type":"pirates","icon":"🏴‍☠️","x":1125.37,"y":735.2,"name":"Pirates","legend":"Pirate ships have been spotted in these waters."}},{"type":"Feature","geometry":{"type":"Point","coordinates":[-0.372,42.6886]},"properties":{"id":"marker226","type":"pirates","icon":"🏴‍☠️","x":951.22,"y":88.78,"name":"Pirates","legend":"Pirate ships have been spotted in these waters."}},{"type":"Feature","geometry":{"type":"Point","coordinates":[44.3443,40.3672]},"properties":{"id":"marker227","type":"pirates","icon":"🏴‍☠️","x":1525.8,"y":118.6,"name":"Pirates","legend":"Pirate ships have been spotted in these waters."}},{"type":"Feature","geometry":{"type":"Point","coordinates":[3.478,-4.172]},"properties":{"id":"marker228","type":"pirates","icon":"🏴‍☠️","x":1000.69,"y":690.73,"name":"Pirates","legend":"Pirate ships have been spotted in these waters."}},{"type":"Feature","geometry":{"type":"Point","coordinates":[-6.1092,-7.9453]},"properties":{"id":"marker229","type":"pirates","icon":"🏴‍☠️","x":877.5,"y":739.2,"name":"Pirates","legend":"Pirate ships have been spotted in these waters."}},{"type":"Feature","geometry":{"type":"Point","coordinates":[8.1887,32.707]},"properties":{"id":"marker230","type":"pirates","icon":"🏴‍☠️","x":1061.22,"y":217,"name":"Pirates","legend":"Pirate ships have been spotted in these waters."}},{"type":"Feature","geometry":{"type":"Point","coordinates":[35.6241,25.0405]},"properties":{"id":"marker231","type":"pirates","icon":"🏴‍☠️","x":1413.75,"y":315.48,"name":"Pirates","legend":"Pirate ships have been spotted in these waters."}},{"type":"Feature","geometry":{"type":"Point","coordinates":[-56.0708,35.1234]},"properties":{"id":"marker232","type":"pirates","icon":"🏴‍☠️","x":235.52,"y":185.96,"name":"Pirates","legend":"Pirate ships have been spotted in these waters."}},{"type":"Feature","geometry":{"type":"Point","coordinates":[-19.1199,4.8895]},"properties":{"id":"marker233","type":"pirates","icon":"🏴‍☠️","x":710.32,"y":574.33,"name":"Pirates","legend":"Pirate ships have been spotted in these waters."}},{"type":"Feature","geometry":{"type":"Point","coordinates":[3.8795,4.7883]},"properties":{"id":"marker234","type":"statues","icon":"🗿","x":1005.85,"y":575.63,"name":"Ragentas Megalith","legend":"An ancient megalith. It has an inscription, but no one can translate it:\n        <div style=\"font-size: 1.8em; line-break: anywhere;\">ᡱᡖᡆᠭᡑᡒᢦᢂ᠐ᡓᢥᢀᠿᡡᠮᠭᢜᢠᡲᠻᡖᡜᡟᢛᢂᢀᠩᢀᡝ᠐ᢜᡱᡙᡰᠾᠯᡓᢛᠨᠡᢟᡕᡍᡁᡁᡴ᠒ᠿᡠᢦᢟᢦᡟᡀᢞᢐᢥᠱᢋᡐᠾᠪᡁᡮᠮᡲᡎᡔ</div>"}},{"type":"Feature","geometry":{"type":"Point","coordinates":[-62.2057,6.5516]},"properties":{"id":"marker235","type":"statues","icon":"🗿","x":156.69,"y":552.98,"name":"Ekhnugh Column","legend":"An ancient column. It has an inscription, but no one can translate it:\n        <div style=\"font-size: 1.8em; line-break: anywhere;\">ᠳᢠᡡᡑᠽᢋᡓᡝᠻᠰᢓᡞᢥᢒᢁᢋᢦᡜᢟᠦᢢᡐᢋᡝᡝᡏᢜᠮᡐᠧᡭᢏᠦᢟᡭᠵᠰᠼ᠀᠒ᡕᠽᢁᢦᡯᡮᢡᡯᡙ</div>"}},{"type":"Feature","geometry":{"type":"Point","coordinates":[-58.0227,11.0099]},"properties":{"id":"marker236","type":"statues","icon":"🗿","x":210.44,"y":495.71,"name":"Adrozdur Effigy","legend":"An ancient effigy. It has an inscription, but no one can translate it:\n        <div style=\"font-size: 1.8em; line-break: anywhere;\">ⳁⳐ⳪Ⳋ⳥ⳚⳀⳆ⳥ⳞⳔⳔⳲⲶⳎⳜ⳧⳪Ⳕ⳪ⳬⳔⳈ ⳹ⳐⳈⳆⳘⳐⳠⳲ ⳎⳆⲶ⳾ⲴⳠ⳾ⳞⳔ⳹ⳁⳘⳲⲲⳃⳌⳒ⳥ⳚⲾⳬⳃ</div>"}},{"type":"Feature","geometry":{"type":"Point","coordinates":[-39.1845,-16.4354]},"properties":{"id":"marker237","type":"statues","icon":"🗿","x":452.5,"y":848.26,"name":"Drog Column","legend":"An ancient column. It has an inscription, but no one can translate it:\n        <div style=\"font-size: 1.8em; line-break: anywhere;\">\udc05\ud802 \udc1d\udc2e\ud802\ud802\ud802\ud802\ud802𐠬\udc11\udc08 \ud802𐠗\udc31\udc22\udc1a\udc35𐠒\ud802𐠅\ud802\ud802\ud802𐠷\udc35\ud802\ud802𐠝\ud802𐠧</div>"}},{"type":"Feature","geometry":{"type":"Point","coordinates":[35.8124,-18.2166]},"properties":{"id":"marker238","type":"statues","icon":"🗿","x":1416.17,"y":871.14,"name":"Shotarar Pillar","legend":"An ancient pillar. It has an inscription, but no one can translate it:\n        <div style=\"font-size: 1.8em; line-break: anywhere;\">\udc11\udc10\udc05\ud802𐠈\udc14\ud802𐠢\ud802𐠠\udc1e \udc38\udc23\ud802𐠬\ud802\ud802𐠤\ud802\ud802\ud802𐠛\ud802\ud802\ud802\ud802\ud802𐠨𐠛\ud802𐠞\ud802\ud802\ud802\ud802  \ud802𐠥\ud802\ud802𐠳\udc24\ud802𐠧\ud802 \ud802𐠮\ud802𐠚\udc37 \udc38\ud802𐠯\udc32\udc2e\udc27𐠞\udc20\ud802 \udc0d\ud802 \ud802\ud802\ud802</div>"}},{"type":"Feature","geometry":{"type":"Point","coordinates":[-6.3061,-5.2572]},"properties":{"id":"marker239","type":"statues","icon":"🗿","x":874.97,"y":704.67,"name":"Soz'jaz Pillar","legend":"An ancient pillar. It has an inscription, but no one can translate it:\n        <div style=\"font-size: 1.8em; line-break: anywhere;\">ᡝᠻ᠑ᢂᢒᠿᢥᠽᡙᠨᡖᡏᢡᠡᡖᢂᠻᡐᡡᠩᡝᡯᡎᠻᠪᠿᡙᠯᢒᠽᢤᠯᡴᢜᡔᡞᠠᢡ᠀ᢋᢤᡗᡔᢒ᠑ᠮᡟᢢᠡᠿᡴᡠᢞᢓ᠑ᡙᡠᠯ᠐ᡙ᠑ᠵᠿᠮᠾᡰᢜᡑᢤᢢᢞᡯᡯᠰ᠀ᢞᡒ</div>"}},{"type":"Feature","geometry":{"type":"Point","coordinates":[65.5553,16.3814]},"properties":{"id":"marker240","type":"statues","icon":"🗿","x":1798.35,"y":426.71,"name":"Bugbig Runestone","legend":"An ancient runestone. It has an inscription, but no one can translate it:\n        <div style=\"font-size: 1.8em; line-break: anywhere;\">ᠡᡜᡐᡱᡮᢟᠮᢥᢥᡐᠦᠿᠻᡯᢐᡑᢑᡡᢓᡜᡟᢋᠻᠨᠯᠵᢜᢓᠲᢐᡎᠾᡙᠱᠵᡕᡞᢞᡴᡓᠰ᠑ᢞᢢᡯᠳᢏᢠᡕᡴᢢ᠀ᢐᡭᢦᢟᢞᡳᠳᢀᢓᢟᢋᡏᢢᡯᢑᡔᢡᠳᡙᡳᠱ᠒ᡴᡍᡡᠯᠮᡖᡲᢤᡭᡁᠳᡏᢁᡖᢟᢀ</div>"}},{"type":"Feature","geometry":{"type":"Point","coordinates":[-59.3161,21.8004]},"properties":{"id":"marker241","type":"statues","icon":"🗿","x":193.82,"y":357.1,"name":"Coclif Idol","legend":"An ancient idol. It has an inscription, but no one can translate it:\n        <div style=\"font-size: 1.8em; line-break: anywhere;\">ኀተሠሠቀገሐፐነዘአሐተለሰነመደከጸፈሠረነመሠቀተበረለገሰተመጠወገሀሀሀጰተለዐጸነከወየመረ ጰአነፐለ ጠፈየ</div>"}},{"type":"Feature","geometry":{"type":"Point","coordinates":[24.6399,29.7223]},"properties":{"id":"marker242","type":"statues","icon":"🗿","x":1272.61,"y":255.34,"name":"Lintabi Megalith","legend":"An ancient megalith. It has an inscription, but no one can translate it:\n        <div style=\"font-size: 1.8em; line-break: anywhere;\">𐠱𐠳\udc3c\udc19𐠠\udc28 \ud802\ud802\ud802\ud802\ud802𐠊\udc0b\udc2d\udc11\ud802𐠞\ud802\ud802𐠴𐠂𐠦\udc1f\udc37\ud802 \udc0e \ud802\ud802𐠱 \udc11𐠂\udc0a\ud802𐠨\ud802\ud802\ud802\ud802\ud802\ud802\ud802𐠂\ud802𐠥\ud802𐠫\ud802\ud802\ud802\ud802𐠏\ud802\ud802\ud802𐠭\udc37\ud802\ud802𐠼\udc28 \udc0e𐠬\udc05\udc34\ud802\ud802𐠋\ud802 𐠒</div>"}},{"type":"Feature","geometry":{"type":"Point","coordinates":[-12.8371,-10.5704]},"properties":{"id":"marker243","type":"statues","icon":"🗿","x":791.05,"y":772.92,"name":"Rraler Effigy","legend":"An ancient effigy. It has an inscription, but no one can translate it:\n        <div style=\"font-size: 1.8em; line-break: anywhere;\">\udc2e𐠓\udc11\udc2d𐠣\udc13\udc19\udc26\udc0a\ud802𐠥𐠑\udc12\ud802\ud802𐠎𐠨\udc03\ud802\ud802𐠳 \udc35\udc1b\ud802𐠈\udc1f\udc35\udc10\ud802\ud802\ud802\ud802𐠍\udc12\udc38\ud802𐠞\udc2d\udc23\ud802𐠤\udc31𐠂𐠜 𐠪𐠌\udc2f\ud802𐠣\ud802 </div>"}},{"type":"Feature","geometry":{"type":"Point","coordinates":[-46.5008,8.4425]},"properties":{"id":"marker244","type":"statues","icon":"🗿","x":358.49,"y":528.69,"name":"Qidror Monument","legend":"An ancient monument. It has an inscription, but no one can translate it:\n        <div style=\"font-size: 1.8em; line-break: anywhere;\">༂༕༸༿༇༉༪༧༉༑༥༻༿༛༼༤༒༺༈༇༃༹༱༺༉༑༐༦༉་༶༽༑༚༊༹༘༘༷༡༽༷༅༆༡༵༕༳༈༌༳༩༅༶༤༃༦༷༢༁༬༒༸༻༰༺༴༷༜༜༣༙༊༘༊༃༴༪༇༙༘༄༈༮༜༲༯</div>"}},{"type":"Feature","geometry":{"type":"Point","coordinates":[28.107,27.6499]},"properties":{"id":"marker245","type":"statues","icon":"🗿","x":1317.16,"y":281.96,"name":"Shundi Monument","legend":"An ancient monument. It has an inscription, but no one can translate it:\n        <div style=\"font-size: 1.8em; line-break: anywhere;\">ገቀነሰተ ከወከሰጠሠደተኀፀዘደወሠቀገ ረዐዘበጸደጸፀመለፀዐአበገ ነአለፀፀበኀገሰወ ፈሀተፀየለፈፀፀገሠከአሀደ ሰጸከወሰአ ቀ  ተኀሠቀሠቀቀኀከ ፐጠአኀኀደሀከተሐ</div>"}},{"type":"Feature","geometry":{"type":"Point","coordinates":[-33.2022,-5.3584]},"properties":{"id":"marker246","type":"statues","icon":"🗿","x":529.37,"y":705.97,"name":"Bag-Gag Runestone","legend":"An ancient runestone. It has an inscription, but no one can translate it:\n        <div style=\"font-size: 1.8em; line-break: anywhere;\">ᠽᢠᡜᡟᠦᢛᡝᡭᠠᠾᢜᡗᢠᠼᡕᡍᢐᡳᢂᠪᠩᠨᢦᡍᠼᢥᢟᡡᡀᡗᢟᢛᠪᢋᡖᡎᡡᢋᡜᢁᡓᠠᡏᠻ᠑ᢡᢜᢓᡀᢀ᠑᠒᠀ᡝᠵᠲᡝᠯᠳᡕᠱᡗᡜᡔᢜᡭᢑ᠒ᡔᡞᡟᢓᢂᡏ᠒ᡎᡗᢏᠾᠻᡞᠯᡡᢠᠯ</div>"}},{"type":"Feature","geometry":{"type":"Point","coordinates":[44.0018,42.1499]},"properties":{"id":"marker247","type":"statues","icon":"🗿","x":1521.4,"y":95.7,"name":"Kenton Column","legend":"An ancient column. It has an inscription, but no one can translate it:\n        <div style=\"font-size: 1.8em; line-break: anywhere;\">ᡙᠦᢞᠳᡓᡴᡲᢀᠠᢏᡍᢜᡗᢓᢏᢏᠳᢏᢠᡁᡳᢥᡟᡯᢟᡳᢁᠾᠾᠡᡜ᠀᠒ᢛ᠀᠐ᢓᠨᠨᡯᢋ᠒ᢢᠾᠨ᠐᠑ᠳᢞᡒ</div>"}},{"type":"Feature","geometry":{"type":"Point","coordinates":[38.4413,-9.8191]},"properties":{"id":"marker248","type":"statues","icon":"🗿","x":1449.95,"y":763.27,"name":"Narbiz Sculpture","legend":"An ancient sculpture. It has an inscription, but no one can translate it:\n        <div style=\"font-size: 1.8em; line-break: anywhere;\">༅༹༻༴༌༤༦༜༲༒༺༒༚༘༯༽༨༉༷༊༂༰༣༷༳༣༡༪༷༗༌༬༾༿༼༸༊༾༂༆༇༙༧༾༹༡༢༕༘༄༴༗༜༦༒༱༂༈༖ༀ༒༘༆༺༸༄༰༠༫༳༿༇༽༕༌༯༴༗༜</div>"}},{"type":"Feature","geometry":{"type":"Point","coordinates":[-54.6614,10.1622]},"properties":{"id":"marker249","type":"statues","icon":"🗿","x":253.63,"y":506.6,"name":"Gazd Runestone","legend":"An ancient runestone. It has an inscription, but no one can translate it:\n        <div style=\"font-size: 1.8em; line-break: anywhere;\">\udc33\udc29\udc04\udc1e\ud802\ud802\ud802𐠋𐠈𐠔\udc12\ud802\ud802\ud802𐠙 \udc27\udc04\ud802\ud802𐠚𐠬𐠣\udc1b\udc37 \udc1b\udc31𐠐\ud802𐠃\udc2d\udc0b\udc03𐠨\udc13𐠮\udc03\udc33𐠧\udc17𐠁\udc3f\ud802𐠯𐠡\ud802\ud802𐠃\udc13𐠈\udc02\udc21\udc2a\ud802\ud802𐠝\udc27𐠈\udc32𐠨\udc1f</div>"}},{"type":"Feature","geometry":{"type":"Point","coordinates":[-45.7988,48.1847]},"properties":{"id":"marker250","type":"statues","icon":"🗿","x":367.51,"y":18.18,"name":"Crenilneton Effigy","legend":"An ancient effigy. It has an inscription, but no one can translate it:\n        <div style=\"font-size: 1.8em; line-break: anywhere;\">༰༪༌༥༥༸༒༈༸༚༹༈༳༑༬༶༽༽༹༴་༦༗༣༃་༐༨༾༠༺༑༾༬༶༗༣༯༭༸༬༽༮༭༔༽༘༣༐༡༖༨༖༊༻༷༒༠༜༑་༦༌༥༺༭༮༼</div>"}},{"type":"Feature","geometry":{"type":"Point","coordinates":[-7.591,-1.4139]},"properties":{"id":"marker251","type":"statues","icon":"🗿","x":858.46,"y":655.3,"name":"Narbilndus Monument","legend":"An ancient monument. It has an inscription, but no one can translate it:\n        <div style=\"font-size: 1.8em; line-break: anywhere;\">ኀፐኀቀጸደወደለረ ተደከቀለከቀ  ደ ጠወጠበለጸ የኀነዐጰፈመዘሰፀ ረጰመሀየየከፈተገረሐሐበገለዐኀለጠቀ ጠቀፀበሐፐሠኀጰፐ ገነየ  ነገጠዐደ </div>"}},{"type":"Feature","geometry":{"type":"Point","coordinates":[22.4912,30.247]},"properties":{"id":"marker252","type":"statues","icon":"🗿","x":1245,"y":248.6,"name":"Srokhazdin Runestone","legend":"An ancient runestone. It has an inscription, but no one can translate it:\n        <div style=\"font-size: 1.8em; line-break: anywhere;\">ᡠᠵ᠐ᠮᡓᡱᡑᢜᡟᡏᢑ᠀ᠭᡁ᠐ᡱᡔᢠᠽᢓᢐᠮᡲᢟᠵᠽᡞᢠᢡᡯᠾᡳᠡᠠᡏᡒᡡᡁᠽᢤᠰᡕᠿᠮᡑᡀᢂᡯᠡᠻᡮᡰᠠ᠒ᠪᢞᡁᡴᡯᡴᠰᡗᡲᡞᠳᢀᡙᢋᡠᠱᢏᢢ᠑ᠿᡗᡯᡰᡯᡑᢢᡏᡰᡆᡔᢓᢒᡔ</div>"}},{"type":"Feature","geometry":{"type":"Point","coordinates":[-60.1737,37.4168]},"properties":{"id":"marker253","type":"statues","icon":"🗿","x":182.8,"y":156.5,"name":"Brample Monument","legend":"An ancient monument. It has an inscription, but no one can translate it:\n        <div style=\"font-size: 1.8em; line-break: anywhere;\">𐠥𐠨\udc33\ud802\ud802𐠬𐠧\udc31\ud802𐠵𐠎𐠅𐠞\udc2f\udc20\ud802\ud802𐠡\ud802\ud802𐠗\ud802\ud802𐠨\udc12𐠗\ud802\ud802𐠕\udc05\ud802\ud802𐠍\udc37\udc03𐠅𐠫\udc0a𐠸\udc22𐠳\udc2b𐠍\udc1f\udc05\udc3f\udc31\udc0e\ud802𐠞\udc25\udc17𐠼\udc0a\ud802𐠛\udc01\udc2f\udc08𐠑\ud802𐠖\udc27</div>"}},{"type":"Feature","geometry":{"type":"Point","coordinates":[-38.2872,46.7251]},"properties":{"id":"marker254","type":"statues","icon":"🗿","x":464.03,"y":36.93,"name":"Cocker Effigy","legend":"An ancient effigy. It has an inscription, but no one can translate it:\n        <div style=\"font-size: 1.8em; line-break: anywhere;\">\udc0a\udc0b\udc14𐠒\udc29\udc25\udc21\udc0d\udc04\ud802𐠒\udc0f\udc29\udc18\ud802 𐠓\udc13\udc13\udc33\ud802\ud802 \udc17\udc24𐠑\udc38\ud802𐠧\udc22\udc0d𐠲\udc02\udc20\ud802\ud802\ud802\ud802𐠝\ud802 \udc0b\udc1a\ud802\ud802\ud802  \udc30\udc0f \ud802\ud802\ud802\ud802𐠔\ud802𐠓\ud802\ud802\ud802𐠁\ud802\ud802𐠰\udc08\udc37\ud802𐠖\udc0e\udc2a\ud802𐠥\ud802\ud802</div>"}},{"type":"Feature","geometry":{"type":"Point","coordinates":[3.2344,36.0521]},"properties":{"id":"marker255","type":"statues","icon":"🗿","x":997.56,"y":174.03,"name":"Vindoriath Obelisk","legend":"An ancient obelisk. It has an inscription, but no one can translate it:\n        <div style=\"font-size: 1.8em; line-break: anywhere;\">ᠠᢏᡭᡑᡒᢁᠵᡲ᠀ᢟᡝᠿᠭᠯᢁᢂᠰ᠑ᢜᠪᡙᠩ᠀ᠳᠽᡲᢁᠧᡴᠠᠩᢞᠡᢂᢤᢏᡜᡭᢞᢢᠱᠩᢞᢂᢓᢦᡔᠰᠧᠵᡠᡟᠮ᠑᠐ᡴᡔᠳᡙᡰᡓᠰᡆᡝᠱᡕᢡᠭᠧᡞᡡᡙᡐᠳᢢᡱᢡᡠ᠐ᡔᠮᢐᡙ</div>"}},{"type":"Feature","geometry":{"type":"Point","coordinates":[25.0158,-0.6089]},"properties":{"id":"marker256","type":"statues","icon":"🗿","x":1277.44,"y":644.96,"name":"Elduch Monument","legend":"An ancient monument. It has an inscription, but no one can translate it:\n        <div style=\"font-size: 1.8em; line-break: anywhere;\">ⳃⳭⲺⳢⳞⳀ⳪ⳀⳐⲾⲾⳄⲺ ⳁⳐⳁⲺⳆⳎⲸ⳥ⳞⳢⳔⲺⳲⳊⳢⳠⳬ  Ⳉ ⳲⲲⲾⳆⳲⳫⳔ⳥⳧ⳞⲲⳈⲼⲺⳠⳒⳜⲺⳌⳜⳲⳠⳆ ⳂⳁⳈ⳹ ⳎⲾⲴⲾ ⳘⳞⲶⳠ⳹ⳬⳘⲲⲸⲶⳖ⳹ⲾⳲⳭⳒⲼⲴⳘ</div>"}},{"type":"Feature","geometry":{"type":"Point","coordinates":[-67.4666,21.2345]},"properties":{"id":"marker257","type":"statues","icon":"🗿","x":89.09,"y":364.37,"name":"Lingay Monolith","legend":"An ancient monolith. It has an inscription, but no one can translate it:\n        <div style=\"font-size: 1.8em; line-break: anywhere;\">\ud802\ud802\ud802𐠋\ud802𐠔𐠝\ud802\ud802\ud802\ud802𐠗𐠝\ud802 \ud802𐠚𐠯\udc1e\ud802\ud802𐠥\ud802 \udc0c\udc2a\udc16\ud802𐠮\udc27\ud802 \ud802\ud802𐠁𐠃\udc08 \udc23\ud802</div>"}},{"type":"Feature","geometry":{"type":"Point","coordinates":[24.7777,25.8906]},"properties":{"id":"marker258","type":"statues","icon":"🗿","x":1274.38,"y":304.56,"name":"Shathar Statue","legend":"An ancient statue. It has an inscription, but no one can translate it:\n        <div style=\"font-size: 1.8em; line-break: anywhere;\">༯༧༭༂༜༰༪༊༙༯༸༳༸༐༄༺༫༖༁༸༴༯༒༦༇༐༯༰༢༓༫༷༮༵༊༾༛༛༜༖༷༯༵༖༆༊༁༿༯༠༰༘༄༘༻༱༈ༀ༊༽༁༾༑༓༚༚༖༪༓༤༕༯༫༄༉༛༹༵༤༖༐༚༴༷༄</div>"}},{"type":"Feature","geometry":{"type":"Point","coordinates":[-37.1292,0.5876]},"properties":{"id":"marker259","type":"statues","icon":"🗿","x":478.91,"y":629.59,"name":"Gribriz Sculpture","legend":"An ancient sculpture. It has an inscription, but no one can translate it:\n        <div style=\"font-size: 1.8em; line-break: anywhere;\">ᠽᡭᡎᠭᢞᠾᡙᢠᡡᠮᠿᠠᠧᡐᡳᠽᡖᠦᠪᡝᡐᡳᡲᠦᡕᡓᡖᠱᢒᠦᡞᡍ᠒ᠯᢏᠽᢋᡠᢤᡖᡕᡀᠵᡏᡜᢦᠧᠧᠭᡠᠾᡍᠾᡔᢤ᠀ᡐᠵ᠒ᡴᡍᠭᠮᡁᡆᠲᢡ᠀ᡔᡐᡭᡰᡕᢦᢜᡙᡒᠲᡆᠰᠨᡔᡔᠿᠦ</div>"}},{"type":"Feature","geometry":{"type":"Point","coordinates":[-62.0999,10.3793]},"properties":{"id":"marker260","type":"statues","icon":"🗿","x":158.05,"y":503.81,"name":"Newbore Monolith","legend":"An ancient monolith. It has an inscription, but no one can translate it:\n        <div style=\"font-size: 1.8em; line-break: anywhere;\"> Ⳇ ⲶⳘⳁ ⳢⳔⳤⳫⳁⳲⳁ Ⲽ⳧ⳲⳞⳆⳃⲶⳲⳚ ⳌⲼ⳹ⳖⲶⳎⲲⳆⳤ Ⳇ ⳊⳬⳬⳁⳤⳃⳁⲴⳆⳃ⳾ⳁⳃ ⳪ⳜⳆⲶⳘⲴⲾ⳹Ⳁⳁ⳥ⳒⳤⳞⳎⲲⲴ⳩ⲲⳞ⳩</div>"}},{"type":"Feature","geometry":{"type":"Point","coordinates":[12.6581,16.3184]},"properties":{"id":"marker261","type":"statues","icon":"🗿","x":1118.65,"y":427.52,"name":"Nin'kas Monument","legend":"An ancient monument. It has an inscription, but no one can translate it:\n        <div style=\"font-size: 1.8em; line-break: anywhere;\">༡༜༾༁༮༊༶༚༅༮༢༽༫༠༲༽༛༗༒༳༌༁༒༊༯༱༘༲༆༪༸༧༒༴༊༭༱༸༼༼་༄༕༁༅༵༄༙༩༫༓ༀ༹༕༕༵༰༺༕༕༔༣༪༵༴༯༵༧༦༲༊༜ༀ༠༔༖༉༷༨༊༹༑༥༈༵༧༣༕༳༗༑༧༨༇༥</div>"}},{"type":"Feature","geometry":{"type":"Point","coordinates":[54.6933,0.818]},"properties":{"id":"marker262","type":"statues","icon":"🗿","x":1658.78,"y":626.63,"name":"Ulbgar Monument","legend":"An ancient monument. It has an inscription, but no one can translate it:\n        <div style=\"font-size: 1.8em; line-break: anywhere;\">༾༴༻༱་༽༿༾༿༻༣༱༛༊༵༳༛༲༱༆༊༐༢༪༔༴༦༕༄༴༲༊༊༄༾༄༃༰༫༚༡༢༬༻༐༇༊༘༲༛༪༽༚༯༚༡༳༔༗༿༯༠༃༔༩༊༺</div>"}},{"type":"Feature","geometry":{"type":"Point","coordinates":[-15.6793,6.5578]},"properties":{"id":"marker263","type":"statues","icon":"🗿","x":754.53,"y":552.9,"name":"Khargatharb Statue","legend":"An ancient statue. It has an inscription, but no one can translate it:\n        <div style=\"font-size: 1.8em; line-break: anywhere;\">⳥Ⳓ ⳊⳭⳊⲶⲺⳐⳐⳢⳎ⳾ⳢⳭⳀⳫⳠⳬⲴⳀⳬ ⲶⳌⳊⳫⳫⳫⳠⳠⳃ⳪⳩⳾ⳊⳀⳤⳢⳃⳢⳈⳠⳜⳌⳀⳎⳂ  ⳞⳚⳢⳃⳬⲸⲼ ⳘⲲ</div>"}},{"type":"Feature","geometry":{"type":"Point","coordinates":[-59.6111,20.1742]},"properties":{"id":"marker264","type":"statues","icon":"🗿","x":190.03,"y":377.99,"name":"Ostomerley Obelisk","legend":"An ancient obelisk. It has an inscription, but no one can translate it:\n        <div style=\"font-size: 1.8em; line-break: anywhere;\">\ud802\ud802\ud802\ud802\ud802𐠒\udc17𐠥\udc1b \udc08\ud802\ud802𐠱\udc14\ud802\ud802\ud802𐠧\udc04𐠴\ud802𐠲\udc2a\udc21\udc26\ud802\ud802\ud802𐠯\udc0b\udc13𐠚\udc32𐠦\udc1e\udc15\udc11\udc02𐠟𐠣\udc01𐠮\udc05\udc1e\ud802\ud802𐠊\ud802\ud802\ud802𐠷\ud802𐠁𐠩 \udc14\udc1e\udc0a\udc0b\ud802𐠜𐠏\udc10\udc1f\ud802𐠳\ud802\ud802\ud802\ud802𐠱\udc23\udc13 \ud802𐠃\udc03</div>"}},{"type":"Feature","geometry":{"type":"Point","coordinates":[-43.0158,-0.7599]},"properties":{"id":"marker265","type":"statues","icon":"🗿","x":403.27,"y":646.9,"name":"Ibrolgag Idol","legend":"An ancient idol. It has an inscription, but no one can translate it:\n        <div style=\"font-size: 1.8em; line-break: anywhere;\">Ⳅ⳩⳹Ⳉ⳥ⳀⳆⳔⳤ ⳒⲺ⳧ⲺⳠⳆ⳩ⲴⳊⳠ⳾ⳤⲲ ⳚⳂⲲⳬⳠⳚⳠⳖⳫⳢ⳹Ⳬ⳹ⳲⳊⳊⳜⳖ⳪ⳎⲼⳃ⳧ⳄⳎ⳥ⳖⲸⲶⳂⳢⳚ ⳞⳚⳘⳜ Ⳬⳃ</div>"}},{"type":"Feature","geometry":{"type":"Point","coordinates":[19.3736,14.4921]},"properties":{"id":"marker266","type":"statues","icon":"🗿","x":1204.94,"y":450.98,"name":"Harthiz Runestone","legend":"An ancient runestone. It has an inscription, but no one can translate it:\n        <div style=\"font-size: 1.8em; line-break: anywhere;\">༄༂༓༻༙༺ༀ༥༼༉༩༵༤ༀ༡༢༪༻༗༵༛༔༘༻༷༷༳༕༁༼༒༪༐༌༑༳༽༄༌༺༾</div>"}},{"type":"Feature","geometry":{"type":"Point","coordinates":[13.9632,17.3865]},"properties":{"id":"marker267","type":"statues","icon":"🗿","x":1135.42,"y":413.8,"name":"Tolfond Pillar","legend":"An ancient pillar. It has an inscription, but no one can translate it:\n        <div style=\"font-size: 1.8em; line-break: anywhere;\">ⳃⳀⳞⲶⳈ⳪Ⲿ⳩ⳊⳚⳌⳐⲼⲲⳒⳃ⳪ⳃⳁ⳥ⳫⳌⳄⳀⳜⲾ⳧ⳠⳠ⳪Ⳟⳤ⳹ⳤⳞ ⳧Ⳗ⳪ⳭⳔ⳧ⳠⳞⳆⲺ</div>"}},{"type":"Feature","geometry":{"type":"Point","coordinates":[28.0992,14.7396]},"properties":{"id":"marker268","type":"statues","icon":"🗿","x":1317.06,"y":447.8,"name":"Natilnarg Obelisk","legend":"An ancient obelisk. It has an inscription, but no one can translate it:\n        <div style=\"font-size: 1.8em; line-break: anywhere;\">\udc2b\udc32\udc10\ud802\ud802𐠠𐠙𐠋\ud802\ud802𐠰\udc04\ud802\ud802𐠭\udc2f\ud802\ud802 \udc34\udc2f\ud802𐠷\ud802\ud802\ud802 \udc20𐠘\udc35\ud802𐠭\udc23𐠨\udc17\ud802𐠥\udc19\udc02𐠧\udc35\udc23\udc28\ud802\ud802</div>"}},{"type":"Feature","geometry":{"type":"Point","coordinates":[-7.9848,29.3984]},"properties":{"id":"marker269","type":"ruins","icon":"🏺","x":853.4,"y":259.5,"name":"Ruined Temple","legend":"Ruins of an ancient temple. Untold riches may lie within."}},{"type":"Feature","geometry":{"type":"Point","coordinates":[32.4014,15.543]},"properties":{"id":"marker270","type":"ruins","icon":"🏺","x":1372.34,"y":437.48,"name":"Ruined Temple","legend":"Ruins of an ancient temple. Untold riches may lie within."}},{"type":"Feature","geometry":{"type":"Point","coordinates":[-11.4604,34.9132]},"properties":{"id":"marker271","type":"ruins","icon":"🏺","x":808.74,"y":188.66,"name":"Ruined Fortification","legend":"Ruins of an ancient fortification. Untold riches may lie within."}},{"type":"Feature","geometry":{"type":"Point","coordinates":[-34.3843,13.3103]},"properties":{"id":"marker272","type":"ruins","icon":"🏺","x":514.18,"y":466.16,"name":"Ruined Temple","legend":"Ruins of an ancient temple. Untold riches may lie within."}},{"type":"Feature","geometry":{"type":"Point","coordinates":[35.8108,-22.6734]},"properties":{"id":"marker273","type":"ruins","icon":"🏺","x":1416.15,"y":928.39,"name":"Ruined Pyramid","legend":"Ruins of an ancient pyramid. Untold riches may lie within."}},{"type":"Feature","geometry":{"type":"Point","coordinates":[-27.7366,18.8344]},"properties":{"id":"marker274","type":"ruins","icon":"🏺","x":599.6,"y":395.2,"name":"Ruined Temple","legend":"Ruins of an ancient temple. Untold riches may lie within."}},{"type":"Feature","geometry":{"type":"Point","coordinates":[-31.8286,15.9081]},"properties":{"id":"marker275","type":"ruins","icon":"🏺","x":547.02,"y":432.79,"name":"Ruined Settlement","legend":"Ruins of an ancient settlement. Untold riches may lie within."}},{"type":"Feature","geometry":{"type":"Point","coordinates":[-15.5259,6.6668]},"properties":{"id":"marker276","type":"ruins","icon":"🏺","x":756.5,"y":551.5,"name":"Ruined Mausoleum","legend":"Ruins of an ancient mausoleum. Untold riches may lie within."}},{"type":"Feature","geometry":{"type":"Point","coordinates":[59.7465,-18.5459]},"properties":{"id":"marker277","type":"ruins","icon":"🏺","x":1723.71,"y":875.37,"name":"Ruined Temple","legend":"Ruins of an ancient temple. Untold riches may lie within."}},{"type":"Feature","geometry":{"type":"Point","coordinates":[37.0763,9.6772]},"properties":{"id":"marker278","type":"ruins","icon":"🏺","x":1432.41,"y":512.83,"name":"Ruined Fortress","legend":"Ruins of an ancient fortress. Untold riches may lie within."}},{"type":"Feature","geometry":{"type":"Point","coordinates":[9.5101,46.1435]},"properties":{"id":"marker279","type":"ruins","icon":"🏺","x":1078.2,"y":44.4,"name":"Ruined Pyramid","legend":"Ruins of an ancient pyramid. Untold riches may lie within."}},{"type":"Feature","geometry":{"type":"Point","coordinates":[-55.2739,-7.1466]},"properties":{"id":"marker280","type":"ruins","icon":"🏺","x":245.76,"y":728.94,"name":"Ruined Town","legend":"Ruins of an ancient town. Untold riches may lie within."}},{"type":"Feature","geometry":{"type":"Point","coordinates":[11.3795,3.9732]},"properties":{"id":"marker281","type":"ruins","icon":"🏺","x":1102.22,"y":586.1,"name":"Ruined City","legend":"Ruins of an ancient city. Untold riches may lie within."}},{"type":"Feature","geometry":{"type":"Point","coordinates":[16.0801,4.7175]},"properties":{"id":"marker282","type":"ruins","icon":"🏺","x":1162.62,"y":576.54,"name":"Ruined Town","legend":"Ruins of an ancient town. Untold riches may lie within."}},{"type":"Feature","geometry":{"type":"Point","coordinates":[49.7375,17.7446]},"properties":{"id":"marker283","type":"ruins","icon":"🏺","x":1595.1,"y":409.2,"name":"Ruined Settlement","legend":"Ruins of an ancient settlement. Untold riches may lie within."}},{"type":"Feature","geometry":{"type":"Point","coordinates":[-30.0876,18.5542]},"properties":{"id":"marker284","type":"ruins","icon":"🏺","x":569.39,"y":398.8,"name":"Ruined Town","legend":"Ruins of an ancient town. Untold riches may lie within."}},{"type":"Feature","geometry":{"type":"Point","coordinates":[-21.6025,6.5975]},"properties":{"id":"marker285","type":"ruins","icon":"🏺","x":678.42,"y":552.39,"name":"Ruined City","legend":"Ruins of an ancient city. Untold riches may lie within."}},{"type":"Feature","geometry":{"type":"Point","coordinates":[24.7909,32.8915]},"properties":{"id":"marker286","type":"ruins","icon":"🏺","x":1274.55,"y":214.63,"name":"Ruined Fortification","legend":"Ruins of an ancient fortification. Untold riches may lie within."}},{"type":"Feature","geometry":{"type":"Point","coordinates":[-52.1602,25.1518]},"properties":{"id":"marker287","type":"ruins","icon":"🏺","x":285.77,"y":314.05,"name":"Ruined Temple","legend":"Ruins of an ancient temple. Untold riches may lie within."}},{"type":"Feature","geometry":{"type":"Point","coordinates":[51.3601,-19.2644]},"properties":{"id":"marker288","type":"ruins","icon":"🏺","x":1615.95,"y":884.6,"name":"Ruined Fortress","legend":"Ruins of an ancient fortress. Untold riches may lie within."}},{"type":"Feature","geometry":{"type":"Point","coordinates":[15.5882,-7.4315]},"properties":{"id":"marker289","type":"ruins","icon":"🏺","x":1156.3,"y":732.6,"name":"Ruined Pyramid","legend":"Ruins of an ancient pyramid. Untold riches may lie within."}},{"type":"Feature","geometry":{"type":"Point","coordinates":[56.0809,19.1956]},"properties":{"id":"marker290","type":"ruins","icon":"🏺","x":1676.61,"y":390.56,"name":"Ruined Mausoleum","legend":"Ruins of an ancient mausoleum. Untold riches may lie within."}},{"type":"Feature","geometry":{"type":"Point","coordinates":[45.8665,-4.4803]},"properties":{"id":"marker291","type":"ruins","icon":"🏺","x":1545.36,"y":694.69,"name":"Ruined Temple","legend":"Ruins of an ancient temple. Untold riches may lie within."}},{"type":"Feature","geometry":{"type":"Point","coordinates":[20.032,-3.072]},"properties":{"id":"marker292","type":"ruins","icon":"🏺","x":1213.4,"y":676.6,"name":"Ruined Mausoleum","legend":"Ruins of an ancient mausoleum. Untold riches may lie within."}},{"type":"Feature","geometry":{"type":"Point","coordinates":[33.4621,4.4637]},"properties":{"id":"marker293","type":"ruins","icon":"🏺","x":1385.97,"y":579.8,"name":"Ruined Town","legend":"Ruins of an ancient town. Untold riches may lie within."}},{"type":"Feature","geometry":{"type":"Point","coordinates":[46.8922,2.0792]},"properties":{"id":"marker294","type":"ruins","icon":"🏺","x":1558.54,"y":610.43,"name":"Ruined Temple","legend":"Ruins of an ancient temple. Untold riches may lie within."}},{"type":"Feature","geometry":{"type":"Point","coordinates":[-58.3324,11.7759]},"properties":{"id":"marker295","type":"ruins","icon":"🏺","x":206.46,"y":485.87,"name":"Ruined Pyramid","legend":"Ruins of an ancient pyramid. Untold riches may lie within."}},{"type":"Feature","geometry":{"type":"Point","coordinates":[-48.7063,-11.4781]},"properties":{"id":"marker296","type":"ruins","icon":"🏺","x":330.15,"y":784.58,"name":"Ruined Town","legend":"Ruins of an ancient town. Untold riches may lie within."}},{"type":"Feature","geometry":{"type":"Point","coordinates":[-1.902,10.1847]},"properties":{"id":"marker297","type":"ruins","icon":"🏺","x":931.56,"y":506.31,"name":"Ruined Stronghold","legend":"Ruins of an ancient stronghold. Untold riches may lie within."}},{"type":"Feature","geometry":{"type":"Point","coordinates":[53.4731,5.4134]},"properties":{"id":"marker298","type":"ruins","icon":"🏺","x":1643.1,"y":567.6,"name":"Ruined Fortress","legend":"Ruins of an ancient fortress. Untold riches may lie within."}},{"type":"Feature","geometry":{"type":"Point","coordinates":[-22.7403,21.0064]},"properties":{"id":"marker299","type":"ruins","icon":"🏺","x":663.8,"y":367.3,"name":"Ruined Town","legend":"Ruins of an ancient town. Untold riches may lie within."}},{"type":"Feature","geometry":{"type":"Point","coordinates":[-56.9051,-1.6046]},"properties":{"id":"marker300","type":"ruins","icon":"🏺","x":224.8,"y":657.75,"name":"Ruined Town","legend":"Ruins of an ancient town. Untold riches may lie within."}},{"type":"Feature","geometry":{"type":"Point","coordinates":[29.4012,21.3668]},"properties":{"id":"marker301","type":"ruins","icon":"🏺","x":1333.79,"y":362.67,"name":"Ruined Fortress","legend":"Ruins of an ancient fortress. Untold riches may lie within."}},{"type":"Feature","geometry":{"type":"Point","coordinates":[-7.5894,26.6138]},"properties":{"id":"marker302","type":"ruins","icon":"🏺","x":858.48,"y":295.27,"name":"Ruined Mausoleum","legend":"Ruins of an ancient mausoleum. Untold riches may lie within."}},{"type":"Feature","geometry":{"type":"Point","coordinates":[-5.8189,-5.0712]},"properties":{"id":"marker303","type":"ruins","icon":"🏺","x":881.23,"y":702.28,"name":"Ruined Fort","legend":"Ruins of an ancient fort. Untold riches may lie within."}},{"type":"Feature","geometry":{"type":"Point","coordinates":[41.9411,22.8459]},"properties":{"id":"marker304","type":"ruins","icon":"🏺","x":1494.92,"y":343.67,"name":"Ruined Outpost","legend":"Ruins of an ancient outpost. Untold riches may lie within."}},{"type":"Feature","geometry":{"type":"Point","coordinates":[-63.3155,33.9689]},"properties":{"id":"marker305","type":"ruins","icon":"🏺","x":142.43,"y":200.79,"name":"Ruined Fortification","legend":"Ruins of an ancient fortification. Untold riches may lie within."}},{"type":"Feature","geometry":{"type":"Point","coordinates":[-69.5951,26.6659]},"properties":{"id":"marker306","type":"ruins","icon":"🏺","x":61.74,"y":294.6,"name":"Ruined Fortress","legend":"Ruins of an ancient fortress. Untold riches may lie within."}},{"type":"Feature","geometry":{"type":"Point","coordinates":[-65.1553,33.2682]},"properties":{"id":"marker307","type":"ruins","icon":"🏺","x":118.79,"y":209.79,"name":"Ruined Pyramid","legend":"Ruins of an ancient pyramid. Untold riches may lie within."}},{"type":"Feature","geometry":{"type":"Point","coordinates":[-67.546,45.0801]},"properties":{"id":"marker308","type":"ruins","icon":"🏺","x":88.07,"y":58.06,"name":"Ruined Temple","legend":"Ruins of an ancient temple. Untold riches may lie within."}},{"type":"Feature","geometry":{"type":"Point","coordinates":[-69.0068,24.7641]},"properties":{"id":"marker309","type":"ruins","icon":"🏺","x":69.3,"y":319.03,"name":"Ruined Temple","legend":"Ruins of an ancient temple. Untold riches may lie within."}},{"type":"Feature","geometry":{"type":"Point","coordinates":[25.826,15.3865]},"properties":{"id":"marker310","type":"ruins","icon":"🏺","x":1287.85,"y":439.49,"name":"Ruined Stronghold","legend":"Ruins of an ancient stronghold. Untold riches may lie within."}},{"type":"Feature","geometry":{"type":"Point","coordinates":[12.7562,-6.256]},"properties":{"id":"marker311","type":"ruins","icon":"🏺","x":1119.91,"y":717.5,"name":"Ruined City","legend":"Ruins of an ancient city. Untold riches may lie within."}},{"type":"Feature","geometry":{"type":"Point","coordinates":[67.4666,-10.8514]},"properties":{"id":"marker312","type":"libraries","icon":"📚","x":1822.91,"y":776.53,"name":"Farzanqi Collection","legend":"A vast collection of knowledge, including many rare and ancient tomes."}},{"type":"Feature","geometry":{"type":"Point","coordinates":[47.9475,31.6599]},"properties":{"id":"marker313","type":"libraries","icon":"📚","x":1572.1,"y":230.45,"name":"Atreton Library","legend":"A vast collection of knowledge, including many rare and ancient tomes."}},{"type":"Feature","geometry":{"type":"Point","coordinates":[-42.9668,8.0525]},"properties":{"id":"marker314","type":"circuses","icon":"🎪","x":403.9,"y":533.7,"name":"Travelling Magical Circus","legend":"Roll up, roll up, this magical circus is here for a limited time only."}},{"type":"Feature","geometry":{"type":"Point","coordinates":[-56.1829,0.7853]},"properties":{"id":"marker315","type":"circuses","icon":"🎪","x":234.08,"y":627.05,"name":"Travelling World-famous Circus","legend":"Roll up, roll up, this world-famous circus is here for a limited time only."}},{"type":"Feature","geometry":{"type":"Point","coordinates":[-18.2763,28.0859]},"properties":{"id":"marker316","type":"circuses","icon":"🎪","x":721.16,"y":276.36,"name":"Travelling Incomprehensible Circus","legend":"Roll up, roll up, this incomprehensible circus is here for a limited time only."}},{"type":"Feature","geometry":{"type":"Point","coordinates":[-50.9912,16.6773]},"properties":{"id":"marker317","type":"circuses","icon":"🎪","x":300.79,"y":422.91,"name":"Travelling Wondrous Circus","legend":"Roll up, roll up, this wondrous circus is here for a limited time only."}},{"type":"Feature","geometry":{"type":"Point","coordinates":[10.9973,-6.3494]},"properties":{"id":"marker318","type":"circuses","icon":"🎪","x":1097.31,"y":718.7,"name":"Travelling Incomprehensible Circus","legend":"Roll up, roll up, this incomprehensible circus is here for a limited time only."}},{"type":"Feature","geometry":{"type":"Point","coordinates":[-9.6027,-2.9599]},"properties":{"id":"marker319","type":"circuses","icon":"🎪","x":832.61,"y":675.16,"name":"Travelling Breathtaking Circus","legend":"Roll up, roll up, this breathtaking circus is here for a limited time only."}},{"type":"Feature","geometry":{"type":"Point","coordinates":[-28.567,11.2006]},"properties":{"id":"marker320","type":"circuses","icon":"🎪","x":588.93,"y":493.26,"name":"Travelling World-famous Circus","legend":"Roll up, roll up, this world-famous circus is here for a limited time only."}},{"type":"Feature","geometry":{"type":"Point","coordinates":[37.1517,4.3827]},"properties":{"id":"marker321","type":"circuses","icon":"🎪","x":1433.38,"y":580.84,"name":"Travelling World-famous Circus","legend":"Roll up, roll up, this world-famous circus is here for a limited time only."}},{"type":"Feature","geometry":{"type":"Point","coordinates":[-1.1518,9.8274]},"properties":{"id":"marker322","type":"circuses","icon":"🎪","x":941.2,"y":510.9,"name":"Travelling Unmissable Circus","legend":"Roll up, roll up, this unmissable circus is here for a limited time only."}},{"type":"Feature","geometry":{"type":"Point","coordinates":[9.7529,2.5626]},"properties":{"id":"marker323","type":"circuses","icon":"🎪","x":1081.32,"y":604.22,"name":"Travelling Unmissable Circus","legend":"Roll up, roll up, this unmissable circus is here for a limited time only."}},{"type":"Feature","geometry":{"type":"Point","coordinates":[7.9879,38.6063]},"properties":{"id":"marker324","type":"circuses","icon":"🎪","x":1058.64,"y":141.22,"name":"Travelling Magical Circus","legend":"Roll up, roll up, this magical circus is here for a limited time only."}},{"type":"Feature","geometry":{"type":"Point","coordinates":[-69.2714,30.9632]},"properties":{"id":"marker325","type":"circuses","icon":"🎪","x":65.9,"y":239.4,"name":"Travelling Fantastical Circus","legend":"Roll up, roll up, this fantastical circus is here for a limited time only."}},{"type":"Feature","geometry":{"type":"Point","coordinates":[-5.5512,25.9887]},"properties":{"id":"marker326","type":"circuses","icon":"🎪","x":884.67,"y":303.3,"name":"Travelling Incomprehensible Circus","legend":"Roll up, roll up, this incomprehensible circus is here for a limited time only."}},{"type":"Feature","geometry":{"type":"Point","coordinates":[-0.4934,39.2283]},"properties":{"id":"marker327","type":"jousts","icon":"🤺","x":949.66,"y":133.23,"name":"Mythme Tournament","legend":"Warriors from around the land gather for a tournament of the greats in Mythme, with fame, fortune and favour on offer to the victor."}},{"type":"Feature","geometry":{"type":"Point","coordinates":[7.9303,34.4648]},"properties":{"id":"marker328","type":"fairs","icon":"🎠","x":1057.9,"y":194.42,"name":"Bellaneas Fair","legend":"A fair is being held in Bellaneas, with all manner of local and foreign goods and services on offer."}},{"type":"Feature","geometry":{"type":"Point","coordinates":[54.8272,-22.137]},"properties":{"id":"marker329","type":"canoes","icon":"🛶","x":1660.5,"y":921.5,"name":"Minor Jetty","legend":"A small location along the Aleh'no'kene River to launch boats from sits here, along with a weary looking owner, willing to sell passage along the river."}},{"type":"Feature","geometry":{"type":"Point","coordinates":[-2.3838,40.786]},"properties":{"id":"marker330","type":"canoes","icon":"🛶","x":925.37,"y":113.22,"name":"Minor Jetty","legend":"A small location along the Elmalunenora River to launch boats from sits here, along with a weary looking owner, willing to sell passage along the river."}},{"type":"Feature","geometry":{"type":"Point","coordinates":[-27.8759,-8.2209]},"properties":{"id":"marker331","type":"canoes","icon":"🛶","x":597.81,"y":742.74,"name":"Minor Jetty","legend":"A small location along the Rogh-Bec River to launch boats from sits here, along with a weary looking owner, willing to sell passage along the river."}},{"type":"Feature","geometry":{"type":"Point","coordinates":[-42.6679,3.0095]},"properties":{"id":"marker332","type":"migration","icon":"🐗","x":407.74,"y":598.48,"name":"Herons migration","legend":"A huge group of herons are migrating, whether part of their annual routine, or something more extraordinary."}},{"type":"Feature","geometry":{"type":"Point","coordinates":[32.2644,-9.9733]},"properties":{"id":"marker333","type":"migration","icon":"🐗","x":1370.58,"y":765.25,"name":"Jackals migration","legend":"A huge group of jackals are migrating, whether part of their annual routine, or something more extraordinary."}},{"type":"Feature","geometry":{"type":"Point","coordinates":[27.0891,1.6354]},"properties":{"id":"marker334","type":"migration","icon":"🐗","x":1304.08,"y":616.13,"name":"Sharks migration","legend":"A huge group of sharks are migrating, whether part of their annual routine, or something more extraordinary."}},{"type":"Feature","geometry":{"type":"Point","coordinates":[29.5405,-4.601]},"properties":{"id":"marker335","type":"migration","icon":"🐗","x":1335.58,"y":696.24,"name":"Wolves migration","legend":"A huge group of wolves are migrating, whether part of their annual routine, or something more extraordinary."}},{"type":"Feature","geometry":{"type":"Point","coordinates":[45.0509,43.8821]},"properties":{"id":"marker336","type":"migration","icon":"🐗","x":1534.88,"y":73.45,"name":"Larks migration","legend":"A huge group of larks are migrating, whether part of their annual routine, or something more extraordinary."}},{"type":"Feature","geometry":{"type":"Point","coordinates":[-60.1947,5.3869]},"properties":{"id":"marker337","type":"migration","icon":"🐗","x":182.53,"y":567.94,"name":"Hawks migration","legend":"A huge group of hawks are migrating, whether part of their annual routine, or something more extraordinary."}},{"type":"Feature","geometry":{"type":"Point","coordinates":[-60.6555,18.9045]},"properties":{"id":"marker338","type":"migration","icon":"🐗","x":176.61,"y":394.3,"name":"Bears migration","legend":"A huge group of bears are migrating, whether part of their annual routine, or something more extraordinary."}},{"type":"Feature","geometry":{"type":"Point","coordinates":[44.1271,-0.6159]},"properties":{"id":"marker339","type":"migration","icon":"🐗","x":1523.01,"y":645.05,"name":"Hounds migration","legend":"A huge group of hounds are migrating, whether part of their annual routine, or something more extraordinary."}},{"type":"Feature","geometry":{"type":"Point","coordinates":[39.6009,-8.8507]},"properties":{"id":"marker340","type":"migration","icon":"🐗","x":1464.85,"y":750.83,"name":"Herons migration","legend":"A huge group of herons are migrating, whether part of their annual routine, or something more extraordinary."}},{"type":"Feature","geometry":{"type":"Point","coordinates":[32.1873,1.3404]},"properties":{"id":"marker341","type":"migration","icon":"🐗","x":1369.59,"y":619.92,"name":"Owls migration","legend":"A huge group of owls are migrating, whether part of their annual routine, or something more extraordinary."}},{"type":"Feature","geometry":{"type":"Point","coordinates":[37.4343,-17.5004]},"properties":{"id":"marker342","type":"migration","icon":"🐗","x":1437.01,"y":861.94,"name":"Larks migration","legend":"A huge group of larks are migrating, whether part of their annual routine, or something more extraordinary."}},{"type":"Feature","geometry":{"type":"Point","coordinates":[-40.5527,3.426]},"properties":{"id":"marker343","type":"dances","icon":"💃🏽","x":434.92,"y":593.13,"name":"Bhurk jamboree","legend":"A jamboree has been organised at Bhurk as a chance to gather the great and the good of the area together to be merry, make alliances and scheme around the crisis."}},{"type":"Feature","geometry":{"type":"Point","coordinates":[-43.4874,15.6715]},"properties":{"id":"marker344","type":"mirage","icon":"💦","x":397.21,"y":435.83,"name":"Entrancing mirage","legend":"This entrancing mirage has been luring travellers out of their way for eons."}},{"type":"Feature","geometry":{"type":"Point","coordinates":[-51.136,9.1797]},"properties":{"id":"marker345","type":"mirage","icon":"💦","x":298.93,"y":519.22,"name":"Diaphanous mirage","legend":"This diaphanous mirage has been luring travellers out of their way for eons."}},{"type":"Feature","geometry":{"type":"Point","coordinates":[-32.592,16.1938]},"properties":{"id":"marker346","type":"mirage","icon":"💦","x":537.21,"y":429.12,"name":"Diaphanous mirage","legend":"This diaphanous mirage has been luring travellers out of their way for eons."}},{"type":"Feature","geometry":{"type":"Point","coordinates":[39.267,-16.5109]},"properties":{"id":"marker347","type":"mirage","icon":"💦","x":1460.56,"y":849.23,"name":"Distant mirage","legend":"This distant mirage has been luring travellers out of their way for eons."}},{"type":"Feature","geometry":{"type":"Point","coordinates":[37.2,-0.7405]},"properties":{"id":"marker348","type":"mirage","icon":"💦","x":1434,"y":646.65,"name":"Peculiar mirage","legend":"This peculiar mirage has been luring travellers out of their way for eons."}},{"type":"Feature","geometry":{"type":"Point","coordinates":[-53.9322,6.7049]},"properties":{"id":"marker349","type":"mirage","icon":"💦","x":263,"y":551.01,"name":"Illusory mirage","legend":"This illusory mirage has been luring travellers out of their way for eons."}},{"type":"Feature","geometry":{"type":"Point","coordinates":[43.0796,-8.7884]},"properties":{"id":"marker350","type":"mirage","icon":"💦","x":1509.55,"y":750.03,"name":"Illusory mirage","legend":"This illusory mirage has been luring travellers out of their way for eons."}},{"type":"Feature","geometry":{"type":"Point","coordinates":[-53.7439,-12.6715]},"properties":{"id":"marker351","type":"mirage","icon":"💦","x":265.42,"y":799.91,"name":"Entrancing mirage","legend":"This entrancing mirage has been luring travellers out of their way for eons."}},{"type":"Feature","geometry":{"type":"Point","coordinates":[-40.4266,25.2289]},"properties":{"id":"marker352","type":"mirage","icon":"💦","x":436.54,"y":313.06,"name":"Distant mirage","legend":"This distant mirage has been luring travellers out of their way for eons."}},{"type":"Feature","geometry":{"type":"Point","coordinates":[-59.4336,1.7281]},"properties":{"id":"marker353","type":"mirage","icon":"💦","x":192.31,"y":614.94,"name":"Peculiar mirage","legend":"This peculiar mirage has been luring travellers out of their way for eons."}},{"type":"Feature","geometry":{"type":"Point","coordinates":[-47.4915,2.8997]},"properties":{"id":"marker354","type":"mirage","icon":"💦","x":345.76,"y":599.89,"name":"Illusory mirage","legend":"This illusory mirage has been luring travellers out of their way for eons."}},{"type":"Feature","geometry":{"type":"Point","coordinates":[-48.1748,20.6242]},"properties":{"id":"marker355","type":"mirage","icon":"💦","x":336.98,"y":372.21,"name":"Illusory mirage","legend":"This illusory mirage has been luring travellers out of their way for eons."}},{"type":"Feature","geometry":{"type":"Point","coordinates":[-53.6513,-2.2881]},"properties":{"id":"marker356","type":"mirage","icon":"💦","x":266.61,"y":666.53,"name":"Illusory mirage","legend":"This illusory mirage has been luring travellers out of their way for eons."}},{"type":"Feature","geometry":{"type":"Point","coordinates":[-45.2066,22.0208]},"properties":{"id":"marker357","type":"mirage","icon":"💦","x":375.12,"y":354.27,"name":"Distant mirage","legend":"This distant mirage has been luring travellers out of their way for eons."}},{"type":"Feature","geometry":{"type":"Point","coordinates":[30.6511,-5.8862]},"properties":{"id":"marker358","type":"mirage","icon":"💦","x":1349.85,"y":712.75,"name":"Diaphanous mirage","legend":"This diaphanous mirage has been luring travellers out of their way for eons."}},{"type":"Feature","geometry":{"type":"Point","coordinates":[-49.6667,6.276]},"properties":{"id":"marker359","type":"mirage","icon":"💦","x":317.81,"y":556.52,"name":"Diaphanous mirage","legend":"This diaphanous mirage has been luring travellers out of their way for eons."}},{"type":"Feature","geometry":{"type":"Point","coordinates":[-57.5378,13.3204]},"properties":{"id":"marker360","type":"mirage","icon":"💦","x":216.67,"y":466.03,"name":"Distant mirage","legend":"This distant mirage has been luring travellers out of their way for eons."}},{"type":"Feature","geometry":{"type":"Point","coordinates":[40.1021,-7.5989]},"properties":{"id":"marker361","type":"mirage","icon":"💦","x":1471.29,"y":734.75,"name":"Distant mirage","legend":"This distant mirage has been luring travellers out of their way for eons."}},{"type":"Feature","geometry":{"type":"Point","coordinates":[32.4613,10.0563]},"properties":{"id":"marker362","type":"mirage","icon":"💦","x":1373.11,"y":507.96,"name":"Entrancing mirage","legend":"This entrancing mirage has been luring travellers out of their way for eons."}},{"type":"Feature","geometry":{"type":"Point","coordinates":[25.6602,16.7271]},"properties":{"id":"marker363","type":"mirage","icon":"💦","x":1285.72,"y":422.27,"name":"Distant mirage","legend":"This distant mirage has been luring travellers out of their way for eons."}},{"type":"Feature","geometry":{"type":"Point","coordinates":[37.2374,-8.8281]},"properties":{"id":"marker364","type":"mirage","icon":"💦","x":1434.48,"y":750.54,"name":"Diaphanous mirage","legend":"This diaphanous mirage has been luring travellers out of their way for eons."}},{"type":"Feature","geometry":{"type":"Point","coordinates":[34.0318,2.7962]},"properties":{"id":"marker365","type":"mirage","icon":"💦","x":1393.29,"y":601.22,"name":"Entrancing mirage","legend":"This entrancing mirage has been luring travellers out of their way for eons."}},{"type":"Feature","geometry":{"type":"Point","coordinates":[29.0619,-3.304]},"properties":{"id":"marker366","type":"mirage","icon":"💦","x":1329.43,"y":679.58,"name":"Peculiar mirage","legend":"This peculiar mirage has been luring travellers out of their way for eons."}},{"type":"Feature","geometry":{"type":"Point","coordinates":[42.3543,3.6735]},"properties":{"id":"marker367","type":"mirage","icon":"💦","x":1500.23,"y":589.95,"name":"Distant mirage","legend":"This distant mirage has been luring travellers out of their way for eons."}},{"type":"Feature","geometry":{"type":"Point","coordinates":[-51.3687,9.0256]},"properties":{"id":"marker368","type":"mirage","icon":"💦","x":295.94,"y":521.2,"name":"Diaphanous mirage","legend":"This diaphanous mirage has been luring travellers out of their way for eons."}},{"type":"Feature","geometry":{"type":"Point","coordinates":[31.0978,9.9956]},"properties":{"id":"marker369","type":"mirage","icon":"💦","x":1355.59,"y":508.74,"name":"Distant mirage","legend":"This distant mirage has been luring travellers out of their way for eons."}},{"type":"Feature","geometry":{"type":"Point","coordinates":[-56.393,-2.285]},"properties":{"id":"marker370","type":"mirage","icon":"💦","x":231.38,"y":666.49,"name":"Diaphanous mirage","legend":"This diaphanous mirage has been luring travellers out of their way for eons."}},{"type":"Feature","geometry":{"type":"Point","coordinates":[-60.8975,9.1743]},"properties":{"id":"marker371","type":"mirage","icon":"💦","x":173.5,"y":519.29,"name":"Peculiar mirage","legend":"This peculiar mirage has been luring travellers out of their way for eons."}},{"type":"Feature","geometry":{"type":"Point","coordinates":[-50.1196,-0.4415]},"properties":{"id":"marker372","type":"mirage","icon":"💦","x":311.99,"y":642.81,"name":"Peculiar mirage","legend":"This peculiar mirage has been luring travellers out of their way for eons."}},{"type":"Feature","geometry":{"type":"Point","coordinates":[-27.8665,30.8464]},"properties":{"id":"marker373","type":"caves","icon":"🦇","x":597.93,"y":240.9,"name":"Kanelli Pit","legend":"The Kanelli Pit. Locals claim that it is totally empty."}},{"type":"Feature","geometry":{"type":"Point","coordinates":[41.0858,-3.0907]},"properties":{"id":"marker374","type":"caves","icon":"🦇","x":1483.93,"y":676.84,"name":"Khraknur Grotto","legend":"The Khraknur Grotto. Locals claim that it is a good spot to hid treasure."}},{"type":"Feature","geometry":{"type":"Point","coordinates":[40.6624,3.4439]},"properties":{"id":"marker375","type":"caves","icon":"🦇","x":1478.49,"y":592.9,"name":"Krarnul Chasm","legend":"The Krarnul Chasm. Locals claim that it is completely flooded."}},{"type":"Feature","geometry":{"type":"Point","coordinates":[35.2264,13.8568]},"properties":{"id":"marker376","type":"caves","icon":"🦇","x":1408.64,"y":459.14,"name":"Wyle Cavern","legend":"The Wyle Cavern. Locals claim that it is totally empty."}},{"type":"Feature","geometry":{"type":"Point","coordinates":[36.9478,8.3724]},"properties":{"id":"marker377","type":"caves","icon":"🦇","x":1430.76,"y":529.59,"name":"Gungarth Fracture","legend":"The Gungarth Fracture. Locals claim that it is totally empty."}},{"type":"Feature","geometry":{"type":"Point","coordinates":[-48.4861,16.464]},"properties":{"id":"marker378","type":"caves","icon":"🦇","x":332.98,"y":425.65,"name":"Newcescast Fracture","legend":"The Newcescast Fracture. Locals claim that it is completely flooded."}},{"type":"Feature","geometry":{"type":"Point","coordinates":[-48.6363,26.4558]},"properties":{"id":"marker379","type":"caves","icon":"🦇","x":331.05,"y":297.3,"name":"Faringham Grotto","legend":"The Faringham Grotto. Locals claim that it is completely flooded."}},{"type":"Feature","geometry":{"type":"Point","coordinates":[-62.3925,36.9536]},"properties":{"id":"marker380","type":"portals","icon":"🌀","x":154.29,"y":162.45,"name":"Kilksey Portal","legend":"An element of the magic portal system connecting major city. The portals were installed centuries ago, but still work fine."}},{"type":"Feature","geometry":{"type":"Point","coordinates":[-11.2472,9.6001]},"properties":{"id":"marker381","type":"portals","icon":"🌀","x":811.48,"y":513.82,"name":"Kindinarg Portal","legend":"An element of the magic portal system connecting major city. The portals were installed centuries ago, but still work fine."}},{"type":"Feature","geometry":{"type":"Point","coordinates":[47.6425,32.2438]},"properties":{"id":"marker382","type":"portals","icon":"🌀","x":1568.18,"y":222.95,"name":"Seadingdon Portal","legend":"An element of the magic portal system connecting major city. The portals were installed centuries ago, but still work fine."}},{"type":"Feature","geometry":{"type":"Point","coordinates":[18.4833,5.3823]},"properties":{"id":"marker383","type":"portals","icon":"🌀","x":1193.5,"y":568,"name":"Metha Portal","legend":"An element of the magic portal system connecting major city. The portals were installed centuries ago, but still work fine."}},{"type":"Feature","geometry":{"type":"Point","coordinates":[-42.5963,-6.1875]},"properties":{"id":"marker384","type":"portals","icon":"🌀","x":408.66,"y":716.62,"name":"Mazgar Portal","legend":"An element of the magic portal system connecting major city. The portals were installed centuries ago, but still work fine."}},{"type":"Feature","geometry":{"type":"Point","coordinates":[54.4427,-2.6081]},"properties":{"id":"marker385","type":"portals","icon":"🌀","x":1655.56,"y":670.64,"name":"Bres Portal","legend":"An element of the magic portal system connecting major city. The portals were installed centuries ago, but still work fine."}},{"type":"Feature","geometry":{"type":"Point","coordinates":[-56.6358,29.7332]},"properties":{"id":"marker386","type":"portals","icon":"🌀","x":228.26,"y":255.2,"name":"Blandbute Portal","legend":"An element of the magic portal system connecting major city. The portals were installed centuries ago, but still work fine."}},{"type":"Feature","geometry":{"type":"Point","coordinates":[44.377,30.7499]},"properties":{"id":"marker387","type":"portals","icon":"🌀","x":1526.22,"y":242.14,"name":"Hertry Portal","legend":"An element of the magic portal system connecting major city. The portals were installed centuries ago, but still work fine."}},{"type":"Feature","geometry":{"type":"Point","coordinates":[63.061,-9.0173]},"properties":{"id":"marker388","type":"portals","icon":"🌀","x":1766.3,"y":752.97,"name":"Croipuinx Portal","legend":"An element of the magic portal system connecting major city. The portals were installed centuries ago, but still work fine."}},{"type":"Feature","geometry":{"type":"Point","coordinates":[-62.7894,39.9492]},"properties":{"id":"marker389","type":"portals","icon":"🌀","x":149.19,"y":123.97,"name":"Aling Portal","legend":"An element of the magic portal system connecting major city. The portals were installed centuries ago, but still work fine."}},{"type":"Feature","geometry":{"type":"Point","coordinates":[54.7774,-5.6784]},"properties":{"id":"marker390","type":"portals","icon":"🌀","x":1659.86,"y":710.08,"name":"His Portal","legend":"An element of the magic portal system connecting major city. The portals were installed centuries ago, but still work fine."}},{"type":"Feature","geometry":{"type":"Point","coordinates":[-31.4441,40.3563]},"properties":{"id":"marker391","type":"portals","icon":"🌀","x":551.96,"y":118.74,"name":"Auleville Portal","legend":"An element of the magic portal system connecting major city. The portals were installed centuries ago, but still work fine."}},{"type":"Feature","geometry":{"type":"Point","coordinates":[-22.9527,27.8025]},"properties":{"id":"marker392","type":"portals","icon":"🌀","x":661.07,"y":280,"name":"Chyuet Portal","legend":"An element of the magic portal system connecting major city. The portals were installed centuries ago, but still work fine."}},{"type":"Feature","geometry":{"type":"Point","coordinates":[53.8521,20.523]},"properties":{"id":"marker393","type":"portals","icon":"🌀","x":1647.97,"y":373.51,"name":"Vohzit Portal","legend":"An element of the magic portal system connecting major city. The portals were installed centuries ago, but still work fine."}},{"type":"Feature","geometry":{"type":"Point","coordinates":[-26.475,4.698]},"properties":{"id":"marker394","type":"portals","icon":"🌀","x":615.81,"y":576.79,"name":"Bibundad Portal","legend":"An element of the magic portal system connecting major city. The portals were installed centuries ago, but still work fine."}},{"type":"Feature","geometry":{"type":"Point","coordinates":[-5.3893,-2.3909]},"properties":{"id":"marker395","type":"portals","icon":"🌀","x":886.75,"y":667.85,"name":"Kra'luna Portal","legend":"An element of the magic portal system connecting major city. The portals were installed centuries ago, but still work fine."}},{"type":"Feature","geometry":{"type":"Point","coordinates":[-39.2149,48.4299]},"properties":{"id":"marker396","type":"portals","icon":"🌀","x":452.11,"y":15.03,"name":"Chawbigley Portal","legend":"An element of the magic portal system connecting major city. The portals were installed centuries ago, but still work fine."}},{"type":"Feature","geometry":{"type":"Point","coordinates":[-64.3988,29.8982]},"properties":{"id":"marker397","type":"portals","icon":"🌀","x":128.51,"y":253.08,"name":"Exning Portal","legend":"An element of the magic portal system connecting major city. The portals were installed centuries ago, but still work fine."}},{"type":"Feature","geometry":{"type":"Point","coordinates":[7.3131,33.3928]},"properties":{"id":"marker398","type":"portals","icon":"🌀","x":1049.97,"y":208.19,"name":"Ashmelsalume Portal","legend":"An element of the magic portal system connecting major city. The portals were installed centuries ago, but still work fine."}},{"type":"Feature","geometry":{"type":"Point","coordinates":[13.1033,10.4767]},"properties":{"id":"marker399","type":"portals","icon":"🌀","x":1124.37,"y":502.56,"name":"Sorri Portal","legend":"An element of the magic portal system connecting major city. The portals were installed centuries ago, but still work fine."}},{"type":"Feature","geometry":{"type":"Point","coordinates":[55.2008,16.8415]},"properties":{"id":"marker400","type":"portals","icon":"🌀","x":1665.3,"y":420.8,"name":"Klilm Portal","legend":"An element of the magic portal system connecting major city. The portals were installed centuries ago, but still work fine."}},{"type":"Feature","geometry":{"type":"Point","coordinates":[32.3951,16.4601]},"properties":{"id":"marker401","type":"rifts","icon":"🎆","x":1372.26,"y":425.7,"name":"Subterranean Rift","legend":"A rumoured subterranean rift in this area is causing nearby plants to wither and decay."}},{"type":"Feature","geometry":{"type":"Point","coordinates":[30.2425,34.4897]},"properties":{"id":"marker402","type":"rifts","icon":"🎆","x":1344.6,"y":194.1,"name":"Cosmic Rift","legend":"A rumoured cosmic rift in this area is causing swarms of foes to spill forth."}},{"type":"Feature","geometry":{"type":"Point","coordinates":[49.9756,-7.9796]},"properties":{"id":"marker403","type":"rifts","icon":"🎆","x":1598.16,"y":739.64,"name":"Subterranean Rift","legend":"A rumoured subterranean rift in this area is causing cracks in reality itself to form."}},{"type":"Feature","geometry":{"type":"Point","coordinates":[-26.3653,34.7474]},"properties":{"id":"marker404","type":"rifts","icon":"🎆","x":617.22,"y":190.79,"name":"Demonic Rift","legend":"A rumoured demonic rift in this area is causing nearby plants to wither and decay."}},{"type":"Feature","geometry":{"type":"Point","coordinates":[-62.2983,45.1082]},"properties":{"id":"marker405","type":"rifts","icon":"🎆","x":155.5,"y":57.7,"name":"Cataclysmic Rift","legend":"A rumoured cataclysmic rift in this area is causing all known nearby beings to flee in terror."}},{"type":"Feature","geometry":{"type":"Point","coordinates":[-22.1659,1.2267]},"properties":{"id":"marker406","type":"disturbed-burials","icon":"💀","x":671.18,"y":621.38,"name":"Disturbed Burial","legend":"A burial site has been disturbed in this area, causing the dead to rise and attack the living."}},{"type":"Feature","geometry":{"type":"Point","coordinates":[15.9369,25.4227]},"properties":{"id":"marker407","type":"disturbed-burials","icon":"💀","x":1160.78,"y":310.57,"name":"Disturbed Burial","legend":"A burial site has been disturbed in this area, causing the dead to rise and attack the living."}},{"type":"Feature","geometry":{"type":"Point","coordinates":[-28.5654,13.6443]},"properties":{"id":"marker408","type":"disturbed-burials","icon":"💀","x":588.95,"y":461.87,"name":"Disturbed Burial","legend":"A burial site has been disturbed in this area, causing the dead to rise and attack the living."}},{"type":"Feature","geometry":{"type":"Point","coordinates":[-21.7145,16.5792]},"properties":{"id":"marker409","type":"disturbed-burials","icon":"💀","x":676.98,"y":424.17,"name":"Disturbed Burial","legend":"A burial site has been disturbed in this area, causing the dead to rise and attack the living."}},{"type":"Feature","geometry":{"type":"Point","coordinates":[-25.5139,34.4679]},"properties":{"id":"marker410","type":"disturbed-burials","icon":"💀","x":628.16,"y":194.38,"name":"Disturbed Burial","legend":"A burial site has been disturbed in this area, causing the dead to rise and attack the living."}},{"type":"Feature","geometry":{"type":"Point","coordinates":[56.1891,-6.0925]},"properties":{"id":"marker411","type":"disturbed-burials","icon":"💀","x":1678,"y":715.4,"name":"Disturbed Burial","legend":"A burial site has been disturbed in this area, causing the dead to rise and attack the living."}},{"type":"Feature","geometry":{"type":"Point","coordinates":[12.0565,43.5185]},"properties":{"id":"marker412","type":"disturbed-burials","icon":"💀","x":1110.92,"y":78.12,"name":"Disturbed Burial","legend":"A burial site has been disturbed in this area, causing the dead to rise and attack the living."}},{"type":"Feature","geometry":{"type":"Point","coordinates":[-16.2598,31.5019]},"properties":{"id":"marker413","type":"disturbed-burials","icon":"💀","x":747.07,"y":232.48,"name":"Disturbed Burial","legend":"A burial site has been disturbed in this area, causing the dead to rise and attack the living."}},{"type":"Feature","geometry":{"type":"Point","coordinates":[-38.0397,34.8976]},"properties":{"id":"marker414","type":"disturbed-burials","icon":"💀","x":467.21,"y":188.86,"name":"Disturbed Burial","legend":"A burial site has been disturbed in this area, causing the dead to rise and attack the living."}},{"type":"Feature","geometry":{"type":"Point","coordinates":[-19.2031,-6.4273]},"properties":{"id":"marker415","type":"disturbed-burials","icon":"💀","x":709.25,"y":719.7,"name":"Disturbed Burial","legend":"A burial site has been disturbed in this area, causing the dead to rise and attack the living."}},{"type":"Feature","geometry":{"type":"Point","coordinates":[-55.3183,35.5617]},"properties":{"id":"marker416","type":"disturbed-burials","icon":"💀","x":245.19,"y":180.33,"name":"Disturbed Burial","legend":"A burial site has been disturbed in this area, causing the dead to rise and attack the living."}},{"type":"Feature","geometry":{"type":"Point","coordinates":[-28.5296,11.5751]},"properties":{"id":"marker417","type":"disturbed-burials","icon":"💀","x":589.41,"y":488.45,"name":"Disturbed Burial","legend":"A burial site has been disturbed in this area, causing the dead to rise and attack the living."}},{"type":"Feature","geometry":{"type":"Point","coordinates":[-35.2326,33.5929]},"properties":{"id":"marker418","type":"disturbed-burials","icon":"💀","x":503.28,"y":205.62,"name":"Disturbed Burial","legend":"A burial site has been disturbed in this area, causing the dead to rise and attack the living."}},{"type":"Feature","geometry":{"type":"Point","coordinates":[-44.2493,25.4772]},"properties":{"id":"marker419","type":"disturbed-burials","icon":"💀","x":387.42,"y":309.87,"name":"Disturbed Burial","legend":"A burial site has been disturbed in this area, causing the dead to rise and attack the living."}},{"type":"Feature","geometry":{"type":"Point","coordinates":[-55.958,-8.9488]},"properties":{"id":"marker420","type":"disturbed-burials","icon":"💀","x":236.97,"y":752.09,"name":"Disturbed Burial","legend":"A burial site has been disturbed in this area, causing the dead to rise and attack the living."}},{"type":"Feature","geometry":{"type":"Point","coordinates":[31.2122,-1.4388]},"properties":{"id":"marker421","type":"disturbed-burials","icon":"💀","x":1357.06,"y":655.62,"name":"Disturbed Burial","legend":"A burial site has been disturbed in this area, causing the dead to rise and attack the living."}},{"type":"Feature","geometry":{"type":"Point","coordinates":[-18.3183,24.241]},"properties":{"id":"marker422","type":"necropolises","icon":"🪦","x":720.62,"y":325.75,"name":"Whitfield Tomb","legend":"An eerie necropolis where nature intertwines with death. Overgrown tombstones are entwined by thorny vines, and mournful spirits wander among the fading petals of once-vibrant flowers."}},{"type":"Feature","geometry":{"type":"Point","coordinates":[44.5528,-13.5807]},"properties":{"id":"marker423","type":"necropolises","icon":"🪦","x":1528.48,"y":811.59,"name":"Jorngar Mausoleum","legend":"An eerie necropolis where nature intertwines with death. Overgrown tombstones are entwined by thorny vines, and mournful spirits wander among the fading petals of once-vibrant flowers."}},{"type":"Feature","geometry":{"type":"Point","coordinates":[35.1688,-20.872]},"properties":{"id":"marker424","type":"necropolises","icon":"🪦","x":1407.9,"y":905.25,"name":"Dannerg Necropolis","legend":"This cursed necropolis is veiled in perpetual twilight, perpetuating a sense of impending doom. Dark enchantments shroud the tombs, and the moans of anguished souls resound through its crumbling halls."}},{"type":"Feature","geometry":{"type":"Point","coordinates":[-52.157,3.2835]},"properties":{"id":"marker425","type":"necropolises","icon":"🪦","x":285.81,"y":594.96,"name":"Bhegh Graveyard","legend":"A labyrinthine necropolis where each step echoes with haunting murmurs. The walls are adorned with ancient runes, and restless spirits guide or hinder those who dare to delve into its depths."}},{"type":"Feature","geometry":{"type":"Point","coordinates":[-50.0449,30.4797]},"properties":{"id":"marker426","type":"necropolises","icon":"🪦","x":312.95,"y":245.61,"name":"Shifractes Graveyard","legend":"Rising from the desolate landscape, this sinister necropolis is a testament to necromantic power. Its skeletal spires cast ominous shadows, concealing forbidden knowledge and arcane secrets."}},{"type":"Feature","geometry":{"type":"Point","coordinates":[37.4988,-0.0601]},"properties":{"id":"marker427","type":"necropolises","icon":"🪦","x":1437.84,"y":637.91,"name":"Froth Necropolis","legend":"A desolate necropolis where an eerie stillness reigns. Time seems frozen amidst the decaying mausoleums, and the silence is broken only by the whispers of the wind and the rustle of tattered banners."}},{"type":"Feature","geometry":{"type":"Point","coordinates":[-44.1964,13.5875]},"properties":{"id":"marker428","type":"necropolises","icon":"🪦","x":388.1,"y":462.6,"name":"Brorzaz Sepulchre","legend":"An eerie necropolis where nature intertwines with death. Overgrown tombstones are entwined by thorny vines, and mournful spirits wander among the fading petals of once-vibrant flowers."}},{"type":"Feature","geometry":{"type":"Point","coordinates":[36.7478,-4.4826]},"properties":{"id":"marker429","type":"necropolises","icon":"🪦","x":1428.19,"y":694.72,"name":"Gorgathiz Necropolis","legend":"A foreboding necropolis shrouded in perpetual darkness, where eerie whispers echo through the winding corridors and spectral guardians stand watch over the tombs of long-forgotten souls."}},{"type":"Feature","geometry":{"type":"Point","coordinates":[-5.3847,38.4124]},"properties":{"id":"marker430","type":"necropolises","icon":"🪦","x":886.81,"y":143.71,"name":"Neltalumenil Crypt","legend":"A towering necropolis adorned with macabre sculptures and guarded by formidable undead sentinels. Its ancient halls house the remains of fallen heroes, entombed alongside their cherished relics."}},{"type":"Feature","geometry":{"type":"Point","coordinates":[-52.2162,-3.6084]},"properties":{"id":"marker431","type":"necropolises","icon":"🪦","x":285.05,"y":683.49,"name":"Mubrol Crypt","legend":"A desolate necropolis where an eerie stillness reigns. Time seems frozen amidst the decaying mausoleums, and the silence is broken only by the whispers of the wind and the rustle of tattered banners."}},{"type":"Feature","geometry":{"type":"Point","coordinates":[-62.2898,23.1114]},"properties":{"id":"marker432","type":"necropolises","icon":"🪦","x":155.61,"y":340.26,"name":"Grantrinch Necropolis","legend":"A desolate necropolis where an eerie stillness reigns. Time seems frozen amidst the decaying mausoleums, and the silence is broken only by the whispers of the wind and the rustle of tattered banners."}},{"type":"Feature","geometry":{"type":"Point","coordinates":[-49.62,31.4264]},"properties":{"id":"marker433","type":"encounters","icon":"🧙","x":318.41,"y":233.45,"name":"Random encounter","legend":"<div>You have encountered a character.</div><iframe src=\"https://deorum.vercel.app/encounter/13143\" width=\"375\" height=\"600\" sandbox=\"allow-scripts allow-same-origin allow-popups\"></iframe>"}},{"type":"Feature","geometry":{"type":"Point","coordinates":[-40.618,-3.5344]},"properties":{"id":"marker434","type":"encounters","icon":"🧙","x":434.08,"y":682.54,"name":"Random encounter","legend":"<div>You have encountered a character.</div><iframe src=\"https://deorum.vercel.app/encounter/54007\" width=\"375\" height=\"600\" sandbox=\"allow-scripts allow-same-origin allow-popups\"></iframe>"}},{"type":"Feature","geometry":{"type":"Point","coordinates":[-28.2183,-5.8551]},"properties":{"id":"marker435","type":"encounters","icon":"🧙","x":593.41,"y":712.35,"name":"Random encounter","legend":"<div>You have encountered a character.</div><iframe src=\"https://deorum.vercel.app/encounter/56691\" width=\"375\" height=\"600\" sandbox=\"allow-scripts allow-same-origin allow-popups\"></iframe>"}},{"type":"Feature","geometry":{"type":"Point","coordinates":[58.4577,0.0793]},"properties":{"id":"marker436","type":"encounters","icon":"🧙","x":1707.15,"y":636.12,"name":"Random encounter","legend":"<div>You have encountered a character.</div><iframe src=\"https://deorum.vercel.app/encounter/50138\" width=\"375\" height=\"600\" sandbox=\"allow-scripts allow-same-origin allow-popups\"></iframe>"}},{"type":"Feature","geometry":{"type":"Point","coordinates":[-54.3346,40.5019]},"properties":{"id":"marker437","type":"encounters","icon":"🧙","x":257.83,"y":116.87,"name":"Random encounter","legend":"<div>You have encountered a character.</div><iframe src=\"https://deorum.vercel.app/encounter/5040\" width=\"375\" height=\"600\" sandbox=\"allow-scripts allow-same-origin allow-popups\"></iframe>"}},{"type":"Feature","geometry":{"type":"Point","coordinates":[6.2228,35.304]},"properties":{"id":"marker438","type":"encounters","icon":"🧙","x":1035.96,"y":183.64,"name":"Random encounter","legend":"<div>You have encountered a character.</div><iframe src=\"https://deorum.vercel.app/encounter/9546\" width=\"375\" height=\"600\" sandbox=\"allow-scripts allow-same-origin allow-popups\"></iframe>"}},{"type":"Feature","geometry":{"type":"Point","coordinates":[-53.8155,31.0955]},"properties":{"id":"marker439","type":"encounters","icon":"🧙","x":264.5,"y":237.7,"name":"Random encounter","legend":"<div>You have encountered a character.</div><iframe src=\"https://deorum.vercel.app/encounter/13441\" width=\"375\" height=\"600\" sandbox=\"allow-scripts allow-same-origin allow-popups\"></iframe>"}},{"type":"Feature","geometry":{"type":"Point","coordinates":[48.6301,18.9769]},"properties":{"id":"marker440","type":"encounters","icon":"🧙","x":1580.87,"y":393.37,"name":"Random encounter","legend":"<div>You have encountered a character.</div><iframe src=\"https://deorum.vercel.app/encounter/27660\" width=\"375\" height=\"600\" sandbox=\"allow-scripts allow-same-origin allow-popups\"></iframe>"}},{"type":"Feature","geometry":{"type":"Point","coordinates":[18.5977,-1.4318]},"properties":{"id":"marker441","type":"encounters","icon":"🧙","x":1194.97,"y":655.53,"name":"Random encounter","legend":"<div>You have encountered a character.</div><iframe src=\"https://deorum.vercel.app/encounter/51522\" width=\"375\" height=\"600\" sandbox=\"allow-scripts allow-same-origin allow-popups\"></iframe>"}},{"type":"Feature","geometry":{"type":"Point","coordinates":[-14.5041,16.643]},"properties":{"id":"marker442","type":"encounters","icon":"🧙","x":769.63,"y":423.35,"name":"Random encounter","legend":"<div>You have encountered a character.</div><iframe src=\"https://deorum.vercel.app/encounter/30402\" width=\"375\" height=\"600\" sandbox=\"allow-scripts allow-same-origin allow-popups\"></iframe>"}},{"type":"Feature","geometry":{"type":"Point","coordinates":[-2.6756,-10.3329]},"properties":{"id":"marker443","type":"encounters","icon":"🧙","x":921.62,"y":769.87,"name":"Random encounter","legend":"<div>You have encountered a character.</div><iframe src=\"https://deorum.vercel.app/encounter/60966\" width=\"375\" height=\"600\" sandbox=\"allow-scripts allow-same-origin allow-popups\"></iframe>"}},{"type":"Feature","geometry":{"type":"Point","coordinates":[-52.9633,-15.9224]},"properties":{"id":"marker444","type":"encounters","icon":"🧙","x":275.45,"y":841.67,"name":"Random encounter","legend":"<div>You have encountered a character.</div><iframe src=\"https://deorum.vercel.app/encounter/64876\" width=\"375\" height=\"600\" sandbox=\"allow-scripts allow-same-origin allow-popups\"></iframe>"}},{"type":"Feature","geometry":{"type":"Point","coordinates":[30.3149,20.6086]},"properties":{"id":"marker445","type":"encounters","icon":"🧙","x":1345.53,"y":372.41,"name":"Random encounter","legend":"<div>You have encountered a character.</div><iframe src=\"https://deorum.vercel.app/encounter/25548\" width=\"375\" height=\"600\" sandbox=\"allow-scripts allow-same-origin allow-popups\"></iframe>"}},{"type":"Feature","geometry":{"type":"Point","coordinates":[-68.6488,24.3367]},"properties":{"id":"marker446","type":"encounters","icon":"🧙","x":73.9,"y":324.52,"name":"Random encounter","legend":"<div>You have encountered a character.</div><iframe src=\"https://deorum.vercel.app/encounter/21007\" width=\"375\" height=\"600\" sandbox=\"allow-scripts allow-same-origin allow-popups\"></iframe>"}},{"type":"Feature","geometry":{"type":"Point","coordinates":[38.5705,-8.3182]},"properties":{"id":"marker447","type":"encounters","icon":"🧙","x":1451.61,"y":743.99,"name":"Random encounter","legend":"<div>You have encountered a character.</div><iframe src=\"https://deorum.vercel.app/encounter/59290\" width=\"375\" height=\"600\" sandbox=\"allow-scripts allow-same-origin allow-popups\"></iframe>"}},{"type":"Feature","geometry":{"type":"Point","coordinates":[39.5853,7.4032]},"properties":{"id":"marker448","type":"encounters","icon":"🧙","x":1464.65,"y":542.04,"name":"Random encounter","legend":"<div>You have encountered a character.</div><iframe src=\"https://deorum.vercel.app/encounter/41606\" width=\"375\" height=\"600\" sandbox=\"allow-scripts allow-same-origin allow-popups\"></iframe>"}},{"type":"Feature","geometry":{"type":"Point","coordinates":[-38.1884,10.6939]},"properties":{"id":"marker449","type":"encounters","icon":"🧙","x":465.3,"y":499.77,"name":"Random encounter","legend":"<div>You have encountered a character.</div><iframe src=\"https://deorum.vercel.app/encounter/37602\" width=\"375\" height=\"600\" sandbox=\"allow-scripts allow-same-origin allow-popups\"></iframe>"}},{"type":"Feature","geometry":{"type":"Point","coordinates":[51.0807,27.7636]},"properties":{"id":"marker450","type":"encounters","icon":"🧙","x":1612.36,"y":280.5,"name":"Random encounter","legend":"<div>You have encountered a character.</div><iframe src=\"https://deorum.vercel.app/encounter/17460\" width=\"375\" height=\"600\" sandbox=\"allow-scripts allow-same-origin allow-popups\"></iframe>"}},{"type":"Feature","geometry":{"type":"Point","coordinates":[-14.2629,28.103]},"properties":{"id":"marker451","type":"encounters","icon":"🧙","x":772.73,"y":276.14,"name":"Random encounter","legend":"<div>You have encountered a character.</div><iframe src=\"https://deorum.vercel.app/encounter/16874\" width=\"375\" height=\"600\" sandbox=\"allow-scripts allow-same-origin allow-popups\"></iframe>"}},{"type":"Feature","geometry":{"type":"Point","coordinates":[-12.5328,23.7077]},"properties":{"id":"marker452","type":"encounters","icon":"🧙","x":794.96,"y":332.6,"name":"Random encounter","legend":"<div>You have encountered a character.</div><iframe src=\"https://deorum.vercel.app/encounter/21877\" width=\"375\" height=\"600\" sandbox=\"allow-scripts allow-same-origin allow-popups\"></iframe>"}},{"type":"Feature","geometry":{"type":"Point","coordinates":[-68.8052,22.9285]},"properties":{"id":"marker453","type":"encounters","icon":"🧙","x":71.89,"y":342.61,"name":"Random encounter","legend":"<div>You have encountered a character.</div><iframe src=\"https://deorum.vercel.app/encounter/22428\" width=\"375\" height=\"600\" sandbox=\"allow-scripts allow-same-origin allow-popups\"></iframe>"}},{"type":"Feature","geometry":{"type":"Point","coordinates":[33.7563,21.3271]},"properties":{"id":"marker454","type":"encounters","icon":"🧙","x":1389.75,"y":363.18,"name":"Random encounter","legend":"<div>You have encountered a character.</div><iframe src=\"https://deorum.vercel.app/encounter/24721\" width=\"375\" height=\"600\" sandbox=\"allow-scripts allow-same-origin allow-popups\"></iframe>"}},{"type":"Feature","geometry":{"type":"Point","coordinates":[29.9522,-5.4316]},"properties":{"id":"marker455","type":"encounters","icon":"🧙","x":1340.87,"y":706.91,"name":"Random encounter","legend":"<div>You have encountered a character.</div><iframe src=\"https://deorum.vercel.app/encounter/56142\" width=\"375\" height=\"600\" sandbox=\"allow-scripts allow-same-origin allow-popups\"></iframe>"}},{"type":"Feature","geometry":{"type":"Point","coordinates":[-51.7041,32.7887]},"properties":{"id":"marker456","type":"encounters","icon":"🧙","x":291.63,"y":215.95,"name":"Random encounter","legend":"<div>You have encountered a character.</div><iframe src=\"https://deorum.vercel.app/encounter/11828\" width=\"375\" height=\"600\" sandbox=\"allow-scripts allow-same-origin allow-popups\"></iframe>"}},{"type":"Feature","geometry":{"type":"Point","coordinates":[-60.2064,21.0243]},"properties":{"id":"marker457","type":"encounters","icon":"🧙","x":182.38,"y":367.07,"name":"Random encounter","legend":"<div>You have encountered a character.</div><iframe src=\"https://deorum.vercel.app/encounter/24852\" width=\"375\" height=\"600\" sandbox=\"allow-scripts allow-same-origin allow-popups\"></iframe>"}},{"type":"Feature","geometry":{"type":"Point","coordinates":[-35.3618,33.1538]},"properties":{"id":"marker458","type":"encounters","icon":"🧙","x":501.62,"y":211.26,"name":"Random encounter","legend":"<div>You have encountered a character.</div><iframe src=\"https://deorum.vercel.app/encounter/11539\" width=\"375\" height=\"600\" sandbox=\"allow-scripts allow-same-origin allow-popups\"></iframe>"}},{"type":"Feature","geometry":{"type":"Point","coordinates":[0.5518,2.3945]},"properties":{"id":"marker459","type":"encounters","icon":"🧙","x":963.09,"y":606.38,"name":"Random encounter","legend":"<div>You have encountered a character.</div><iframe src=\"https://deorum.vercel.app/encounter/47400\" width=\"375\" height=\"600\" sandbox=\"allow-scripts allow-same-origin allow-popups\"></iframe>"}},{"type":"Feature","geometry":{"type":"Point","coordinates":[-18.3012,6.5944]},"properties":{"id":"marker460","type":"encounters","icon":"🧙","x":720.84,"y":552.43,"name":"Random encounter","legend":"<div>You have encountered a character.</div><iframe src=\"https://deorum.vercel.app/encounter/42201\" width=\"375\" height=\"600\" sandbox=\"allow-scripts allow-same-origin allow-popups\"></iframe>"}},{"type":"Feature","geometry":{"type":"Point","coordinates":[63.9108,10.8659]},"properties":{"id":"marker461","type":"encounters","icon":"🧙","x":1777.22,"y":497.56,"name":"Random encounter","legend":"<div>You have encountered a character.</div><iframe src=\"https://deorum.vercel.app/encounter/37499\" width=\"375\" height=\"600\" sandbox=\"allow-scripts allow-same-origin allow-popups\"></iframe>"}},{"type":"Feature","geometry":{"type":"Point","coordinates":[-56.5471,-16.493]},"properties":{"id":"marker462","type":"encounters","icon":"🧙","x":229.4,"y":849,"name":"Random encounter","legend":"<div>You have encountered a character.</div><iframe src=\"https://deorum.vercel.app/encounter/65058\" width=\"375\" height=\"600\" sandbox=\"allow-scripts allow-same-origin allow-popups\"></iframe>"}},{"type":"Feature","geometry":{"type":"Point","coordinates":[47.6269,20.9698]},"properties":{"id":"marker463","type":"encounters","icon":"🧙","x":1567.98,"y":367.77,"name":"Random encounter","legend":"<div>You have encountered a character.</div><iframe src=\"https://deorum.vercel.app/encounter/25185\" width=\"375\" height=\"600\" sandbox=\"allow-scripts allow-same-origin allow-popups\"></iframe>"}},{"type":"Feature","geometry":{"type":"Point","coordinates":[-2.3768,3.4322]},"properties":{"id":"marker464","type":"encounters","icon":"🧙","x":925.46,"y":593.05,"name":"Random encounter","legend":"<div>You have encountered a character.</div><iframe src=\"https://deorum.vercel.app/encounter/46198\" width=\"375\" height=\"600\" sandbox=\"allow-scripts allow-same-origin allow-popups\"></iframe>"}},{"type":"Feature","geometry":{"type":"Point","coordinates":[17.1245,15.578]},"properties":{"id":"marker465","type":"encounters","icon":"🧙","x":1176.04,"y":437.03,"name":"Random encounter","legend":"<div>You have encountered a character.</div><iframe src=\"https://deorum.vercel.app/encounter/31657\" width=\"375\" height=\"600\" sandbox=\"allow-scripts allow-same-origin allow-popups\"></iframe>"}},{"type":"Feature","geometry":{"type":"Point","coordinates":[-11.3001,4.1834]},"properties":{"id":"marker466","type":"encounters","icon":"🧙","x":810.8,"y":583.4,"name":"Random encounter","legend":"<div>You have encountered a character.</div><iframe src=\"https://deorum.vercel.app/encounter/45005\" width=\"375\" height=\"600\" sandbox=\"allow-scripts allow-same-origin allow-popups\"></iframe>"}},{"type":"Feature","geometry":{"type":"Point","coordinates":[7.6112,-4.506]},"properties":{"id":"marker467","type":"encounters","icon":"🧙","x":1053.8,"y":695.02,"name":"Random encounter","legend":"<div>You have encountered a character.</div><iframe src=\"https://deorum.vercel.app/encounter/55324\" width=\"375\" height=\"600\" sandbox=\"allow-scripts allow-same-origin allow-popups\"></iframe>"}},{"type":"Feature","geometry":{"type":"Point","coordinates":[25.6672,24.6769]},"properties":{"id":"marker468","type":"encounters","icon":"🧙","x":1285.81,"y":320.15,"name":"Random encounter","legend":"<div>You have encountered a character.</div><iframe src=\"https://deorum.vercel.app/encounter/20898\" width=\"375\" height=\"600\" sandbox=\"allow-scripts allow-same-origin allow-popups\"></iframe>"}},{"type":"Feature","geometry":{"type":"Point","coordinates":[-46.3366,-8.4825]},"properties":{"id":"marker469","type":"encounters","icon":"🧙","x":360.6,"y":746.1,"name":"Random encounter","legend":"<div>You have encountered a character.</div><iframe src=\"https://deorum.vercel.app/encounter/59091\" width=\"375\" height=\"600\" sandbox=\"allow-scripts allow-same-origin allow-popups\"></iframe>"}},{"type":"Feature","geometry":{"type":"Point","coordinates":[52.1236,-6.2568]},"properties":{"id":"marker470","type":"encounters","icon":"🧙","x":1625.76,"y":717.51,"name":"Random encounter","legend":"<div>You have encountered a character.</div><iframe src=\"https://deorum.vercel.app/encounter/57276\" width=\"375\" height=\"600\" sandbox=\"allow-scripts allow-same-origin allow-popups\"></iframe>"}},{"type":"Feature","geometry":{"type":"Point","coordinates":[55.9813,21.3069]},"properties":{"id":"marker471","type":"encounters","icon":"🧙","x":1675.33,"y":363.44,"name":"Random encounter","legend":"<div>You have encountered a character.</div><iframe src=\"https://deorum.vercel.app/encounter/24797\" width=\"375\" height=\"600\" sandbox=\"allow-scripts allow-same-origin allow-popups\"></iframe>"}},{"type":"Feature","geometry":{"type":"Point","coordinates":[-13.6442,25.1736]},"properties":{"id":"marker472","type":"encounters","icon":"🧙","x":780.68,"y":313.77,"name":"Random encounter","legend":"<div>You have encountered a character.</div><iframe src=\"https://deorum.vercel.app/encounter/20157\" width=\"375\" height=\"600\" sandbox=\"allow-scripts allow-same-origin allow-popups\"></iframe>"}},{"type":"Feature","geometry":{"type":"Point","coordinates":[-30.1826,3.3146]},"properties":{"id":"marker473","type":"encounters","icon":"🧙","x":568.17,"y":594.56,"name":"Random encounter","legend":"<div>You have encountered a character.</div><iframe src=\"https://deorum.vercel.app/encounter/46112\" width=\"375\" height=\"600\" sandbox=\"allow-scripts allow-same-origin allow-popups\"></iframe>"}},{"type":"Feature","geometry":{"type":"Point","coordinates":[-8.1653,3.9032]},"properties":{"id":"marker474","type":"encounters","icon":"🧙","x":851.08,"y":587,"name":"Random encounter","legend":"<div>You have encountered a character.</div><iframe src=\"https://deorum.vercel.app/encounter/45408\" width=\"375\" height=\"600\" sandbox=\"allow-scripts allow-same-origin allow-popups\"></iframe>"}},{"type":"Feature","geometry":{"type":"Point","coordinates":[18.0646,9.4997]},"properties":{"id":"marker475","type":"encounters","icon":"🧙","x":1188.12,"y":515.11,"name":"Random encounter","legend":"<div>You have encountered a character.</div><iframe src=\"https://deorum.vercel.app/encounter/38977\" width=\"375\" height=\"600\" sandbox=\"allow-scripts allow-same-origin allow-popups\"></iframe>"}},{"type":"Feature","geometry":{"type":"Point","coordinates":[-16.3314,1.0064]},"properties":{"id":"marker476","type":"encounters","icon":"🧙","x":746.15,"y":624.21,"name":"Random encounter","legend":"<div>You have encountered a character.</div><iframe src=\"https://deorum.vercel.app/encounter/48795\" width=\"375\" height=\"600\" sandbox=\"allow-scripts allow-same-origin allow-popups\"></iframe>"}},{"type":"Feature","geometry":{"type":"Point","coordinates":[44.8268,-7.1279]},"properties":{"id":"marker477","type":"encounters","icon":"🧙","x":1532,"y":728.7,"name":"Random encounter","legend":"<div>You have encountered a character.</div><iframe src=\"https://deorum.vercel.app/encounter/58288\" width=\"375\" height=\"600\" sandbox=\"allow-scripts allow-same-origin allow-popups\"></iframe>"}},{"type":"Feature","geometry":{"type":"Point","coordinates":[47.1957,-11.3878]},"properties":{"id":"marker478","type":"encounters","icon":"🧙","x":1562.44,"y":783.42,"name":"Random encounter","legend":"<div>You have encountered a character.</div><iframe src=\"https://deorum.vercel.app/encounter/61945\" width=\"375\" height=\"600\" sandbox=\"allow-scripts allow-same-origin allow-popups\"></iframe>"}},{"type":"Feature","geometry":{"type":"Point","coordinates":[-51.1749,-23.6286]},"properties":{"id":"marker479","type":"encounters","icon":"🧙","x":298.43,"y":940.66,"name":"Random encounter","legend":"<div>You have encountered a character.</div><iframe src=\"https://deorum.vercel.app/encounter/69155\" width=\"375\" height=\"600\" sandbox=\"allow-scripts allow-same-origin allow-popups\"></iframe>"}},{"type":"Feature","geometry":{"type":"Point","coordinates":[37.7097,13.1484]},"properties":{"id":"marker480","type":"encounters","icon":"🧙","x":1440.55,"y":468.24,"name":"Random encounter","legend":"<div>You have encountered a character.</div><iframe src=\"https://deorum.vercel.app/encounter/34644\" width=\"375\" height=\"600\" sandbox=\"allow-scripts allow-same-origin allow-popups\"></iframe>"}},{"type":"Feature","geometry":{"type":"Point","coordinates":[59.9473,-11.5824]},"properties":{"id":"marker481","type":"encounters","icon":"🧙","x":1726.29,"y":785.92,"name":"Random encounter","legend":"<div>You have encountered a character.</div><iframe src=\"https://deorum.vercel.app/encounter/62260\" width=\"375\" height=\"600\" sandbox=\"allow-scripts allow-same-origin allow-popups\"></iframe>"}},{"type":"Feature","geometry":{"type":"Point","coordinates":[27.0953,-8.8849]},"properties":{"id":"marker482","type":"encounters","icon":"🧙","x":1304.16,"y":751.27,"name":"Random encounter","legend":"<div>You have encountered a character.</div><iframe src=\"https://deorum.vercel.app/encounter/59862\" width=\"375\" height=\"600\" sandbox=\"allow-scripts allow-same-origin allow-popups\"></iframe>"}},{"type":"Feature","geometry":{"type":"Point","coordinates":[-25.2828,35.1101]},"properties":{"id":"marker483","type":"encounters","icon":"🧙","x":631.13,"y":186.13,"name":"Random encounter","legend":"<div>You have encountered a character.</div><iframe src=\"https://deorum.vercel.app/encounter/9446\" width=\"375\" height=\"600\" sandbox=\"allow-scripts allow-same-origin allow-popups\"></iframe>"}},{"type":"Feature","geometry":{"type":"Point","coordinates":[50.1461,6.4208]},"properties":{"id":"marker484","type":"encounters","icon":"🧙","x":1600.35,"y":554.66,"name":"Random encounter","legend":"<div>You have encountered a character.</div><iframe src=\"https://deorum.vercel.app/encounter/42780\" width=\"375\" height=\"600\" sandbox=\"allow-scripts allow-same-origin allow-popups\"></iframe>"}},{"type":"Feature","geometry":{"type":"Point","coordinates":[-2.5277,3.1107]},"properties":{"id":"marker485","type":"encounters","icon":"🧙","x":923.52,"y":597.18,"name":"Random encounter","legend":"<div>You have encountered a character.</div><iframe src=\"https://deorum.vercel.app/encounter/46593\" width=\"375\" height=\"600\" sandbox=\"allow-scripts allow-same-origin allow-popups\"></iframe>"}},{"type":"Feature","geometry":{"type":"Point","coordinates":[-37.1159,20.7145]},"properties":{"id":"marker486","type":"encounters","icon":"🧙","x":479.08,"y":371.05,"name":"Random encounter","legend":"<div>You have encountered a character.</div><iframe src=\"https://deorum.vercel.app/encounter/25336\" width=\"375\" height=\"600\" sandbox=\"allow-scripts allow-same-origin allow-popups\"></iframe>"}},{"type":"Feature","geometry":{"type":"Point","coordinates":[-18.4949,2.709]},"properties":{"id":"marker487","type":"encounters","icon":"🧙","x":718.35,"y":602.34,"name":"Random encounter","legend":"<div>You have encountered a character.</div><iframe src=\"https://deorum.vercel.app/encounter/46936\" width=\"375\" height=\"600\" sandbox=\"allow-scripts allow-same-origin allow-popups\"></iframe>"}},{"type":"Feature","geometry":{"type":"Point","coordinates":[20.3394,23.2103]},"properties":{"id":"marker488","type":"encounters","icon":"🧙","x":1217.35,"y":338.99,"name":"Random encounter","legend":"<div>You have encountered a character.</div><iframe src=\"https://deorum.vercel.app/encounter/22293\" width=\"375\" height=\"600\" sandbox=\"allow-scripts allow-same-origin allow-popups\"></iframe>"}},{"type":"Feature","geometry":{"type":"Point","coordinates":[41.541,-23.5655]},"properties":{"id":"marker489","type":"encounters","icon":"🧙","x":1489.78,"y":939.85,"name":"Random encounter","legend":"<div>You have encountered a character.</div><iframe src=\"https://deorum.vercel.app/encounter/69223\" width=\"375\" height=\"600\" sandbox=\"allow-scripts allow-same-origin allow-popups\"></iframe>"}},{"type":"Feature","geometry":{"type":"Point","coordinates":[2.274,4.9993]},"properties":{"id":"marker490","type":"encounters","icon":"🧙","x":985.22,"y":572.92,"name":"Random encounter","legend":"<div>You have encountered a character.</div><iframe src=\"https://deorum.vercel.app/encounter/44274\" width=\"375\" height=\"600\" sandbox=\"allow-scripts allow-same-origin allow-popups\"></iframe>"}},{"type":"Feature","geometry":{"type":"Point","coordinates":[-10.6798,27.1595]},"properties":{"id":"marker491","type":"encounters","icon":"🧙","x":818.77,"y":288.26,"name":"Random encounter","legend":"<div>You have encountered a character.</div><iframe src=\"https://deorum.vercel.app/encounter/18033\" width=\"375\" height=\"600\" sandbox=\"allow-scripts allow-same-origin allow-popups\"></iframe>"}},{"type":"Feature","geometry":{"type":"Point","coordinates":[-9.549,4.4403]},"properties":{"id":"marker492","type":"encounters","icon":"🧙","x":833.3,"y":580.1,"name":"Random encounter","legend":"<div>You have encountered a character.</div><iframe src=\"https://deorum.vercel.app/encounter/45014\" width=\"375\" height=\"600\" sandbox=\"allow-scripts allow-same-origin allow-popups\"></iframe>"}},{"type":"Feature","geometry":{"type":"Point","coordinates":[-61.4578,-4.5589]},"properties":{"id":"marker493","type":"encounters","icon":"🧙","x":166.3,"y":695.7,"name":"Random encounter","legend":"<div>You have encountered a character.</div><iframe src=\"https://deorum.vercel.app/encounter/54689\" width=\"375\" height=\"600\" sandbox=\"allow-scripts allow-same-origin allow-popups\"></iframe>"}},{"type":"Feature","geometry":{"type":"Point","coordinates":[-68.848,46.4767]},"properties":{"id":"marker494","type":"encounters","icon":"🧙","x":71.34,"y":40.12,"name":"Random encounter","legend":"<div>You have encountered a character.</div><iframe src=\"https://deorum.vercel.app/encounter/1059\" width=\"375\" height=\"600\" sandbox=\"allow-scripts allow-same-origin allow-popups\"></iframe>"}},{"type":"Feature","geometry":{"type":"Point","coordinates":[-62.9668,36.1066]},"properties":{"id":"marker495","type":"encounters","icon":"🧙","x":146.91,"y":173.33,"name":"Random encounter","legend":"<div>You have encountered a character.</div><iframe src=\"https://deorum.vercel.app/encounter/8429\" width=\"375\" height=\"600\" sandbox=\"allow-scripts allow-same-origin allow-popups\"></iframe>"}},{"type":"Feature","geometry":{"type":"Point","coordinates":[-58.2842,23.6431]},"properties":{"id":"marker496","type":"encounters","icon":"🧙","x":207.08,"y":333.43,"name":"Random encounter","legend":"<div>You have encountered a character.</div><iframe src=\"https://deorum.vercel.app/encounter/21739\" width=\"375\" height=\"600\" sandbox=\"allow-scripts allow-same-origin allow-popups\"></iframe>"}},{"type":"Feature","geometry":{"type":"Point","coordinates":[-22.8889,36.3596]},"properties":{"id":"marker497","type":"encounters","icon":"🧙","x":661.89,"y":170.08,"name":"Random encounter","legend":"<div>You have encountered a character.</div><iframe src=\"https://deorum.vercel.app/encounter/8272\" width=\"375\" height=\"600\" sandbox=\"allow-scripts allow-same-origin allow-popups\"></iframe>"}},{"type":"Feature","geometry":{"type":"Point","coordinates":[42.4695,2.0317]},"properties":{"id":"marker498","type":"encounters","icon":"🧙","x":1501.71,"y":611.04,"name":"Random encounter","legend":"<div>You have encountered a character.</div><iframe src=\"https://deorum.vercel.app/encounter/47876\" width=\"375\" height=\"600\" sandbox=\"allow-scripts allow-same-origin allow-popups\"></iframe>"}},{"type":"Feature","geometry":{"type":"Point","coordinates":[-20.8911,-3.5142]},"properties":{"id":"marker499","type":"encounters","icon":"🧙","x":687.56,"y":682.28,"name":"Random encounter","legend":"<div>You have encountered a character.</div><iframe src=\"https://deorum.vercel.app/encounter/54067\" width=\"375\" height=\"600\" sandbox=\"allow-scripts allow-same-origin allow-popups\"></iframe>"}},{"type":"Feature","geometry":{"type":"Point","coordinates":[-72.5268,30.6564]},"properties":{"id":"marker500","type":"encounters","icon":"🧙","x":24.07,"y":243.34,"name":"Random encounter","legend":"<div>You have encountered a character.</div><iframe src=\"https://deorum.vercel.app/encounter/14069\" width=\"375\" height=\"600\" sandbox=\"allow-scripts allow-same-origin allow-popups\"></iframe>"}},{"type":"Feature","geometry":{"type":"Point","coordinates":[59.7208,-12.0043]},"properties":{"id":"marker501","type":"encounters","icon":"🧙","x":1723.38,"y":791.34,"name":"Random encounter","legend":"<div>You have encountered a character.</div><iframe src=\"https://deorum.vercel.app/encounter/62520\" width=\"375\" height=\"600\" sandbox=\"allow-scripts allow-same-origin allow-popups\"></iframe>"}},{"type":"Feature","geometry":{"type":"Point","coordinates":[-37.3681,47.3307]},"properties":{"id":"marker502","type":"encounters","icon":"🧙","x":475.84,"y":29.15,"name":"Random encounter","legend":"<div>You have encountered a character.</div><iframe src=\"https://deorum.vercel.app/encounter/745\" width=\"375\" height=\"600\" sandbox=\"allow-scripts allow-same-origin allow-popups\"></iframe>"}},{"type":"Feature","geometry":{"type":"Point","coordinates":[-59.5044,-12.6785]},"properties":{"id":"marker503","type":"encounters","icon":"🧙","x":191.4,"y":800,"name":"Random encounter","legend":"<div>You have encountered a character.</div><iframe src=\"https://deorum.vercel.app/encounter/62788\" width=\"375\" height=\"600\" sandbox=\"allow-scripts allow-same-origin allow-popups\"></iframe>"}},{"type":"Feature","geometry":{"type":"Point","coordinates":[31.2877,21.5397]},"properties":{"id":"marker504","type":"encounters","icon":"🧙","x":1358.03,"y":360.45,"name":"Random encounter","legend":"<div>You have encountered a character.</div><iframe src=\"https://deorum.vercel.app/encounter/24295\" width=\"375\" height=\"600\" sandbox=\"allow-scripts allow-same-origin allow-popups\"></iframe>"}},{"type":"Feature","geometry":{"type":"Point","coordinates":[38.7098,-22.7505]},"properties":{"id":"marker505","type":"encounters","icon":"🧙","x":1453.4,"y":929.38,"name":"Random encounter","legend":"<div>You have encountered a character.</div><iframe src=\"https://deorum.vercel.app/encounter/68924\" width=\"375\" height=\"600\" sandbox=\"allow-scripts allow-same-origin allow-popups\"></iframe>"}},{"type":"Feature","geometry":{"type":"Point","coordinates":[45.1505,-16.6433]},"properties":{"id":"marker506","type":"encounters","icon":"🧙","x":1536.16,"y":850.93,"name":"Random encounter","legend":"<div>You have encountered a character.</div><iframe src=\"https://deorum.vercel.app/encounter/65380\" width=\"375\" height=\"600\" sandbox=\"allow-scripts allow-same-origin allow-popups\"></iframe>"}},{"type":"Feature","geometry":{"type":"Point","coordinates":[52.5158,9.0069]},"properties":{"id":"marker507","type":"encounters","icon":"🧙","x":1630.8,"y":521.44,"name":"Random encounter","legend":"<div>You have encountered a character.</div><iframe src=\"https://deorum.vercel.app/encounter/39823\" width=\"375\" height=\"600\" sandbox=\"allow-scripts allow-same-origin allow-popups\"></iframe>"}},{"type":"Feature","geometry":{"type":"Point","coordinates":[-65.7203,35.7648]},"properties":{"id":"marker508","type":"encounters","icon":"🧙","x":111.53,"y":177.72,"name":"Random encounter","legend":"<div>You have encountered a character.</div><iframe src=\"https://deorum.vercel.app/encounter/8712\" width=\"375\" height=\"600\" sandbox=\"allow-scripts allow-same-origin allow-popups\"></iframe>"}},{"type":"Feature","geometry":{"type":"Point","coordinates":[-63.3225,42.6925]},"properties":{"id":"marker509","type":"encounters","icon":"🧙","x":142.34,"y":88.73,"name":"Random encounter","legend":"<div>You have encountered a character.</div><iframe src=\"https://deorum.vercel.app/encounter/3384\" width=\"375\" height=\"600\" sandbox=\"allow-scripts allow-same-origin allow-popups\"></iframe>"}},{"type":"Feature","geometry":{"type":"Point","coordinates":[-38.7845,18.01]},"properties":{"id":"marker510","type":"encounters","icon":"🧙","x":457.64,"y":405.79,"name":"Random encounter","legend":"<div>You have encountered a character.</div><iframe src=\"https://deorum.vercel.app/encounter/28670\" width=\"375\" height=\"600\" sandbox=\"allow-scripts allow-same-origin allow-popups\"></iframe>"}},{"type":"Feature","geometry":{"type":"Point","coordinates":[23.7714,-3.9182]},"properties":{"id":"marker511","type":"encounters","icon":"🧙","x":1261.45,"y":687.47,"name":"Random encounter","legend":"<div>You have encountered a character.</div><iframe src=\"https://deorum.vercel.app/encounter/54567\" width=\"375\" height=\"600\" sandbox=\"allow-scripts allow-same-origin allow-popups\"></iframe>"}},{"type":"Feature","geometry":{"type":"Point","coordinates":[48.1086,8.9244]},"properties":{"id":"marker512","type":"encounters","icon":"🧙","x":1574.17,"y":522.5,"name":"Random encounter","legend":"<div>You have encountered a character.</div><iframe src=\"https://deorum.vercel.app/encounter/39809\" width=\"375\" height=\"600\" sandbox=\"allow-scripts allow-same-origin allow-popups\"></iframe>"}},{"type":"Feature","geometry":{"type":"Point","coordinates":[-24.3154,0.7729]},"properties":{"id":"marker513","type":"encounters","icon":"🧙","x":643.56,"y":627.21,"name":"Random encounter","legend":"<div>You have encountered a character.</div><iframe src=\"https://deorum.vercel.app/encounter/49115\" width=\"375\" height=\"600\" sandbox=\"allow-scripts allow-same-origin allow-popups\"></iframe>"}},{"type":"Feature","geometry":{"type":"Point","coordinates":[34.817,-11.612]},"properties":{"id":"marker514","type":"encounters","icon":"🧙","x":1403.38,"y":786.3,"name":"Random encounter","legend":"<div>You have encountered a character.</div><iframe src=\"https://deorum.vercel.app/encounter/62184\" width=\"375\" height=\"600\" sandbox=\"allow-scripts allow-same-origin allow-popups\"></iframe>"}},{"type":"Feature","geometry":{"type":"Point","coordinates":[-20.9503,44.3172]},"properties":{"id":"marker515","type":"party","icon":"🚩","x":686.8,"y":67.86,"name":"The Party","legend":"Current location of the adventuring party.","size":46,"fill":"#ffffff","stroke":"#d4351c"}}]}