{"type":"FeatureCollection","features":[{"type":"Feature","geometry":{"type":"LineString","coordinates":[[-23.6321,31.5431],[-23.7146,31.4046],[-23.7909,31.2512],[-23.8329,31.1064],[-23.801,30.978],[-23.7753,30.7997],[-23.7465,30.6284],[-23.6127,30.4151],[-23.4407,30.2937],[-23.2741,30.1691],[-23.0671,30.1847],[-22.8539,30.1971],[-22.6313,30.3326],[-22.4297,30.412],[-22.2554,30.3941],[-21.9931,30.317],[-21.7301,30.2368],[-21.5161,30.0695],[-21.4328,29.8748],[-21.3028,29.7495],[-21.1363,29.7347],[-20.8787,29.6623],[-20.639,29.5853],[-20.5511,29.319],[-20.5262,29.1112],[-20.3261,29.017],[-20.0631,29.0092],[-19.7674,29.0512],[-19.5347,28.9765],[-19.2911,29.0123],[-19.0203,28.978],[-18.7549,28.9446],[-18.6669,28.8473],[-18.6467,28.7445],[-18.5455,28.5499],[-18.4856,28.3132],[-18.2763,28.0859],[-18.1727,27.9567],[-18.1486,27.794],[-17.8934,27.5939],[-17.6708,27.4071],[-17.2614,27.3121],[-17.1603,27.242],[-17.0279,26.9851],[-16.8077,26.8925],[-16.6248,26.8146],[-16.4443,26.8528],[-16.2505,26.8909],[-16.0326,26.8248],[-15.8139,26.9306],[-15.6271,26.9275],[-15.4715,26.8216],[-15.3306,26.6909],[-15.1757,26.6426],[-15.0045,26.6776]]},"properties":{"id":0,"group":"roads","name":"Chainan route"}},{"type":"Feature","geometry":{"type":"LineString","coordinates":[[-14.771,26.448],[-14.6777,26.4791],[-14.3469,26.4075],[-14.1578,26.3943],[-13.9772,26.2884],[-13.7562,26.237],[-13.501,26.1599],[-13.2675,26.1374],[-12.9227,26.2604],[-12.5507,26.4098],[-12.3243,26.353],[-12.0488,26.4223],[-11.8877,26.3343],[-11.6682,26.3546],[-11.5468,26.4472],[-11.3764,26.4277],[-11.009,26.4036],[-10.6635,26.448],[-10.2674,26.2448],[-10.0915,26.325],[-9.9895,26.4744],[-9.8276,26.7072],[-9.6868,26.7913],[-9.2533,26.7765],[-9.1568,26.5328],[-8.9257,26.564],[-8.6011,26.5188],[-8.2128,26.325],[-8.0758,26.353],[-7.9147,26.3888],[-7.7427,26.4511],[-7.5225,26.5453],[-7.1676,26.504]]},"properties":{"id":1,"group":"roads","name":"The Sacred Burning highway"}},{"type":"Feature","geometry":{"type":"LineString","coordinates":[[-6.9007,26.7851],[-6.7909,26.5928],[-6.6649,26.3662],[-6.5481,26.4238],[-6.4049,26.4013],[-6.2415,26.2907]]},"properties":{"id":2,"group":"roads","name":"Ember road"}},{"type":"Feature","geometry":{"type":"LineString","coordinates":[[-22.1978,12.4213],[-22.1931,12.9834],[-22.3231,13.1593],[-22.4554,13.2208],[-22.7511,13.3275],[-22.9901,13.5299],[-23.1123,13.5221],[-23.3753,13.5844],[-23.6562,13.8062],[-23.7769,14.0258],[-23.7457,14.2212],[-23.6453,14.3551],[-23.6469,14.4843],[-23.8018,14.7038],[-23.9115,14.9257],[-23.9294,15.1452],[-23.9893,15.529],[-24.0742,15.6084],[-24.1909,15.849],[-24.4298,16.0529],[-24.7318,16.0778],[-24.8376,16.316],[-24.903,16.5986],[-25.0672,16.8485],[-25.0547,17.3211],[-25.1225,17.6107],[-25.0314,17.8123],[-24.9271,17.9446],[-24.9014,18.1338],[-24.7022,18.3276],[-24.6968,18.4787],[-24.7979,18.6912],[-24.7816,18.8897],[-24.9606,19.1139],[-25.1754,19.3451],[-25.3629,19.5569],[-25.4874,19.7141],[-25.6096,19.8644],[-25.5847,20.1765],[-25.7209,20.3525],[-25.8594,20.5284],[-25.8921,20.7573],[-25.861,20.9869],[-25.7715,21.2026],[-25.8065,21.4034],[-25.9093,21.5988],[-26.0525,21.7234],[-26.1754,21.9958],[-26.163,22.2706],[-26.1645,22.4964],[-26.0384,22.8459],[-25.9676,23.0234],[-25.9318,23.2048],[-25.9007,23.429],[-26.0665,23.7054],[-26.0883,23.8549],[-26.2244,24.2721],[-26.4532,24.5111],[-26.6237,24.6738],[-26.6782,24.8342],[-26.6634,25.0545],[-26.5778,25.1938],[-26.5108,25.5192],[-26.5926,25.7489],[-26.7848,25.9186],[-26.8385,26.2105],[-26.7451,26.5235],[-26.9467,26.8979],[-27.019,27.0256],[-27.026,27.179],[-27.1529,27.502],[-27.0751,27.6694],[-26.8976,27.7667],[-26.6937,28.0516],[-26.5108,28.2252],[-26.44,28.4565],[-26.2696,28.6355],[-26.0665,28.8722],[-25.9023,28.9671],[-25.7637,29.0715],[-25.5326,29.2022],[-25.3559,29.4864],[-25.1925,29.7145],[-24.7847,29.927],[-24.8625,30.3443],[-24.6119,30.3941],[-24.4143,30.5848],[-24.3045,30.809],[-24.0539,30.9624],[-23.8329,31.1064]]},"properties":{"id":3,"group":"roads","name":"Binargzig road"}},{"type":"Feature","geometry":{"type":"LineString","coordinates":[[-6.4049,26.4013],[-6.6649,26.3662]]},"properties":{"id":4,"group":"roads","name":null}},{"type":"Feature","geometry":{"type":"LineString","coordinates":[[-12.3243,26.353],[-12.4036,26.0058],[-12.4931,25.8166],[-12.5927,25.4788],[-12.6846,25.2585],[-12.6939,24.8498],[-12.9274,24.5905],[-12.9834,24.3072],[-13.1188,24.1538],[-13.2371,23.9218],[-13.4582,23.8486],[-13.6986,23.6665],[-14.0278,23.475],[-14.2924,23.1939],[-14.487,23.1737],[-14.8185,22.9036],[-14.915,22.6607],[-15.0567,22.4684],[-15.1018,22.2761],[-15.2824,21.9873],[-15.4964,21.8386],[-15.6536,21.7062],[-15.845,21.6292],[-16.0341,21.5591],[-16.2715,21.3481],[-16.4209,21.2555],[-16.5711,21.1668],[-16.7454,21.0523],[-17.0513,21.0142],[-17.3525,20.9838],[-17.5727,20.8982],[-17.9299,20.8219],[-18.2654,20.9659],[-18.4132,20.9737],[-18.6934,21.0453],[-18.9743,21.1216],[-19.2708,21.1956],[-19.5884,21.2719],[-19.8779,21.3575],[-19.9977,21.4875],[-20.281,21.5762],[-20.4756,21.6214],[-20.6662,21.6673],[-20.8499,21.8822],[-21.0896,22.0379],[-21.2927,22.0184],[-21.499,22.006],[-21.7752,21.7927],[-21.8103,21.5482],[-22.0243,21.3723],[-22.2313,21.1987],[-22.4367,21.1854],[-22.6157,21.1309],[-22.7403,21.0064],[-22.8422,20.846],[-22.9473,20.6047],[-22.8881,20.4303],[-22.8235,20.2528],[-22.7169,20.1111],[-22.6087,19.9718],[-22.3823,19.8776],[-22.155,19.7896],[-22.0173,19.7764],[-21.9379,19.7281],[-21.7752,19.5351],[-21.6141,19.3428],[-21.2414,19.1474],[-20.9153,19.1964],[-20.8351,19.0259],[-20.6981,18.8274],[-20.6476,18.4615],[-20.5931,18.112],[-20.4872,17.8722],[-20.4296,17.7508],[-20.2857,17.648],[-20.1269,17.3935],[-19.8475,17.2051],[-19.6491,16.896],[-19.4125,16.7154],[-19.2623,16.6866],[-18.9922,16.4858],[-18.8444,16.144],[-18.7331,15.9922],[-18.4926,15.7587],[-18.2856,15.6948],[-18.0397,15.6582],[-17.7922,15.6286],[-17.5323,15.6777],[-17.3237,15.6349],[-17.1174,15.5858],[-16.9696,15.4013],[-16.8723,15.2067],[-16.7828,15.0113],[-16.7556,14.7941],[-16.5493,14.6532],[-16.41,14.559],[-16.3275,14.4049],[-16.3003,14.1846],[-16.1828,13.9915],[-16.024,13.8677],[-15.8131,13.793],[-15.5828,13.7634],[-15.4403,13.6879],[-15.203,13.7486],[-14.8738,13.5984],[-14.6971,13.4909],[-14.4489,13.2309],[-14.2037,13.1406],[-13.9772,12.9616],[-13.7998,12.7483],[-13.6893,12.5241],[-13.4286,12.3232],[-13.2581,12.2391],[-13.1033,12.0025],[-12.8262,11.5159],[-12.7289,11.3711],[-12.5056,11.1991],[-12.2916,10.9975],[-12.167,10.7164],[-11.9982,10.5701],[-11.7616,10.3638],[-11.6954,10.2704],[-11.7188,10.0072],[-11.6013,9.8041],[-11.4168,9.6873],[-11.2472,9.6001],[-10.9966,9.5861],[-10.7864,9.5557],[-10.5584,9.5845],[-10.3039,9.6896],[-10.037,9.6834],[-9.6673,9.7169]]},"properties":{"id":5,"group":"roads","name":"Glimmering road"}},{"type":"Feature","geometry":{"type":"LineString","coordinates":[[-18.4926,15.7587],[-18.6412,15.4761],[-18.8023,15.3935],[-18.9712,15.3126],[-19.2662,15.29],[-19.4864,15.1452],[-19.6351,14.9732],[-19.779,14.7996],[-19.965,14.6392],[-19.9853,14.4204],[-20.0001,14.2056],[-19.8919,14.0234],[-19.825,13.8272],[-19.8467,13.589],[-20.032,13.3773],[-20.2981,13.3415],[-20.3798,13.273],[-20.569,13.2683],[-20.7565,13.2138],[-20.9425,13.0581],[-21.1277,12.8495],[-21.3394,12.8323],[-21.555,12.8152],[-21.7978,12.8643],[-22.0165,12.7701],[-22.1978,12.4213]]},"properties":{"id":6,"group":"roads","name":"Burning road"}},{"type":"Feature","geometry":{"type":"LineString","coordinates":[[-23.6321,31.5431],[-23.7932,31.7378],[-23.9621,31.8273],[-24.1263,31.9152],[-24.3279,31.8896],[-24.5263,31.8608],[-24.7403,31.9674],[-24.8431,32.1301],[-24.8337,32.3411],[-24.7878,32.6089],[-24.8812,32.8798],[-24.9746,33.1242],[-24.9902,33.2862],[-24.938,33.5407],[-24.9061,33.8147],[-24.9038,34.0615],[-24.9746,34.2577],[-25.0734,34.4196],[-25.075,34.6142],[-24.9388,34.759],[-24.7069,34.8307],[-24.4781,34.9443],[-24.2547,34.949]]},"properties":{"id":7,"group":"roads","name":"Chabenoy road"}},{"type":"Feature","geometry":{"type":"LineString","coordinates":[[-11.7188,10.0072],[-11.9546,10.0368],[-12.1624,9.9247],[-12.413,9.8041],[-12.662,9.6811],[-12.7608,9.6055],[-12.8441,9.4514],[-12.9375,9.1229],[-13.0932,8.9454],[-13.1422,8.6192],[-13.2636,8.4386],[-13.4192,8.3265],[-13.6908,8.1054],[-13.8488,7.8703],[-13.8862,7.6282],[-13.9625,7.3931],[-14.1399,7.2405],[-14.3002,7.1105],[-14.4948,7.049],[-14.7539,6.8396],[-14.8707,6.7423],[-15.0987,6.6948],[-15.2816,6.5173],[-15.4956,6.5804],[-15.6793,6.5578],[-15.8528,6.55],[-16.0193,6.5438],[-16.2575,6.4955],[-16.5019,6.4504],[-16.6933,6.2386],[-16.8801,6.0261],[-17.0279,5.9194],[-17.175,5.8797],[-17.3206,5.9132],[-17.5097,5.9342],[-17.7517,5.9272],[-17.9914,5.914],[-18.1471,5.7886],[-18.4054,5.717],[-18.67,5.6516],[-18.8724,5.6337],[-19.0592,5.4601],[-19.2467,5.2873],[-19.4942,5.1884],[-19.6685,5.2032],[-19.7915,5.2959],[-20.0631,5.2966],[-20.3285,5.3013],[-20.5012,5.4119],[-20.7215,5.3247],[-20.8413,5.1643],[-20.9768,4.9977],[-21.2437,4.9035],[-21.4095,4.8498],[-21.5005,4.7735],[-21.7363,4.7439],[-21.9169,4.9144],[-21.9768,5.0997],[-22.1488,5.2499],[-22.3223,5.408],[-22.5146,5.4757],[-22.6936,5.436],[-22.8531,5.2881],[-23.0049,5.1721],[-23.1613,5.0639],[-23.2983,4.8802],[-23.4578,4.8693],[-23.5271,4.7455],[-23.5341,4.5571],[-23.58,4.3936],[-23.6897,4.2846],[-23.8718,4.227],[-24.0866,4.0666],[-24.2998,3.9047],[-24.3279,3.7988],[-24.2306,3.6642],[-24.0438,3.5723],[-24.2072,3.3434]]},"properties":{"id":8,"group":"roads","name":"Jeweled road"}},{"type":"Feature","geometry":{"type":"LineString","coordinates":[[-23.9356,2.9908],[-23.8158,2.7129],[-23.6212,2.5626],[-23.552,2.4272],[-23.3706,2.1983],[-23.0656,2.1508],[-22.899,1.8698],[-22.7597,1.7623],[-22.5122,1.7429],[-22.3146,1.8013],[-22.1589,1.7507],[-21.8398,1.7452],[-21.5923,1.704],[-21.3783,1.7701],[-21.2032,1.9406],[-20.9736,1.9647],[-20.7472,1.9936],[-20.4896,2.157],[-20.2701,2.1843],[-20.1176,2.3073],[-19.9689,2.4396],[-19.7518,2.5019],[-19.6366,2.5463],[-19.4779,2.5852],[-19.2716,2.6272],[-19.0592,2.5525],[-18.7261,2.4676],[-18.4654,2.4606],[-18.2763,2.47],[-17.9688,2.4412],[-17.7548,2.5377],[-17.5844,2.6444],[-17.3937,2.6654],[-17.1859,2.6451],[-16.8801,2.4879],[-16.6225,2.4894],[-16.4287,2.4241],[-16.2085,2.4863],[-16.0474,2.3929],[-15.8629,2.4202],[-15.6077,2.4365],[-15.4403,2.3618],[-15.3096,2.2473],[-15.0917,2.1913],[-14.8403,2.2808],[-14.6644,2.3096],[-14.4208,2.3306],[-14.2302,2.1251],[-14.1267,1.9803],[-13.9928,1.9025],[-13.8247,1.89],[-13.6986,1.8877],[-13.5515,1.8737],[-13.3967,1.9243],[-13.3002,1.9258],[-13.0231,2.0395],[-12.8099,2.2294],[-12.6021,2.4217],[-12.4815,2.4466],[-12.3818,2.4163],[-12.1616,2.4186],[-11.9694,2.354],[-11.7709,2.2863],[-11.5413,2.3228],[-11.3468,2.3937],[-11.2121,2.4988],[-11.0542,2.5128],[-10.8043,2.5299],[-10.472,2.3805],[-10.2736,2.28],[-10.2222,2.1563],[-9.9117,1.9834],[-9.7584,1.9141],[-9.6012,1.767],[-9.3366,1.6705],[-8.8362,1.4798],[-8.5498,1.4299],[-8.3863,1.3116],[-8.3155,1.1645],[-8.1552,0.8297],[-7.9497,0.9231],[-7.633,0.8422],[-7.4626,0.8219],[-7.2486,0.7628],[-6.9972,0.8142],[-6.6454,0.927],[-6.4625,0.8071],[-6.352,0.6016],[-6.187,0.5401],[-6.0485,0.4498],[-5.9536,0.291],[-5.8571,0.1268],[-5.7162,0.0364],[-5.51,-0.1138],[-5.3022,-0.2679],[-5.2547,-0.5568],[-5.3045,-0.9491],[-5.1597,-1.1733],[-4.8368,-1.4341],[-4.5589,-1.5415],[-4.3348,-1.7564],[-4.2453,-2.0989],[-4.1473,-2.1643],[-4.0375,-2.1519],[-3.8009,-2.3449],[-3.6235,-2.5528],[-3.4126,-2.6478],[-3.292,-2.7918],[-3.2219,-2.9669],[-3.2001,-3.1398],[-3.0974,-3.2978],[-2.9153,-3.4348],[-2.7145,-3.5492],[-2.4748,-3.5469],[-2.2281,-3.5383],[-2.0156,-3.6325],[-1.7012,-3.87],[-1.9534,-3.905],[-2.0935,-4.0296],[-2.2647,-4.1463],[-2.3954,-4.281],[-2.4359,-4.4655],[-2.425,-4.6811]]},"properties":{"id":9,"group":"roads","name":"The Great Lunar highway"}},{"type":"Feature","geometry":{"type":"LineString","coordinates":[[-32.4434,-4.717],[-32.2426,-4.8392],[-32.1866,-4.5776],[-32.0076,-4.4188],[-31.7367,-4.3721],[-31.5134,-4.2966],[-31.371,-4.1619],[-31.3087,-3.9735],[-31.3398,-3.7415],[-31.199,-3.508],[-30.7982,-3.3717],[-30.5951,-3.2744],[-30.4534,-3.0806],[-30.2339,-2.935],[-29.9304,-2.58],[-29.7911,-2.4251],[-29.5989,-2.2842],[-29.5343,-2.1036],[-29.2689,-1.8553],[-29.1226,-1.6653],[-28.9927,-1.5462],[-28.9413,-1.3672],[-28.7895,-1.0386],[-28.5343,-0.8868],[-28.3887,-0.7008],[-28.1996,-0.5762],[-28.0798,-0.3333],[-27.9949,-0.1706],[-27.8377,-0.1286],[-27.686,-0.1667],[-27.3903,-0.0764],[-27.2548,-0.0507],[-27.0315,0.2217],[-26.9062,0.4646],[-26.8151,0.5798],[-26.6276,0.6803],[-26.4042,1.0064],[-26.1591,1.3786],[-26.0361,1.5802],[-25.7598,1.7623],[-25.4867,1.9328],[-25.1995,2.1555],[-25.1186,2.273],[-24.847,2.6802],[-24.6361,2.8382],[-24.5069,3.1286]]},"properties":{"id":10,"group":"roads","name":"Burning way"}},{"type":"Feature","geometry":{"type":"LineString","coordinates":[[-2.534,-4.8485],[-2.6772,-5.0369],[-2.8118,-5.1249],[-2.8873,-5.2596],[-2.9402,-5.4238],[-2.8896,-5.6939],[-2.9962,-5.8512],[-3.0997,-6.0116],[-3.1869,-6.1961],[-3.3355,-6.3471],[-3.4297,-6.5269],[-3.604,-6.6414],[-3.8181,-6.6001],[-4.1488,-6.6491],[-4.5333,-6.6009],[-4.8025,-6.6795],[-5.0337,-6.6421],[-5.222,-6.7309],[-5.4041,-6.8142],[-5.6734,-6.9022],[-5.8314,-7.0345],[-5.8921,-7.1707],[-5.9691,-7.2369],[-6.0306,-7.4424],[-6.1637,-7.5872],[-6.3147,-7.799]]},"properties":{"id":11,"group":"roads","name":"Dusk road"}},{"type":"Feature","geometry":{"type":"LineString","coordinates":[[-7.9427,-10.6778],[-8.142,-10.5057],[-8.2665,-10.1453],[-8.2431,-9.9086],[-8.342,-9.5949],[-8.4206,-9.3847],[-8.5934,-9.2656],[-8.8097,-9.1348],[-9.0198,-8.9628],[-9.2416,-8.9231],[-9.4393,-8.8585],[-9.7304,-8.688],[-9.8409,-8.4591],[-9.8915,-8.347],[-10.1172,-7.8862],[-9.9358,-7.792],[-9.7693,-7.697],[-9.7436,-7.5195],[-9.8284,-7.3521],[-9.8269,-7.0228],[-9.7903,-6.6094],[-9.886,-6.3315],[-9.8175,-6.045],[-9.8012,-5.7453],[-9.8611,-5.5686],[-9.8681,-5.3615],[-10.0292,-5.0642],[-10.2456,-4.8368],[-10.3677,-4.6757],[-10.4954,-4.5146],[-10.5405,-4.3106],[-10.5148,-4.014],[-10.5989,-3.5267],[-10.5234,-3.2269],[-10.5429,-2.9093],[-10.6705,-2.6501],[-10.9818,-2.3979],[-11.1133,-2.271],[-11.2285,-2.0693],[-11.1841,-1.7284],[-11.1522,-1.5236],[-11.2347,-1.3173],[-11.5234,-1.1718],[-11.6729,-1.0013],[-11.8503,-0.8845],[-11.9227,-0.7887],[-12.0386,-0.5497],[-12.1966,-0.489],[-12.385,-0.5264],[-12.5274,-0.4065],[-12.6605,-0.236],[-12.8005,-0.1761],[-12.9087,-0.0531],[-13.0932,0.1579],[-13.1811,0.4872],[-13.4208,0.7122],[-13.5453,0.9971],[-13.6807,1.2244],[-13.9687,1.3622],[-14.0512,1.4502],[-14.0208,1.5599],[-13.9671,1.6892],[-13.9928,1.9025]]},"properties":{"id":12,"group":"roads","name":"Hareran road"}},{"type":"Feature","geometry":{"type":"LineString","coordinates":[[-3.355,-10.4232],[-3.5488,-10.6311],[-3.6655,-10.744],[-3.7465,-10.8226],[-3.8904,-10.9168],[-3.9924,-11.0826],[-4.0733,-11.2827],[-4.1869,-11.4641],[-4.2134,-11.6672],[-4.148,-11.8961],[-4.3465,-12.0355],[-4.429,-12.195],[-4.5683,-12.3437],[-4.7208,-12.4115],[-4.8796,-12.406],[-5.0243,-12.4465],[-5.1644,-12.5672],[-5.331,-12.6084],[-5.5177,-12.6131],[-5.8345,-12.5913],[-6.1014,-12.5773],[-6.3754,-12.5648],[-6.5785,-12.5812],[-6.7995,-12.473],[-6.991,-12.3671],[-7.1949,-12.2604],[-7.3871,-12.2729],[-7.5513,-12.3375],[-7.798,-12.3126],[-7.861,-12.1304],[-7.8245,-11.9584],[-7.7723,-11.8315],[-7.7824,-11.6587],[-7.819,-11.4633],[-7.8486,-11.2484],[-7.8813,-10.9246],[-7.9427,-10.6778]]},"properties":{"id":13,"group":"roads","name":"Moon route"}},{"type":"Feature","geometry":{"type":"LineString","coordinates":[[-8.4206,-9.3847],[-8.0019,-9.1193],[-7.9272,-8.9387],[-7.8836,-8.6537],[-7.8424,-8.3673],[-7.7046,-8.1711]]},"properties":{"id":14,"group":"roads","name":"Velvet way"}},{"type":"Feature","geometry":{"type":"LineString","coordinates":[[-7.619,-8.1789],[-7.5606,-7.9539],[-7.5015,-7.8262],[-7.3707,-7.7343],[-7.2696,-7.7554],[-7.0268,-7.6222],[-6.7014,-7.6004],[-6.3147,-7.799]]},"properties":{"id":15,"group":"roads","name":"Glowing road"}},{"type":"Feature","geometry":{"type":"LineString","coordinates":[[7.4361,-3.9128],[7.5575,-3.7042],[7.9529,-3.4161],[8.2968,-3.3608],[8.5389,-3.3624],[8.9272,-3.269],[9.0346,-3.0261],[9.0198,-2.7762],[8.942,-2.5216],[8.9778,-2.3309],[8.9498,-2.1223],[8.9716,-1.9261],[9.0977,-1.7642],[9.0961,-1.5228],[9.2292,-1.3835],[9.3195,-1.0713],[9.5413,-1.0277],[9.6813,-0.8845],[9.7319,-0.6899],[9.6969,-0.4875],[9.6175,-0.2796],[9.609,-0.0788],[9.9016,0.0201],[9.8059,0.2054],[9.7125,0.3961],[9.549,0.4856],[9.4284,0.618],[9.3802,0.8484],[9.2603,1.0376],[9.2377,1.2408],[9.1724,1.6331],[9.3202,1.5592],[9.4712,1.5911],[9.5615,1.7538],[9.5413,1.9647],[9.4471,2.1703],[9.4448,2.3976],[9.2782,2.5782],[9.2237,2.8032],[8.8471,3.1862],[8.872,3.3972],[8.7124,3.7226],[8.4984,3.8565],[8.2821,3.9927],[8.1015,4.1134],[7.9233,4.2379],[7.7816,4.3531],[7.5334,4.3936],[7.282,4.4356],[7.1544,4.4388],[6.9941,4.3523],[6.7863,4.3547],[6.573,4.3586],[6.3754,4.4193],[6.1559,4.3625],[6.0104,4.2418],[5.9341,4.0526],[5.6882,3.9771],[5.3901,4.0487],[5.0811,3.9507],[4.9201,3.9577],[4.822,4.0799],[4.7574,4.2325],[4.5838,4.3625],[4.3512,4.4785],[4.1387,4.5859],[3.9893,4.6412],[3.8795,4.7883],[3.843,4.9308],[3.7395,5.0265],[3.6577,5.2188],[3.555,5.3729],[3.4165,5.4601],[3.2826,5.5621],[3.1986,5.7482],[3.1394,5.984],[3.0211,6.1787],[2.8484,6.2697],[2.6795,6.3562],[2.5293,6.4955],[2.3721,6.6302],[2.1324,6.6823],[1.8849,6.7392],[1.6865,6.7407],[1.5643,6.9003],[1.3526,6.7617],[1.2608,6.6045],[1.1619,6.455],[1.1308,6.2596],[1.2304,6.0666],[1.3207,5.9296],[1.3386,5.7715],[1.3464,5.6135],[1.4242,5.4679],[1.3705,5.2087],[1.2857,4.8661],[1.2701,4.656],[1.3611,4.3072],[1.2444,3.974],[1.0039,3.8541],[0.9012,3.7864],[0.7253,3.8105],[0.4615,3.2889],[0.442,3.0453],[0.4942,2.7175],[0.5518,2.3945],[0.6312,2.0979],[0.6148,1.5451],[0.5782,1.2135],[0.5448,1.0352],[0.4506,0.9169],[0.4366,0.6639],[0.4747,0.4771],[0.4389,0.2568],[0.344,0.1104],[0.1634,0.0419],[-0.0179,-0.0188],[-0.2592,-0.05],[-0.3876,-0.2127],[-0.4047,-0.4252],[-0.3689,-0.665],[-0.3751,-0.9024],[-0.5175,-1.1889],[-0.5759,-1.3749],[-0.6405,-1.554],[-0.6203,-1.8809],[-0.3946,-2.2204],[-0.5642,-2.3745],[-0.7494,-2.7964],[-1.0109,-2.8354],[-1.2071,-2.9934],[-1.2304,-3.2277],[-1.432,-3.2122],[-1.5868,-3.2869],[-1.6966,-3.4457],[-1.7682,-3.6917],[-1.7012,-3.87]]},"properties":{"id":16,"group":"roads","name":"Molten route"}},{"type":"Feature","geometry":{"type":"LineString","coordinates":[[16.6917,4.4979],[16.5252,4.6108],[16.3431,4.6816],[16.1657,4.7517],[16.0801,4.7175],[15.8917,4.5493],[15.6855,4.424],[15.4403,4.3936],[15.1796,4.4053],[14.9563,4.3648],[14.7205,4.2005],[14.5547,4.192],[14.315,4.2776],[14.1671,4.3173],[14.0107,4.2675]]},"properties":{"id":17,"group":"roads","name":"The Cracked Twilight way"}},{"type":"Feature","geometry":{"type":"LineString","coordinates":[[13.9352,4.5415],[13.6519,4.6007],[13.3469,4.5135],[13.171,4.3843],[12.8939,4.3866],[12.7212,4.2753],[12.5375,4.2457],[12.3406,4.2558],[12.0947,4.1165],[11.876,3.9654],[11.6518,3.8074],[11.5141,3.6502],[11.2581,3.5801],[10.9592,3.6159],[10.6767,3.5217],[10.5141,3.366],[10.3569,3.215],[10.1755,3.0468],[10.107,2.9682],[9.8487,2.6701],[9.7529,2.5626],[9.4448,2.3976]]},"properties":{"id":18,"group":"roads","name":"Paved route"}},{"type":"Feature","geometry":{"type":"LineString","coordinates":[[8.5389,-3.3624],[8.5583,-3.68],[8.6595,-3.9494],[8.8432,-4.0895],[9.1086,-4.1993],[9.3,-4.3565],[9.3817,-4.5293],[9.37,-4.7613],[9.5724,-4.9264],[9.7747,-4.9692],[10.0292,-5.0875],[10.195,-5.2596],[10.4681,-5.2954]]},"properties":{"id":19,"group":"roads","name":"Grand road"}},{"type":"Feature","geometry":{"type":"LineString","coordinates":[[-40.3495,1.4408],[-40.2912,1.6409],[-40.3581,1.9445]]},"properties":{"id":20,"group":"roads","name":null}},{"type":"Feature","geometry":{"type":"LineString","coordinates":[[-40.5566,3.7529],[-40.7239,4.0036],[-40.8375,4.2068],[-40.9472,4.3757],[-40.9542,4.5867]]},"properties":{"id":21,"group":"roads","name":"Molten way"}},{"type":"Feature","geometry":{"type":"LineString","coordinates":[[-41.7877,-2.1612],[-42.0539,-2.2476],[-42.3854,-2.197]]},"properties":{"id":22,"group":"roads","name":null}},{"type":"Feature","geometry":{"type":"LineString","coordinates":[[-32.4434,-4.717],[-32.6955,-4.6142],[-32.9041,-4.5667],[-33.1189,-4.5254],[-33.3244,-4.5745],[-33.5244,-4.6189],[-33.7726,-4.7644],[-34.0403,-4.7925],[-34.3143,-4.8228],[-34.5283,-4.7014],[-34.6964,-4.5589],[-34.9672,-4.4219],[-35.2233,-4.3176],[-35.4311,-4.193],[-35.5346,-4.0218],[-35.5844,-3.8342],[-35.6614,-3.5158],[-35.7385,-3.2869],[-35.8015,-3.0409],[-35.9797,-2.8657],[-36.1042,-2.6283],[-36.1852,-2.4119],[-36.5743,-2.1923],[-36.7953,-1.9269],[-36.8475,-1.733],[-36.9759,-1.5999],[-37.1992,-1.452],[-37.3837,-1.2091],[-37.5595,-1.1188],[-37.814,-1.0869],[-38.014,-0.9655],[-38.2351,-0.7638],[-38.4701,-0.7039],[-38.7954,-0.6587],[-38.951,-0.5497],[-39.0623,-0.4594],[-39.2678,-0.317],[-39.4437,-0.0842],[-39.7581,0.0263],[-40.0172,-0.0383],[-40.2888,0.0045],[-40.8842,0.2965]]},"properties":{"id":23,"group":"roads","name":"Dawn route"}},{"type":"Feature","geometry":{"type":"LineString","coordinates":[[16.6917,4.4979],[16.9836,4.6404],[17.2373,4.6879],[17.4249,4.814],[17.6062,4.9471],[17.7206,5.102],[17.8661,5.2188],[18.0708,5.2499],[18.2988,5.2313],[18.4833,5.3823],[18.6662,5.5403],[18.8973,5.5909],[19.1549,5.5341],[19.4405,5.6003],[19.6475,5.7334],[19.7736,5.9389],[19.7969,6.0557],[19.8989,6.2145],[19.8608,6.4644],[19.8172,6.7166],[19.888,6.9315],[19.9168,7.1175],[19.895,7.3043],[19.9541,7.4608],[20.0584,7.5963],[20.1884,7.6772],[20.281,7.889],[20.5534,8.0135],[20.8336,8.177],[20.9472,8.4324],[21.0484,8.5476],[21.081,8.6231],[21.0904,8.7188],[21.1137,8.7609],[21.1161,8.9469],[21.0499,9.0365],[21.0048,9.2046],[20.9643,9.3759],[21.0079,9.4888],[21.0857,9.5619],[21.1059,9.6328],[21.2631,9.7457],[21.4562,9.7651],[21.6025,9.8149],[21.7278,9.871],[21.913,9.8718],[22.0538,9.7776],[22.141,9.6328],[22.2251,9.4522],[22.4134,9.3058],[22.6593,9.1789],[22.8196,9.1486],[22.9208,9.1766],[23.1753,9.3159],[23.4204,9.351],[23.6586,9.3214],[23.9029,9.2988],[24.1255,9.4459],[24.3489,9.5861],[24.5216,9.7433],[24.7326,9.7924],[24.8306,9.9403],[24.847,10.0999],[24.8104,10.2711],[24.8267,10.4689],[24.9972,10.6604],[25.2625,10.7631],[25.5287,10.746],[25.8057,10.9258],[26.0244,10.9562],[26.2486,10.9936],[26.3824,11.0963],[26.5186,11.2069],[26.6626,11.3532],[26.8089,11.4926],[26.9505,11.6257],[27.093,11.7612],[27.2494,11.8507],[27.3381,11.9706],[27.5202,12.1263],[27.5973,12.3326],[27.8066,12.5365],[28.0198,12.7343],[28.3148,12.8588],[28.423,12.8938],[28.5849,13.1437],[28.7747,13.3181],[29.0362,13.3539],[29.2915,13.3734],[29.4697,13.4364],[29.6479,13.3477],[29.7717,13.1539],[29.8386,13.0682],[30.009,12.9958],[30.1686,12.8876],[30.1841,12.7288],[30.118,12.5677],[29.9764,12.405],[29.8791,12.2461],[29.8612,12.1084],[29.7475,11.8195],[29.7546,11.6109],[29.8869,11.3696],[30.0238,11.1999],[30.069,11.0052],[30.0666,10.7958],[30.1756,10.6292],[30.2721,10.1692],[30.4137,9.9886],[30.4604,9.8274],[30.4503,9.6538],[30.4021,9.4428],[30.4884,9.2108],[30.553,8.9501],[30.6246,8.6184],[30.8511,8.3117],[30.9274,8.107],[31.0106,7.903],[30.911,7.6142],[30.8511,7.439],[30.6558,7.3308],[30.4316,7.3223],[30.2581,7.1806],[30.1748,7.0225],[30.1803,6.8458],[30.1982,6.6559],[30.1336,6.4644],[29.9616,6.3639],[29.76,6.3632],[29.532,6.406],[29.3086,6.332],[29.0923,6.1997],[29.0285,6.0362],[28.9584,5.8789],[28.9,5.8019],[28.6572,5.696],[28.4526,5.7015],[28.2728,5.7015],[28.1023,5.5925],[27.9381,5.4337],[27.6712,5.4041],[27.4486,5.429],[27.2299,5.4539],[27.0463,5.3947],[26.8953,5.2383],[26.8587,4.9744],[26.7879,4.7159],[26.6564,4.5571],[26.4213,4.3134],[26.3303,4.2255],[26.212,4.104],[25.9077,3.9584],[25.5902,3.9172],[25.3489,3.8736],[25.124,3.7724],[25.1007,3.6237],[25.173,3.4524],[25.1053,3.1083],[25.0438,2.9456],[24.9419,2.7946],[24.7481,2.6732],[24.5092,2.5634],[24.3201,2.5875],[24.201,2.7386],[23.9932,2.4552],[23.9504,2.2761],[23.9395,2.0916],[23.8671,1.8885],[23.8835,1.5794],[23.7691,1.3972],[23.7131,1.2579],[23.5636,1.0002],[23.573,0.7815],[23.6072,0.5689],[23.4967,0.3759],[23.3239,0.2754],[23.1255,0.2163],[22.927,0.0544],[22.72,-0.1519],[22.6344,-0.4314],[22.5418,-0.7584],[22.6406,-0.9359],[22.6702,-1.2706],[22.5745,-1.4559],[22.4134,-1.5618],[22.2227,-1.6303],[22.0219,-1.7151],[21.8531,-1.6863],[21.6818,-1.6599],[21.5184,-1.7486],[21.3589,-1.8374],[21.246,-2.0834],[21.1301,-2.334],[21.0624,-2.4897],[20.9199,-2.6158],[20.6725,-2.6485],[20.4335,-2.7599],[20.2771,-2.7692],[20.1043,-2.8899],[20.032,-3.072],[19.9635,-3.2565],[19.7899,-3.3616],[19.5674,-3.3912],[19.3782,-3.5469],[19.1284,-3.5765],[18.9736,-3.7415],[18.8132,-3.8637],[18.6389,-3.8972],[18.4934,-3.9587],[18.3852,-4.0957],[18.2015,-4.1891],[17.7797,-4.4764],[17.7408,-4.6734],[17.6116,-4.8547],[17.3852,-5.0268],[17.1603,-5.1661],[16.9377,-5.2385],[16.7167,-5.1895],[16.5166,-5.2463],[16.3353,-5.2128],[16.1018,-5.1895],[15.9929,-5.1809],[15.8676,-5.1568],[15.7244,-5.2058],[15.5571,-5.2284],[15.4092,-5.286],[15.308,-5.4075],[15.2279,-5.5546],[15.059,-5.7344],[14.887,-5.9166],[14.7314,-6.1844],[14.631,-6.3806],[14.5321,-6.5783],[14.4442,-6.7698],[14.4115,-6.9598],[14.4948,-7.1466]]},"properties":{"id":24,"group":"roads","name":"The Breezy Ghost route"}},{"type":"Feature","geometry":{"type":"LineString","coordinates":[[-37.3191,34.7551],[-36.9751,34.6228],[-36.6817,34.6524],[-36.4155,34.5745],[-36.0723,34.5294],[-35.919,34.6018],[-35.8373,34.724],[-35.6038,34.6656],[-35.3602,34.5714],[-35.0661,34.636],[-34.7657,34.5652],[-34.5493,34.4009],[-34.4022,34.1588],[-34.0971,33.8521],[-33.8232,33.6497],[-33.5796,33.5228],[-33.4014,33.4224],[-33.1749,33.4356],[-32.8333,33.3889],[-32.5687,33.3157],[-32.322,33.371],[-32.1461,33.5104],[-31.855,33.494],[-31.4566,33.529],[-31.1328,33.6474],[-30.8869,33.6287],[-30.5382,33.631],[-30.36,33.7462],[-30.0479,33.8809],[-29.9227,33.9082],[-29.6433,33.9401],[-29.3989,33.8544],[-29.1008,33.7828],[-28.7327,33.7859],[-28.574,33.7766],[-28.3701,33.7353],[-28.1132,33.7408],[-27.872,33.6731],[-27.6728,33.7011],[-27.3731,33.7026],[-27.2151,33.7268],[-27.0649,33.8288],[-26.854,33.9852],[-26.3692,34.1121],[-26.1661,34.1106],[-25.9046,34.1106],[-25.6369,34.2507],[-25.4081,34.3791],[-25.0734,34.4196]]},"properties":{"id":25,"group":"roads","name":"Ethereal route"}},{"type":"Feature","geometry":{"type":"LineString","coordinates":[[-42.9146,-3.3585],[-42.7419,-3.153],[-42.6298,-2.942],[-42.5232,-2.7762],[-42.4212,-2.6026]]},"properties":{"id":26,"group":"roads","name":"Grazan highway"}},{"type":"Feature","geometry":{"type":"LineString","coordinates":[[-37.3191,34.7551],[-37.4265,35.2277],[-37.4615,35.5648],[-37.5284,35.789],[-37.6459,36.0295],[-37.9619,36.2202],[-38.1113,36.4024],[-38.3168,36.5355],[-38.4794,36.9567],[-38.5448,37.1786],[-38.6911,37.5351],[-38.8896,37.7165],[-39.19,37.9368],[-39.3588,38.2069],[-39.5542,38.421],[-39.7044,38.6413],[-39.7355,38.9535],[-39.7293,39.2011],[-39.8328,39.4735],[-39.8919,39.6308],[-39.9853,39.7125],[-40.1254,40.0691],[-40.3355,40.2683],[-40.355,40.3906],[-40.3558,40.7129],[-40.5114,41.0235],[-40.6492,41.3528],[-41.0243,41.517],[-41.1862,41.6883],[-41.4702,41.8868],[-41.6648,42.0051],[-41.7737,42.1951],[-41.9543,42.2558],[-42.1558,42.3126],[-42.3644,42.2761],[-42.6843,42.2496]]},"properties":{"id":27,"group":"roads","name":"The Obscure Eldritch road"}},{"type":"Feature","geometry":{"type":"LineString","coordinates":[[-42.7559,43.6314],[-42.8594,43.7801],[-43.0578,43.8727],[-43.2859,43.9015],[-43.5178,43.9327],[-43.7645,43.9046],[-44.1933,43.8385],[-44.4431,43.8906],[-44.6883,43.8774],[-44.889,43.7458],[-45.075,43.6477],[-45.2455,43.7038],[-45.3793,43.8704],[-45.4992,44.0339],[-45.6385,44.0915],[-46.1607,44.0525],[-46.3887,44.1997],[-46.4813,44.3896],[-46.6922,44.434],[-46.8907,44.4527],[-47.0767,44.592]]},"properties":{"id":28,"group":"roads","name":"Molten road"}},{"type":"Feature","geometry":{"type":"LineString","coordinates":[[-55.0887,38.2809],[-54.9937,38.1353],[-54.8505,38.0473],[-54.698,37.9282],[-54.5821,37.7196],[-54.4381,37.5569],[-54.2575,37.5016],[-54.0334,37.5468],[-53.8155,37.6659],[-53.6007,37.7881],[-53.3812,38.0185],[-52.9734,38.1976],[-52.8108,38.4631],[-52.6894,38.7379],[-52.4964,38.8741],[-52.3897,39.2034],[-52.3353,39.3988],[-52.1796,39.588],[-52.1711,39.7468],[-52.2356,39.8892],[-52.1726,40.0153],[-51.9866,40.1633],[-51.8084,40.2769],[-51.7827,40.3906],[-51.4862,40.6156],[-51.3142,40.6825],[-50.9897,40.8429],[-50.9025,41.0009],[-50.8364,41.1426],[-50.8294,41.3427],[-50.5469,41.5739],[-50.2325,41.5988],[-49.9422,41.8043],[-49.8138,41.9125],[-49.7359,42.1001],[-49.5616,42.3523],[-49.5126,42.5532],[-49.5134,42.747],[-49.406,42.9027],[-49.213,43.1908],[-48.9538,43.3278],[-48.7336,43.4734],[-48.6238,43.668],[-48.5195,43.7528],[-48.3904,43.9358],[-48.1966,44.0339],[-48.0036,44.1063],[-47.8775,44.2441],[-47.6106,44.2713],[-47.0767,44.592]]},"properties":{"id":29,"group":"roads","name":"Westley road"}},{"type":"Feature","geometry":{"type":"LineString","coordinates":[[-54.175,32.9405],[-54.2085,33.1655],[-54.3789,33.3188],[-54.2653,33.4216],[-54.2357,33.6178],[-54.2054,33.8132],[-54.3206,34.0312],[-54.5766,34.4585]]},"properties":{"id":30,"group":"roads","name":"Silvered way"}},{"type":"Feature","geometry":{"type":"LineString","coordinates":[[-54.2972,35.1078],[-54.4513,35.3141],[-54.6715,35.5204],[-54.8147,35.9221],[-54.7167,36.1424],[-54.7852,36.4141],[-54.8723,36.5371],[-54.8568,36.8532],[-54.9323,37.1926],[-54.9502,37.5406],[-55.0864,37.8403],[-55.1961,37.8924],[-55.0887,38.2809],[-55.2973,38.2933],[-55.4692,38.3081],[-55.5899,38.421],[-55.6537,38.6289],[-55.8389,38.818],[-56.028,39.0134],[-56.2506,39.0337],[-56.1759,39.3887],[-56.3136,39.5342],[-56.4421,39.6946],[-56.6786,39.8223],[-56.8584,39.8612],[-57.0179,39.9398],[-57.1308,40.087],[-57.225,40.2621],[-57.2755,40.4085],[-57.2257,40.5922],[-57.5643,40.7666],[-57.9417,40.9044],[-58.2733,41.2352],[-58.439,41.2259],[-58.5822,41.2804],[-58.8383,41.4384],[-59.0453,41.5583],[-59.2476,41.5879],[-59.4204,41.4353],[-59.5597,41.0935]]},"properties":{"id":31,"group":"roads","name":"Silver road"}},{"type":"Feature","geometry":{"type":"LineString","coordinates":[[-59.583,41.816],[-59.7301,42.0176],[-59.8936,42.118],[-60.1115,42.1422],[-60.2477,42.3391],[-60.2508,42.5579],[-60.2593,42.7572],[-60.3029,42.9354],[-60.4181,43.0864],[-60.6383,43.2655],[-60.7341,43.6446],[-60.8952,43.8322],[-61.0617,43.935]]},"properties":{"id":32,"group":"roads","name":"The Echoing Boroughan way"}},{"type":"Feature","geometry":{"type":"LineString","coordinates":[[-61.8859,39.1559],[-61.5551,39.1769],[-61.2882,39.1115],[-60.952,39.1115],[-60.5162,39.0158],[-60.4695,39.1761],[-60.3496,39.2851],[-60.1582,39.342],[-60.1978,39.9064],[-60.1138,40.0792],[-59.7496,40.2286]]},"properties":{"id":33,"group":"roads","name":"The Serpentine Ebon route"}},{"type":"Feature","geometry":{"type":"LineString","coordinates":[[-61.9123,38.6787],[-61.8921,38.5066],[-61.9193,38.182],[-62.0042,37.9236],[-61.9442,37.4565],[-62.054,37.2946],[-62.261,37.0454],[-62.3925,36.9536],[-62.2555,36.6056],[-62.359,36.2817],[-62.5466,36.0856],[-62.6158,35.8419],[-62.5777,35.5671],[-62.703,35.1101],[-62.8322,34.8408],[-62.8392,34.5309],[-63.0657,34.1744],[-63.2081,34.074],[-63.3155,33.9689],[-63.5054,33.7089],[-63.7459,33.4146],[-63.8712,33.1647],[-63.991,32.7918],[-64.0175,32.4944],[-64.1474,32.1177],[-64.4035,31.9191],[-64.584,31.8203],[-64.6618,31.6521],[-64.9436,31.4201],[-65.2876,31.2014],[-65.4915,31.108],[-65.7374,31.0472],[-65.8331,30.9865],[-66.0572,30.823],[-66.2814,30.6564],[-66.423,30.5272],[-66.5654,30.3925],[-66.711,30.2174],[-66.9896,30.0648]]},"properties":{"id":34,"group":"roads","name":"The Frosty Craftley road"}},{"type":"Feature","geometry":{"type":"LineString","coordinates":[[-42.5963,-6.1875],[-42.7948,-6.1128],[-42.9045,-6.2194],[-42.9279,-6.4039],[-42.8679,-6.6632],[-42.7995,-6.8889],[-42.78,-7.0968],[-42.7621,-7.3],[-42.8298,-7.5942],[-42.7255,-7.8363],[-42.6765,-8.0683],[-42.7411,-8.2956],[-42.787,-8.5323],[-42.6851,-8.7962],[-42.6944,-8.9729],[-42.6991,-9.152],[-42.6485,-9.4034],[-42.4921,-9.6113],[-42.4742,-9.8635],[-42.7037,-10.287],[-42.622,-10.5595],[-42.5349,-10.705],[-42.4967,-10.9658],[-42.7123,-11.2655],[-42.9847,-11.4026],[-43.0905,-11.6065],[-43.352,-11.9054],[-43.559,-12.1577],[-43.8555,-12.2565],[-44.0166,-12.385],[-44.1668,-12.5788],[-44.4096,-12.6909],[-44.8299,-12.7369],[-44.8112,-13.0366],[-44.8034,-13.2958],[-44.9163,-13.4593],[-45.0992,-13.5652],[-45.1692,-13.8003],[-45.1007,-14.0175],[-45.1303,-14.1887],[-45.1661,-14.4534],[-45.342,-14.6426],[-45.4968,-14.8263],[-45.605,-14.9984],[-45.7327,-15.2124],[-45.7404,-15.4561],[-45.7451,-15.7223],[-45.7474,-15.9956],[-45.9218,-16.2089],[-46.0331,-16.3685],[-46.2494,-16.5008],[-46.3514,-16.7546],[-46.5623,-16.8978]]},"properties":{"id":35,"group":"roads","name":"Phoenix route"}},{"type":"Feature","geometry":{"type":"LineString","coordinates":[[-46.7179,-17.1236],[-46.8642,-17.038],[-47.0611,-17.0956],[-47.244,-17.2521],[-47.4728,-17.1625],[-47.6028,-17.2544],[-47.6596,-17.3961],[-47.6829,-17.5658],[-47.7366,-17.7518],[-47.6985,-17.9566],[-47.6572,-18.1683],[-47.6285,-18.3847],[-47.6674,-18.5482],[-47.7685,-18.665],[-47.9359,-18.7335],[-48.1187,-18.7896],[-48.3079,-18.8464],[-48.4923,-18.9764],[-48.6752,-19.1017],[-48.897,-19.062],[-49.1126,-19.0161],[-49.3017,-18.9063],[-49.4923,-18.7973],[-49.641,-18.8627],[-49.8029,-19.0317],[-49.9733,-19.1913],[-50.0379,-19.424],[-49.9243,-19.6926],[-49.8138,-19.9604],[-49.5811,-20.2142],[-49.813,-20.3123],[-50.069,-20.7155],[-50.2029,-20.8229],[-50.2348,-21.002],[-50.3328,-21.2636],[-50.1741,-21.2651],[-50.0791,-21.3438],[-50.0488,-21.406],[-50.0644,-21.5765],[-50.0838,-21.7493],[-50.0644,-21.9735],[-50.1002,-22.1907],[-50.2511,-22.3939],[-50.4605,-22.5847],[-50.6177,-22.8042],[-50.6224,-23.1561],[-50.5772,-23.4558],[-50.7702,-23.7936]]},"properties":{"id":36,"group":"roads","name":"The Winding Burning highway"}},{"type":"Feature","geometry":{"type":"LineString","coordinates":[[12.7733,11.4653],[12.9095,11.2567],[12.95,11.0652],[12.9943,10.876],[13.02,10.7048],[13.1033,10.4767],[12.9834,10.3428],[12.9733,10.1466],[12.7717,9.9636],[12.7904,9.7278],[12.9002,9.5331],[12.9087,9.2669],[12.9157,8.9392],[13.0745,8.7827],[13.2216,8.6363],[13.3196,8.3148],[13.4076,7.9653],[13.5539,7.6858],[13.6442,7.4382],[13.8309,7.2981],[14.0613,7.1035],[14.136,6.8668],[14.2037,6.5913],[14.3765,6.3982],[14.4862,6.2371],[14.5127,5.9085],[14.6699,5.5948],[14.7337,5.4749],[14.7524,5.1713],[14.8613,4.9666],[15.2185,4.7393],[15.1796,4.4053]]},"properties":{"id":37,"group":"roads","name":"The Shrouded Mor'thuph route"}},{"type":"Feature","geometry":{"type":"LineString","coordinates":[[29.4697,13.4364],[29.5172,13.6318],[29.5732,13.8288],[29.7491,14.0546],[29.7374,14.2344],[29.746,14.4236],[29.8472,14.6797],[29.8705,14.8198],[29.9265,15.1055],[29.8332,15.3476],[29.7296,15.5407],[29.6191,15.7026],[29.6378,15.9073],[29.7289,16.0646],[29.9561,16.1565],[30.2425,16.246],[30.4308,16.2958],[30.5686,16.4647],[30.8565,16.7255],[30.925,16.9085],[30.985,17.1132],[31.1328,17.2876],[31.2994,17.4705],[31.497,17.5492],[31.6698,17.7368],[31.7282,17.9275],[31.7974,18.235],[31.7274,18.6009],[31.8862,18.9286],[32.1406,19.0368],[32.441,19.1746],[32.6107,19.4767],[32.7811,19.7126],[32.9531,19.8231],[33.2341,19.8978],[33.5212,20.1804],[33.8598,20.2886],[34.1182,20.3322],[34.294,20.4552],[34.6489,20.5876],[34.891,20.6623],[35.0622,20.8336],[35.2933,20.9285],[35.4318,21.0874],[35.5213,21.2828],[35.7058,21.4268],[35.8871,21.5825],[35.9571,21.809],[35.9891,22.0519],[36.1198,22.2675],[36.1922,22.4442],[36.3541,22.582],[36.4568,22.772],[36.6257,23.0958],[36.7548,23.3161],[36.7883,23.668],[36.9665,23.8634],[37.158,23.9794],[37.2545,24.1281],[37.2545,24.304],[37.228,24.494],[37.3844,24.7727],[37.4568,24.9377],[37.5315,25.0981],[37.6669,25.3347],[37.8148,25.5068],[37.9782,25.5527],[38.1417,25.5722],[38.2818,25.6773],[38.4109,25.8197],[38.4997,26.0509],[38.5907,26.2892],[38.7005,26.332],[38.8732,26.3234],[39.0787,26.2954],[39.239,26.4168],[39.3993,26.5025],[39.5207,26.4301],[39.5962,26.2861],[39.846,26.0821],[39.9628,25.9256],[40.1262,25.861],[40.2896,25.903],[40.4538,25.9412],[40.6398,26.0665],[40.8305,26.1903],[41.0523,26.3078],[41.2733,26.4324],[41.4515,26.5671],[41.5348,26.7594],[41.5683,26.9789],[41.7527,27.1564],[41.9356,27.3401],[42.0516,27.4802],[42.1185,27.7013],[42.2181,27.9255],[42.3629,28.1272],[42.3753,28.4097],[42.3263,28.7352],[42.3045,28.8947],[42.3597,29.017],[42.3924,29.305],[42.4368,29.5424],[42.3948,29.8196],[42.3644,30.0064]]},"properties":{"id":38,"group":"roads","name":"The Misty Birwick road"}},{"type":"Feature","geometry":{"type":"LineString","coordinates":[[54.7284,20.0473],[54.4459,20.0543],[54.1999,20.0496],[54.0567,20.1252],[53.9556,20.3213],[53.8521,20.523],[53.691,20.477],[53.5236,20.4381],[53.4022,20.4194],[53.2474,20.4848],[53.1516,20.6366],[53.1252,20.8297],[52.9983,21.0453],[52.8723,21.2555],[52.8458,21.5443],[52.8193,21.7382],[52.7991,21.9398],[52.7975,22.1258],[52.6326,22.3532],[52.4652,22.5766],[52.2746,22.7113],[52.0901,22.8522],[51.8854,22.8514],[51.7111,22.8864],[51.5959,22.9939],[51.4418,23.0694],[51.364,23.2687],[51.2006,23.4197],[51.041,23.4781],[50.8893,23.443],[50.7461,23.3099],[50.5702,23.2328],[50.3928,23.1566],[50.1554,23.162],[49.9087,23.1472]]},"properties":{"id":39,"group":"roads","name":"The Winding Forest road"}},{"type":"Feature","geometry":{"type":"LineString","coordinates":[[49.6636,23.134],[49.4947,23.2943],[49.2814,23.4212],[49.2192,23.4796],[49.1149,23.6454],[49.0153,23.8152],[48.9118,23.8728],[48.4612,23.8611],[48.1818,23.8556],[47.7133,23.6665],[47.4899,23.6236],[47.2253,23.6992],[47.086,23.8626],[46.7841,24.0394],[46.665,24.1865],[46.5078,24.3017],[46.335,24.4426],[45.9692,24.5415],[45.735,24.589],[45.6307,24.8085],[45.6362,24.9751],[45.5303,25.1129],[45.3529,25.3729],[45.1529,25.5029],[44.6921,25.4967],[44.5334,25.4718],[44.254,25.636],[44.0065,25.8322],[43.7793,26.1132],[43.6462,26.5336],[43.5489,26.9563],[43.3816,27.0785],[43.2314,27.2817],[42.987,27.4125],[42.8407,27.5495],[42.7995,27.7387],[42.4742,28.0042],[42.3629,28.1272]]},"properties":{"id":40,"group":"roads","name":"Tranquil route"}},{"type":"Feature","geometry":{"type":"LineString","coordinates":[[19.2872,-6.9177],[19.3191,-6.6242],[19.4856,-6.3915],[19.5806,-6.1237],[19.6818,-5.8504],[19.6973,-5.6177],[19.7059,-5.3888],[19.6818,-5.1584],[19.7168,-4.9871],[19.779,-4.8509],[19.772,-4.6586],[19.6164,-4.4966],[19.5432,-4.3518],[19.5417,-4.0584],[19.5674,-3.3912]]},"properties":{"id":41,"group":"roads","name":"The Serpentine Sun road"}},{"type":"Feature","geometry":{"type":"LineString","coordinates":[[30.1982,6.6559],[30.6386,6.5593],[30.7126,6.5228],[31.0029,6.4496],[31.2161,6.2806],[31.5461,6.209],[31.6683,6.0533],[31.7095,6.0315],[32.248,5.9731],[32.3967,5.935],[32.578,5.7855],[32.95,5.6672],[33.0893,5.6003],[33.3158,5.5208],[33.4504,5.5216],[33.8753,5.4477],[34.0956,5.2562],[34.41,5.1121],[34.8567,5.0709],[35.1112,4.965],[35.3143,4.8498],[35.4404,4.6637],[35.6069,4.4434],[35.8832,4.3516],[36.1198,4.4115],[36.5245,4.5228],[36.7011,4.5501],[36.8739,4.466],[37.1517,4.3827],[37.3541,4.2745],[37.4459,4.0954],[37.8133,3.9631],[38.0374,4.0013],[38.4071,3.9187],[38.5899,3.6782],[38.7588,3.5661],[38.9191,3.4587],[39.2016,3.4501],[39.4631,3.4672],[39.7659,3.4789],[40.0305,3.3738],[40.3604,3.3691],[40.6624,3.4439],[41.0375,3.4501],[41.334,3.2804],[41.5916,3.0032],[41.801,2.9254],[42.1309,2.8522],[42.3232,2.8763],[42.4726,2.8133],[42.7232,2.839],[42.8781,2.7954],[43.0742,2.5891],[43.2571,2.3524],[43.5294,2.21],[43.5863,2.0683],[43.6532,1.9141],[43.8758,1.7125],[44.2548,1.3108],[44.4384,1.2267],[44.5801,1.0282],[44.6719,0.9317],[44.9178,0.7807],[45.0828,0.6343],[45.1949,0.4685],[45.4035,0.3299],[45.4984,0.1268],[45.6618,-0.0017],[46.0159,-0.0889],[46.1996,-0.1761],[46.3194,-0.3512],[46.4984,-0.5583],[46.8681,-0.728],[47.1576,-0.7047],[47.5639,-0.7381],[47.7156,-0.7615],[47.8106,-0.8471],[48.037,-0.8541],[48.3577,-0.8246],[48.5608,-0.9001],[48.662,-0.8814],[49.0246,-0.9483],[49.311,-1.1982],[49.5671,-1.4886],[49.7772,-1.7533],[49.9033,-1.8989],[50.157,-2.1005],[50.4231,-2.2437],[50.7998,-2.4165],[50.9944,-2.4329],[51.199,-2.5185],[51.3578,-2.7381],[51.5103,-2.9109],[51.6348,-3.0331],[51.764,-3.1522],[51.9508,-3.2036],[52.2014,-3.2394],[52.5034,-3.4076],[52.6022,-3.7345],[52.6637,-3.9688],[53.0621,-4.239],[53.3579,-4.3838],[53.4956,-4.5574],[53.7758,-4.6975],[54.0326,-4.9661],[54.2178,-5.0719],[54.3906,-5.0852],[54.4902,-5.1467],[54.7774,-5.6784]]},"properties":{"id":42,"group":"roads","name":"Royal way"}},{"type":"Feature","geometry":{"type":"LineString","coordinates":[[19.4856,-6.3915],[19.4483,-6.6203],[19.2872,-6.9177],[19.2771,-7.1108],[19.1759,-7.2525],[18.9806,-7.3467],[18.8778,-7.4666],[18.6911,-7.623],[18.4031,-7.4689],[18.2264,-7.4393],[18.07,-7.3669],[17.9696,-7.2213],[17.8708,-7.0711],[17.705,-7.0337],[17.5416,-7.089],[17.3548,-7.0345],[17.1291,-6.98],[16.9385,-7.0859],[16.7556,-7.1201],[16.6404,-7.117],[16.5696,-7.1544],[16.4443,-7.2836],[16.3166,-7.4183],[16.2637,-7.4619],[16.0396,-7.5094],[15.8108,-7.5545],[15.6349,-7.4144],[15.5524,-7.2408],[15.417,-7.1435],[15.3026,-7.0189],[15.1407,-6.8913],[14.8823,-6.8227],[14.708,-6.6499],[14.5321,-6.5783]]},"properties":{"id":43,"group":"roads","name":"Moonlit road"}},{"type":"Feature","geometry":{"type":"LineString","coordinates":[[54.7284,20.0473],[54.9004,19.8986],[54.9844,19.6838],[54.9945,19.3591],[55.1284,19.1077],[55.1074,19.0174],[55.1307,18.7348],[55.014,18.4997],[54.8303,18.2903],[54.7182,18.0793],[54.6085,17.8699],[54.5159,17.7212],[54.2536,17.3794]]},"properties":{"id":44,"group":"roads","name":"Faran way"}},{"type":"Feature","geometry":{"type":"LineString","coordinates":[[57.1915,-3.1631],[57.365,-3.1623],[57.6234,-3.2402],[57.7892,-3.2122],[58.0491,-3.2892],[58.3122,-3.2877],[58.5083,-3.2978],[58.7021,-3.3149],[58.8818,-3.2589],[59.0593,-3.195],[59.2865,-3.072],[59.1433,-2.8829],[59.1106,-2.7108],[59.2243,-2.3177],[59.1542,-2.1667],[59.1931,-1.9899],[59.2507,-1.8747],[59.3978,-1.7369],[59.52,-1.6241],[59.6772,-1.5828],[59.8624,-1.6163],[60.0617,-1.6163],[60.2438,-1.5151],[60.4142,-1.3703],[60.5862,-1.3438],[60.7208,-1.3064],[60.8197,-1.1959],[60.8819,-1.0083],[60.9753,-0.8222],[61.0633,-0.6323],[61.1465,-0.3941],[61.236,-0.1628],[61.2026,0.1011],[61.0679,0.3097],[60.9597,0.5074],[61.1722,0.8889],[61.1224,1.2968],[60.9496,1.6518],[60.9045,1.8612],[61.0874,2.2676],[61.0897,2.5587],[61.2251,2.7705],[61.489,3.0562],[61.745,3.2983],[61.8812,3.5458],[62.0578,3.7529],[62.1069,4.0083],[61.952,4.4606],[61.903,4.6443],[61.945,4.7891],[62.0687,5.0304],[62.096,5.1487],[62.1816,5.4757],[62.359,5.7022],[62.4485,5.9319],[62.5941,6.0362],[62.7723,6.0837],[62.9987,6.0829],[63.1598,6.2215],[63.3334,6.262],[63.4641,6.3881],[63.6213,6.4177],[63.7918,6.399],[63.9171,6.3927],[64.0712,6.5718],[64.1116,6.8225],[64.1381,7.0607],[64.2564,7.2125],[64.3607,7.4219],[64.5428,7.5721],[64.7194,7.5457]]},"properties":{"id":45,"group":"roads","name":"Chalk road"}},{"type":"Feature","geometry":{"type":"LineString","coordinates":[[57.1915,-3.1631],[56.9876,-3.557],[56.723,-3.754],[56.6164,-3.9276],[56.4957,-4.063],[56.3059,-4.1463],[56.0771,-4.2039],[55.9136,-4.362],[55.8483,-4.5068],[55.8078,-4.7146],[55.7743,-4.9248],[55.8389,-5.1039]]},"properties":{"id":46,"group":"roads","name":"The Silent Infernal highway"}},{"type":"Feature","geometry":{"type":"LineString","coordinates":[[62.1816,5.4757],[61.9115,5.552],[61.5987,5.4399],[61.3201,5.3177],[61.0547,5.2445],[60.7185,5.3768],[60.5193,5.4508],[60.3473,5.4274],[60.1566,5.3838],[59.9185,5.5208],[59.7994,5.6571],[59.7021,5.9482],[59.5029,6.1436],[59.3169,6.0222],[59.025,5.9366],[59.0219,5.7637],[58.9519,5.6368],[58.8196,5.5535],[58.625,5.5123],[58.4772,5.429],[58.3223,5.3527],[58.1114,5.2966],[57.9028,5.2398],[57.7153,5.0086],[57.6833,4.8373],[57.6546,4.67],[57.6444,4.4637],[57.6351,4.2644],[57.4888,4.09],[57.3479,3.9117],[57.1853,3.8565],[57.0179,3.7981],[56.8117,3.7786],[56.5985,3.7662],[56.3347,3.7397],[56.0879,3.7085],[55.87,3.7724],[55.6794,3.9366],[55.5354,4.09],[55.3844,4.2395],[55.2397,4.3313],[55.0941,4.4232],[54.8498,4.4255],[54.6482,4.6116],[54.4459,4.6746],[54.2653,4.8373],[53.9774,4.6342],[53.9789,4.8685],[53.9423,5.0857],[53.8155,5.2811],[53.4731,5.4134],[53.3081,5.3581],[53.1937,5.3527],[52.9438,5.211],[52.6481,5.2344]]},"properties":{"id":47,"group":"roads","name":"Divine road"}},{"type":"Feature","geometry":{"type":"LineString","coordinates":[[52.6115,5.401],[52.6154,5.5676],[52.5236,5.7715],[52.3851,5.9482],[52.1641,6.0557],[52.0177,6.1452],[51.8714,6.2386],[51.7687,6.4488],[51.6668,6.6613],[51.5438,6.7508],[51.4185,6.877],[51.3555,7.0179],[51.3562,7.1806],[51.3399,7.3549],[51.2395,7.5231],[51.3446,7.7963],[51.5119,7.9513],[51.6535,8.4191],[51.6683,8.7266],[51.8722,8.9532],[51.9703,9.1096],[52.0489,9.3136],[52.1337,9.5152],[52.1345,9.6951],[52.2006,9.8173],[52.329,9.8819],[52.5166,9.8951],[52.6948,10.0765],[52.8699,10.2649],[53.0855,10.3319],[53.2551,10.4891],[53.3945,10.6962],[53.5493,10.8636],[53.6077,11.0146],[53.7322,11.1119],[53.6007,11.3704],[53.5882,11.6062],[53.7859,11.8834],[54.0513,12.0157],[54.2132,12.2345],[54.4824,12.3816],[54.5431,12.5241],[54.6505,12.6284],[54.7105,12.8176],[54.6692,13.0309],[54.5392,13.2216],[54.3968,13.3267],[54.3447,13.4707],[54.3322,13.6614],[54.2046,13.8677],[54.0241,14.088],[54.0365,14.2437],[54.1299,14.4111],[54.2879,14.4905],[54.0925,14.7529],[53.9914,14.8439],[53.7851,14.8953],[53.6155,15.2799],[53.5875,15.4441],[53.6069,15.5913],[53.5353,15.7361],[53.4536,15.8894],[53.4575,16.0708],[53.5081,16.2717],[53.4038,16.5558],[53.4108,16.847],[53.6489,16.9871],[53.7828,17.1755],[53.9346,17.2806],[54.2536,17.3794]]},"properties":{"id":48,"group":"roads","name":"Molten route"}},{"type":"Feature","geometry":{"type":"LineString","coordinates":[[-50.6224,-23.1561],[-50.894,-23.244],[-51.3204,-23.0463],[-51.8956,-22.8486],[-51.9851,-22.6703],[-52.1578,-22.5496],[-52.4084,-22.4897],[-52.5781,-22.5574],[-52.7088,-22.6563],[-52.7649,-22.8065],[-52.7835,-22.9793],[-52.7874,-23.1249],[-52.8824,-23.3289],[-52.954,-23.476],[-53.1073,-23.5928],[-53.1789,-23.7602],[-53.1703,-23.9797]]},"properties":{"id":49,"group":"roads","name":"Eagle road"}},{"type":"Feature","geometry":{"type":"LineString","coordinates":[[61.2936,-9.6315],[61.0601,-9.4338],[60.9138,-9.1333],[60.6843,-8.8304],[60.5239,-8.5806],[60.2407,-8.4179],[60.1823,-8.2676],[60.0453,-8.0037],[59.8624,-7.8519],[59.6274,-7.8184],[59.4095,-7.8348],[59.2165,-7.8753],[59.0328,-7.9811],[58.8196,-7.9842],[58.5908,-7.9297],[58.334,-7.9445],[58.1659,-7.9765],[57.9946,-8.0115],[57.8024,-8.108],[57.716,-8.2302],[57.5277,-8.2567],[57.2927,-8.1711],[57.1503,-8.0792],[56.9751,-8.0543],[56.779,-8.0574],[56.5938,-7.8908],[56.4133,-7.725],[56.1876,-7.4992],[56.1253,-7.2649],[56.1759,-7.0493]]},"properties":{"id":50,"group":"roads","name":"The Cracked Blusan road"}},{"type":"Feature","geometry":{"type":"LineString","coordinates":[[55.607,-7.1341],[55.6109,-6.7348],[55.4708,-6.4717],[55.1945,-6.207],[55.0957,-5.9002],[54.7774,-5.6784]]},"properties":{"id":51,"group":"roads","name":"Radiant route"}},{"type":"Feature","geometry":{"type":"LineString","coordinates":[[61.2936,-9.6315],[61.7785,-9.4501],[62.0952,-9.2174],[62.3481,-9.1302],[62.6843,-8.797],[62.7388,-8.5736],[62.9279,-8.3268],[63.5754,-8.0496],[63.5536,-8.291],[63.6213,-8.4591],[63.7801,-8.5588],[63.9217,-8.7168],[64.0961,-8.7627],[64.2914,-8.8102],[64.4704,-8.9651],[64.7646,-8.9449],[65.0019,-9.0266],[65.1335,-9.1418],[65.279,-9.1683],[65.8245,-9.3318],[65.6035,-9.4649],[65.8315,-9.5879],[66.0518,-9.7101],[66.2285,-9.8059],[66.4339,-10.0628]]},"properties":{"id":52,"group":"roads","name":"Butiarman way"}},{"type":"Feature","geometry":{"type":"LineString","coordinates":[[58.9083,-19.1126],[58.8772,-18.9445],[58.7418,-18.8736],[58.5316,-18.8752],[58.2779,-18.9164],[58.1106,-18.9382],[57.9324,-19.0776],[57.7931,-19.4801],[57.7939,-19.6397],[57.73,-19.7782],[57.6032,-19.8888],[57.5775,-20.0881],[57.4304,-20.2944],[57.3433,-20.4828],[57.039,-20.7249],[56.9759,-20.6151],[56.8047,-20.6276],[56.5969,-20.7529],[56.4382,-20.9966],[56.2794,-21.0798],[55.9191,-21.0869]]},"properties":{"id":53,"group":"roads","name":"Enigma route"}},{"type":"Feature","geometry":{"type":"LineString","coordinates":[[55.8179,-21.3087],[55.5066,-21.2823],[55.3681,-21.4302],[55.0739,-21.596],[54.8412,-21.5259],[54.726,-21.3897],[54.6762,-21.2176],[54.5206,-21.051],[54.3213,-20.9849],[54.098,-20.9709],[53.677,-20.7934],[53.7696,-21.09],[53.9361,-21.2659],[54.0886,-21.5493],[53.9758,-21.7805],[53.8583,-21.9338],[53.803,-22.1736],[53.6015,-22.5784],[53.5159,-22.942],[53.4147,-23.2067],[53.3867,-23.4402],[53.2699,-23.7407]]},"properties":{"id":54,"group":"roads","name":"Krestanart way"}},{"type":"Feature","geometry":{"type":"LineString","coordinates":[[61.2936,-9.6315],[61.1138,-9.7716],[60.8827,-9.795],[60.692,-9.8518],[60.4695,-9.7903],[60.2679,-9.8036],[60.1099,-9.9468],[59.8469,-9.9694],[59.5823,-9.9904],[59.3799,-10.0784],[59.1706,-10.1694],[58.9441,-10.2418],[58.79,-10.3944],[58.7005,-10.628],[58.7028,-10.8179],[58.7005,-11.0024],[58.6546,-11.169],[58.6577,-11.4975],[58.4445,-11.8292],[58.4702,-12.1234],[58.2912,-12.4924],[58.0958,-12.6318],[57.8997,-12.6637],[57.7845,-12.803],[57.667,-12.9377],[57.6203,-13.1028],[57.7394,-13.2896],[57.9378,-13.4064],[58.0437,-13.636],[58.2437,-13.8306],[58.4468,-14.0299],[58.5861,-14.1187],[58.7293,-14.2098],[58.9169,-14.3024],[58.9713,-14.5655],[59.1309,-14.757],[59.3356,-14.9096],[59.4733,-15.0295],[59.562,-15.0669],[59.548,-15.1743],[59.4733,-15.3097],[59.3807,-15.4709],[59.3877,-15.6367],[59.4484,-15.8119],[59.4733,-15.987],[59.4998,-16.1684],[59.4025,-16.4627],[59.3488,-16.6643],[59.2935,-16.8581],[59.3021,-17.108],[59.3099,-17.3517],[59.555,-17.6989],[59.3589,-17.7962],[59.3488,-18.0189],[59.3356,-18.2034],[59.3908,-18.5054],[59.3052,-18.7623],[59.1161,-18.9336],[58.9083,-19.1126]]},"properties":{"id":55,"group":"roads","name":"Glimmering road"}},{"type":"Feature","geometry":{"type":"LineString","coordinates":[[2.109,14.2149],[2.267,13.9479],[2.2289,13.7369],[2.4094,13.2364],[2.3518,13.0488],[2.3059,12.6634],[2.0849,12.4867],[1.9316,12.1831],[1.6312,11.9386],[1.5378,11.5035],[1.3261,11.245],[1.2631,11.0543],[1.1183,10.8869],[1.0662,10.7071],[1.1113,10.5109],[1.1829,10.3023],[1.1938,10.0913]]},"properties":{"id":56,"group":"trails","name":"Ilzal'aj'an trail"}},{"type":"Feature","geometry":{"type":"LineString","coordinates":[[3.7433,12.7078],[3.4865,12.6299],[3.2173,12.7529],[2.8904,12.8837],[2.7028,12.8144],[2.3059,12.6634]]},"properties":{"id":57,"group":"trails","name":"Ma'kegus trail"}},{"type":"Feature","geometry":{"type":"LineString","coordinates":[[3.3285,10.0103],[3.0686,10.0734],[2.6764,9.9411],[2.3495,9.9115],[2.1503,9.8258],[1.7223,9.9123],[1.1938,10.0913]]},"properties":{"id":58,"group":"trails","name":"Ilzal'aj'an trail"}},{"type":"Feature","geometry":{"type":"LineString","coordinates":[[1.5643,6.9003],[1.4413,7.0467],[1.3923,7.2685],[1.4864,7.5651],[1.4639,7.7574],[1.4942,7.8929],[1.4701,7.9894],[1.3339,8.4043],[1.2576,8.6527],[0.9354,8.8668],[0.8242,8.9804],[0.8172,9.1626],[0.8872,9.3058],[1.0016,9.4351],[1.1759,9.7052],[1.1938,10.0913]]},"properties":{"id":59,"group":"trails","name":"Ilzal'aj'an pass"}},{"type":"Feature","geometry":{"type":"LineString","coordinates":[[0.8172,9.1626],[0.537,9.2124],[0.2973,9.2365],[-0.063,9.2786],[-0.428,9.6476],[-0.6825,9.6367],[-0.9261,9.7472],[-1.1518,9.8274],[-1.3417,9.9395],[-1.4802,10.0742],[-1.6693,10.1116],[-1.902,10.1847],[-2.1479,10.131],[-2.3947,10.0773],[-2.604,9.8998],[-2.639,9.6087],[-2.7472,9.4693],[-2.8624,9.3229],[-2.9729,9.1423],[-3.1628,9.0738],[-3.183,8.7765],[-3.2811,8.6052],[-3.5254,8.4184],[-3.7644,8.2354],[-3.9223,8.1459],[-3.8328,8.0891],[-3.6998,8.0252],[-3.5799,7.889],[-3.5177,7.7255],[-3.5488,7.5698],[-3.6243,7.4196],[-3.65,7.2039],[-3.6795,6.9898],[-3.7496,6.7213],[-3.7511,6.4877],[-3.7535,6.2573],[-3.6266,6.0829],[-3.4951,5.9116],[-3.3301,5.7622],[-2.9908,5.5551],[-2.5207,5.2546],[-2.9145,4.8685]]},"properties":{"id":60,"group":"trails","name":"Undinbarak path"}},{"type":"Feature","geometry":{"type":"LineString","coordinates":[[-0.6662,6.2814],[-0.7074,6.5765],[-0.7915,6.8279],[-0.9697,7.0654],[-1.0125,7.33],[-1.0973,7.5465],[-1.0639,7.7154],[-0.9432,8.026],[-0.8553,8.2704],[-0.674,8.4518],[-0.558,8.655],[-0.4109,8.7718],[-0.3051,8.9664],[-0.2981,9.1789],[-0.428,9.6476]]},"properties":{"id":61,"group":"trails","name":"Rroksurrian track"}},{"type":"Feature","geometry":{"type":"LineString","coordinates":[[3.6772,12.1839],[3.8079,12.0321],[3.8235,11.8219],[3.6383,11.5899],[3.583,11.4451],[3.4671,11.2824],[3.4313,11.0551],[3.6453,10.6285],[3.5737,10.3186],[3.3285,10.0103]]},"properties":{"id":62,"group":"trails","name":"Maj'kis pass"}},{"type":"Feature","geometry":{"type":"LineString","coordinates":[[3.7433,12.7078],[3.7504,12.5116],[3.6772,12.1839]]},"properties":{"id":63,"group":"trails","name":null}},{"type":"Feature","geometry":{"type":"LineString","coordinates":[[3.8079,12.0321],[4.2002,11.9184],[4.3971,11.9137],[4.5768,11.8787],[4.7091,11.7767],[4.959,11.6016],[5.2804,11.6117],[5.4866,11.6335],[5.6866,11.6607],[5.8936,11.6265],[6.1092,11.6646],[6.3248,11.7004],[6.5061,11.6257],[6.6835,11.5471],[6.8874,11.6023],[7.0672,11.6965],[7.1832,11.867],[7.2618,12.0725],[7.4167,12.1473],[7.5645,12.2282],[7.798,12.2251],[8.0167,12.2726],[8.2027,12.412],[8.3669,12.5443],[8.5218,12.577],[8.7747,12.6984]]},"properties":{"id":64,"group":"trails","name":"Shinasan track"}},{"type":"Feature","geometry":{"type":"LineString","coordinates":[[8.5218,12.577],[8.763,12.4587],[8.949,12.4571],[9.0743,12.5762],[9.2051,12.7374],[9.3934,12.918],[9.665,12.8822],[9.8417,12.7584],[10.1615,12.5311]]},"properties":{"id":65,"group":"trails","name":"Ragerean trail"}},{"type":"Feature","geometry":{"type":"LineString","coordinates":[[10.0549,13.1795],[10.0541,13.0044],[9.9693,12.8713],[9.8417,12.7584]]},"properties":{"id":66,"group":"trails","name":"Sojesh track"}},{"type":"Feature","geometry":{"type":"LineString","coordinates":[[-0.2023,6.0409],[-0.4024,6.2324],[-0.6662,6.2814],[-0.5876,6.0051],[-0.6841,5.8073],[-0.9238,5.6353],[-1.039,5.4399],[-1.1822,5.3792],[-1.5783,5.218],[-1.825,5.3107],[-2.3308,5.3325],[-2.5207,5.2546]]},"properties":{"id":67,"group":"trails","name":"Narbizan trail"}},{"type":"Feature","geometry":{"type":"LineString","coordinates":[[1.1308,6.2596],[1.007,6.1055],[0.7136,6.0697],[0.4016,6.1312],[0.2693,6.2137],[0.0747,6.2121],[-0.109,6.1133],[-0.2023,6.0409],[-0.386,5.7225],[-0.3416,5.2811],[-0.2234,5.0701],[-0.2374,4.7805],[-0.4234,4.3539],[-0.4241,4.0814],[-0.2599,3.6899]]},"properties":{"id":68,"group":"trails","name":"Skalzar't track"}},{"type":"Feature","geometry":{"type":"LineString","coordinates":[[4.2936,5.6524],[4.794,5.6999],[5.0173,5.6773],[5.317,5.524],[5.471,5.292],[5.7427,5.2717],[5.9543,5.2102],[6.1948,4.9853],[6.345,4.6871],[6.3754,4.4193]]},"properties":{"id":69,"group":"trails","name":"Kepjer track"}},{"type":"Feature","geometry":{"type":"LineString","coordinates":[[4.7955,6.3935],[4.594,6.1506],[4.394,5.9404],[4.2936,5.6524],[3.9893,5.6944],[3.8204,5.64],[3.555,5.3729]]},"properties":{"id":70,"group":"trails","name":"Pather'jaz trail"}},{"type":"Feature","geometry":{"type":"LineString","coordinates":[[10.0541,13.0044],[10.4502,12.9577],[10.7071,12.7335],[11.0059,12.6548],[11.2207,12.5217],[11.3616,12.2952],[11.6627,12.1574]]},"properties":{"id":71,"group":"trails","name":"Naj'kekez trail"}},{"type":"Feature","geometry":{"type":"LineString","coordinates":[[-7.549,9.5472],[-7.7272,9.6569],[-7.9661,9.6359],[-8.2595,9.5939],[-8.4439,9.6484],[-8.5809,9.7488],[-8.7467,9.8329],[-9.0198,9.8196],[-9.3755,9.8632],[-9.4953,9.8313],[-9.6673,9.7169]]},"properties":{"id":72,"group":"trails","name":"Naran trail"}},{"type":"Feature","geometry":{"type":"LineString","coordinates":[[-10.8043,2.5299],[-10.6829,2.8086],[-10.7709,3.0468],[-10.7678,3.2562],[-10.6674,3.4337],[-10.7242,3.7319],[-10.5179,4.0573],[-10.2744,4.1165],[-10.0207,4.1756],[-9.8035,4.3594],[-9.7187,4.3975],[-9.5008,4.5664],[-9.3817,4.4777],[-9.1521,4.4481],[-8.9155,4.4131],[-8.7085,4.3936],[-8.5077,4.3734],[-8.3256,4.4606],[-8.1249,4.5804],[-7.9318,4.7011],[-7.7038,4.7836],[-7.5443,5.0436],[-7.577,5.2554],[-7.5801,5.6828],[-7.5552,5.8727],[-7.4112,6.139],[-7.3933,6.3227],[-7.261,6.5344],[-7.1334,6.7485],[-7.1676,6.9704],[-7.1949,7.1985],[-7.1676,7.4686],[-7.1396,7.7333],[-7.0081,7.9536]]},"properties":{"id":73,"group":"trails","name":"Kirukthun path"}},{"type":"Feature","geometry":{"type":"LineString","coordinates":[[-7.5443,5.0436],[-7.1824,4.8677],[-7.0742,4.7463],[-7.0283,4.5516],[-6.8563,4.4403],[-6.7186,4.3158],[-6.654,4.1601],[-6.6314,3.9942],[-6.7279,3.686],[-6.7162,3.5061],[-6.7077,3.3333],[-6.6773,3.1091],[-6.6431,2.8841],[-6.6898,2.7798],[-6.6384,2.6031],[-6.587,2.4217],[-6.6298,2.1313],[-6.6618,1.918],[-6.6431,1.7172],[-6.5372,1.5522],[-6.3902,1.4027],[-6.3894,1.1473],[-6.4625,0.8071]]},"properties":{"id":74,"group":"trails","name":"Crystal track"}},{"type":"Feature","geometry":{"type":"LineString","coordinates":[[-5.51,-0.1138],[-5.2812,-0.0188],[-5.1076,0.1151],[-4.8414,0.168],[-4.6695,0.1665],[-4.4975,0.1665],[-4.3543,0.1563],[-4.2103,0.1034],[-4.0414,0.0816],[-3.8756,-0.0282],[-3.7146,-0.1823],[-3.5177,-0.2773],[-3.3231,-0.3271],[-3.1363,-0.2851],[-2.9488,-0.2524],[-2.7472,-0.2734],[-2.6344,-0.1551],[-2.5954,0.0147],[-2.7153,0.312],[-2.6382,0.5323],[-2.5682,0.7488],[-2.4196,0.9488],[-2.3947,1.2423],[-2.7363,1.2797],[-2.8351,1.458],[-2.9597,1.5724],[-3.0351,1.7468],[-3.0071,1.9484],[-2.8328,2.1516],[-2.8095,2.4163],[-2.8748,2.6576],[-2.8227,2.867],[-2.7628,3.148],[-2.7083,3.4267],[-2.5993,3.5684],[-2.5386,3.728],[-2.5838,3.9109],[-2.6803,4.1056],[-2.7176,4.2722],[-2.6873,4.5594],[-2.7254,4.8669],[-2.9145,4.8685],[-2.9651,5.1153],[-3.0741,5.2787],[-3.2048,5.4531],[-3.3301,5.7622]]},"properties":{"id":75,"group":"trails","name":"Wild trail"}},{"type":"Feature","geometry":{"type":"LineString","coordinates":[[-7.7513,10.1077],[-7.7832,9.9169],[-7.9661,9.6359]]},"properties":{"id":76,"group":"trails","name":null}},{"type":"Feature","geometry":{"type":"LineString","coordinates":[[-8.6891,12.3497],[-8.4751,12.4003],[-8.3467,12.4859],[-8.17,12.904],[-8.2626,13.2807],[-8.0595,13.3812],[-7.8922,13.5859],[-7.7357,13.8132],[-7.5661,13.9923],[-7.3731,14.06],[-7.0976,14.2725]]},"properties":{"id":77,"group":"trails","name":"Zamunzdum pass"}},{"type":"Feature","geometry":{"type":"LineString","coordinates":[[0.1393,3.0468],[-0.0483,3.3068],[-0.2599,3.6899]]},"properties":{"id":78,"group":"trails","name":null}},{"type":"Feature","geometry":{"type":"LineString","coordinates":[[4.9201,3.9577],[4.7395,3.8744]]},"properties":{"id":79,"group":"trails","name":null}},{"type":"Feature","geometry":{"type":"LineString","coordinates":[[-7.5661,13.9923],[-7.7124,14.218],[-7.7552,14.3021],[-7.8478,14.3854],[-7.9365,14.517],[-8.0392,14.5606],[-8.2369,14.7396],[-8.2743,14.7957],[-8.4439,14.833]]},"properties":{"id":80,"group":"trails","name":"Great trail"}},{"type":"Feature","geometry":{"type":"LineString","coordinates":[[-8.6105,14.8743],[-8.6618,15.1055],[-8.7093,15.3313],[-8.8253,15.5181]]},"properties":{"id":81,"group":"trails","name":"Kiraz trail"}},{"type":"Feature","geometry":{"type":"LineString","coordinates":[[-7.7513,10.1077],[-7.7202,10.3046],[-7.689,10.5514],[-7.6501,10.7382],[-7.6089,10.9313],[-7.6851,11.2201],[-7.7334,11.3999],[-7.9163,11.5214],[-8.1708,11.5564],[-8.4105,11.7682],[-8.4969,12.0546],[-8.6891,12.3497]]},"properties":{"id":82,"group":"trails","name":"Shundaharb path"}},{"type":"Feature","geometry":{"type":"LineString","coordinates":[[1.053,2.5548],[0.7705,2.772],[0.7253,3.0601],[0.4615,3.2889],[0.1393,3.0468]]},"properties":{"id":83,"group":"trails","name":"Ki'tunek trail"}},{"type":"Feature","geometry":{"type":"LineString","coordinates":[[-9.2619,13.9113],[-9.3156,13.6474],[-9.5366,13.3422],[-9.8315,13.0534],[-10.2471,12.9982],[-10.5888,12.974],[-10.8767,12.9982],[-11.1522,13.1134],[-11.3398,13.3298],[-11.3359,13.7377],[-11.5538,13.8008],[-11.4915,14.204],[-11.3647,14.3052],[-11.111,14.5886],[-11.0324,14.879],[-11.1094,15.1437],[-11.2814,15.4613],[-11.4425,15.6878],[-11.5048,15.9906],[-11.6114,16.2071],[-11.5227,16.7201]]},"properties":{"id":84,"group":"trails","name":"Kinzanese path"}},{"type":"Feature","geometry":{"type":"LineString","coordinates":[[-8.2626,13.2807],[-8.377,13.4917],[-8.6455,13.6482],[-8.9272,13.7595],[-9.2619,13.9113]]},"properties":{"id":85,"group":"trails","name":"Nurazdushur trail"}},{"type":"Feature","geometry":{"type":"LineString","coordinates":[[-9.7584,11.7355],[-9.6245,11.7573],[-9.43,11.797],[-9.1498,11.9916],[-9.0564,12.0655],[-8.6891,12.3497]]},"properties":{"id":86,"group":"trails","name":"Obsidian trail"}},{"type":"Feature","geometry":{"type":"LineString","coordinates":[[12.2667,9.8438],[11.9717,10.1123],[11.5904,10.3007],[11.2269,10.2953],[11.1164,10.2089],[10.9717,10.0983],[10.5343,9.9699],[10.3732,9.699],[10.3187,9.3128],[10.3273,8.9493],[10.1888,8.6682],[9.974,8.2767],[9.9242,8.0089],[9.9607,7.6998],[9.8214,7.3604]]},"properties":{"id":87,"group":"trails","name":"Gaj'jas track"}},{"type":"Feature","geometry":{"type":"LineString","coordinates":[[0.1868,13.3228],[0.435,13.3757],[0.5837,13.4941],[0.6794,13.6474],[0.8327,13.821],[0.986,13.9954],[1.2063,14.1168],[1.4281,14.134],[1.6507,14.0522],[1.8997,14.067],[2.109,14.2149]]},"properties":{"id":88,"group":"trails","name":"Sushaj'kess trail"}},{"type":"Feature","geometry":{"type":"LineString","coordinates":[[-7.261,6.5344],[-7.5622,6.5305],[-7.7171,6.4683],[-7.8828,6.4667],[-8.2424,6.5671]]},"properties":{"id":89,"group":"trails","name":"Kinzandush trail"}},{"type":"Feature","geometry":{"type":"LineString","coordinates":[[-9.8315,13.0534],[-9.9195,12.7685],[-10.2043,12.2742]]},"properties":{"id":90,"group":"trails","name":null}},{"type":"Feature","geometry":{"type":"LineString","coordinates":[[-9.3755,9.8632],[-9.6673,9.7169]]},"properties":{"id":91,"group":"trails","name":null}},{"type":"Feature","geometry":{"type":"LineString","coordinates":[[-5.7606,22.382],[-6.0625,22.3999]]},"properties":{"id":92,"group":"trails","name":null}},{"type":"Feature","geometry":{"type":"LineString","coordinates":[[-0.4241,4.0814],[-0.7479,4.2792],[-1.0498,4.3134],[-1.3884,4.2737],[-1.7044,4.3695],[-2.0546,4.3306],[-2.3768,4.3516],[-2.6873,4.5594]]},"properties":{"id":93,"group":"trails","name":"Garakzig path"}},{"type":"Feature","geometry":{"type":"LineString","coordinates":[[3.3542,3.0819],[2.9861,3.0095],[2.8383,2.8927],[2.7013,2.8016],[2.4188,2.7604],[2.0452,2.5603],[1.9191,2.368],[1.6732,2.3781],[1.4724,2.4778],[1.2358,2.5502],[1.053,2.5548],[0.9175,2.477],[0.5518,2.3945]]},"properties":{"id":94,"group":"trails","name":"The Obscure Horjasan trail"}},{"type":"Feature","geometry":{"type":"LineString","coordinates":[[3.3542,3.0819],[3.362,2.9223],[3.3675,2.709],[3.2927,2.4482],[3.2608,2.2216],[3.3029,2.0597],[3.3737,1.9165],[3.4025,1.7078],[3.4616,1.514],[3.4647,1.31],[3.5807,1.1481]]},"properties":{"id":95,"group":"trails","name":"Nij'ass trail"}},{"type":"Feature","geometry":{"type":"LineString","coordinates":[[8.8471,3.1862],[9.1194,3.3824],[9.2315,3.7428],[9.3957,4.0301],[9.5047,4.1336],[9.6953,4.2792],[9.9047,4.3189]]},"properties":{"id":96,"group":"trails","name":"Rilzanese trail"}},{"type":"Feature","geometry":{"type":"LineString","coordinates":[[-10.1693,10.3326],[-10.2666,10.5755],[-10.1864,10.8807],[-10.0736,11.0815],[-10.0526,11.2738],[-9.7584,11.7355],[-10.0627,12.0048],[-10.2043,12.2742]]},"properties":{"id":97,"group":"trails","name":"Unbarakzah pass"}},{"type":"Feature","geometry":{"type":"LineString","coordinates":[[-5.7606,22.382],[-5.6197,22.5361]]},"properties":{"id":98,"group":"trails","name":null}},{"type":"Feature","geometry":{"type":"LineString","coordinates":[[-5.7606,22.382],[-5.938,22.8016],[-5.6197,22.5361]]},"properties":{"id":99,"group":"trails","name":null}},{"type":"Feature","geometry":{"type":"LineString","coordinates":[[-6.2189,22.3072],[-6.0625,22.3999]]},"properties":{"id":100,"group":"trails","name":null}},{"type":"Feature","geometry":{"type":"LineString","coordinates":[[12.2667,9.8438],[12.4527,9.7503],[12.7904,9.7278]]},"properties":{"id":101,"group":"trails","name":null}},{"type":"Feature","geometry":{"type":"LineString","coordinates":[[13.4714,14.5372],[13.7087,14.4127],[13.9912,14.3877],[14.1018,14.2647],[14.2092,14.1347],[14.4076,13.9744],[14.571,13.923],[14.771,13.9456],[14.9921,14.0078],[15.1602,14.0546],[15.3314,14.0974],[15.7672,14.0546],[15.9999,14.2756],[16.1221,14.4788],[16.3003,14.4983],[16.4676,14.4438],[16.677,14.4975],[16.8069,14.6135],[16.989,14.654],[17.1758,14.7007],[17.3937,14.7163],[17.5953,14.5419],[17.8373,14.6773],[18.0739,14.6174],[18.3066,14.5294],[18.5066,14.5684],[18.6965,14.4726],[18.7977,14.3262],[19.028,14.2103],[19.2553,14.0919],[19.4872,14.039],[19.7168,13.979],[19.9152,13.8599],[20.1176,13.7354],[20.3199,13.6264],[20.5269,13.5236],[20.7223,13.3843],[20.8795,13.3516],[21.1371,13.3539],[21.39,13.3609],[21.4795,13.3493],[21.6429,13.2683],[21.8414,13.2021],[22.0243,13.2449],[22.1947,13.3446],[22.2811,13.4941],[22.3698,13.6443],[22.5146,13.7432],[22.657,13.835],[22.7823,14.0982],[22.9916,14.1962],[23.0173,14.3971],[23.1675,14.4773],[23.3551,14.4827],[23.5302,14.3862],[23.6197,14.2258],[23.6648,14.0398],[23.643,13.8366],[23.5582,13.6404],[23.3628,13.4629],[23.2352,13.3002],[23.2228,13.1437],[23.2461,12.8401],[23.1667,12.6868],[23.0049,12.6066],[22.8368,12.5256],[22.5597,12.5217],[22.3589,12.4275],[22.1939,12.2827],[22.0321,12.1317],[21.8686,11.9791],[21.8219,11.797],[21.7495,11.6475],[21.6118,11.5634],[21.4468,11.5081],[21.2849,11.4233],[21.127,11.333],[21.0569,11.1773],[20.8242,11.0605],[20.6141,10.9181],[20.4989,10.6121],[20.4709,10.4463],[20.3705,10.2922],[20.4133,9.7807],[20.6149,9.7231],[20.7791,9.625],[21.0079,9.4888]]},"properties":{"id":102,"group":"trails","name":"Gopjessan track"}},{"type":"Feature","geometry":{"type":"LineString","coordinates":[[19.8989,6.2145],[19.7736,5.9389]]},"properties":{"id":103,"group":"trails","name":null}},{"type":"Feature","geometry":{"type":"LineString","coordinates":[[12.7733,11.4653],[12.5531,11.5712],[12.3663,11.7619],[12.3351,11.9231],[12.167,12.0694],[11.9881,12.1084],[11.6627,12.1574]]},"properties":{"id":104,"group":"trails","name":"Naj'kekez trail"}},{"type":"Feature","geometry":{"type":"LineString","coordinates":[[-11.3398,13.3298],[-11.4604,13.2582],[-11.676,13.0332],[-12.0347,12.9468],[-12.2978,12.735],[-12.5406,12.5941],[-12.662,12.3816],[-12.757,12.2407],[-12.8823,12.0889],[-13.1033,12.0025]]},"properties":{"id":105,"group":"trails","name":"Khizdushan trail"}},{"type":"Feature","geometry":{"type":"LineString","coordinates":[[-15.6536,21.7062],[-15.4792,21.5435],[-15.3065,21.3746],[-15.0139,21.2866],[-14.7633,21.2166],[-14.5197,21.1465],[-14.2543,21.106],[-14.094,21.0266],[-14.059,20.9433],[-14.0395,20.7962],[-13.9718,20.5915],[-13.7819,20.3852],[-13.6986,20.1602],[-13.5181,20.0722],[-13.3344,19.978],[-13.1134,19.9087],[-12.8963,19.8426],[-12.7398,19.7219],[-12.5834,19.6051],[-12.3974,19.465],[-12.2137,19.3303],[-12.0635,19.2634],[-11.9538,19.1147],[-11.8845,18.8819],[-11.8526,18.7099],[-11.8262,18.5347],[-11.7281,18.3829],[-11.6052,18.2576],[-11.4402,18.1961],[-11.2495,18.1704],[-11.0433,18.2584],[-10.837,18.3424],[-10.5903,18.4086],[-10.5413,18.4639],[-10.2378,18.5339],[-9.967,18.3642],[-9.7514,18.344],[-9.5358,18.3315],[-9.3623,18.3051],[-9.1918,18.2864],[-8.9778,18.323],[-8.7241,18.3284],[-8.4688,18.3393],[-8.3241,18.2249]]},"properties":{"id":106,"group":"trails","name":"Naziran trail"}},{"type":"Feature","geometry":{"type":"LineString","coordinates":[[-6.8664,22.6614],[-6.8143,22.8444],[-6.6477,22.8716],[-6.475,22.7658],[-6.2898,22.533],[-6.2189,22.3072]]},"properties":{"id":107,"group":"trails","name":"The Cracked Ushundzig pass"}},{"type":"Feature","geometry":{"type":"LineString","coordinates":[[6.7863,4.3547],[6.6719,4.5275],[6.345,4.6871]]},"properties":{"id":108,"group":"trails","name":null}},{"type":"Feature","geometry":{"type":"LineString","coordinates":[[10.0121,4.6326],[10.2806,4.5804]]},"properties":{"id":109,"group":"trails","name":null}},{"type":"Feature","geometry":{"type":"LineString","coordinates":[[13.3251,9.9496],[13.4862,10.0664],[13.7056,10.1637]]},"properties":{"id":110,"group":"trails","name":null}},{"type":"Feature","geometry":{"type":"LineString","coordinates":[[13.3251,9.9496],[13.2776,9.7605],[12.9002,9.5331]]},"properties":{"id":111,"group":"trails","name":null}},{"type":"Feature","geometry":{"type":"LineString","coordinates":[[14.3765,6.3982],[14.1749,5.963],[14.5127,5.9085]]},"properties":{"id":112,"group":"trails","name":null}},{"type":"Feature","geometry":{"type":"LineString","coordinates":[[12.9733,10.1466],[13.0667,9.8873],[13.2776,9.7605]]},"properties":{"id":113,"group":"trails","name":null}},{"type":"Feature","geometry":{"type":"LineString","coordinates":[[12.2783,17.6558],[12.3888,17.8395],[12.3803,18.0482],[12.2075,18.3339],[12.2316,18.6328],[12.3982,18.8282],[12.6083,18.9621],[12.7212,19.1521],[12.8955,19.2081],[13.0706,19.2626],[13.1702,19.3895],[13.269,19.5506],[13.2792,19.7094],[13.2441,19.8581],[13.2838,20.0006],[13.2472,20.1843],[13.3243,20.3595],[13.378,20.4638],[13.5998,20.544],[13.8768,20.565],[14.1181,20.7417],[14.2784,21.0874],[14.5064,21.092],[14.6901,21.1146],[14.8279,20.9978],[14.9423,20.7728],[15.0691,20.6016],[15.2146,20.5315],[15.3781,20.5704],[15.5026,20.7417],[15.6326,20.9176],[15.8217,21.1092],[16.0396,21.2322],[16.2606,21.3536],[16.4583,21.57],[16.5563,22.0317],[16.912,21.6424],[17.2676,21.447],[17.3999,21.2329],[17.5439,21.152],[17.6692,20.9558],[17.8148,20.8725],[18.0008,20.7191],[18.207,20.5611],[18.407,20.2061],[18.5533,19.9492],[18.8825,19.7741],[18.9666,19.6191],[19.0273,19.349],[19.1743,19.1583],[19.1681,19.0617],[19.1728,18.6951],[19.3277,18.1914],[19.5144,17.8847],[19.9884,17.694],[20.2771,17.4744],[20.5767,17.237],[20.8896,17.0766],[21.1067,17.0649],[21.2663,17.0284],[21.4359,16.8976],[21.8702,16.8088],[21.8461,16.6617],[21.7239,16.3534],[21.6196,16.1759],[21.6888,16.0054],[21.9247,15.8147],[22.0009,15.6738],[22.2492,15.3531],[22.5706,15.023],[22.7107,14.703],[22.9916,14.1962]]},"properties":{"id":114,"group":"trails","name":"Memtibanean trail"}},{"type":"Feature","geometry":{"type":"LineString","coordinates":[[-10.1693,10.3326],[-10.3296,9.9364],[-10.3039,9.6896]]},"properties":{"id":115,"group":"trails","name":null}},{"type":"Feature","geometry":{"type":"LineString","coordinates":[[13.4714,14.5372],[13.2364,14.6555],[13.0511,14.8253],[13.0574,15.0954],[13.1056,15.2776],[13.0589,15.448],[12.971,15.6123],[12.992,15.9011],[13.143,16.0794],[13.1756,16.2429],[13.329,16.4819],[13.6325,16.5862],[14.0893,16.7847]]},"properties":{"id":116,"group":"trails","name":"Cothej'je trail"}},{"type":"Feature","geometry":{"type":"LineString","coordinates":[[13.329,16.4819],[13.0939,16.6703],[12.8558,16.7224],[12.7009,16.9357],[12.5406,17.1381],[12.3709,17.3055],[12.2783,17.6558]]},"properties":{"id":117,"group":"trails","name":"Zaj'ar'thez trail"}},{"type":"Feature","geometry":{"type":"LineString","coordinates":[[-20.6981,18.8274],[-20.2818,19.0446],[-20.1129,19.2976],[-20.011,19.5125],[-19.7892,19.6939],[-19.5806,19.6915],[-19.3362,19.6713],[-19.137,19.5818],[-18.9206,19.5522],[-18.6809,19.6487],[-18.3899,19.574],[-18.0918,19.5],[-17.9385,19.3404],[-17.793,19.1863],[-17.6272,19.177],[-17.4653,19.1022],[-17.3128,18.9823],[-17.1525,18.9434],[-16.982,18.9784],[-16.7945,18.9201],[-16.6793,18.8157],[-16.631,18.6632],[-16.6419,18.467],[-16.5454,18.3051],[-16.403,18.1875],[-16.1828,18.1564],[-16.0707,17.9236],[-15.8816,17.8146],[-15.6645,17.8489],[-15.4901,17.982],[-15.287,17.8886],[-15.0255,17.9073],[-14.8489,17.8613],[-14.6668,17.8637],[-14.4753,17.9703],[-14.2753,18.1221],[-14.0558,18.2202],[-13.8535,18.2194],[-13.6877,18.2179],[-13.529,18.1361],[-13.2613,18.0692],[-13.0511,18.0326],[-12.8908,17.8629],[-12.855,17.5499],[-12.7009,17.402],[-12.5453,17.2549],[-12.2581,17.1809],[-12.1406,17.0517],[-12.0309,16.9272],[-11.9616,16.7092],[-11.8542,16.5706],[-11.6962,16.6017],[-11.5227,16.7201],[-11.223,16.5729],[-11.0339,16.5457],[-10.802,16.6391],[-10.4829,16.678],[-10.3109,16.5877],[-10.0938,16.4756],[-9.8775,16.369],[-9.7179,16.1424],[-9.5257,16.0475],[-9.342,15.9626],[-9.2222,15.775],[-9.0595,15.61],[-8.8253,15.5181]]},"properties":{"id":118,"group":"trails","name":"Kiraz path"}},{"type":"Feature","geometry":{"type":"LineString","coordinates":[[-8.1241,21.2594],[-7.9879,21.2929],[-7.8213,21.4501],[-7.6564,21.6152],[-7.6501,21.8238],[-7.6501,22.0355],[-7.7248,22.1967],[-7.7217,22.3244],[-7.6346,22.4388],[-7.5427,22.6809],[-7.3147,22.8]]},"properties":{"id":119,"group":"trails","name":"Kholukkhaz trail"}},{"type":"Feature","geometry":{"type":"LineString","coordinates":[[-9.258,21.0173],[-8.8167,21.1644],[-8.6673,21.2096],[-8.3972,21.2322],[-8.1241,21.2594]]},"properties":{"id":120,"group":"trails","name":"Kholukkhaz trail"}},{"type":"Feature","geometry":{"type":"LineString","coordinates":[[-9.1918,18.2864],[-9.1265,18.5464],[-9.0237,18.9006],[-9.0899,19.1217],[-9.2486,19.3046],[-9.3039,19.5008],[-9.3996,19.9469],[-9.4868,20.2723],[-9.5732,20.5268],[-9.5343,20.9971],[-9.6097,21.1294],[-9.8152,21.2423],[-9.9203,21.4891],[-10.3,21.7257],[-10.4308,21.8518],[-10.525,22.15],[-10.6588,22.4528],[-10.9351,22.6101]]},"properties":{"id":121,"group":"trails","name":"Amethyst trail"}},{"type":"Feature","geometry":{"type":"LineString","coordinates":[[-2.4196,0.9488],[-2.0717,0.8289],[-1.8841,0.6063],[-1.7635,0.5541],[-1.5752,0.4833],[-1.3985,0.2521],[-1.2506,0.0824],[-1.1113,-0.0095],[-1.0078,-0.1807],[-0.6965,-0.2617],[-0.3876,-0.2127]]},"properties":{"id":122,"group":"trails","name":"Wandering trail"}},{"type":"Feature","geometry":{"type":"LineString","coordinates":[[-6.8143,22.8444],[-7.0898,22.828],[-7.3186,22.8662],[-7.5552,23.0382],[-7.7583,23.1986],[-8.0136,23.2624],[-8.0937,23.4088],[-8.1256,23.6493],[-8.0167,23.7965]]},"properties":{"id":123,"group":"trails","name":"Gulukkzar trail"}},{"type":"Feature","geometry":{"type":"LineString","coordinates":[[-7.0898,22.828],[-6.8664,22.6614]]},"properties":{"id":124,"group":"trails","name":null}},{"type":"Feature","geometry":{"type":"LineString","coordinates":[[-7.3933,6.3227],[-7.5622,6.5305]]},"properties":{"id":125,"group":"trails","name":null}},{"type":"Feature","geometry":{"type":"LineString","coordinates":[[-5.938,22.8016],[-6.0796,22.944],[-6.0353,23.1628],[-5.9076,23.3426],[-5.8773,23.4454],[-5.6991,23.5715],[-5.5442,23.8556],[-5.5644,24.0658],[-5.5847,24.2745],[-5.6524,24.5866],[-5.6298,24.7859],[-5.5878,25.0701],[-5.622,25.2927],[-5.7356,25.4507],[-5.7279,25.6228],[-5.7271,25.7917],[-5.5512,25.9887],[-6.0314,26.0899],[-6.2415,26.2907]]},"properties":{"id":126,"group":"trails","name":"Sholed trail"}},{"type":"Feature","geometry":{"type":"LineString","coordinates":[[-12.662,9.6811],[-12.6262,9.453],[-12.4908,9.3525],[-12.353,9.2451],[-12.2192,9.1727],[-12.1888,9.017],[-12.2028,8.8387],[-12.0947,8.7663],[-11.9406,8.7694]]},"properties":{"id":127,"group":"trails","name":"Nabuzdus trail"}},{"type":"Feature","geometry":{"type":"LineString","coordinates":[[-7.5583,3.0406],[-7.5396,3.2601],[-7.4478,3.6891],[-7.5739,3.9763],[-7.7933,4.1328],[-7.9645,4.3757],[-8.1249,4.5804]]},"properties":{"id":128,"group":"trails","name":"Khiz pass"}},{"type":"Feature","geometry":{"type":"LineString","coordinates":[[-6.6384,2.6031],[-6.9303,2.6436],[-7.1668,2.7619],[-7.5583,3.0406]]},"properties":{"id":129,"group":"trails","name":"Khiz trail"}},{"type":"Feature","geometry":{"type":"LineString","coordinates":[[12.6799,2.9628],[12.6309,3.1558],[12.5865,3.3543],[12.6566,3.6019],[12.6309,3.8097],[12.5523,3.9911],[12.5375,4.2457]]},"properties":{"id":130,"group":"trails","name":"Gar'kas trail"}},{"type":"Feature","geometry":{"type":"LineString","coordinates":[[10.5374,3.9966],[10.5794,4.206],[10.4751,4.4193],[10.2806,4.5804]]},"properties":{"id":131,"group":"trails","name":"Kopjaj'kas track"}},{"type":"Feature","geometry":{"type":"LineString","coordinates":[[9.1724,1.6331],[8.9801,1.5342],[8.7941,1.521],[8.6222,1.4735],[8.4618,1.342]]},"properties":{"id":132,"group":"trails","name":"Meth'hez trail"}},{"type":"Feature","geometry":{"type":"LineString","coordinates":[[-12.0947,8.7663],[-12.2721,8.5569],[-12.3235,8.2401],[-12.5569,8.2767]]},"properties":{"id":133,"group":"trails","name":"Galararam path"}},{"type":"Feature","geometry":{"type":"LineString","coordinates":[[-1.1113,-0.0095],[-1.3985,0.2521]]},"properties":{"id":134,"group":"trails","name":null}},{"type":"Feature","geometry":{"type":"LineString","coordinates":[[-4.3722,-0.3715],[-3.8998,-0.3224],[-3.7146,-0.1823]]},"properties":{"id":135,"group":"trails","name":null}},{"type":"Feature","geometry":{"type":"LineString","coordinates":[[13.2807,5.1947],[13.5305,5.3177],[13.82,5.3784],[14.0481,5.5582],[14.1749,5.963]]},"properties":{"id":136,"group":"trails","name":"The Shaky Skalzanese track"}},{"type":"Feature","geometry":{"type":"LineString","coordinates":[[-6.6431,1.7172],[-7.0594,1.7226],[-7.3832,1.7802],[-7.6665,1.6238],[-7.7762,1.4128],[-7.9186,1.219],[-7.9497,0.9231]]},"properties":{"id":137,"group":"trails","name":"Dragon trail"}},{"type":"Feature","geometry":{"type":"LineString","coordinates":[[6.1248,-0.4018],[6.1263,-0.6307],[6.1831,-0.932]]},"properties":{"id":138,"group":"trails","name":null}},{"type":"Feature","geometry":{"type":"LineString","coordinates":[[6.7941,-0.071],[6.4711,-0.0881],[6.296,-0.1294],[6.1816,-0.2337],[6.1248,-0.4018]]},"properties":{"id":139,"group":"trails","name":"Krussuless pass"}},{"type":"Feature","geometry":{"type":"LineString","coordinates":[[4.4718,-1.4761],[4.2515,-1.4185],[4.0936,-1.3282],[3.9379,-1.2395],[3.8601,-1.0947],[3.8679,-0.8767],[3.9683,-0.5786],[3.9317,-0.3598],[4.0157,-0.1916],[4.0936,-0.0188],[4.0562,0.1914],[3.9146,0.3533],[3.7169,0.4981],[3.6336,0.6756],[3.6531,0.9325],[3.5807,1.1481]]},"properties":{"id":140,"group":"trails","name":"Nij'ass pass"}},{"type":"Feature","geometry":{"type":"LineString","coordinates":[[-8.1256,23.6493],[-8.349,23.8681],[-8.4144,24.2534],[-8.5957,24.4901],[-8.6704,24.8708]]},"properties":{"id":141,"group":"trails","name":"Zamunish pass"}},{"type":"Feature","geometry":{"type":"LineString","coordinates":[[6.7941,-0.071],[6.8843,-0.2757],[7.0618,-0.4299],[7.117,-0.4937],[7.2244,-0.6377],[7.3793,-1.0137]]},"properties":{"id":142,"group":"trails","name":"Xaresh trail"}},{"type":"Feature","geometry":{"type":"LineString","coordinates":[[-6.9972,0.8142],[-7.0229,0.9488],[-7.2517,1.2789],[-7.6665,1.6238]]},"properties":{"id":143,"group":"trails","name":"Unargan trail"}},{"type":"Feature","geometry":{"type":"LineString","coordinates":[[16.3003,14.4983],[16.4964,14.6836],[16.5151,14.8634],[16.5999,15.2207],[16.8754,15.5056],[17.0069,15.3538],[17.3431,15.2487],[17.4918,15.016],[17.5953,14.5419]]},"properties":{"id":144,"group":"trails","name":"The Serpentine Capjar'th path"}},{"type":"Feature","geometry":{"type":"LineString","coordinates":[[-6.3559,0.3502],[-6.4913,0.4864],[-6.6298,0.6164],[-6.9972,0.8142]]},"properties":{"id":145,"group":"trails","name":"Nulbilbazan trail"}},{"type":"Feature","geometry":{"type":"LineString","coordinates":[[9.423,-0.1169],[9.0914,-0.127],[8.7941,-0.3512],[8.8276,-0.5497],[8.7366,-0.7856],[8.5085,-0.9094],[8.2042,-0.8798],[7.9871,-0.8456],[7.6781,-0.9857],[7.3793,-1.0137]]},"properties":{"id":146,"group":"trails","name":"Xareshan trail"}},{"type":"Feature","geometry":{"type":"LineString","coordinates":[[9.423,-0.1169],[9.609,-0.0788]]},"properties":{"id":147,"group":"trails","name":null}},{"type":"Feature","geometry":{"type":"LineString","coordinates":[[13.4247,3.1403],[13.2901,3.0204],[13.1266,2.8927],[12.8807,2.8779],[12.6799,2.9628]]},"properties":{"id":148,"group":"trails","name":"Gar'kas trail"}},{"type":"Feature","geometry":{"type":"LineString","coordinates":[[9.549,0.4856],[9.609,-0.0788]]},"properties":{"id":149,"group":"trails","name":null}},{"type":"Feature","geometry":{"type":"LineString","coordinates":[[-9.2642,25.246],[-9.0284,25.1471],[-8.6704,24.8708]]},"properties":{"id":150,"group":"trails","name":null}},{"type":"Feature","geometry":{"type":"LineString","coordinates":[[-12.855,17.5499],[-13.0776,17.3927],[-13.3757,17.3857],[-13.7835,17.4682],[-13.6799,17.6924],[-13.6644,17.9477],[-13.8535,18.2194]]},"properties":{"id":151,"group":"trails","name":"Frozen track"}},{"type":"Feature","geometry":{"type":"LineString","coordinates":[[-10.781,23.0024],[-10.9351,22.6101],[-11.2378,22.3843],[-11.4923,22.3617],[-11.855,22.343],[-12.0954,22.1321]]},"properties":{"id":152,"group":"trails","name":"Narbilndinese pass"}},{"type":"Feature","geometry":{"type":"LineString","coordinates":[[-4.5589,-1.5415],[-4.58,-1.3819],[-4.4866,-1.1827],[-4.3986,-1.0853],[-4.3021,-0.7124],[-4.3722,-0.3715],[-4.6835,-0.3761],[-4.815,-0.426],[-4.9979,-0.5365],[-5.2547,-0.5568]]},"properties":{"id":153,"group":"trails","name":"Sylvan pass"}},{"type":"Feature","geometry":{"type":"LineString","coordinates":[[14.0107,4.2675],[13.8177,4.2877],[13.6792,4.1881],[13.6021,4.0565],[13.6512,3.816],[13.6621,3.5022],[13.5554,3.2594],[13.4247,3.1403]]},"properties":{"id":154,"group":"trails","name":"The Shrouded Krakkar'th path"}},{"type":"Feature","geometry":{"type":"LineString","coordinates":[[-14.5765,14.8159],[-14.6302,15.065],[-14.6022,15.3196],[-14.715,15.4893],[-14.8434,15.6606],[-14.7757,15.8661],[-14.5967,16.0685],[-14.5033,16.2919],[-14.5041,16.643],[-14.3648,16.773],[-14.1049,16.8493],[-13.964,17.0221],[-13.9165,17.1436],[-13.7835,17.4682]]},"properties":{"id":155,"group":"trails","name":"Bundararak pass"}},{"type":"Feature","geometry":{"type":"LineString","coordinates":[[-14.9072,11.0971],[-14.9166,11.312],[-14.8263,11.6016],[-14.6061,11.7347],[-14.3656,11.7425],[-14.1819,11.8709],[-13.9881,11.8164],[-13.8636,11.6989],[-13.4994,11.7471],[-13.1033,12.0025]]},"properties":{"id":156,"group":"trails","name":"Echo trail"}},{"type":"Feature","geometry":{"type":"LineString","coordinates":[[-5.9536,0.291],[-6.3559,0.3502],[-6.5995,0.0512],[-6.6859,-0.2531],[-6.8337,-0.5318],[-7.0579,-0.728],[-7.1069,-0.9561],[-7.0618,-1.1103],[-6.9933,-1.2854],[-7.0096,-1.5135],[-7.11,-1.6583],[-7.1917,-1.9269],[-7.3684,-2.2095],[-7.6221,-2.3698],[-7.8634,-2.3729],[-8.0548,-2.5645],[-8.1443,-2.7163],[-8.3264,-2.847],[-8.4898,-3.1538],[-8.7039,-3.6613],[-8.9988,-3.6318],[-9.1817,-3.5228],[-9.377,-3.2744],[-9.4471,-3.0744],[-9.6027,-2.9599],[-9.8541,-2.9296],[-10.1382,-2.8758],[-10.3615,-2.5964]]},"properties":{"id":157,"group":"trails","name":"Kizindushan path"}},{"type":"Feature","geometry":{"type":"LineString","coordinates":[[-11.3001,4.1834],[-11.2262,4.0822],[-11.0666,3.9966],[-10.9094,3.9156],[-10.7242,3.7319]]},"properties":{"id":158,"group":"trails","name":"Namunz trail"}},{"type":"Feature","geometry":{"type":"LineString","coordinates":[[-10.6829,2.8086],[-11.0542,2.5128]]},"properties":{"id":159,"group":"trails","name":null}},{"type":"Feature","geometry":{"type":"LineString","coordinates":[[-13.7539,6.6761],[-13.6006,6.947],[-13.613,7.2818],[-13.4737,7.5488],[-13.3383,7.6959],[-13.2986,7.8438],[-13.1212,8.068],[-12.8931,8.2331],[-12.5569,8.2767]]},"properties":{"id":160,"group":"trails","name":"Galararam trail"}},{"type":"Feature","geometry":{"type":"LineString","coordinates":[[4.857,-2.0429],[4.7605,-2.1433],[4.7185,-2.2811],[4.7675,-2.5107],[4.7862,-2.6906],[4.8632,-2.8572],[5.05,-2.9957],[4.9574,-3.2122],[4.871,-3.4262],[4.794,-3.6092]]},"properties":{"id":161,"group":"trails","name":"Krirrush pass"}},{"type":"Feature","geometry":{"type":"LineString","coordinates":[[6.4205,-2.4181],[6.4695,-2.1744],[6.4166,-2.0219],[6.3193,-1.8342],[6.2703,-1.642],[6.3193,-1.4294],[6.3318,-1.1936],[6.1831,-0.932]]},"properties":{"id":162,"group":"trails","name":"The Winding Rrishean trail"}},{"type":"Feature","geometry":{"type":"LineString","coordinates":[[-9.2642,25.246],[-9.2712,25.6399],[-9.3257,25.9171],[-9.5016,26.1358],[-9.3926,26.3608],[-9.1568,26.5328]]},"properties":{"id":163,"group":"trails","name":"Military trail"}},{"type":"Feature","geometry":{"type":"LineString","coordinates":[[-9.2642,25.246],[-9.5062,25.2943],[-9.7062,25.492],[-9.9226,25.4624],[-10.2051,25.2997],[-10.2463,25.5099],[-10.2712,25.9046],[-10.2674,26.2448]]},"properties":{"id":164,"group":"trails","name":"Lyaloloran trail"}},{"type":"Feature","geometry":{"type":"LineString","coordinates":[[-13.3033,20.6327],[-13.0146,20.8499],[-12.9624,21.1566],[-12.7857,21.5225],[-12.7943,21.7654],[-12.5554,21.9055],[-12.3071,21.9266],[-12.0954,22.1321]]},"properties":{"id":165,"group":"trails","name":"Narbilndinese track"}},{"type":"Feature","geometry":{"type":"LineString","coordinates":[[4.857,-2.0429],[4.7084,-1.842],[4.5551,-1.6451],[4.4718,-1.4761]]},"properties":{"id":166,"group":"trails","name":"Sargushan trail"}},{"type":"Feature","geometry":{"type":"LineString","coordinates":[[-1.0109,-2.8354],[-1.1541,-2.7116],[-1.4039,-2.3877],[-1.6117,-2.204],[-1.7549,-1.8911]]},"properties":{"id":167,"group":"trails","name":"Skuphan trail"}},{"type":"Feature","geometry":{"type":"LineString","coordinates":[[-13.7539,6.6761],[-13.9282,6.4527],[-14.1788,6.4044]]},"properties":{"id":168,"group":"trails","name":null}},{"type":"Feature","geometry":{"type":"LineString","coordinates":[[-14.7539,6.8396],[-14.6302,6.6683],[-14.1788,6.4044]]},"properties":{"id":169,"group":"trails","name":null}},{"type":"Feature","geometry":{"type":"LineString","coordinates":[[-14.8738,13.5984],[-14.9026,13.9837],[-14.8777,14.1464],[-14.7602,14.3589],[-14.7228,14.6252],[-14.5765,14.8159]]},"properties":{"id":170,"group":"trails","name":"Nabizahan trail"}},{"type":"Feature","geometry":{"type":"LineString","coordinates":[[-14.9773,18.1463],[-15.2536,18.0482],[-15.4901,17.982]]},"properties":{"id":171,"group":"trails","name":null}},{"type":"Feature","geometry":{"type":"LineString","coordinates":[[-13.5181,20.0722],[-13.3033,20.6327]]},"properties":{"id":172,"group":"trails","name":null}},{"type":"Feature","geometry":{"type":"LineString","coordinates":[[18.0015,9.1937],[17.8801,9.0949],[17.5042,8.9236],[17.3618,8.9687],[17.1992,8.9399],[17.0731,8.8683],[16.989,8.7453],[16.7167,8.6519],[16.4902,8.7321],[16.2341,8.743],[16.0085,8.8699],[15.7991,9.0513],[15.7205,9.2358],[15.6084,9.3486],[15.4559,9.3837],[15.2559,9.3471],[15.0006,9.3136],[14.771,9.3603],[14.5345,9.4078],[14.3819,9.5004],[14.2247,9.5876],[14.0784,9.843],[13.7056,10.1637]]},"properties":{"id":173,"group":"trails","name":"Xulzanese pass"}},{"type":"Feature","geometry":{"type":"LineString","coordinates":[[3.3542,3.0819],[3.2896,3.2952],[3.1752,3.5217],[3.113,3.7397],[3.1441,3.9343],[3.141,4.1149],[3.0507,4.2924],[2.8733,4.4683],[2.7939,4.6272],[2.7075,4.779],[2.548,5.0281],[2.4694,5.2492],[2.3814,5.4368],[2.2515,5.5613],[2.0857,5.6158],[1.8795,5.5987],[1.7277,5.4601],[1.5736,5.4189],[1.4242,5.4679]]},"properties":{"id":174,"group":"trails","name":"Horjasan trail"}},{"type":"Feature","geometry":{"type":"LineString","coordinates":[[7.5575,-3.7042],[7.2431,-3.6341],[6.9871,-3.6325],[6.7162,-3.4768],[6.6127,-3.2807],[6.4438,-3.1732]]},"properties":{"id":175,"group":"trails","name":"Coth'tian trail"}},{"type":"Feature","geometry":{"type":"LineString","coordinates":[[3.713,-3.9408],[3.9021,-3.8653],[4.1091,-3.8816],[4.3348,-3.7649],[4.6251,-3.6201],[4.794,-3.6092]]},"properties":{"id":176,"group":"trails","name":"The Frosty Krirrush path"}},{"type":"Feature","geometry":{"type":"LineString","coordinates":[[3.8679,-0.8767],[3.7044,-0.8689],[3.5488,-0.7833],[3.471,-0.6183],[3.471,-0.3863],[3.306,-0.1909],[3.1612,-0.0025],[2.934,0.0653],[2.7013,0.14],[2.4149,0.2365],[2.2133,0.2809],[1.9845,0.2132],[1.8522,0.2132],[1.6343,0.3471],[1.4257,0.3151],[1.1059,0.3011],[0.8794,0.2832],[0.6483,0.2591],[0.4389,0.2568]]},"properties":{"id":177,"group":"trails","name":"Imperial trail"}},{"type":"Feature","geometry":{"type":"LineString","coordinates":[[-2.0359,-3.3998],[-2.2281,-3.5383]]},"properties":{"id":178,"group":"trails","name":null}},{"type":"Feature","geometry":{"type":"LineString","coordinates":[[-10.781,23.0024],[-10.9966,23.169],[-11.16,23.5878],[-11.1709,23.9841],[-11.1748,24.2628],[-11.0316,24.5368],[-10.8464,24.9136],[-10.6059,25.0257],[-10.2051,25.2997]]},"properties":{"id":179,"group":"trails","name":"Meethanaleanese trail"}},{"type":"Feature","geometry":{"type":"LineString","coordinates":[[-15.0255,17.9073],[-14.9773,18.1463]]},"properties":{"id":180,"group":"trails","name":null}},{"type":"Feature","geometry":{"type":"LineString","coordinates":[[-6.9046,27.4841],[-7.2112,27.4063],[-7.1287,27.6157],[-7.0485,27.8236],[-7.0275,27.9894],[-7.0042,28.1614]]},"properties":{"id":181,"group":"trails","name":"Military trail"}},{"type":"Feature","geometry":{"type":"LineString","coordinates":[[-6.9007,26.7851],[-6.8563,27.0163],[-6.9046,27.4841]]},"properties":{"id":182,"group":"trails","name":null}},{"type":"Feature","geometry":{"type":"LineString","coordinates":[[-14.9072,11.0971],[-14.9407,10.6954],[-14.8395,10.384],[-14.652,10.2089],[-14.6948,10.0267],[-14.8333,9.8764],[-14.8963,9.7083],[-15.115,9.5619],[-15.2536,9.3097],[-15.1967,8.9617],[-15.3018,8.7009],[-15.6147,8.4121],[-15.838,8.3],[-16.154,8.3257],[-16.3096,8.5351],[-16.6186,8.5943],[-16.982,8.5857],[-17.3019,8.7204],[-17.4607,8.7212],[-17.421,8.9547],[-17.547,9.2077],[-17.7323,9.3595],[-17.6638,9.6725],[-17.649,9.8297],[-17.7362,10.0033],[-17.8552,10.2369],[-18.0832,10.4299],[-18.1572,10.6386],[-18.3393,10.8449],[-18.3502,11.1897],[-17.9867,11.4256],[-17.8467,11.6273],[-17.7774,11.8086],[-17.6505,11.9137],[-17.491,11.9822],[-17.2459,12.1006],[-16.9945,12.2243],[-16.8816,12.3442],[-16.7867,12.3886],[-16.5766,12.5521],[-16.3587,12.6299],[-16.2209,12.7778],[-16.1571,12.9989],[-16.133,13.1749],[-16.1112,13.3578],[-15.9851,13.5563],[-15.8131,13.793]]},"properties":{"id":183,"group":"trails","name":"Nulur track"}},{"type":"Feature","geometry":{"type":"LineString","coordinates":[[16.0528,5.8969],[16.0007,5.5582],[15.7929,5.3325],[15.6575,5.06],[15.2185,4.7393]]},"properties":{"id":184,"group":"trails","name":"The Shrouded Skanish track"}},{"type":"Feature","geometry":{"type":"LineString","coordinates":[[-5.3893,-2.3909],[-5.4819,-2.4399],[-5.9427,-2.327],[-6.2088,-2.3208],[-6.5645,-2.0911],[-6.8283,-1.9168],[-7.0096,-1.5135]]},"properties":{"id":185,"group":"trails","name":"Gathunulese trail"}},{"type":"Feature","geometry":{"type":"LineString","coordinates":[[-9.6868,26.7913],[-9.6681,27.0918],[-9.4502,27.4195],[-9.3459,27.6943],[-9.3202,28.2128],[-9.6097,28.5024],[-9.7989,28.5748],[-10.1203,28.5156],[-10.3553,28.3553],[-10.6907,28.2704],[-10.9328,28.2766],[-11.1289,28.1887]]},"properties":{"id":186,"group":"trails","name":"Hloinenor trail"}},{"type":"Feature","geometry":{"type":"LineString","coordinates":[[6.4205,-2.4181],[6.373,-2.6625],[6.3115,-2.8852],[6.4438,-3.1732]]},"properties":{"id":187,"group":"trails","name":"The Great Coth'tian pass"}},{"type":"Feature","geometry":{"type":"LineString","coordinates":[[-17.3206,16.316],[-16.9813,16.2444],[-16.8381,16.0848],[-16.5065,15.8941],[-16.2995,15.8606],[-16.0699,15.6995],[-15.9166,15.6162],[-15.6497,15.5952],[-15.4333,15.3476],[-15.0831,15.1911],[-14.9773,15.1507],[-14.6302,15.065]]},"properties":{"id":188,"group":"trails","name":"Falcon path"}},{"type":"Feature","geometry":{"type":"LineString","coordinates":[[6.7162,-3.4768],[6.6937,-3.6753],[6.5808,-3.8373],[6.6835,-4.0529]]},"properties":{"id":189,"group":"trails","name":"Zar'hantus trail"}},{"type":"Feature","geometry":{"type":"LineString","coordinates":[[17.2373,4.6879],[17.2801,4.3952]]},"properties":{"id":190,"group":"trails","name":null}},{"type":"Feature","geometry":{"type":"LineString","coordinates":[[-7.5801,28.3739],[-7.689,28.7422],[-7.6104,29.2949]]},"properties":{"id":191,"group":"trails","name":null}},{"type":"Feature","geometry":{"type":"LineString","coordinates":[[-4.5589,-1.5415],[-4.8142,-1.6731],[-4.9815,-1.8957],[-5.1333,-2.0639],[-5.3893,-2.3909]]},"properties":{"id":192,"group":"trails","name":"Kra'lunan trail"}},{"type":"Feature","geometry":{"type":"LineString","coordinates":[[19.3277,18.1914],[19.0311,17.873],[18.8942,17.6831],[18.6545,17.4791],[18.4996,17.2744],[18.2786,17.1124],[18.1906,16.9256],[17.9899,16.6671],[17.8739,16.4437],[17.7074,16.3083],[17.3968,16.0039],[17.0427,15.7991],[16.8754,15.5056]]},"properties":{"id":193,"group":"trails","name":"Gurkinean trail"}},{"type":"Feature","geometry":{"type":"LineString","coordinates":[[-11.009,26.4036],[-11.2666,26.7788],[-11.3009,27.1541],[-11.3507,27.3993],[-11.4254,27.6173],[-11.3569,27.8679],[-11.1289,28.1887],[-11.2791,28.4308],[-11.3966,28.8013],[-11.3771,29.0185],[-11.4581,29.1306],[-11.5678,29.3011],[-11.6122,29.5673],[-11.6511,29.8437],[-11.6783,30.2781],[-11.8425,30.4821],[-11.8947,30.9507]]},"properties":{"id":194,"group":"trails","name":"Nysenyamar trail"}},{"type":"Feature","geometry":{"type":"LineString","coordinates":[[-16.403,18.1875],[-16.6513,17.8068],[-16.6653,17.5904],[-16.8373,17.1685],[-16.7851,17.0229],[-16.926,16.7177],[-17.0902,16.5574],[-17.3206,16.316],[-17.6085,16.3799],[-17.828,16.4204],[-18.0124,16.3511],[-18.2132,16.3308],[-18.5517,16.39],[-18.9922,16.4858]]},"properties":{"id":195,"group":"trails","name":"Sable pass"}},{"type":"Feature","geometry":{"type":"LineString","coordinates":[[-2.8118,-5.1249],[-3.1628,-5.1521],[-3.4328,-5.3102],[-3.7387,-5.2673],[-3.9651,-5.184],[-4.1971,-4.745],[-4.3192,-4.8361],[-4.4936,-4.8112],[-4.7107,-4.7894],[-4.8967,-4.9443],[-5.0422,-5.2237],[-5.1699,-5.3226],[-5.2633,-5.5017],[-5.3956,-5.8489],[-5.4959,-5.9407],[-5.8882,-5.9547]]},"properties":{"id":196,"group":"trails","name":"Srar'jituph trail"}},{"type":"Feature","geometry":{"type":"LineString","coordinates":[[-2.534,-4.8485],[-2.4592,-5.0104],[-2.4234,-5.2222],[-2.2841,-5.3903],[-2.0857,-5.6254]]},"properties":{"id":197,"group":"trails","name":"Silver path"}},{"type":"Feature","geometry":{"type":"LineString","coordinates":[[-15.4956,6.5804],[-15.5641,6.8746],[-15.7641,7.1144],[-15.8123,7.3479],[-16.0302,7.6531],[-16.1781,7.9162],[-16.154,8.3257]]},"properties":{"id":198,"group":"trails","name":"Kindushund pass"}},{"type":"Feature","geometry":{"type":"LineString","coordinates":[[18.0015,9.1937],[18.2101,9.305],[18.4031,9.4351],[18.614,9.428],[18.9066,9.207],[19.3245,8.8535]]},"properties":{"id":199,"group":"trails","name":"Olt'kan trail"}},{"type":"Feature","geometry":{"type":"LineString","coordinates":[[20.3464,8.8854],[20.2794,8.6636],[20.1254,8.5507],[19.8825,8.553],[19.7285,8.4962],[19.5588,8.4884],[19.407,8.6285],[19.3245,8.8535]]},"properties":{"id":200,"group":"trails","name":"Olt'kan trail"}},{"type":"Feature","geometry":{"type":"LineString","coordinates":[[-13.501,26.1599],[-13.6185,25.9015],[-13.7049,25.7434],[-13.8994,25.6228],[-14.143,25.6142],[-14.3274,25.6539],[-14.5103,25.6928],[-14.4948,25.1261]]},"properties":{"id":201,"group":"trails","name":"Yeeliondeean trail"}},{"type":"Feature","geometry":{"type":"LineString","coordinates":[[-11.8153,25.1534],[-11.9608,25.4943],[-12.125,25.7964],[-12.4036,26.0058]]},"properties":{"id":202,"group":"trails","name":"Bellorthilsean track"}},{"type":"Feature","geometry":{"type":"LineString","coordinates":[[18.8062,5.963],[18.8973,5.5909]]},"properties":{"id":203,"group":"trails","name":null}},{"type":"Feature","geometry":{"type":"LineString","coordinates":[[21.0499,9.0365],[20.9192,8.9423],[20.8491,8.7765],[20.3464,8.8854]]},"properties":{"id":204,"group":"trails","name":"Gunaj'hal'an trail"}},{"type":"Feature","geometry":{"type":"LineString","coordinates":[[13.6792,26.729],[13.8115,26.6636],[13.8628,26.5173],[14.0208,26.2767],[14.1648,26.079],[14.3274,26.0042],[14.4411,25.9046],[14.4909,25.724],[14.5695,25.4959],[14.7454,25.3083],[14.9088,25.1565],[15.0652,24.9681],[15.1602,24.8132]]},"properties":{"id":205,"group":"trails","name":"Morgararic path"}},{"type":"Feature","geometry":{"type":"LineString","coordinates":[[-9.6082,30.7475],[-9.5405,30.3287],[-9.3638,30.2742],[-9.3132,30.1037],[-9.3545,29.9005],[-9.3747,29.6538],[-9.2868,29.3424],[-9.0681,29.1057],[-9.1039,28.9072],[-9.258,28.7616],[-9.6097,28.5024]]},"properties":{"id":206,"group":"trails","name":"Neileandohilese trail"}},{"type":"Feature","geometry":{"type":"LineString","coordinates":[[-0.5876,6.0051],[-0.2023,6.0409]]},"properties":{"id":207,"group":"trails","name":null}},{"type":"Feature","geometry":{"type":"LineString","coordinates":[[16.2606,21.3536],[16.2964,21.5038],[16.2209,21.7031],[16.0785,21.8394],[15.933,21.9678],[15.8528,22.1508],[15.8333,22.3827],[15.9119,22.6638],[15.8707,22.8981],[15.7672,23.1005],[15.6606,23.3099],[15.5687,23.6945],[15.568,23.8626],[15.5571,24.1234],[15.4427,24.2472],[15.3213,24.3406],[15.2691,24.4862],[15.2489,24.6653],[15.1602,24.8132]]},"properties":{"id":208,"group":"trails","name":"The Fabled Morgararic trail"}},{"type":"Feature","geometry":{"type":"LineString","coordinates":[[-6.8968,-4.9536],[-6.7123,-5.1957],[-6.5162,-5.5647],[-6.2851,-5.8224],[-5.8882,-5.9547]]},"properties":{"id":209,"group":"trails","name":"Srar'jituph trail"}},{"type":"Feature","geometry":{"type":"LineString","coordinates":[[13.9321,29.7215],[13.9469,29.5891],[13.7687,29.1509],[13.5609,28.9111],[13.5788,28.4969],[13.7212,28.3],[13.894,28.1194],[13.9718,27.8812],[13.9305,27.6274],[13.7694,27.3027],[13.6792,26.729]]},"properties":{"id":210,"group":"trails","name":"Thanalyean track"}},{"type":"Feature","geometry":{"type":"LineString","coordinates":[[13.8115,26.6636],[14.2885,26.8037],[14.6901,26.6994],[14.9033,26.7454],[15.3539,26.9065],[15.4707,26.9571],[15.7384,27.1299],[16.0334,27.3432],[16.2427,27.4935],[16.5431,27.6453],[16.67,27.7589],[16.8241,28.0166],[16.9634,28.1217],[17.0614,28.6262],[17.2225,28.4331],[17.4217,28.3303],[17.6225,28.2875],[17.7595,28.1684],[17.8646,28.0135],[18.0319,27.9037],[18.1984,27.8002],[18.4677,27.7714],[18.7354,27.7371],[18.8685,27.5923],[18.972,27.3611],[19.1611,27.2023],[19.474,27.186],[19.7962,27.2342],[20.0397,27.1175],[20.2756,27.0334],[20.537,27.0708],[20.7791,27.2109],[21.0203,27.3526],[21.1036,27.4763],[21.1659,27.5705],[21.3021,27.6515],[21.4375,27.5923],[21.5612,27.5106],[21.7363,27.5067],[21.9379,27.5355],[22.1262,27.5129],[22.2811,27.4725],[22.4095,27.3985],[22.5488,27.3354],[22.6453,27.2179],[22.7714,27.0318],[22.8951,26.8497],[23.1418,26.6628],[23.3317,26.5336],[23.5208,26.4052]]},"properties":{"id":211,"group":"trails","name":"Everlasting pass"}},{"type":"Feature","geometry":{"type":"LineString","coordinates":[[-18.8506,7.6632],[-18.6109,7.7886],[-18.3268,7.9295],[-18.1401,8.2448],[-17.9478,8.3966],[-17.7844,8.5826],[-17.4607,8.7212]]},"properties":{"id":212,"group":"trails","name":"Nulundalan track"}},{"type":"Feature","geometry":{"type":"LineString","coordinates":[[6.9871,-3.6325],[6.6937,-3.6753]]},"properties":{"id":213,"group":"trails","name":null}},{"type":"Feature","geometry":{"type":"LineString","coordinates":[[-7.8758,-5.43],[-8.1108,-5.3522],[-8.2486,-5.1179],[-8.2766,-4.84],[-8.3365,-4.6313],[-8.5155,-4.3954],[-8.6268,-4.0412],[-8.7039,-3.6613]]},"properties":{"id":214,"group":"trails","name":"The Breezy Mojeshan trail"}},{"type":"Feature","geometry":{"type":"LineString","coordinates":[[-14.8364,24.357],[-14.9158,24.5376],[-14.8092,24.8046],[-14.4948,25.1261]]},"properties":{"id":215,"group":"trails","name":"Yeeliondeean trail"}},{"type":"Feature","geometry":{"type":"LineString","coordinates":[[-2.9628,-7.1341],[-2.7682,-7.6355],[-2.9324,-7.8052],[-3.0476,-7.9461],[-3.2352,-8.0263],[-3.2671,-7.8916],[-3.3931,-7.8363],[-3.562,-7.7912],[-3.678,-7.6845],[-3.8951,-7.5522],[-4.1636,-7.4082],[-4.4266,-7.2657],[-4.5761,-7.1824],[-4.7037,-7.0119],[-4.8025,-6.6795]]},"properties":{"id":216,"group":"trails","name":"Elzanese pass"}},{"type":"Feature","geometry":{"type":"LineString","coordinates":[[-2.4234,-5.2222],[-2.6772,-5.0369]]},"properties":{"id":217,"group":"trails","name":null}},{"type":"Feature","geometry":{"type":"LineString","coordinates":[[-3.1869,-6.1961],[-2.825,-6.3961],[-2.674,-6.5783],[-2.7223,-6.8321],[-2.9628,-7.1341]]},"properties":{"id":218,"group":"trails","name":"Elzanese pass"}},{"type":"Feature","geometry":{"type":"LineString","coordinates":[[-16.4816,25.158],[-16.7501,25.5496],[-16.7704,25.9404],[-16.968,26.135],[-17.161,26.195],[-17.1276,26.5056],[-17.2606,26.7695],[-17.2427,27.077],[-17.2614,27.3121]]},"properties":{"id":219,"group":"trails","name":"Lyherileanian trail"}},{"type":"Feature","geometry":{"type":"LineString","coordinates":[[-20.0001,14.2056],[-20.067,14.1449],[-20.0755,14.0834]]},"properties":{"id":220,"group":"trails","name":null}},{"type":"Feature","geometry":{"type":"LineString","coordinates":[[-6.8968,-4.9536],[-7.0501,-4.7823],[-7.2781,-4.7185],[-7.4766,-4.7512],[-7.6462,-4.8882],[-7.8034,-5.0751],[-7.8758,-5.43]]},"properties":{"id":221,"group":"trails","name":"Sajinash trail"}},{"type":"Feature","geometry":{"type":"LineString","coordinates":[[-17.856,22.4956],[-18.1533,22.4863],[-18.2786,22.3882],[-18.4086,22.1165]]},"properties":{"id":222,"group":"trails","name":"Bundinbarak path"}},{"type":"Feature","geometry":{"type":"LineString","coordinates":[[-16.4816,25.158],[-16.7556,25.0101],[-17.0902,25.0179],[-17.2957,25.1907],[-17.5603,25.2655],[-17.7579,25.2328],[-18.0225,25.4219],[-18.3432,25.7652],[-17.849,25.9653],[-17.6731,25.9412],[-17.3688,26.0019],[-17.161,26.195]]},"properties":{"id":223,"group":"trails","name":"Flame trail"}},{"type":"Feature","geometry":{"type":"LineString","coordinates":[[-14.9158,24.5376],[-15.3446,24.6006],[-15.5975,24.6987],[-16.0131,24.8147],[-16.1516,25.028],[-16.4816,25.158]]},"properties":{"id":224,"group":"trails","name":"Hethmedillean trail"}},{"type":"Feature","geometry":{"type":"LineString","coordinates":[[20.2794,8.6636],[20.4927,8.3716],[20.5534,8.0135]]},"properties":{"id":225,"group":"trails","name":null}},{"type":"Feature","geometry":{"type":"LineString","coordinates":[[23.0157,18.713],[22.7924,18.2124],[22.5986,17.8971],[22.5932,17.6184],[22.3153,17.2448],[22.1052,17.0805],[21.8702,16.8088]]},"properties":{"id":226,"group":"trails","name":"Brolan trail"}},{"type":"Feature","geometry":{"type":"LineString","coordinates":[[16.0785,21.8394],[16.5563,22.0317]]},"properties":{"id":227,"group":"trails","name":null}},{"type":"Feature","geometry":{"type":"LineString","coordinates":[[-9.6082,30.7475],[-9.8448,30.5109],[-9.9226,30.7218],[-10.0603,30.8651],[-10.2152,30.9959],[-10.2884,31.2333],[-10.5211,31.4365],[-11.0036,31.5533]]},"properties":{"id":228,"group":"trails","name":"Sheonean trail"}},{"type":"Feature","geometry":{"type":"LineString","coordinates":[[-18.1471,5.7886],[-18.2708,5.9078],[-18.2848,6.2518],[-18.3012,6.5944],[-18.3502,6.8544],[-18.6451,7.1214],[-18.6576,7.2631],[-18.8506,7.6632]]},"properties":{"id":229,"group":"trails","name":"Kharakzir track"}},{"type":"Feature","geometry":{"type":"LineString","coordinates":[[-13.2426,30.3326],[-13.0075,30.4494],[-12.8247,30.7491],[-12.6457,30.823],[-12.3172,31.1111],[-11.946,31.1959],[-11.8947,30.9507]]},"properties":{"id":230,"group":"trails","name":"Nysenyamar track"}},{"type":"Feature","geometry":{"type":"LineString","coordinates":[[-20.9674,10.3521],[-20.6935,10.3334],[-20.4507,10.4424],[-20.2149,10.4268],[-19.9946,10.4253],[-19.8016,10.6059],[-19.5533,10.609],[-19.267,10.6347],[-18.8335,10.683],[-18.6506,10.7701],[-18.558,10.9321],[-18.3502,11.1897]]},"properties":{"id":231,"group":"trails","name":"Gamunzdinese trail"}},{"type":"Feature","geometry":{"type":"LineString","coordinates":[[-7.3707,-7.7343],[-7.4478,-7.2182],[-7.5069,-6.9878],[-7.4104,-6.5931],[-7.1707,-6.3704]]},"properties":{"id":232,"group":"trails","name":"Jade trail"}},{"type":"Feature","geometry":{"type":"LineString","coordinates":[[-6.2851,-5.8224],[-6.4975,-5.8964],[-6.7178,-6.0847],[-7.0042,-6.1906],[-7.1707,-6.3704]]},"properties":{"id":233,"group":"trails","name":"Rarrunese pass"}},{"type":"Feature","geometry":{"type":"LineString","coordinates":[[-17.2996,24.6715],[-17.0902,25.0179]]},"properties":{"id":234,"group":"trails","name":null}},{"type":"Feature","geometry":{"type":"LineString","coordinates":[[-14.3469,26.4075],[-14.4131,26.5897],[-14.2784,26.9073],[-14.3321,27.1852],[-14.2652,27.3588],[-14.2037,27.5285],[-14.0442,27.8173],[-14.0395,28.0049],[-14.0029,28.1715],[-13.8994,28.3008],[-13.8426,28.4362],[-13.8605,28.5966],[-13.9874,28.7032],[-14.1492,28.7274],[-14.4131,28.7912],[-14.6823,28.8582],[-14.9337,28.8293],[-15.0979,28.7367],[-15.224,28.6184],[-15.3703,28.4051]]},"properties":{"id":235,"group":"trails","name":"Gahethentheian track"}},{"type":"Feature","geometry":{"type":"LineString","coordinates":[[-17.856,22.4956],[-17.8046,22.3259],[-17.4848,21.9616],[-17.2692,21.7662],[-17.1579,21.5825],[-16.9976,21.4968],[-16.789,21.2851],[-16.5711,21.1668]]},"properties":{"id":236,"group":"trails","name":"Gathundab pass"}},{"type":"Feature","geometry":{"type":"LineString","coordinates":[[-14.8185,22.9036],[-14.989,23.2508],[-14.9018,23.6454],[-14.8753,23.9],[-14.8364,24.357]]},"properties":{"id":237,"group":"trails","name":"Kyathmelese track"}},{"type":"Feature","geometry":{"type":"LineString","coordinates":[[-16.7556,25.0101],[-16.9369,24.8147],[-17.2996,24.6715]]},"properties":{"id":238,"group":"trails","name":null}},{"type":"Feature","geometry":{"type":"LineString","coordinates":[[-18.6934,21.0453],[-18.6467,21.3092],[-18.407,21.7055],[-18.3728,21.8355],[-18.4086,22.1165]]},"properties":{"id":239,"group":"trails","name":"Bundinbarak track"}},{"type":"Feature","geometry":{"type":"LineString","coordinates":[[10.4681,-5.2954],[10.339,-5.5281],[10.472,-5.7259],[10.5008,-5.996],[10.6674,-6.2202],[10.9973,-6.3494],[10.7981,-6.4086],[10.6876,-6.5651],[10.6775,-6.7387],[10.4985,-6.8944],[10.3032,-6.9559],[10.1094,-7.0034],[9.9156,-7.0532]]},"properties":{"id":240,"group":"trails","name":"Rusheguss pass"}},{"type":"Feature","geometry":{"type":"LineString","coordinates":[[-7.0042,-6.1906],[-7.2812,-5.9353],[-7.3847,-5.6441],[-7.4727,-5.5351],[-7.8758,-5.43]]},"properties":{"id":241,"group":"trails","name":"Sajinash trail"}},{"type":"Feature","geometry":{"type":"LineString","coordinates":[[-8.1108,-5.3522],[-8.3949,-5.4433],[-8.5755,-5.4238],[-8.8331,-5.5562],[-9.1467,-5.6838],[-9.3537,-5.8582],[-9.5327,-5.9119],[-9.8175,-6.045]]},"properties":{"id":242,"group":"trails","name":"Dawn track"}},{"type":"Feature","geometry":{"type":"LineString","coordinates":[[-19.0055,3.018],[-19.0599,2.9581],[-19.2716,2.6272]]},"properties":{"id":243,"group":"trails","name":null}},{"type":"Feature","geometry":{"type":"LineString","coordinates":[[-20.7122,9.1688],[-20.7324,9.0419],[-20.8351,8.6511],[-20.7791,8.3701],[-20.7752,8.1615],[-20.909,7.8789],[-21.2468,7.7224]]},"properties":{"id":244,"group":"trails","name":"Zibiledan trail"}},{"type":"Feature","geometry":{"type":"LineString","coordinates":[[-20.7752,8.1615],[-20.2732,8.0634],[-19.9316,8.2105],[-19.6172,8.2097],[-19.4242,8.0712],[-19.2444,7.9528],[-19.1479,7.7613],[-18.8506,7.6632]]},"properties":{"id":245,"group":"trails","name":"Kharakzir pass"}},{"type":"Feature","geometry":{"type":"LineString","coordinates":[[-20.9674,10.3521],[-21.2585,10.247],[-21.4484,10.2867]]},"properties":{"id":246,"group":"trails","name":null}},{"type":"Feature","geometry":{"type":"LineString","coordinates":[[-20.7122,9.1688],[-20.597,9.3837],[-20.5876,9.769],[-20.6631,9.9839],[-20.9674,10.3521]]},"properties":{"id":247,"group":"trails","name":"Nabiraz path"}},{"type":"Feature","geometry":{"type":"LineString","coordinates":[[-19.9853,14.4204],[-20.2429,14.4742],[-20.3954,14.4243],[-20.8911,14.4236],[-21.0904,14.7155],[-21.5449,14.8704],[-21.8445,15.0845]]},"properties":{"id":248,"group":"trails","name":"Zinzathiz trail"}},{"type":"Feature","geometry":{"type":"LineString","coordinates":[[-11.946,31.1959],[-11.7273,31.2613],[-11.5538,31.3329],[-11.367,31.3267],[-11.3071,31.3812],[-11.0036,31.5533]]},"properties":{"id":249,"group":"trails","name":"Sheonean trail"}},{"type":"Feature","geometry":{"type":"LineString","coordinates":[[20.3199,-0.0359],[20.5262,-0.0974],[20.7946,-0.1683],[21.0631,-0.2438],[21.176,-0.4018],[21.3884,-0.4431],[21.5947,-0.5848],[21.8064,-0.5427],[22.0009,-0.3941],[22.2235,-0.3847],[22.6344,-0.4314]]},"properties":{"id":250,"group":"trails","name":"Fading trail"}},{"type":"Feature","geometry":{"type":"LineString","coordinates":[[-13.543,30.0741],[-13.2426,30.3326]]},"properties":{"id":251,"group":"trails","name":null}},{"type":"Feature","geometry":{"type":"LineString","coordinates":[[-13.0075,30.4494],[-13.1406,30.658],[-13.2558,30.8806],[-13.3694,31.0683],[-13.5959,31.2138],[-13.8823,31.3781],[-13.7056,31.5797],[-13.7492,31.7634],[-13.7811,31.9923],[-13.6916,32.2111],[-13.5967,32.6089],[-13.5204,32.7724],[-13.3718,32.872],[-13.2037,33.1297]]},"properties":{"id":252,"group":"trails","name":"Filmish track"}},{"type":"Feature","geometry":{"type":"LineString","coordinates":[[-20.6981,18.8274],[-20.9153,19.1964]]},"properties":{"id":253,"group":"trails","name":null}},{"type":"Feature","geometry":{"type":"LineString","coordinates":[[22.864,22.5174],[22.6959,22.1344],[22.5379,21.9087],[22.4671,21.7101],[22.3729,21.5747],[22.3395,21.3925],[22.2056,20.9145],[22.2033,20.4552],[22.3208,20.2474],[22.2671,19.9866],[22.3068,19.5709],[22.3612,19.3342],[22.278,19.0182],[22.4577,18.9442],[23.0157,18.713]]},"properties":{"id":254,"group":"trails","name":"Agalddund trail"}},{"type":"Feature","geometry":{"type":"LineString","coordinates":[[-19.8919,14.0234],[-20.0755,14.0834]]},"properties":{"id":255,"group":"trails","name":null}},{"type":"Feature","geometry":{"type":"LineString","coordinates":[[13.4901,-7.1007],[13.6877,-6.9232],[13.9446,-6.9286],[14.4948,-7.1466],[14.452,-7.3848],[14.473,-7.5818],[14.4053,-7.7585],[14.2473,-7.9204],[14.0527,-7.999]]},"properties":{"id":256,"group":"trails","name":"Skallean path"}},{"type":"Feature","geometry":{"type":"LineString","coordinates":[[21.5799,25.8431],[21.4383,25.6882],[21.3822,25.4359],[21.1674,25.2055],[20.8958,25.0623],[20.4639,25.0335],[20.3479,25.0195],[20.011,24.8895],[19.7168,24.7992],[19.6148,24.6785],[19.3876,24.5259],[19.2187,24.262],[19.0716,24.2192],[18.8669,24.1133],[18.6125,24.1227],[18.4763,24.0658],[18.3198,24.0876],[18.1307,24.037],[17.9969,23.9763],[17.8327,23.5785],[17.7704,23.4111],[17.6677,23.3247],[17.519,22.9845],[17.326,22.8047],[17.2661,22.5626],[17.2459,22.3742],[17.0093,22.1336],[16.5563,22.0317]]},"properties":{"id":257,"group":"trails","name":"Srokhuran trail"}},{"type":"Feature","geometry":{"type":"LineString","coordinates":[[20.1043,-2.8899],[19.7285,-2.8829],[19.5993,-2.58],[19.5339,-2.4181],[19.53,-2.2686],[19.5884,-2.1378],[19.6242,-1.9596],[19.5284,-1.7486],[19.3946,-1.5836],[19.3028,-1.431],[19.0903,-1.3282],[18.5977,-1.4318]]},"properties":{"id":258,"group":"trails","name":"Srath track"}},{"type":"Feature","geometry":{"type":"LineString","coordinates":[[25.8057,10.9258],[25.6602,11.0154],[25.4594,11.3735]]},"properties":{"id":259,"group":"trails","name":null}},{"type":"Feature","geometry":{"type":"LineString","coordinates":[[-18.4654,2.4606],[-18.4949,2.709],[-18.4389,2.9137],[-18.7245,2.969],[-19.0055,3.018]]},"properties":{"id":260,"group":"trails","name":"Baragan trail"}},{"type":"Feature","geometry":{"type":"LineString","coordinates":[[-14.9337,28.8293],[-15.1057,29.1641],[-15.0987,29.3992],[-15.0333,29.6351],[-15.1921,29.8297],[-15.389,29.9566],[-15.5042,30.1831],[-15.4691,30.405],[-15.666,30.8238],[-15.4746,31.0169],[-15.487,31.2777],[-15.6512,31.6646],[-15.6139,31.895],[-15.7438,32.1239]]},"properties":{"id":261,"group":"trails","name":"Crystalline trail"}},{"type":"Feature","geometry":{"type":"LineString","coordinates":[[-22.5013,22.5159],[-22.2764,22.4139],[-22.1145,22.2699],[-21.9433,22.2473],[-21.7472,22.0426],[-21.499,22.006]]},"properties":{"id":262,"group":"trails","name":"Kholarakz trail"}},{"type":"Feature","geometry":{"type":"LineString","coordinates":[[20.3199,-0.0359],[20.1184,0.0326],[19.8265,0.0575],[19.5954,-0.071],[19.4856,-0.2321],[19.179,-0.5918],[19.028,-0.7522],[18.9852,-0.9211],[18.5977,-1.4318]]},"properties":{"id":263,"group":"trails","name":"Srath trail"}},{"type":"Feature","geometry":{"type":"LineString","coordinates":[[-7.7046,-8.1711],[-7.5606,-7.9539]]},"properties":{"id":264,"group":"trails","name":null}},{"type":"Feature","geometry":{"type":"LineString","coordinates":[[-21.9379,19.7281],[-22.0531,19.5911],[-22.2881,19.2937],[-22.4219,19.17],[-22.4663,19.0205],[-22.5371,18.569],[-22.7418,18.502],[-22.8912,18.5308],[-23.1006,18.4047],[-23.2142,18.1953],[-23.2508,17.9851],[-23.3761,17.8504],[-23.5916,17.5787],[-23.6671,17.2681],[-23.8251,17.0649],[-23.9854,16.6928],[-24.2524,16.4912],[-24.5022,16.2935],[-24.7318,16.0778]]},"properties":{"id":265,"group":"trails","name":"Kibunalnulese trail"}},{"type":"Feature","geometry":{"type":"LineString","coordinates":[[-21.5067,4.4364],[-21.5028,4.6038],[-21.5005,4.7735]]},"properties":{"id":266,"group":"trails","name":null}},{"type":"Feature","geometry":{"type":"LineString","coordinates":[[-19.6366,2.5463],[-19.7744,2.7152],[-19.8179,2.9363]]},"properties":{"id":267,"group":"trails","name":null}},{"type":"Feature","geometry":{"type":"LineString","coordinates":[[-10.5211,31.4365],[-10.4323,31.5743],[-10.3335,31.7323],[-10.3273,31.9129],[-10.3631,32.0795],[-10.4954,32.2189],[-10.5615,32.4314],[-10.6074,32.668],[-10.6518,32.9094],[-10.5818,33.0254],[-10.4518,33.104],[-10.2845,33.1694],[-10.1094,33.1585],[-10.0082,33.2566],[-9.9763,33.4675],[-10.1872,33.6334],[-10.3942,33.7968],[-10.5296,34.0537],[-10.6682,34.3153],[-10.6853,34.5878],[-10.6269,34.7917],[-10.6775,34.9568],[-10.6043,35.1981],[-10.9265,35.3227],[-10.8409,35.4706]]},"properties":{"id":268,"group":"trails","name":"Ithlumenesan trail"}},{"type":"Feature","geometry":{"type":"LineString","coordinates":[[-15.1897,31.6342],[-14.9641,31.5758],[-14.6815,31.642],[-14.2558,31.4583],[-13.8823,31.3781]]},"properties":{"id":269,"group":"trails","name":"Frozen track"}},{"type":"Feature","geometry":{"type":"LineString","coordinates":[[-18.6381,27.179],[-18.5393,27.5192],[-18.1486,27.794]]},"properties":{"id":270,"group":"trails","name":null}},{"type":"Feature","geometry":{"type":"LineString","coordinates":[[18.5961,-5.286],[18.6039,-5.0431],[18.4654,-4.7855],[18.3229,-4.6609],[17.7797,-4.4764]]},"properties":{"id":271,"group":"trails","name":"Shegusshan pass"}},{"type":"Feature","geometry":{"type":"LineString","coordinates":[[-18.6381,27.179],[-18.9097,27.235],[-19.1852,27.2545],[-19.3923,27.323],[-19.5954,27.5005],[-19.6763,27.6935],[-19.9923,27.8936],[-20.2265,27.9341],[-20.39,27.8679],[-20.7215,27.7792],[-20.8849,27.5659],[-20.9114,27.309],[-20.8896,27.0139]]},"properties":{"id":272,"group":"trails","name":"Themish trail"}},{"type":"Feature","geometry":{"type":"LineString","coordinates":[[-17.6731,25.9412],[-17.6801,26.1054],[-17.8155,26.3304],[-17.8319,26.4511],[-17.9229,26.7563],[-18.105,26.9719],[-18.2763,27.0848],[-18.6381,27.179]]},"properties":{"id":273,"group":"trails","name":"The Cobbled Meethillean trail"}},{"type":"Feature","geometry":{"type":"LineString","coordinates":[[-16.8676,-2.6843],[-17.2575,-2.4321],[-17.4809,-2.257],[-17.6747,-2.0063],[-17.9867,-1.8397],[-18.1338,-1.7657],[-18.2856,-1.3796],[-18.249,-0.8938],[-18.4132,-0.6198],[-18.6856,-0.3442],[-18.8405,-0.3162],[-19.0561,-0.1761],[-19.2164,-0.1263],[-19.6335,0.0069],[-19.8872,0.2622],[-19.8444,0.5541],[-19.9697,0.941],[-20.0312,1.1987],[-20.0989,1.3832],[-20.1806,1.7125],[-20.4896,2.157]]},"properties":{"id":274,"group":"trails","name":"Gathunese pass"}},{"type":"Feature","geometry":{"type":"LineString","coordinates":[[-15.1897,31.6342],[-15.1711,31.7269],[-15.361,32.1869],[-15.1135,32.6042],[-15.0777,32.8323],[-15.0224,32.9397],[-15.0364,33.2955],[-14.9049,33.4847],[-14.6224,33.2363],[-14.3609,33.1499],[-14.0411,33.234],[-13.6395,33.118],[-13.2037,33.1297]]},"properties":{"id":275,"group":"trails","name":"The Rustic Filmish trail"}},{"type":"Feature","geometry":{"type":"LineString","coordinates":[[-20.7472,1.9936],[-20.8647,2.2216]]},"properties":{"id":276,"group":"trails","name":null}},{"type":"Feature","geometry":{"type":"LineString","coordinates":[[-15.1897,31.6342],[-15.6512,31.6646]]},"properties":{"id":277,"group":"trails","name":null}},{"type":"Feature","geometry":{"type":"LineString","coordinates":[[-10.4347,-8.8219],[-10.3226,-8.5564],[-10.2168,-8.2489],[-10.1172,-7.8862]]},"properties":{"id":278,"group":"trails","name":"Nigisan trail"}},{"type":"Feature","geometry":{"type":"LineString","coordinates":[[-10.5545,-9.489],[-10.5997,-9.2812],[-10.4347,-8.8219]]},"properties":{"id":279,"group":"trails","name":null}},{"type":"Feature","geometry":{"type":"LineString","coordinates":[[-16.0162,31.6334],[-15.6512,31.6646]]},"properties":{"id":280,"group":"trails","name":null}},{"type":"Feature","geometry":{"type":"LineString","coordinates":[[-3.1908,-10.8335],[-3.0375,-10.7222],[-2.8219,-10.7743],[-2.6834,-10.8708],[-2.5371,-11.0047],[-2.3923,-11.0888],[-2.2336,-11.0748],[-2.0662,-11.06],[-1.9542,-11.2072],[-1.9145,-11.4173],[-1.9464,-11.6984],[-1.7261,-11.8548],[-1.6265,-12.0479],[-1.5798,-12.2636],[-1.6032,-12.4449],[-1.6312,-12.6271],[-1.7557,-13.0272],[-1.9705,-12.9696],[-2.1581,-13.0957],[-2.288,-13.3558]]},"properties":{"id":281,"group":"trails","name":"Pu'tian trail"}},{"type":"Feature","geometry":{"type":"LineString","coordinates":[[-3.355,-10.4232],[-3.2157,-10.6537],[-3.1908,-10.8335]]},"properties":{"id":282,"group":"trails","name":null}},{"type":"Feature","geometry":{"type":"LineString","coordinates":[[23.2461,12.8401],[23.5932,12.6151],[23.8539,12.4641],[23.9831,12.2314],[24.3442,11.955],[24.587,11.7643],[24.752,11.7152],[25.0415,11.2941],[25.2586,11.2824],[25.4594,11.3735]]},"properties":{"id":283,"group":"trails","name":"The Obscure Rinezdaric trail"}},{"type":"Feature","geometry":{"type":"LineString","coordinates":[[21.3822,25.4359],[21.4927,25.2117],[21.692,24.9198],[21.7628,24.8108],[21.9293,24.6139],[22.0414,24.3866],[22.2624,24.2083],[22.4461,24.1297],[22.6609,24.0012],[22.7877,23.7988],[22.8508,23.5006],[22.8453,23.2648],[22.9854,22.9713],[22.864,22.5174],[23.1854,22.4489],[23.3753,22.3353],[23.5496,22.1547],[23.7714,22.0332],[24.1317,22.0394],[24.2033,22.1002],[24.4166,22.0597],[24.5637,21.9507],[24.7551,21.8028],[24.8586,21.6035],[25.0119,21.3762],[25.0975,21.2477],[25.3411,21.0508],[25.4174,21.0118],[25.7427,20.6997],[25.4104,20.7137],[25.1979,20.6771],[24.9045,20.6701],[24.5536,20.5136],[24.3574,20.4568],[24.2275,20.3501],[24.0026,20.0029],[23.7847,19.7188],[23.4508,19.4385],[23.2321,19.3436],[23.1146,19.1287],[23.1309,18.8858],[23.0157,18.713]]},"properties":{"id":284,"group":"trails","name":"Agalddund pass"}},{"type":"Feature","geometry":{"type":"LineString","coordinates":[[21.5799,25.8431],[21.8266,25.7676],[21.9986,25.8314],[22.2243,26.0276],[22.3379,26.1257],[22.6523,26.2401],[22.8336,26.2386],[23.2562,26.2728],[23.5208,26.4052],[23.6664,26.518],[23.8181,26.6231],[23.9232,26.7516],[24.0703,26.7975],[24.2197,26.7531],[24.2921,26.7002],[24.5178,26.6924],[24.7559,26.5904],[25.2104,26.2837],[25.1878,25.8314],[25.3505,25.4616],[25.3738,25.3254],[25.3302,25.1775],[25.4493,24.912],[25.6672,24.6769],[25.7668,24.4737],[25.7754,24.2674],[25.6524,23.7848],[25.7022,23.5863],[25.7995,23.4664],[25.9925,23.257],[26.0797,23.1488],[26.1715,22.9067],[26.4042,22.6638],[26.5241,22.1321],[26.7708,22.2356],[27.1046,22.2878],[27.3965,22.3827],[27.5973,22.431],[27.7498,22.5509],[28.1366,22.5384],[28.3981,22.4404],[28.651,22.4731],[28.8728,22.7058],[28.9942,22.7261],[29.0962,22.691],[29.4425,22.7113],[29.8767,22.6614],[30.2231,22.6124],[30.4822,22.4442],[30.6122,22.3384],[30.7842,22.2325],[30.9071,22.0184],[31.2846,21.8837],[31.3928,21.6183],[31.6052,21.4314],[31.7904,21.3808],[32.1002,21.1232],[32.2846,20.8546],[32.5329,20.5518],[32.7889,20.6818],[33.0776,20.5821],[33.3158,20.3361],[33.5212,20.1804]]},"properties":{"id":285,"group":"trails","name":"Diziran trail"}},{"type":"Feature","geometry":{"type":"LineString","coordinates":[[24.0703,26.7975],[23.9481,27.0093],[23.7987,27.1097],[23.6181,27.0933],[23.464,27.1797],[23.3107,27.263],[23.229,27.4888],[23.173,27.6538],[22.9978,27.7527],[22.8227,27.8259],[22.7091,27.9738],[22.6103,28.1552],[22.4212,28.2541],[22.2398,28.3187],[22.1651,28.4043],[21.7892,28.6114]]},"properties":{"id":286,"group":"trails","name":"Srokzund trail"}},{"type":"Feature","geometry":{"type":"LineString","coordinates":[[-11.0067,-7.9048],[-11.2417,-7.7523],[-11.4479,-7.7157],[-11.7717,-7.4681],[-12.0519,-7.2821],[-12.339,-7.1668],[-12.6052,-6.8134],[-12.6947,-6.7184],[-12.9803,-6.6733],[-13.171,-6.467],[-13.2278,-6.27],[-13.185,-5.9119],[-13.4675,-5.4775],[-13.5663,-5.3553],[-13.7609,-5.2596],[-13.9243,-5.0556],[-14.1103,-5.0836],[-14.3469,-5.2315],[-14.5446,-5.3436],[-14.7781,-5.3927],[-14.9049,-5.4845],[-15.0014,-5.8286],[-15.2349,-5.9952],[-15.3921,-6.0474],[-15.5866,-6.1315],[-15.9516,-6.147],[-16.0762,-6.2669]]},"properties":{"id":287,"group":"trails","name":"Nar'tisshean trail"}},{"type":"Feature","geometry":{"type":"LineString","coordinates":[[-13.1079,-8.9511],[-12.7881,-8.9496],[-12.5959,-8.7713],[-12.4363,-8.5728],[-12.2955,-8.4646],[-12.1632,-8.3478],[-11.9032,-8.2941],[-11.5281,-8.1625],[-11.3032,-8.1267],[-11.0067,-7.9048]]},"properties":{"id":288,"group":"trails","name":"Rar'kis trail"}},{"type":"Feature","geometry":{"type":"LineString","coordinates":[[-4.148,-11.8961],[-4.5597,-11.6851]]},"properties":{"id":289,"group":"trails","name":null}},{"type":"Feature","geometry":{"type":"LineString","coordinates":[[-7.9427,-10.6778],[-7.6937,-10.7432],[-7.4789,-10.9362],[-7.191,-11.06],[-7.3404,-11.2103],[-7.4167,-11.4251]]},"properties":{"id":290,"group":"trails","name":"Zurjinese path"}},{"type":"Feature","geometry":{"type":"LineString","coordinates":[[17.3548,-7.0345],[17.3852,-7.198],[17.4404,-7.4237],[17.5003,-7.6425],[17.5657,-7.8932]]},"properties":{"id":291,"group":"trails","name":"Shadow track"}},{"type":"Feature","geometry":{"type":"LineString","coordinates":[[18.5961,-5.286],[18.8023,-5.4238],[19.0615,-5.5266],[19.344,-5.4713]]},"properties":{"id":292,"group":"trails","name":"Twilight path"}},{"type":"Feature","geometry":{"type":"LineString","coordinates":[[-15.9516,-6.147],[-15.7695,-5.9563],[-15.7018,-5.6722],[-15.7703,-5.5367],[-15.9244,-5.3647],[-16.1166,-5.2144],[-16.1874,-5.0937],[-16.3221,-4.5893],[-16.4334,-4.5013],[-16.5174,-4.4912],[-16.7299,-4.4032],[-16.8777,-4.2413],[-16.926,-3.8451],[-16.8614,-3.6068],[-16.9058,-3.3531],[-16.8552,-3.0985],[-16.8676,-2.6843],[-17.2272,-2.7762],[-17.4832,-2.7817],[-17.6319,-2.8572],[-18.0148,-2.9646],[-18.2871,-3.2223],[-18.4272,-3.318],[-18.5222,-3.5913],[-18.6856,-3.7392],[-18.923,-3.8163],[-19.1813,-4.0272],[-19.2389,-4.2662],[-19.2903,-4.534],[-19.565,-4.7302],[-19.8001,-4.7722],[-19.9643,-4.8913],[-20.2242,-5.0361],[-20.4016,-5.279],[-20.5915,-5.5157],[-20.7954,-5.6395],[-20.9495,-5.7897],[-21.1456,-5.8481],[-21.4849,-5.9283],[-21.6795,-5.5912],[-21.9044,-5.4324],[-22.2632,-5.4137],[-22.5332,-5.3],[-22.7255,-5.1731],[-22.8889,-5.0688],[-23.0609,-4.8166],[-23.0803,-4.6204],[-23.2632,-4.2903],[-23.3263,-4.0015],[-23.3683,-3.8046],[-23.5823,-3.6769],[-23.3909,-3.4107],[-23.2547,-3.3079],[-23.1224,-3.058],[-22.9854,-2.9373],[-22.8741,-2.6688],[-22.7262,-2.1558],[-22.6009,-1.9331],[-22.5293,-1.5439],[-22.362,-1.2854],[-22.3239,-0.9024]]},"properties":{"id":293,"group":"trails","name":"Gumunzadzig pass"}},{"type":"Feature","geometry":{"type":"LineString","coordinates":[[-23.9115,14.9257],[-23.6033,14.9739],[-23.278,15.0923],[-23.0842,15.0915],[-22.9239,14.9918],[-22.4912,14.8579],[-22.2227,14.9771],[-21.8445,15.0845]]},"properties":{"id":294,"group":"trails","name":"Zinzathiz trail"}},{"type":"Feature","geometry":{"type":"LineString","coordinates":[[-16.175,32.777],[-16.3112,32.5287],[-16.0871,32.2959],[-15.7438,32.1239],[-15.361,32.1869]]},"properties":{"id":295,"group":"trails","name":"Eemynathan path"}},{"type":"Feature","geometry":{"type":"LineString","coordinates":[[-16.0871,32.2959],[-16.4878,32.4018],[-16.3112,32.5287]]},"properties":{"id":296,"group":"trails","name":null}},{"type":"Feature","geometry":{"type":"LineString","coordinates":[[-16.4878,32.4018],[-16.8326,32.6579],[-16.9486,32.7498],[-17.1704,32.7949],[-17.5961,32.7778],[-17.7751,32.8549],[-17.8848,33.0004],[-17.9299,33.2083],[-17.6825,33.4995],[-17.6825,33.7906],[-17.5922,34.0639],[-17.6225,34.383],[-17.7502,34.5769],[-17.9836,34.8213],[-17.8327,35.0751],[-17.4972,35.2892],[-17.6949,35.3141],[-17.8264,35.4301],[-18.0241,35.5328],[-18.1735,35.6496],[-18.1338,35.7952],[-17.9937,35.9252],[-18.0366,36.158],[-17.9611,36.404],[-17.656,36.5573],[-17.705,36.9808],[-17.8957,36.959],[-18.0801,37.0197],[-18.3587,37.0665],[-18.642,37.1209],[-18.8202,37.2183],[-19.0436,37.2611],[-19.2646,37.3109],[-19.3627,37.3701],[-19.4327,37.4946],[-19.4786,37.69],[-19.495,37.8527],[-19.516,38.0217],[-19.5962,38.2497],[-19.6709,38.4708],[-19.6172,38.7246],[-19.7728,38.8141],[-19.8218,38.9582],[-19.786,39.1076],[-19.6592,39.2968]]},"properties":{"id":297,"group":"trails","name":"Davanish trail"}},{"type":"Feature","geometry":{"type":"LineString","coordinates":[[-17.0482,31.902],[-16.5719,32.2111],[-16.4878,32.4018]]},"properties":{"id":298,"group":"trails","name":null}},{"type":"Feature","geometry":{"type":"LineString","coordinates":[[-22.6157,21.1309],[-22.734,21.2882],[-22.7473,21.4392],[-22.5745,21.6479],[-22.5636,21.9211],[-22.6422,22.1041],[-22.5013,22.5159],[-22.4476,22.9394],[-22.5488,23.3247]]},"properties":{"id":299,"group":"trails","name":"Bibunzar pass"}},{"type":"Feature","geometry":{"type":"LineString","coordinates":[[21.611,29.2015],[21.7698,28.9648],[21.783,28.7678],[21.7892,28.6114]]},"properties":{"id":300,"group":"trails","name":"Srokzund trail"}},{"type":"Feature","geometry":{"type":"LineString","coordinates":[[21.1838,29.7643],[21.4624,29.5635],[21.611,29.2015]]},"properties":{"id":301,"group":"trails","name":null}},{"type":"Feature","geometry":{"type":"LineString","coordinates":[[21.1838,29.7643],[21.2219,29.9768],[21.2787,30.0656],[21.5091,30.1224],[21.8943,30.1216],[22.1068,30.2003],[22.2686,30.1691],[22.4912,30.247],[22.7122,30.3178],[22.8694,30.2812],[22.9846,30.1691],[23.1838,30.1458],[23.3356,30.1979],[23.4407,30.3326],[23.5169,30.5194],[23.643,30.644],[23.7932,30.7397],[23.8228,30.9717],[23.7286,31.1578],[23.8096,31.47],[23.7302,31.6654],[23.5776,31.793],[23.1854,32.0616],[23.3932,32.0686],[23.5535,32.1542],[23.6897,32.3878]]},"properties":{"id":302,"group":"trails","name":"Arcane trail"}},{"type":"Feature","geometry":{"type":"LineString","coordinates":[[-9.7304,-8.688],[-9.914,-9.0251],[-10.0238,-9.2983],[-10.2775,-9.5147],[-10.5545,-9.489]]},"properties":{"id":303,"group":"trails","name":"Sa'hanian trail"}},{"type":"Feature","geometry":{"type":"LineString","coordinates":[[-10.2144,-10.3539],[-10.1607,-9.9374],[-10.2775,-9.5147]]},"properties":{"id":304,"group":"trails","name":null}},{"type":"Feature","geometry":{"type":"LineString","coordinates":[[26.6198,13.0994],[26.8338,13.1484],[27.1381,13.3742],[27.3257,13.5229],[27.6167,13.8031]]},"properties":{"id":305,"group":"trails","name":"Solheranean track"}},{"type":"Feature","geometry":{"type":"LineString","coordinates":[[-12.2239,35.8723],[-12.1896,35.585],[-12.0939,35.3538],[-11.925,35.2277],[-11.683,35.1997],[-11.3717,35.2915],[-11.1763,35.2503],[-11.051,35.2682],[-10.9265,35.3227]]},"properties":{"id":306,"group":"trails","name":"Irethseras trail"}},{"type":"Feature","geometry":{"type":"LineString","coordinates":[[-23.5271,4.7455],[-23.7675,4.9689],[-23.9068,5.436],[-23.615,5.2889],[-23.2983,4.8802]]},"properties":{"id":307,"group":"trails","name":"Bakinb path"}},{"type":"Feature","geometry":{"type":"LineString","coordinates":[[-15.768,33.4481],[-15.6077,33.4021],[-15.4964,33.2963],[-15.2349,33.2457],[-15.0364,33.2955]]},"properties":{"id":308,"group":"trails","name":"Machlebeltan path"}},{"type":"Feature","geometry":{"type":"LineString","coordinates":[[-16.175,32.777],[-16.0357,32.8883],[-15.9563,33.0939],[-15.768,33.4481]]},"properties":{"id":309,"group":"trails","name":"Machlebeltan trail"}},{"type":"Feature","geometry":{"type":"LineString","coordinates":[[26.6198,13.0994],[26.2688,12.6774],[26.1217,12.426],[25.8929,12.2929],[25.7521,12.0811],[25.633,11.9161],[25.5972,11.7113],[25.4594,11.3735]]},"properties":{"id":310,"group":"trails","name":"Ebon trail"}},{"type":"Feature","geometry":{"type":"LineString","coordinates":[[25.7427,20.6997],[26.0237,20.8273],[26.1567,21.071],[26.1669,21.338],[26.198,21.5576],[26.3023,21.8892],[26.5241,22.1321]]},"properties":{"id":311,"group":"trails","name":"Oldshund trail"}},{"type":"Feature","geometry":{"type":"LineString","coordinates":[[19.7059,-5.3888],[19.344,-5.4713]]},"properties":{"id":312,"group":"trails","name":null}},{"type":"Feature","geometry":{"type":"LineString","coordinates":[[-8.4564,-11.5948],[-8.2961,-11.4718],[-8.1396,-11.3955],[-7.9855,-11.366],[-7.8486,-11.2484]]},"properties":{"id":313,"group":"trails","name":"Krashjuan trail"}},{"type":"Feature","geometry":{"type":"LineString","coordinates":[[-25.3551,10.6215],[-25.0929,10.6316],[-24.8166,10.5537],[-24.7123,10.5825],[-24.6306,10.6931],[-24.559,10.8153],[-24.4827,10.9297],[-24.4602,11.0652],[-24.2991,11.2855],[-24.2345,11.47],[-24.0314,11.5494],[-23.857,11.5385],[-23.6866,11.5837],[-23.5496,11.7035],[-23.4485,11.8951],[-23.3014,12.0282],[-23.0049,12.0305],[-22.7792,12.0912],[-22.6313,12.2096],[-22.5667,12.3793],[-22.4056,12.454],[-22.1978,12.4213]]},"properties":{"id":314,"group":"trails","name":"Binargzig trail"}},{"type":"Feature","geometry":{"type":"LineString","coordinates":[[-7.7824,-11.6587],[-7.6346,-11.5653],[-7.4167,-11.4251]]},"properties":{"id":315,"group":"trails","name":null}},{"type":"Feature","geometry":{"type":"LineString","coordinates":[[-9.7903,-11.3395],[-9.8813,-11.1503],[-9.8572,-10.958],[-9.9887,-10.6101],[-10.1,-10.5322],[-10.2144,-10.3539],[-10.4417,-10.3734],[-10.6277,-10.4824],[-10.9032,-10.5112],[-11.2744,-10.3999],[-11.3678,-10.5447],[-11.5421,-10.6591],[-11.8674,-10.6646],[-12.1499,-10.8981],[-12.4239,-11.0227],[-12.525,-10.6171],[-12.6106,-10.1967],[-12.8379,-9.8456],[-12.9072,-9.6517],[-12.9087,-9.3279],[-13.1079,-8.9511],[-13.3173,-9.1886],[-13.6395,-9.2999],[-13.7765,-9.3224],[-14.0348,-9.4743],[-14.2076,-9.3567],[-14.3002,-9.1294],[-14.3547,-9.0414],[-14.4317,-8.7915],[-14.645,-8.6242],[-15.0022,-8.6164],[-15.2209,-8.3657],[-15.6232,-8.2193],[-15.768,-7.9438],[-15.7633,-7.5498],[-15.7688,-7.314],[-15.8442,-7.0259],[-15.8559,-6.6196],[-16.0762,-6.2669]]},"properties":{"id":316,"group":"trails","name":"The Breezy Nar'tisshean trail"}},{"type":"Feature","geometry":{"type":"LineString","coordinates":[[21.1853,-5.3903],[20.9736,-5.462],[20.8227,-5.5702],[20.6592,-5.5429],[20.5005,-5.4168],[20.3806,-5.1584],[20.2654,-5.0182],[20.1526,-4.8742],[19.9806,-4.8298],[19.779,-4.8509]]},"properties":{"id":317,"group":"trails","name":"Guruss path"}},{"type":"Feature","geometry":{"type":"LineString","coordinates":[[-19.6335,0.0069],[-19.7923,-0.0531],[-19.9409,-0.2703],[-20.0499,-0.4485],[-20.1246,-0.626],[-20.4997,-0.7802],[-20.7301,-0.8191],[-20.941,-0.7335],[-21.3083,-0.7763],[-21.548,-0.8222],[-21.7495,-0.9771],[-22.3239,-0.9024],[-22.4507,-0.8604],[-22.6103,-0.8362],[-22.8235,-0.6844],[-22.92,-0.3154],[-22.9761,-0.0258],[-22.9084,0.1641],[-22.9099,0.4288],[-22.9691,0.6297],[-23.0523,0.7324],[-23.1605,0.9636],[-23.3317,1.1022],[-23.3613,1.2688],[-23.2983,1.4782],[-23.2414,1.5529],[-23.0656,2.1508]]},"properties":{"id":318,"group":"trails","name":"Numushan track"}},{"type":"Feature","geometry":{"type":"LineString","coordinates":[[-24.7279,5.0514],[-24.5777,5.1347],[-24.5193,5.2048],[-24.2353,5.4064],[-23.9068,5.436]]},"properties":{"id":319,"group":"trails","name":"Khathuzunese trail"}},{"type":"Feature","geometry":{"type":"LineString","coordinates":[[-24.2353,5.4064],[-24.2298,5.5473],[-24.5473,6.0876]]},"properties":{"id":320,"group":"trails","name":null}},{"type":"Feature","geometry":{"type":"LineString","coordinates":[[-8.0859,-12.3671],[-7.861,-12.1304]]},"properties":{"id":321,"group":"trails","name":null}},{"type":"Feature","geometry":{"type":"LineString","coordinates":[[-7.819,-11.4633],[-7.9855,-11.366]]},"properties":{"id":322,"group":"trails","name":null}},{"type":"Feature","geometry":{"type":"LineString","coordinates":[[-8.4564,-11.5948],[-8.7319,-11.6275],[-8.9622,-11.58],[-9.1444,-11.4485],[-9.2837,-11.2788],[-9.4479,-11.2072],[-9.6237,-11.2313],[-9.7903,-11.3395]]},"properties":{"id":323,"group":"trails","name":"Al'ar path"}},{"type":"Feature","geometry":{"type":"LineString","coordinates":[[26.212,4.104],[26.5739,4.0487],[26.8105,3.96],[27.0688,3.7825],[27.0579,3.6611],[27.0159,3.447],[26.8198,3.2492],[26.7809,2.9534],[26.8229,2.7658],[27.0151,2.4147],[27.1638,2.3018],[27.212,2.1259],[27.1482,1.7164],[27.1397,1.4696],[27.0035,1.2275],[26.8408,0.9589],[26.5739,0.7075],[26.4291,0.3517],[26.3388,0.2311],[26.3606,0.0364],[26.391,-0.1083],[26.3497,-0.2422],[26.2268,-0.3707],[26.103,-0.5046],[25.9933,-0.7444],[25.8805,-0.9771],[25.9194,-1.4162],[25.9217,-1.6287],[26.0237,-1.8249],[26.0929,-2.1168],[26.0921,-2.334],[25.9855,-2.6999]]},"properties":{"id":324,"group":"trails","name":"Totabanean track"}},{"type":"Feature","geometry":{"type":"LineString","coordinates":[[-24.064,23.981],[-23.7566,23.8681],[-23.5418,23.8907],[-23.3449,23.7638],[-23.2305,23.5816],[-23.085,23.278],[-22.8368,23.2328],[-22.5488,23.3247]]},"properties":{"id":325,"group":"trails","name":"Bibunzar trail"}},{"type":"Feature","geometry":{"type":"LineString","coordinates":[[-17.2606,26.7695],[-17.6007,26.8948],[-17.9229,26.7563]]},"properties":{"id":326,"group":"trails","name":null}},{"type":"Feature","geometry":{"type":"LineString","coordinates":[[19.7759,-7.3599],[19.6164,-7.24],[19.5495,-7.1046],[19.2872,-6.9177]]},"properties":{"id":327,"group":"trails","name":"Silvered path"}},{"type":"Feature","geometry":{"type":"LineString","coordinates":[[-7.963,-13.0179],[-7.9365,-12.6442],[-8.0859,-12.3671]]},"properties":{"id":328,"group":"trails","name":null}},{"type":"Feature","geometry":{"type":"LineString","coordinates":[[-7.3233,-12.986],[-7.1699,-12.6621],[-6.7995,-12.473]]},"properties":{"id":329,"group":"trails","name":null}},{"type":"Feature","geometry":{"type":"LineString","coordinates":[[-13.6659,35.7119],[-13.4916,35.7306],[-13.3733,35.8154],[-13.2379,36.0233],[-13.0231,36.0373],[-12.7873,35.9096],[-12.5569,35.8326],[-12.2239,35.8723]]},"properties":{"id":330,"group":"trails","name":"Tlind-Did pass"}},{"type":"Feature","geometry":{"type":"LineString","coordinates":[[21.9573,-5.2876],[21.7674,-5.2518],[21.5768,-5.2199],[21.3394,-5.244],[21.1853,-5.3903]]},"properties":{"id":331,"group":"trails","name":"The Winding Guruss track"}},{"type":"Feature","geometry":{"type":"LineString","coordinates":[[19.4483,-6.6203],[19.6203,-6.7309],[19.6973,-6.8788],[19.723,-7.0485],[19.7759,-7.3599]]},"properties":{"id":332,"group":"trails","name":"Rurgush pass"}},{"type":"Feature","geometry":{"type":"LineString","coordinates":[[-21.5176,28.6324],[-21.8437,28.6666],[-21.7939,28.9477],[-21.8274,29.1454],[-21.7628,29.4233]]},"properties":{"id":333,"group":"trails","name":"Ormnasmelese path"}},{"type":"Feature","geometry":{"type":"LineString","coordinates":[[-20.8849,27.5659],[-21.0756,27.8469],[-21.2452,28.1926],[-21.5176,28.6324]]},"properties":{"id":334,"group":"trails","name":"Yeenohilman trail"}},{"type":"Feature","geometry":{"type":"LineString","coordinates":[[-23.1006,18.4047],[-23.3379,18.4444],[-23.4843,18.5651],[-23.7955,18.6211],[-24.2174,18.6998],[-24.6026,18.815],[-24.7816,18.8897]]},"properties":{"id":335,"group":"trails","name":"Ethereal trail"}},{"type":"Feature","geometry":{"type":"LineString","coordinates":[[-25.4874,19.7141],[-25.296,20.1368]]},"properties":{"id":336,"group":"trails","name":null}},{"type":"Feature","geometry":{"type":"LineString","coordinates":[[-7.3233,-12.986],[-7.64,-13.0615],[-7.963,-13.0179]]},"properties":{"id":337,"group":"trails","name":null}},{"type":"Feature","geometry":{"type":"LineString","coordinates":[[24.1862,29.4739],[24.0812,29.2957],[23.9224,29.1983],[23.7372,29.0964],[23.5582,28.9158],[23.2741,28.8496],[23.1045,28.6199],[23.0274,28.4331],[22.9037,28.2906],[22.6103,28.1552]]},"properties":{"id":338,"group":"trails","name":"Shumun trail"}},{"type":"Feature","geometry":{"type":"LineString","coordinates":[[-22.9527,27.8025],[-22.6422,27.8446],[-22.3838,28.0945],[-22.3083,28.096],[-22.0212,28.3226],[-21.8437,28.6666]]},"properties":{"id":339,"group":"trails","name":"Ishe'amemel track"}},{"type":"Feature","geometry":{"type":"LineString","coordinates":[[-13.6659,35.7119],[-13.8481,35.7594],[-13.9928,35.8832],[-14.1119,36.0498],[-14.2029,36.2335],[-14.2971,36.411],[-14.4302,36.4966]]},"properties":{"id":340,"group":"trails","name":"Thelleanian track"}},{"type":"Feature","geometry":{"type":"LineString","coordinates":[[-13.4021,36.8002],[-13.6348,37.1677],[-13.8216,37.3156]]},"properties":{"id":341,"group":"trails","name":null}},{"type":"Feature","geometry":{"type":"LineString","coordinates":[[25.2104,26.2837],[25.4594,26.4129],[25.6991,26.6971],[25.9225,26.8325],[26.3497,26.8201],[26.412,27.0879],[26.5248,27.541],[26.5085,27.8212],[26.668,28.3171],[26.7342,28.3942],[26.5529,28.7787]]},"properties":{"id":342,"group":"trails","name":"Idgurth trail"}},{"type":"Feature","geometry":{"type":"LineString","coordinates":[[22.5745,-1.4559],[22.7247,-1.6163],[22.8648,-1.7073],[23.0515,-1.7253],[23.257,-1.7105],[23.5667,-1.7299],[23.7909,-1.8732],[24.0212,-2.0211],[24.1854,-2.2258],[24.2742,-2.5286],[24.3395,-2.7396],[24.3823,-2.8797],[24.4866,-2.9918],[24.5831,-3.1787]]},"properties":{"id":343,"group":"trails","name":"Gumushan track"}},{"type":"Feature","geometry":{"type":"LineString","coordinates":[[-19.1907,-8.0574],[-18.9043,-7.9656],[-18.523,-7.9188],[-18.2646,-7.9422],[-17.9564,-7.806],[-17.8031,-7.6012],[-17.4202,-7.3334],[-17.1696,-7.0205],[-16.9595,-6.8671],[-16.7953,-6.6094],[-16.5517,-6.4748],[-16.0762,-6.2669]]},"properties":{"id":344,"group":"trails","name":"Nar'tisshean trail"}},{"type":"Feature","geometry":{"type":"LineString","coordinates":[[23.9349,-5.7033],[24.1567,-5.6644],[24.3069,-5.7173],[24.4446,-5.6877],[24.6462,-5.6247],[24.8088,-5.4947],[24.9193,-5.3374],[25.0345,-5.1786],[25.082,-5.1109],[25.1396,-5.0019],[25.296,-4.9069],[25.4874,-4.7925],[25.5925,-4.6586],[25.612,-4.5122],[25.5427,-4.3542],[25.3629,-4.2787],[25.1824,-4.2047],[25.0096,-4.186],[24.8547,-4.0942],[24.7715,-3.8661],[24.5676,-3.501],[24.6641,-3.3826],[24.6851,-3.2402],[24.5831,-3.1787]]},"properties":{"id":345,"group":"trails","name":"Mystic trail"}},{"type":"Feature","geometry":{"type":"LineString","coordinates":[[21.0624,-2.4897],[21.1441,-2.7046],[21.2227,-2.8696],[21.2149,-3.0129],[21.1137,-3.1421],[21.0102,-3.3071],[21.0538,-3.515],[21.2032,-3.7065],[21.2849,-3.8972],[21.3674,-4.0949],[21.4795,-4.2242],[21.5939,-4.3464],[21.7145,-4.534],[21.8095,-4.7637],[22.071,-4.9871],[21.9784,-5.1342],[21.9573,-5.2876]]},"properties":{"id":346,"group":"trails","name":"Oz'jas trail"}},{"type":"Feature","geometry":{"type":"LineString","coordinates":[[-25.2291,3.4742],[-25.0438,3.2594],[-25.0353,3.0819],[-25.082,2.9674],[-25.1606,2.6864],[-25.1186,2.273]]},"properties":{"id":347,"group":"trails","name":"Gundushan trail"}},{"type":"Feature","geometry":{"type":"LineString","coordinates":[[24.2617,31.8102],[24.0321,31.7728],[23.8096,31.47]]},"properties":{"id":348,"group":"trails","name":null}},{"type":"Feature","geometry":{"type":"LineString","coordinates":[[23.4407,30.3326],[23.6345,30.117],[23.8742,29.8063],[24.1862,29.4739],[24.5014,29.3899],[24.6835,29.4031],[24.8781,29.3346],[25.1007,29.1018],[25.3108,28.9438],[25.4812,28.8691],[25.8633,28.7928],[26.2867,28.8076],[26.5529,28.7787]]},"properties":{"id":349,"group":"trails","name":"Idgurth trail"}},{"type":"Feature","geometry":{"type":"LineString","coordinates":[[25.1357,-3.0409],[24.6851,-3.2402]]},"properties":{"id":350,"group":"trails","name":null}},{"type":"Feature","geometry":{"type":"LineString","coordinates":[[-16.7774,35.1078],[-16.498,35.0689],[-16.3034,35.1849],[-16.1952,35.346],[-16.1758,35.5578],[-16.0123,35.5764],[-15.845,35.5173],[-15.6746,35.4558],[-15.5104,35.4706],[-15.3446,35.5282],[-15.0831,35.729],[-14.8738,35.9805],[-14.8185,36.1977],[-14.6543,36.358],[-14.4302,36.4966]]},"properties":{"id":351,"group":"trails","name":"Thelleanese path"}},{"type":"Feature","geometry":{"type":"LineString","coordinates":[[-16.7774,35.1078],[-16.9579,35.0813],[-17.1322,35.0486],[-17.3463,35.1249],[-17.4972,35.2892]]},"properties":{"id":352,"group":"trails","name":"Hetheian trail"}},{"type":"Feature","geometry":{"type":"LineString","coordinates":[[-25.0672,16.8485],[-25.4376,16.9739],[-25.8042,17.0517],[-26.04,17.1303],[-26.2377,17.3724],[-26.0322,17.5188],[-25.7933,17.5873],[-25.4952,17.4962],[-25.1225,17.6107]]},"properties":{"id":353,"group":"trails","name":"Echo pass"}},{"type":"Feature","geometry":{"type":"LineString","coordinates":[[-25.3551,10.6215],[-25.6244,10.6059],[-25.8244,10.6503],[-25.97,10.7927],[-26.1995,10.8745],[-26.3894,10.8387],[-26.577,10.9484],[-26.7653,11.0597],[-26.8797,11.1664],[-27.0439,11.1913],[-27.1902,11.3221],[-27.2572,11.5385],[-27.3716,11.8842],[-27.3023,12.2454]]},"properties":{"id":354,"group":"trails","name":"Kharan track"}},{"type":"Feature","geometry":{"type":"LineString","coordinates":[[-25.9007,23.429],[-25.4734,23.4609],[-25.2524,23.6571],[-25.1341,23.8782],[-24.8228,23.9631],[-24.5948,23.9117],[-24.064,23.981]]},"properties":{"id":355,"group":"trails","name":"Khathizan path"}},{"type":"Feature","geometry":{"type":"LineString","coordinates":[[-26.9972,20.477],[-27.1747,20.6452],[-27.2447,20.8647],[-27.2696,21.0609],[-27.2284,21.2049],[-27.1218,21.3022],[-26.9459,21.3505],[-26.6626,21.3567],[-26.3785,21.3684],[-26.219,21.5124],[-26.0525,21.7234]]},"properties":{"id":356,"group":"trails","name":"The Echoing Gabaddilan path"}},{"type":"Feature","geometry":{"type":"LineString","coordinates":[[-25.5847,20.1765],[-25.296,20.1368]]},"properties":{"id":357,"group":"trails","name":null}},{"type":"Feature","geometry":{"type":"LineString","coordinates":[[-26.9972,20.477],[-26.9,20.2972],[-26.8883,20.1111],[-26.9591,19.9118],[-27.005,19.7141],[-27.0486,19.5125],[-27.0517,19.3327],[-27.0556,19.1489],[-27.1186,19.0213],[-27.0922,18.822],[-26.9513,18.5861]]},"properties":{"id":358,"group":"trails","name":"Binargzig trail"}},{"type":"Feature","geometry":{"type":"LineString","coordinates":[[-17.9836,34.8213],[-18.1548,34.7271],[-18.4257,34.6423],[-18.7206,34.6991],[-18.6304,34.8307],[-18.6981,35.283],[-18.5782,35.4675],[-18.5517,35.7462],[-17.9937,35.9252]]},"properties":{"id":359,"group":"trails","name":"Cortempierde trail"}},{"type":"Feature","geometry":{"type":"LineString","coordinates":[[-22.9527,27.8025],[-23.0422,28.0719],[-23.2656,28.5211],[-23.485,28.8262],[-23.6562,29.0831],[-23.7123,29.5105],[-24.0376,29.6211],[-24.2041,29.7269],[-24.5255,29.9317],[-24.7847,29.927]]},"properties":{"id":360,"group":"trails","name":"Divine trail"}},{"type":"Feature","geometry":{"type":"LineString","coordinates":[[-26.5926,25.7489],[-26.2781,25.8836],[-25.9209,25.9443],[-25.6205,25.7411],[-25.5279,25.4624],[-25.6135,25.1907],[-25.4859,24.8202],[-25.2929,24.5337],[-25.0236,24.1561],[-24.8228,23.9631]]},"properties":{"id":361,"group":"trails","name":"Flame pass"}},{"type":"Feature","geometry":{"type":"LineString","coordinates":[[25.1357,-3.0409],[25.1621,-3.2122],[25.2695,-3.3211],[25.4781,-3.304],[25.7365,-3.1499],[25.9373,-2.9257],[25.9855,-2.6999]]},"properties":{"id":362,"group":"trails","name":"Ancient path"}},{"type":"Feature","geometry":{"type":"LineString","coordinates":[[-27.6712,18.2513],[-27.5654,18.4063],[-27.384,18.4981],[-26.9513,18.5861]]},"properties":{"id":363,"group":"trails","name":"Binargzig trail"}},{"type":"Feature","geometry":{"type":"LineString","coordinates":[[-25.2291,3.4742],[-25.2703,3.6128],[-25.4112,3.7786],[-25.5474,3.9366],[-25.7015,4.0628],[-25.8766,4.2184],[-26.2766,4.3796],[-26.475,4.698]]},"properties":{"id":364,"group":"trails","name":"Bibundadian trail"}},{"type":"Feature","geometry":{"type":"LineString","coordinates":[[-23.7123,29.5105],[-23.4749,29.7308],[-23.4142,30.0196],[-23.2741,30.1691]]},"properties":{"id":365,"group":"trails","name":"The Obscure Selheilauggar trail"}},{"type":"Feature","geometry":{"type":"LineString","coordinates":[[-21.4328,29.8748],[-21.5394,29.5393],[-21.7628,29.4233]]},"properties":{"id":366,"group":"trails","name":null}},{"type":"Feature","geometry":{"type":"LineString","coordinates":[[-12.4239,-11.0227],[-12.6402,-11.3278],[-12.9523,-11.5092],[-13.1336,-11.4827],[-13.3274,-11.3846],[-13.5227,-11.4641],[-13.6364,-11.6291],[-13.8138,-11.7521],[-13.9936,-11.8735],[-14.164,-11.6665],[-14.4076,-11.5045],[-14.7586,-11.3792],[-15.0193,-11.2539],[-15.2855,-11.2461],[-15.4715,-11.2539],[-15.6567,-11.2616],[-15.8769,-11.1301],[-15.8746,-10.8693],[-15.789,-10.6902],[-15.701,-10.5454],[-15.6863,-10.3508],[-15.5018,-9.9561],[-15.4808,-9.6899],[-15.3431,-9.4634],[-15.3143,-9.3746],[-15.0045,-9.0056],[-15.0022,-8.6164]]},"properties":{"id":367,"group":"trails","name":"Skuphan trail"}},{"type":"Feature","geometry":{"type":"LineString","coordinates":[[-20.4016,-5.279],[-20.2382,-5.6924],[-20.0623,-5.8699],[-19.9713,-6.2996],[-20.025,-6.488],[-19.86,-6.6009],[-19.6102,-6.6904],[-19.4226,-6.8718],[-19.2203,-7.0664],[-19.186,-7.2782],[-19.2483,-7.4806],[-19.1907,-8.0574]]},"properties":{"id":368,"group":"trails","name":"Morbredh trail"}},{"type":"Feature","geometry":{"type":"LineString","coordinates":[[-27.5482,12.2119],[-27.3023,12.2454]]},"properties":{"id":369,"group":"trails","name":null}},{"type":"Feature","geometry":{"type":"LineString","coordinates":[[-27.3716,11.8842],[-27.6354,11.5478],[-27.865,11.3992],[-28.0486,11.1711],[-28.2346,10.9118],[-28.3561,10.5506]]},"properties":{"id":370,"group":"trails","name":"Aragzan track"}},{"type":"Feature","geometry":{"type":"LineString","coordinates":[[-27.1957,3.5715],[-27.0284,3.7942],[-26.7832,3.8821],[-26.5015,4.0028],[-26.2766,4.3796]]},"properties":{"id":371,"group":"trails","name":"Titan track"}},{"type":"Feature","geometry":{"type":"LineString","coordinates":[[-19.6716,34.6142],[-19.7471,34.559],[-19.9456,34.4313],[-20.2219,34.4258],[-20.3744,34.4897],[-20.5324,34.5613]]},"properties":{"id":372,"group":"trails","name":"Sun trail"}},{"type":"Feature","geometry":{"type":"LineString","coordinates":[[-18.7206,34.6991],[-18.8988,34.6337],[-19.0677,34.6508],[-19.2771,34.7077],[-19.4817,34.7131],[-19.6716,34.6142]]},"properties":{"id":373,"group":"trails","name":"The Shrouded Aschevillor path"}},{"type":"Feature","geometry":{"type":"LineString","coordinates":[[24.2617,31.8102],[24.4368,31.7961],[24.587,31.8872],[24.7108,32.0826],[25.0283,32.0779],[25.3038,32.141],[25.5692,32.3092],[25.738,32.25],[25.9015,32.3169],[26.0883,32.1262],[26.1334,32.4174],[26.2758,32.6182],[26.4641,32.7303],[26.6361,33.1164],[26.9583,32.8409],[27.0969,32.7054],[27.3116,32.4399],[27.4743,32.3395],[27.5443,32.106],[27.4774,31.9075],[27.3334,31.7658],[27.4027,31.4053],[27.6432,31.0574]]},"properties":{"id":374,"group":"trails","name":"Flokhamp trail"}},{"type":"Feature","geometry":{"type":"LineString","coordinates":[[23.7302,31.6654],[24.0321,31.7728]]},"properties":{"id":375,"group":"trails","name":null}},{"type":"Feature","geometry":{"type":"LineString","coordinates":[[-29.581,16.6625],[-29.3647,16.6586],[-29.1397,16.5395],[-28.8463,16.5379],[-28.6471,16.5846],[-28.4261,16.6703]]},"properties":{"id":376,"group":"trails","name":"Bizahazan trail"}},{"type":"Feature","geometry":{"type":"LineString","coordinates":[[-27.384,18.4981],[-27.2961,18.6974],[-27.0922,18.822]]},"properties":{"id":377,"group":"trails","name":null}},{"type":"Feature","geometry":{"type":"LineString","coordinates":[[-26.2377,17.3724],[-26.549,17.3911],[-26.6634,17.279],[-26.7015,17.1763],[-26.8517,16.9645],[-27.0852,16.7925],[-27.3708,16.7403],[-27.5436,16.724],[-27.679,16.6282],[-27.9778,16.5301],[-28.2214,16.6516],[-28.4261,16.6703]]},"properties":{"id":378,"group":"trails","name":"The Sacred Bizahazan trail"}},{"type":"Feature","geometry":{"type":"LineString","coordinates":[[-24.1675,29.0785],[-23.9668,29.0808],[-23.6562,29.0831]]},"properties":{"id":379,"group":"trails","name":null}},{"type":"Feature","geometry":{"type":"LineString","coordinates":[[-23.9668,29.0808],[-23.7123,29.5105]]},"properties":{"id":380,"group":"trails","name":null}},{"type":"Feature","geometry":{"type":"LineString","coordinates":[[-17.9611,36.404],[-18.2148,36.3619]]},"properties":{"id":381,"group":"trails","name":null}},{"type":"Feature","geometry":{"type":"LineString","coordinates":[[-17.5727,-10.2714],[-17.6731,-9.9289],[-17.6653,-9.7296],[-17.747,-9.5217],[-17.8926,-9.3295],[-18.0537,-9.1496],[-18.1564,-8.9161],[-18.3938,-8.7339],[-18.751,-8.456],[-18.9743,-8.2248],[-19.1907,-8.0574]]},"properties":{"id":382,"group":"trails","name":"Morbredh trail"}},{"type":"Feature","geometry":{"type":"LineString","coordinates":[[-20.8413,-10.8257],[-20.7394,-10.6147],[-20.6577,-10.5486],[-20.4172,-10.192],[-20.3402,-9.8674],[-20.1962,-9.4984],[-20.1331,-9.3481],[-19.965,-9.1722],[-19.744,-8.9052],[-19.7238,-8.6366],[-19.7277,-8.3961],[-19.6257,-8.2692],[-19.3471,-8.2209],[-19.1907,-8.0574]]},"properties":{"id":383,"group":"trails","name":"Morbredh trail"}},{"type":"Feature","geometry":{"type":"LineString","coordinates":[[-14.2971,36.411],[-14.1173,36.5137],[-13.9438,36.6103],[-13.7905,36.7784],[-13.4021,36.8002]]},"properties":{"id":384,"group":"trails","name":"The Cobbled Lynatheliean trail"}},{"type":"Feature","geometry":{"type":"LineString","coordinates":[[27.9677,13.5633],[28.2058,13.5221],[28.4199,13.4886],[28.5444,13.5104]]},"properties":{"id":385,"group":"trails","name":"Khatreozan trail"}},{"type":"Feature","geometry":{"type":"LineString","coordinates":[[29.7546,11.6109],[29.6744,11.3999],[29.5452,11.2839],[29.3709,11.2598],[29.1483,11.3322],[29.0152,11.3672]]},"properties":{"id":386,"group":"trails","name":"Botrekkek path"}},{"type":"Feature","geometry":{"type":"LineString","coordinates":[[-27.2284,21.2049],[-27.5864,21.2469],[-27.9311,21.3357],[-28.0549,21.391],[-28.4206,21.5778],[-28.6806,21.6152],[-29.1444,22.0091],[-29.1716,22.3119],[-29.0355,22.6973],[-29.0643,22.7821],[-29.0549,23.0927],[-28.8977,23.3644],[-28.7996,23.7093],[-28.7063,23.8759],[-28.858,24.2013],[-28.7514,24.5929],[-28.8378,24.789],[-29.0572,25.0265],[-29.0977,25.2732],[-29.1724,25.5239],[-29.1787,25.8898],[-29.0775,26.1436],[-29.1156,26.3569],[-29.1499,26.5484],[-29.1537,26.9299],[-29.2845,27.126],[-29.4184,27.2864],[-29.4549,27.5558],[-29.5919,27.7667],[-29.6456,27.9271],[-29.6324,28.1007],[-29.774,28.2167],[-30.0651,28.2891],[-30.4091,28.342],[-30.5063,28.4892],[-30.5943,28.8083],[-30.7639,28.9197],[-31.2239,29.0878],[-31.5406,29.1695],[-31.7087,29.3151],[-31.7819,29.4436],[-32.1189,29.6553],[-32.2745,30.1886],[-32.315,30.2688],[-32.248,30.4338],[-31.999,30.6603],[-31.9469,30.8908],[-31.6885,31.1204],[-31.5359,31.2458],[-31.4192,31.4162],[-31.3694,31.6568],[-31.227,31.8],[-30.9997,32.1013],[-30.918,32.1177],[-30.669,32.2352],[-30.4752,32.3629],[-30.202,32.3987],[-29.9382,32.3753],[-29.6822,32.4882],[-29.4261,32.4399],[-29.1179,32.2329]]},"properties":{"id":387,"group":"trails","name":"Undraurthal trail"}},{"type":"Feature","geometry":{"type":"LineString","coordinates":[[26.7529,30.9857],[26.5552,30.869],[26.4245,30.6689],[26.4167,30.542],[26.4641,30.331],[26.6385,29.8149],[26.6073,29.593],[26.5933,29.231],[26.5529,28.7787]]},"properties":{"id":388,"group":"trails","name":"Idgurth pass"}},{"type":"Feature","geometry":{"type":"LineString","coordinates":[[-21.6896,34.225],[-21.4375,34.2616],[-21.2927,34.3963],[-21.1456,34.5294],[-21.0203,34.731],[-20.7729,34.7816],[-20.6219,34.7007],[-20.5324,34.5613]]},"properties":{"id":389,"group":"trails","name":"Chamunvillean track"}},{"type":"Feature","geometry":{"type":"LineString","coordinates":[[-21.8211,34.7598],[-21.7488,34.6251],[-21.6896,34.225],[-21.9433,34.1876],[-22.1091,34.2896],[-22.0305,34.5473],[-21.8211,34.7598],[-21.825,35.0494],[-21.811,35.4036],[-21.8437,35.8987],[-21.8826,36.1984],[-21.7916,36.4725],[-21.6694,36.5955],[-21.3775,36.8345],[-21.2297,36.9668],[-21.0756,37.0805],[-21.0631,37.2837],[-21.1589,37.5265],[-21.3091,37.7352],[-21.5021,37.6776],[-21.632,37.7367],[-21.7231,37.8955],[-21.727,38.087],[-21.7184,38.4483],[-21.8219,38.8391],[-21.8904,39.1831],[-21.7394,39.3723],[-21.3846,39.5451],[-21.3285,39.7281],[-21.1441,39.9204],[-20.9231,40.203],[-20.6616,40.2964],[-20.5145,40.4583],[-20.2662,40.491],[-19.7736,40.4482],[-19.5495,40.2504]]},"properties":{"id":390,"group":"trails","name":"Moonlit pass"}},{"type":"Feature","geometry":{"type":"LineString","coordinates":[[-22.6998,33.9883],[-22.5947,34.1689],[-22.4165,34.2834],[-22.2717,34.3363],[-22.1091,34.2896]]},"properties":{"id":391,"group":"trails","name":"Dossean path"}},{"type":"Feature","geometry":{"type":"LineString","coordinates":[[-28.7063,23.8759],[-28.4876,23.7171],[-28.2751,23.6859],[-27.949,23.6727],[-27.6121,23.4866],[-27.3755,23.4368],[-27.2486,23.359],[-26.8968,23.1433],[-26.7498,22.888],[-26.5723,22.7899],[-26.0384,22.8459]]},"properties":{"id":392,"group":"trails","name":"Girargat trail"}},{"type":"Feature","geometry":{"type":"LineString","coordinates":[[-24.8625,30.3443],[-24.9715,30.5334],[-25.2026,30.6463],[-25.3808,30.6852],[-25.5038,30.7724],[-25.6579,31.0644],[-25.8805,31.2045],[-26.0921,31.2543],[-26.3054,31.2271],[-26.5459,31.2956],[-26.8447,31.2208],[-27.2875,30.9227],[-27.3428,31.287],[-27.577,31.5603],[-27.7654,31.7572],[-27.6159,32.1636],[-27.363,32.3341],[-27.0276,32.3862],[-26.7739,32.6073],[-26.6945,32.8198],[-26.563,33.0814],[-26.3482,33.5259]]},"properties":{"id":393,"group":"trails","name":"The Frosty Monteauvillean track"}},{"type":"Feature","geometry":{"type":"LineString","coordinates":[[-30.0822,8.1459],[-29.8806,8.0782],[-29.6946,8.1077],[-29.5771,8.1365],[-29.4199,8.0992],[-29.2464,7.8968],[-29.0736,7.7372],[-28.9164,7.678],[-28.7561,7.5309],[-28.6004,7.4624],[-28.4448,7.4764],[-28.2845,7.5356],[-28.1023,7.5075],[-27.9148,7.4795],[-27.7521,7.5231],[-27.5965,7.608],[-27.3474,7.6866],[-27.1039,7.7629],[-26.9046,7.9988],[-26.7311,8.1412],[-26.5085,8.1833],[-26.2089,8.2681],[-25.97,8.3522],[-25.7085,8.3623],[-25.5279,8.2627],[-25.324,8.2237],[-25.1147,8.191],[-24.9473,8.2782],[-24.6376,8.367],[-24.4057,8.395],[-24.1777,8.4285],[-23.9854,8.4339],[-23.7909,8.3896],[-23.6033,8.2518],[-23.4018,8.2082],[-23.2305,8.2268],[-23.0905,8.3094],[-22.9831,8.4581],[-22.8266,8.4728],[-22.7091,8.4339],[-22.4422,8.4145],[-22.2811,8.5507],[-22.1247,8.69],[-21.9464,8.8777],[-21.8227,9.0668],[-21.8064,9.2591],[-21.7457,9.4514],[-21.5853,9.6406],[-21.4951,9.8663],[-21.404,10.0913],[-21.4484,10.2867]]},"properties":{"id":394,"group":"trails","name":"Gathazdush track"}},{"type":"Feature","geometry":{"type":"LineString","coordinates":[[-27.1902,11.3221],[-27.4914,11.2839],[-27.6743,11.3377],[-27.865,11.3992]]},"properties":{"id":395,"group":"trails","name":"Jade pass"}},{"type":"Feature","geometry":{"type":"LineString","coordinates":[[-28.2346,10.9118],[-28.3529,11.006],[-28.567,11.2006],[-28.6627,11.3844],[-28.7654,11.5751],[-28.9506,11.6646],[-29.1374,11.7067],[-29.3397,11.6646],[-29.5577,11.8086],[-29.6658,11.9908],[-29.9468,12.1084],[-30.2293,12.2314],[-30.4137,12.2874],[-30.5943,12.3497],[-30.8348,12.3232],[-31.1079,12.1683],[-31.3398,12.194],[-31.571,12.2228],[-31.8293,12.2111],[-31.7414,12.7607],[-31.8146,12.9304],[-31.985,13.0877],[-32.122,13.3313],[-32.3212,13.519],[-32.5912,13.9137]]},"properties":{"id":396,"group":"trails","name":"Shiz trail"}},{"type":"Feature","geometry":{"type":"LineString","coordinates":[[-24.2547,34.949],[-24.1247,35.0105],[-24.001,34.9334],[-23.8866,34.7209],[-23.6204,34.6166],[-23.1885,34.5294],[-22.9434,34.3706],[-22.6998,33.9883]]},"properties":{"id":397,"group":"trails","name":"Bomeillean track"}},{"type":"Feature","geometry":{"type":"LineString","coordinates":[[-22.2227,34.9692],[-21.825,35.0494]]},"properties":{"id":398,"group":"trails","name":null}},{"type":"Feature","geometry":{"type":"LineString","coordinates":[[-29.581,16.6625],[-29.7865,16.6025],[-29.9623,16.4912],[-30.1351,16.3783],[-30.3017,16.4172],[-30.4799,16.5698],[-30.7795,16.6056],[-31.0153,16.6757],[-31.3881,16.5831],[-31.585,16.3666],[-31.7842,16.1448],[-31.8286,15.9081],[-32.1095,15.687],[-32.3944,15.4589],[-32.4722,15.3982],[-32.6169,15.234],[-32.5632,15.0837],[-32.4589,14.8961],[-32.4434,14.6166],[-32.4652,14.1861],[-32.5912,13.9137]]},"properties":{"id":399,"group":"trails","name":"Shizan trail"}},{"type":"Feature","geometry":{"type":"LineString","coordinates":[[-29.2705,15.3725],[-29.395,15.4208],[-29.5008,15.5469],[-29.5896,15.8941],[-29.7024,16.3371],[-29.581,16.6625]]},"properties":{"id":400,"group":"trails","name":"Buzurbar pass"}},{"type":"Feature","geometry":{"type":"LineString","coordinates":[[31.9881,19.792],[32.0776,19.5218],[32.1041,19.1824],[32.1406,19.0368]]},"properties":{"id":401,"group":"trails","name":"Guddanese trail"}},{"type":"Feature","geometry":{"type":"LineString","coordinates":[[31.9881,19.792],[32.1492,20.0356],[32.2535,20.3244],[32.5329,20.5518]]},"properties":{"id":402,"group":"trails","name":"Valdzigan trail"}},{"type":"Feature","geometry":{"type":"LineString","coordinates":[[26.7529,30.9857],[26.9319,31.1547],[27.1591,31.2154],[27.6432,31.0574]]},"properties":{"id":403,"group":"trails","name":"Flokhamp trail"}},{"type":"Feature","geometry":{"type":"LineString","coordinates":[[-30.0822,8.1459],[-30.2659,8.0291],[-30.4923,8.0665]]},"properties":{"id":404,"group":"trails","name":null}},{"type":"Feature","geometry":{"type":"LineString","coordinates":[[-27.9101,3.8168],[-28.0253,3.9981],[-27.9794,4.2465],[-27.8113,4.466],[-27.756,4.6404],[-27.8595,5.0179],[-27.8953,5.2523],[-28.0058,5.3838],[-28.0167,5.5372],[-27.9918,5.6976],[-27.9763,5.9155],[-27.8284,6.1304],[-27.7786,6.3429],[-27.9436,6.6092],[-28.0128,6.7991],[-28.1529,6.9953],[-28.1996,7.2841],[-28.4448,7.4764]]},"properties":{"id":405,"group":"trails","name":"Kinbuzazin pass"}},{"type":"Feature","geometry":{"type":"LineString","coordinates":[[27.1397,1.4696],[27.4533,1.486],[27.823,1.3902],[28.1841,1.4011],[28.5887,1.2112],[29.0168,1.2735],[29.181,1.3365],[29.4176,1.2711],[29.6378,1.0882],[29.8931,0.966],[30.2223,0.8974],[30.3826,0.8173],[30.5639,0.6608],[30.9071,0.5573],[31.2464,0.5658],[31.5321,0.5082],[31.7998,0.2887]]},"properties":{"id":406,"group":"trails","name":"Erebuch path"}},{"type":"Feature","geometry":{"type":"LineString","coordinates":[[-15.8746,-10.8693],[-16.0941,-10.9269],[-16.2902,-10.9752],[-16.5089,-10.9199],[-16.7034,-10.8343],[-16.8365,-10.6575],[-16.961,-10.4147],[-17.1743,-10.2551],[-17.5727,-10.2714]]},"properties":{"id":407,"group":"trails","name":"Aj'in'jess trail"}},{"type":"Feature","geometry":{"type":"LineString","coordinates":[[-27.1957,3.5715],[-27.3607,3.5264],[-27.5887,3.6019],[-27.9101,3.8168]]},"properties":{"id":408,"group":"trails","name":"The Shaky Kinbuzazinese path"}},{"type":"Feature","geometry":{"type":"LineString","coordinates":[[25.9373,-2.9257],[26.1209,-3.1771],[26.3101,-3.5352],[26.4992,-3.6691],[26.6213,-3.8996],[26.714,-4.4079],[26.9319,-4.7419],[26.9638,-5.0797],[26.8548,-5.346],[26.8782,-5.6722],[26.9373,-5.88],[27.0221,-6.0988],[27.0042,-6.3276],[26.9537,-6.611],[27.0362,-6.7932],[27.142,-6.8998],[27.2774,-6.9333],[27.5187,-7.0812]]},"properties":{"id":409,"group":"trails","name":"Gudgizan trail"}},{"type":"Feature","geometry":{"type":"LineString","coordinates":[[-29.9468,12.1084],[-29.7289,12.1862],[-29.6121,12.3185],[-29.5701,12.6338],[-29.4331,12.8938],[-29.4152,13.2107],[-29.6184,13.4878],[-29.6837,13.7011],[-29.6822,13.9051],[-29.6526,14.1581],[-29.5149,14.3636],[-29.4674,14.4812],[-29.3156,14.6906],[-29.2868,14.9132],[-29.2705,15.3725]]},"properties":{"id":410,"group":"trails","name":"Shuzan trail"}},{"type":"Feature","geometry":{"type":"LineString","coordinates":[[29.4238,30.4019],[29.539,30.7841],[29.9343,31.0574],[30.1507,30.9406],[30.276,30.7615],[30.4059,30.6362],[30.5289,30.5116],[30.6137,30.3326],[30.8067,30.2773],[30.992,30.2968],[31.1453,30.2158],[31.2892,30.0874],[31.4721,29.9745],[31.7865,29.9776],[31.9788,29.8032],[32.1772,29.5759],[32.2652,29.2653],[32.2698,28.8885],[32.3749,28.6433],[32.329,28.4783],[32.2761,28.2525],[32.3298,28.0034],[32.5049,27.8282]]},"properties":{"id":411,"group":"trails","name":"Huerritan trail"}},{"type":"Feature","geometry":{"type":"LineString","coordinates":[[-19.4335,39.1209],[-19.6592,39.2968]]},"properties":{"id":412,"group":"trails","name":null}},{"type":"Feature","geometry":{"type":"LineString","coordinates":[[27.4743,32.3395],[27.8377,32.5863],[28.0891,32.6774],[28.2969,32.6525],[28.4751,32.577],[28.693,32.5092],[28.8417,32.3644],[28.9569,32.1885],[29.0751,31.983],[29.2308,31.8615],[29.3538,31.9098],[29.4137,32.0476],[29.6448,32.0001],[29.7686,31.9098],[29.6378,31.8499],[29.5125,31.5548],[29.4721,31.2901],[29.9343,31.0574]]},"properties":{"id":413,"group":"trails","name":"Bridgenilese trail"}},{"type":"Feature","geometry":{"type":"LineString","coordinates":[[32.9485,24.2869],[32.7469,24.0666],[32.6294,23.8471],[32.4504,23.7046],[32.2893,23.5077],[32.2605,23.2546],[32.1282,23.011],[31.8885,22.8039],[31.7336,22.6482],[31.5461,22.5353],[31.4099,22.3407],[31.3352,22.2699],[31.2846,21.8837]]},"properties":{"id":414,"group":"trails","name":"The Sacred Khanuzar path"}},{"type":"Feature","geometry":{"type":"LineString","coordinates":[[29.4238,30.4019],[29.2931,30.2415],[29.3102,29.9792],[29.4573,29.7238],[29.4176,29.5969],[29.2596,29.4039],[29.1903,29.1275]]},"properties":{"id":415,"group":"trails","name":"Ginarkean trail"}},{"type":"Feature","geometry":{"type":"LineString","coordinates":[[27.9467,33.6801],[27.8144,33.4309],[27.8463,33.3181],[27.8564,33.0549],[27.7965,32.8206],[27.8377,32.5863]]},"properties":{"id":416,"group":"trails","name":"Westcking trail"}},{"type":"Feature","geometry":{"type":"LineString","coordinates":[[-21.0849,39.3739],[-20.853,39.3451],[-20.4328,39.5584],[-20.1736,39.4712],[-19.786,39.1076]]},"properties":{"id":417,"group":"trails","name":"Tourcellevilese pass"}},{"type":"Feature","geometry":{"type":"LineString","coordinates":[[-19.3611,39.7935],[-19.4148,39.9406],[-19.5362,40.0955],[-19.5495,40.2504]]},"properties":{"id":418,"group":"trails","name":"Menayan track"}},{"type":"Feature","geometry":{"type":"LineString","coordinates":[[-19.4335,39.1209],[-19.386,39.5498],[-19.3611,39.7935]]},"properties":{"id":419,"group":"trails","name":null}},{"type":"Feature","geometry":{"type":"LineString","coordinates":[[-32.5663,11.7183],[-32.5329,11.9246],[-32.3827,11.8359],[-32.2091,11.8273],[-32.0068,11.9036],[-31.8293,12.2111]]},"properties":{"id":420,"group":"trails","name":"Zazizaddunese path"}},{"type":"Feature","geometry":{"type":"LineString","coordinates":[[33.0317,26.1156],[33.0792,25.8937],[33.0784,25.6781],[33.0131,25.4437],[33.0917,25.1495],[33.1656,24.7556],[33.1197,24.5734],[32.9485,24.2869],[33.2815,24.3391],[33.5563,24.2752],[33.7213,24.0401],[33.694,23.872],[33.824,23.6742],[34.101,23.4827],[34.1921,23.2305],[34.1656,23.0382],[34.0287,22.5011],[34.0746,22.2987],[34.1571,22.0651],[34.2396,21.8324],[34.3983,21.6837],[34.5594,21.5311],[34.6341,21.2571],[34.817,21.0445],[35.0622,20.8336]]},"properties":{"id":421,"group":"trails","name":"Orkiruan trail"}},{"type":"Feature","geometry":{"type":"LineString","coordinates":[[29.7686,31.9098],[30.0666,31.9838]]},"properties":{"id":422,"group":"trails","name":null}},{"type":"Feature","geometry":{"type":"LineString","coordinates":[[-26.1661,34.1106],[-26.247,33.768],[-26.3482,33.5259]]},"properties":{"id":423,"group":"trails","name":null}},{"type":"Feature","geometry":{"type":"LineString","coordinates":[[34.891,20.6623],[35.2622,20.5339]]},"properties":{"id":424,"group":"trails","name":null}},{"type":"Feature","geometry":{"type":"LineString","coordinates":[[-32.3196,6.7758],[-32.0185,7.0039],[-31.8792,7.2654],[-31.799,7.4686],[-31.6994,7.6407],[-31.5437,7.7395],[-31.3165,7.7333],[-31.0931,7.7302],[-30.9507,7.6243],[-30.8028,7.5636],[-30.6394,7.5776],[-30.5266,7.6811],[-30.476,7.8423],[-30.4923,8.0665]]},"properties":{"id":425,"group":"trails","name":"Kilukkhund track"}},{"type":"Feature","geometry":{"type":"LineString","coordinates":[[-30.3569,0.1672],[-30.1024,0.2887],[-29.8861,0.4529],[-29.6853,0.6585],[-29.4417,0.843],[-29.2868,1.1209],[-29.1374,1.2306],[-28.8362,1.426],[-28.7086,1.7374],[-28.6705,1.9422],[-28.5498,2.101],[-28.4821,2.2364],[-28.3739,2.5471],[-28.3607,2.7471],[-28.1358,2.9667],[-28.0261,3.1924],[-27.9171,3.4267],[-27.9101,3.8168]]},"properties":{"id":426,"group":"trails","name":"Glimmering trail"}},{"type":"Feature","geometry":{"type":"LineString","coordinates":[[33.0317,26.1156],[32.9072,26.2837],[32.8815,26.4939],[32.8496,26.7594],[32.7772,26.9773],[32.6317,27.1097],[32.5165,27.2436],[32.4761,27.4211],[32.5134,27.6484],[32.5049,27.8282]]},"properties":{"id":427,"group":"trails","name":"Huerritan pass"}},{"type":"Feature","geometry":{"type":"LineString","coordinates":[[31.9095,26.0805],[32.0675,26.107],[32.2768,26.1662],[32.5414,26.0798],[33.0317,26.1156]]},"properties":{"id":428,"group":"trails","name":"Orkiruan trail"}},{"type":"Feature","geometry":{"type":"LineString","coordinates":[[-19.2864,40.5735],[-19.3323,40.7401],[-19.2654,40.8133],[-19.137,40.8577],[-18.73,41.011],[-18.9891,41.2049],[-18.7946,41.278],[-18.6016,41.352],[-18.3899,41.4415],[-18.1743,41.5303],[-18.0257,41.7607],[-18.0218,42.1157],[-18.1408,42.1235],[-18.4031,42.2208]]},"properties":{"id":429,"group":"trails","name":"Guigrish trail"}},{"type":"Feature","geometry":{"type":"LineString","coordinates":[[-19.7736,40.4482],[-19.2864,40.5735]]},"properties":{"id":430,"group":"trails","name":null}},{"type":"Feature","geometry":{"type":"LineString","coordinates":[[34.8575,4.3664],[34.4404,4.097],[34.1905,4.0254],[33.9065,4.0441],[33.5641,3.9327],[33.3882,3.7988],[33.3609,3.5785],[33.3376,3.3933],[33.2247,3.2095],[33.1664,3.0102],[32.9656,2.9083],[32.8621,2.765],[32.7414,2.2972],[32.5189,2.0076],[32.2877,1.802],[32.1554,1.4276],[31.9593,1.2291],[31.7663,0.9628],[31.5321,0.5082]]},"properties":{"id":431,"group":"trails","name":"The Serpentine Numun trail"}},{"type":"Feature","geometry":{"type":"LineString","coordinates":[[31.7974,18.235],[32.048,17.9423],[32.2488,17.6628],[32.5399,17.518],[32.6138,17.2899],[32.6831,17.0774],[32.8652,16.8516],[32.9018,16.6049],[33.0271,16.4523],[33.2177,16.3705],[33.4948,16.3954],[33.7119,16.2413],[33.9493,15.986],[34.038,15.6551],[34.3127,15.8139],[34.4411,15.754],[34.6287,15.6006],[34.7353,15.5882],[35.0388,15.5555],[35.291,15.3842],[35.5353,15.3601],[35.8272,15.3881],[36.1167,15.3834],[36.2887,15.2962],[36.3867,15.1522],[36.4809,15.044],[36.8747,14.9732],[37.0342,14.8704],[37.1245,14.7256],[37.2895,14.4391],[37.4265,14.3379],[37.5066,13.9666],[37.3673,13.6342],[37.0444,13.3134],[36.7836,13.062],[36.6295,12.6011],[36.5019,12.2088],[36.3548,11.8304],[36.2303,11.6942],[36.1649,11.1524],[36.3525,10.8947],[36.3976,10.7141],[36.4404,10.2493],[36.5253,9.9247],[36.4607,9.6694],[36.4202,9.4374],[36.533,9.0038],[36.7626,8.7477],[36.6537,8.62],[36.5758,8.3693],[36.4202,8.0603],[36.4256,7.6913],[36.3595,7.4499],[36.4194,7.1954],[36.5432,6.9081],[36.5167,6.6971],[36.4685,6.2627],[36.4015,6.1164],[36.1455,6.0051],[35.933,5.9965],[35.589,5.8424],[35.463,5.6781],[35.2816,5.5426],[35.1641,5.3239],[34.8567,5.0709]]},"properties":{"id":432,"group":"trails","name":"Atalderuzian trail"}},{"type":"Feature","geometry":{"type":"LineString","coordinates":[[33.1197,24.5734],[33.431,24.4699],[33.5563,24.2752]]},"properties":{"id":433,"group":"trails","name":null}},{"type":"Feature","geometry":{"type":"LineString","coordinates":[[42.3644,30.0064],[42.2632,30.1637],[42.2197,30.3871],[42.0967,30.5459],[41.8889,30.6417],[41.6827,30.6206],[41.4803,30.6058]]},"properties":{"id":434,"group":"trails","name":"The Sacred Whitley trail"}},{"type":"Feature","geometry":{"type":"LineString","coordinates":[[-31.0316,22.7603],[-31.0301,22.4528],[-31.178,22.2442],[-31.2931,22.1438],[-31.3499,22.0239],[-31.5663,21.7639],[-31.7772,21.6455],[-31.9157,21.4501],[-32.0185,21.222],[-32.1259,21.0064],[-32.234,20.7985],[-32.1905,20.6156],[-32.1726,20.4225],[-32.1523,20.2318],[-32.0986,19.9227],[-32.0807,19.7733],[-32.1749,19.6503],[-32.3196,19.6036],[-32.8084,19.6456],[-33.0551,19.7312],[-33.2107,19.7211],[-33.4434,19.8893],[-33.8691,20.1625],[-34.2007,20.3525],[-34.3174,20.5829],[-34.4832,20.4568],[-34.7252,20.449],[-34.8552,20.3532],[-35.14,20.3353],[-35.4272,20.1851],[-35.7587,20.1469],[-35.9719,20.108],[-36.1533,20.1867],[-36.4723,20.2326],[-36.8467,20.2692],[-37.1354,20.333],[-37.3852,20.5245],[-37.4848,20.7643],[-37.6397,20.9581],[-37.688,21.1792],[-37.8833,21.6082]]},"properties":{"id":435,"group":"trails","name":"Sellagiadian trail"}},{"type":"Feature","geometry":{"type":"LineString","coordinates":[[-29.1716,22.3119],[-29.5359,22.2963],[-29.8783,22.1951],[-30.1227,22.1188],[-30.6013,22.3111],[-30.7569,22.452],[-31.0316,22.7603]]},"properties":{"id":436,"group":"trails","name":"Gonntyrkatarian trail"}},{"type":"Feature","geometry":{"type":"LineString","coordinates":[[-21.0849,39.3739],[-21.3846,39.5451]]},"properties":{"id":437,"group":"trails","name":null}},{"type":"Feature","geometry":{"type":"LineString","coordinates":[[29.9546,33.0884],[29.9219,32.9086],[29.7678,32.7459],[29.5538,32.5949],[29.5032,32.4189],[29.4471,32.2407],[29.4137,32.0476]]},"properties":{"id":438,"group":"trails","name":"Spectral track"}},{"type":"Feature","geometry":{"type":"LineString","coordinates":[[-22.6266,38.6086],[-22.3924,38.8827],[-22.2126,39.0695],[-21.8904,39.1831]]},"properties":{"id":439,"group":"trails","name":"Luminous trail"}},{"type":"Feature","geometry":{"type":"LineString","coordinates":[[29.9507,-6.815],[29.5491,-6.9325],[29.3102,-7.0407],[28.9716,-7.103],[28.7296,-7.205],[28.4954,-7.261],[28.286,-7.4019],[28.1039,-7.4175],[27.7521,-7.3918],[27.6043,-7.2743],[27.5187,-7.0812]]},"properties":{"id":440,"group":"trails","name":"Gudgish trail"}},{"type":"Feature","geometry":{"type":"LineString","coordinates":[[27.7521,-7.3918],[27.7833,-7.5561],[27.8206,-7.7196],[27.7366,-7.8994]]},"properties":{"id":441,"group":"trails","name":"Grand trail"}},{"type":"Feature","geometry":{"type":"LineString","coordinates":[[-19.2055,41.7537],[-19.1689,41.4983],[-18.9891,41.2049]]},"properties":{"id":442,"group":"trails","name":null}},{"type":"Feature","geometry":{"type":"LineString","coordinates":[[-17.6786,43.1752],[-17.5844,42.7455],[-17.6373,42.6038],[-18.0218,42.1157]]},"properties":{"id":443,"group":"trails","name":"Briartinese track"}},{"type":"Feature","geometry":{"type":"LineString","coordinates":[[-19.2055,41.7537],[-19.544,42.0269]]},"properties":{"id":444,"group":"trails","name":null}},{"type":"Feature","geometry":{"type":"LineString","coordinates":[[-27.5194,-7.3233],[-27.4727,-7.0469],[-27.2665,-6.8048],[-27.1155,-6.7005],[-26.756,-6.5752],[-26.6377,-6.5036],[-26.5529,-6.4016],[-26.4626,-5.968],[-26.4455,-5.6044],[-26.3474,-5.3919],[-26.0929,-5.279],[-25.819,-5.2494],[-25.6727,-5.1015],[-25.5832,-4.8438],[-25.4516,-4.7777],[-25.2119,-4.7263],[-25.0197,-4.5986],[-24.8329,-4.4406],[-24.559,-4.3752],[-24.3139,-4.1658],[-24.194,-3.9696],[-23.9839,-3.8521],[-23.794,-3.7096],[-23.5823,-3.6769]]},"properties":{"id":445,"group":"trails","name":"Tunargzar path"}},{"type":"Feature","geometry":{"type":"LineString","coordinates":[[-27.7654,31.7572],[-27.9311,32.0351],[-28.1879,32.1971],[-28.4969,32.1994],[-28.8354,32.2562],[-29.1179,32.2329],[-29.1032,32.6206],[-29.0425,32.8105],[-29.0191,33.0799],[-29.0199,33.5586],[-29.1008,33.7828]]},"properties":{"id":446,"group":"trails","name":"Undrerius trail"}},{"type":"Feature","geometry":{"type":"LineString","coordinates":[[-21.7892,40.8039],[-21.6017,40.7323],[-21.4274,40.5938],[-21.148,40.5221],[-20.9231,40.203]]},"properties":{"id":447,"group":"trails","name":"Tisiscomarenese trail"}},{"type":"Feature","geometry":{"type":"LineString","coordinates":[[-21.7892,40.8039],[-21.699,41.0079],[-21.5713,41.1208],[-21.4873,41.3014],[-21.4032,41.4789],[-21.4172,41.6828],[-21.5939,41.872],[-21.4172,42.0347],[-21.3978,42.2293],[-21.2927,42.3991],[-21.1402,42.501],[-20.9666,42.5073],[-20.7573,42.6038],[-20.4577,42.5952],[-20.2234,42.4528],[-20.0896,42.3204],[-19.9331,42.2846],[-19.544,42.0269]]},"properties":{"id":448,"group":"trails","name":"Boisdian pass"}},{"type":"Feature","geometry":{"type":"LineString","coordinates":[[-23.0461,39.4961],[-23.5769,39.2275]]},"properties":{"id":449,"group":"trails","name":null}},{"type":"Feature","geometry":{"type":"LineString","coordinates":[[-22.6266,38.6086],[-22.7208,38.7308],[-22.7776,39.0555],[-22.9932,39.282],[-23.0461,39.4961]]},"properties":{"id":450,"group":"trails","name":"Thisemigny trail"}},{"type":"Feature","geometry":{"type":"LineString","coordinates":[[34.8038,-0.3769],[34.5501,-0.4618],[34.3034,-0.3902],[33.9532,-0.3294],[33.6839,-0.2508],[33.5197,-0.0904],[33.2162,0.0372],[32.9446,0.0357],[32.7025,0.2443],[32.4255,0.3214],[32.2115,0.3564],[31.7998,0.2887]]},"properties":{"id":451,"group":"trails","name":"Erebuchan trail"}},{"type":"Feature","geometry":{"type":"LineString","coordinates":[[-23.2936,39.8581],[-23.0461,39.4961]]},"properties":{"id":452,"group":"trails","name":null}},{"type":"Feature","geometry":{"type":"LineString","coordinates":[[29.9546,33.0884],[29.9312,33.2729],[30.0324,33.4932],[30.1312,33.7135],[30.2114,33.8825],[30.2853,34.0491],[30.3359,34.225],[30.3795,34.3021],[30.4371,34.3947],[30.5927,34.4897],[30.7982,34.5909]]},"properties":{"id":453,"group":"trails","name":"Chichwelese trail"}},{"type":"Feature","geometry":{"type":"LineString","coordinates":[[-31.0153,16.6757],[-31.1305,17.0393],[-31.1764,17.1996],[-31.2285,17.3584],[-31.4177,17.4643],[-31.6013,17.5647],[-31.7204,17.5865],[-31.9064,17.8123],[-32.0403,17.9236],[-32.1772,18.0295],[-32.3173,18.2179],[-32.4947,18.3269],[-32.5967,18.5176],[-32.6496,18.6453],[-32.6901,18.7885],[-32.7967,18.8772],[-32.8932,19.1482],[-32.8084,19.6456]]},"properties":{"id":454,"group":"trails","name":"Zarakhazdus path"}},{"type":"Feature","geometry":{"type":"LineString","coordinates":[[-21.7892,40.8039],[-22.057,40.8102],[-22.2422,40.8577],[-22.3605,40.9853],[-22.6469,40.9511]]},"properties":{"id":455,"group":"trails","name":"Borgis trail"}},{"type":"Feature","geometry":{"type":"LineString","coordinates":[[-24.917,39.5685],[-24.9645,39.6985],[-24.9754,39.9445],[-24.815,40.2263],[-24.689,40.1088],[-24.5216,40.0512],[-24.3722,39.8044],[-24.2298,39.7125],[-24.1061,39.5918],[-23.9131,39.5568],[-23.6516,39.3497],[-23.5769,39.2275]]},"properties":{"id":456,"group":"trails","name":"Rogenthinethian trail"}},{"type":"Feature","geometry":{"type":"LineString","coordinates":[[-23.0632,40.3976],[-22.8282,40.7767],[-22.6469,40.9511]]},"properties":{"id":457,"group":"trails","name":null}},{"type":"Feature","geometry":{"type":"LineString","coordinates":[[-31.441,-0.9561],[-31.3795,-0.5824],[-31.2176,-0.2313],[-31.1165,-0.043],[-30.904,0.1057],[-30.3569,0.1672],[-30.5888,0.3961],[-30.7126,0.5954],[-30.8223,0.8904],[-31.0418,1.0633],[-31.2363,1.2415],[-31.4301,1.4136],[-31.592,1.7522],[-31.7165,2.0161],[-31.8449,2.2606],[-32.0566,2.477],[-32.2029,2.6506],[-32.4231,2.7658],[-32.5321,2.8935],[-32.6963,2.9526],[-32.9632,2.9487],[-33.1843,3.0826],[-33.4613,3.3092],[-33.7687,3.4135],[-34.0777,3.6548],[-34.4583,4.1281],[-34.5337,4.2216],[-34.7026,4.3625],[-34.7859,4.5843],[-34.9003,4.8545],[-35.2046,4.9245],[-35.5019,4.8669],[-35.7291,4.8101],[-35.8599,4.6941],[-36.1439,4.5361],[-36.4646,4.5516],[-36.6311,4.6505],[-36.7891,4.8872],[-37.0537,4.9518],[-36.9455,5.2079],[-36.9657,5.4002],[-36.9704,5.5987],[-37.1019,6.0331],[-37.1012,6.2153],[-36.9743,6.4542],[-36.9992,6.6543],[-37.1066,6.8147],[-37.249,6.9486],[-37.3253,7.1689],[-37.5269,7.2771],[-37.8537,7.3129]]},"properties":{"id":458,"group":"trails","name":"Qash trail"}},{"type":"Feature","geometry":{"type":"LineString","coordinates":[[-32.3196,6.7758],[-32.494,6.8832],[-32.7056,6.8614],[-32.852,6.7477],[-33.0061,6.5632],[-33.0364,6.3484],[-33.0909,6.1452],[-33.1407,5.9389],[-33.2854,5.8587],[-33.4512,5.8463],[-33.6123,5.935],[-33.7788,6.0308],[-33.9781,5.9895],[-34.1664,5.8805],[-34.3509,5.7061],[-34.5851,5.647],[-34.8396,5.64],[-34.9734,5.6298]]},"properties":{"id":459,"group":"trails","name":"Wild pass"}},{"type":"Feature","geometry":{"type":"LineString","coordinates":[[-23.2936,39.8581],[-23.1107,40.101],[-23.0632,40.3976]]},"properties":{"id":460,"group":"trails","name":null}},{"type":"Feature","geometry":{"type":"LineString","coordinates":[[-36.1377,10.1162],[-35.9315,9.9644],[-35.6466,9.9309],[-35.3883,9.9224],[-35.1976,9.9442],[-34.9976,10.0298],[-34.8326,10.1411],[-34.7408,10.3023],[-34.6474,10.4525],[-34.4824,10.535],[-34.2372,10.5958],[-34.0248,10.6448],[-33.8154,10.69],[-33.5578,10.6682],[-33.322,10.7125],[-33.1134,10.9017],[-33.0987,11.073],[-33.0885,11.252],[-33.0045,11.4186],[-32.8652,11.5167],[-32.5663,11.7183]]},"properties":{"id":461,"group":"trails","name":"Silver trail"}},{"type":"Feature","geometry":{"type":"LineString","coordinates":[[-27.5194,-7.3233],[-27.9599,-7.4782],[-28.2479,-7.7982],[-28.3747,-8.0309],[-28.5078,-8.2707],[-28.5459,-8.5058],[-28.5849,-8.7472],[-28.7249,-8.6304],[-28.872,-8.5183],[-29.1779,-8.4817],[-29.4713,-8.3992],[-29.7234,-8.4155],[-29.9343,-8.5175],[-30.174,-8.6133],[-30.3725,-8.6374],[-30.6137,-8.4762],[-30.7281,-8.1773]]},"properties":{"id":462,"group":"trails","name":"Zrulan trail"}},{"type":"Feature","geometry":{"type":"LineString","coordinates":[[-22.2811,42.4068],[-22.32,42.2628],[-22.4367,42.1499],[-22.6367,42.0713],[-22.8103,41.893],[-22.9722,41.7568],[-23.064,41.6346],[-23.1193,41.4337],[-23.1449,41.2313],[-23.1683,41.0243],[-23.0204,40.8187],[-22.8282,40.7767]]},"properties":{"id":463,"group":"trails","name":"Dampouzonneauan trail"}},{"type":"Feature","geometry":{"type":"LineString","coordinates":[[-23.6267,41.2703],[-23.3769,40.916],[-23.2204,40.8647],[-23.0204,40.8187]]},"properties":{"id":464,"group":"trails","name":"Shadowed trail"}},{"type":"Feature","geometry":{"type":"LineString","coordinates":[[-26.5731,38.8305],[-26.6431,38.6584],[-26.598,38.4327],[-26.5233,38.024],[-26.5007,37.7523],[-26.3458,37.4868],[-26.2641,37.2852],[-25.9054,37.1085],[-25.8182,36.9614],[-25.5902,36.7652],[-25.4392,36.6437],[-25.18,36.6009],[-24.9139,36.4678],[-24.7761,36.3098],[-24.4726,36.1938],[-24.2812,36.021],[-24.2905,35.9159],[-24.3629,35.7532],[-24.3769,35.6473],[-24.2547,34.949]]},"properties":{"id":465,"group":"trails","name":"Sapphire track"}},{"type":"Feature","geometry":{"type":"LineString","coordinates":[[-34.9003,4.8545],[-34.8544,5.2328],[-34.9734,5.6298]]},"properties":{"id":466,"group":"trails","name":null}},{"type":"Feature","geometry":{"type":"LineString","coordinates":[[33.7018,-2.661],[33.4341,-2.9739],[33.4014,-3.1771],[33.3026,-3.3219],[33.3259,-3.4979],[33.0411,-3.8038],[32.7088,-3.947],[32.6341,-4.0303],[32.3982,-4.225],[32.115,-4.2717],[31.9453,-4.3721],[31.8527,-4.6453],[31.7274,-4.8244],[31.5647,-5.0961],[31.4791,-5.3935],[31.3429,-5.5476],[31.0581,-5.6947],[30.869,-5.7469],[30.7445,-5.8598],[30.6511,-5.8862],[30.3305,-6.0482],[30.1219,-6.3113],[30.0783,-6.5363],[29.9507,-6.815],[30.2464,-6.8858],[30.4262,-7.0602],[30.6488,-7.1341],[30.7491,-7.2634],[31.0091,-7.6355],[31.2324,-7.9741],[31.2791,-8.1773],[31.4029,-8.3517],[31.4036,-8.5627],[31.427,-8.8211],[31.4301,-9.296],[31.3998,-9.5077],[31.5251,-9.7607],[31.7305,-9.9188],[31.9266,-10.2154],[32.1266,-10.3088],[32.2091,-10.5135],[32.1095,-10.9059],[32.1897,-11.1947],[32.371,-11.5419],[32.3881,-11.858],[32.473,-12.1437],[32.6154,-12.4333],[32.7422,-12.7244],[32.7025,-12.8466],[32.5874,-12.9766],[32.4558,-13.2374],[32.2799,-13.3488],[31.9033,-13.3386],[31.7266,-13.471],[31.5009,-13.587],[31.3819,-13.7839],[31.1694,-13.9723],[31.0029,-13.9941],[30.6612,-14.1802],[30.4153,-14.511],[30.2674,-14.6722],[30.2324,-14.8349],[29.9849,-15.0147],[29.8627,-15.2436],[29.7966,-15.6281],[29.6479,-15.7698],[29.6254,-16.0874],[29.5001,-16.3537],[29.2977,-16.5218],[29.1623,-16.8644],[29.1374,-17.1112],[28.9428,-17.4116]]},"properties":{"id":467,"group":"trails","name":"Markinese trail"}},{"type":"Feature","geometry":{"type":"LineString","coordinates":[[34.5501,-0.4618],[34.273,-0.7553],[34.08,-0.8292],[33.9073,-1.1149],[33.8481,-1.4279],[33.8193,-1.6505],[33.852,-1.8638],[33.9298,-2.0826],[33.8839,-2.3597],[33.7018,-2.661]]},"properties":{"id":468,"group":"trails","name":"Markinese pass"}},{"type":"Feature","geometry":{"type":"LineString","coordinates":[[-23.6041,41.8074],[-23.6703,41.5801],[-23.6267,41.2703]]},"properties":{"id":469,"group":"trails","name":null}},{"type":"Feature","geometry":{"type":"LineString","coordinates":[[-23.1512,42.1795],[-22.8282,42.1756],[-22.6367,42.0713]]},"properties":{"id":470,"group":"trails","name":null}},{"type":"Feature","geometry":{"type":"LineString","coordinates":[[-24.917,39.5685],[-25.117,39.5981],[-25.5785,39.7865],[-25.7295,39.9032],[-25.8914,40.0146],[-26.1855,40.0776],[-26.4112,40.2442],[-26.4579,40.4528],[-26.4058,40.6942]]},"properties":{"id":471,"group":"trails","name":"Ennian trail"}},{"type":"Feature","geometry":{"type":"LineString","coordinates":[[-23.6041,41.8074],[-23.2617,41.8308],[-23.064,41.6346]]},"properties":{"id":472,"group":"trails","name":null}},{"type":"Feature","geometry":{"type":"LineString","coordinates":[[-22.8103,41.893],[-22.9115,41.9397],[-22.9659,41.9475],[-23.1512,42.1795]]},"properties":{"id":473,"group":"trails","name":"Storm pass"}},{"type":"Feature","geometry":{"type":"LineString","coordinates":[[36.7626,8.7477],[36.8794,8.8294],[37.049,8.9501],[37.2763,9.3152],[37.4654,9.4436],[37.6452,9.5775],[37.8786,9.6048],[38.2545,9.674],[38.4405,9.7573],[38.5386,9.8788],[38.8008,9.9372],[39.0468,10.015],[39.2647,10.3186],[39.404,10.0586],[39.934,10.1154],[39.9589,9.7612],[40.1106,9.5137],[40.0904,9.2661],[40.1488,9.0435],[40.1519,8.6986],[40.2694,8.4503],[40.2912,8.0089],[40.3783,7.6679],[40.5239,7.4266],[40.8453,7.6009],[41.1013,7.3713],[41.5309,7.2234],[41.4212,6.8956],[41.3574,6.7913],[41.1792,6.5181],[41.1348,6.1919],[41.1301,5.9506],[41.1971,5.6493],[41.1293,5.3566],[41.0943,5.0709],[40.9317,4.8825],[40.9216,4.6381],[40.9426,4.3835],[40.8772,4.139],[40.6865,3.9686],[40.6624,3.7521],[40.6624,3.4439],[40.6842,3.141],[40.6601,2.5906],[40.5114,2.3851],[40.232,2.2442],[39.7441,2.238]]},"properties":{"id":474,"group":"trails","name":"Thunder path"}},{"type":"Feature","geometry":{"type":"LineString","coordinates":[[38.8071,19.9889],[38.5627,20.0138],[38.2506,19.9617],[37.8249,20.0598],[37.6739,20.1656],[37.5175,20.1314],[37.3564,19.9944],[37.1813,19.9718],[36.779,20.0271],[36.4327,19.9804],[36.1883,19.9632],[35.8023,19.9118],[35.4085,19.8177]]},"properties":{"id":475,"group":"trails","name":"Banulukk path"}},{"type":"Feature","geometry":{"type":"LineString","coordinates":[[-36.3439,10.0065],[-36.1377,10.1162]]},"properties":{"id":476,"group":"trails","name":null}},{"type":"Feature","geometry":{"type":"LineString","coordinates":[[-36.3439,10.0065],[-36.5579,9.9006],[-36.6599,9.8726],[-36.7253,10.1466],[-36.9728,10.2968],[-37.1533,10.2704],[-37.27,10.1622],[-37.3541,10.0181],[-37.5658,9.9442],[-37.7837,9.871],[-37.9549,9.8819],[-38.1199,9.8975],[-38.2895,9.9597],[-38.46,10.0205],[-38.6475,9.9597],[-38.8016,9.9831],[-38.9277,10.0921],[-39.0304,10.2805],[-39.1674,10.6074],[-39.1557,10.9352],[-39.3542,11.1944],[-39.225,11.3906],[-39.1643,11.6],[-39.2343,11.913],[-39.2133,12.1776],[-39.3176,12.3832],[-39.4725,12.475],[-39.6476,12.4828],[-39.9122,12.6922],[-39.9386,12.8682],[-39.874,13.0659],[-39.9441,13.287],[-39.948,13.5563]]},"properties":{"id":477,"group":"trails","name":"Ghizan trail"}},{"type":"Feature","geometry":{"type":"LineString","coordinates":[[-26.1653,39.4066],[-25.9342,39.5623],[-25.7295,39.9032]]},"properties":{"id":478,"group":"trails","name":null}},{"type":"Feature","geometry":{"type":"LineString","coordinates":[[-22.2811,42.4068],[-22.3161,42.5789],[-22.39,42.8693],[-22.2967,43.0296],[-22.2017,43.1978],[-22.0787,43.3722],[-21.92,43.4897],[-21.6974,43.4967],[-21.4772,43.4889],[-21.3184,43.5621],[-21.334,43.8789],[-21.2515,44.0354],[-21.1355,44.1234],[-20.9503,44.3172],[-20.8281,44.4807],[-20.7869,44.68],[-20.6865,44.9011]]},"properties":{"id":479,"group":"trails","name":"Mimancheblainese trail"}},{"type":"Feature","geometry":{"type":"LineString","coordinates":[[-32.5788,-1.35],[-32.4893,-1.7245],[-32.4247,-2.0623],[-32.2084,-2.3885],[-32.1368,-2.6804],[-32.0465,-2.9887],[-31.9383,-3.1133],[-31.7313,-3.1771],[-31.5398,-3.3616],[-31.4114,-3.4862],[-31.3398,-3.7415]]},"properties":{"id":480,"group":"trails","name":"Gegmodan trail"}},{"type":"Feature","geometry":{"type":"LineString","coordinates":[[-31.441,-0.9561],[-31.564,-1.1188],[-31.7142,-1.1904],[-32.0753,-1.234],[-32.5788,-1.35],[-32.7407,-1.2823],[-32.9741,-1.2169],[-33.2294,-1.0597],[-33.5454,-1.062],[-33.7524,-1.0495],[-34.1034,-0.9468],[-34.3796,-0.8868],[-34.7532,-0.953],[-35.2023,-0.7833],[-35.533,-0.591],[-35.8544,-0.1776],[-35.8778,-0.0671],[-35.9034,0.2334],[-36.0684,0.4592],[-36.214,0.6491],[-36.3797,0.7612],[-36.4941,0.9465],[-36.5634,1.275],[-36.712,1.4556],[-36.8389,1.5615],[-37.0856,1.6502],[-37.3938,1.774],[-37.5829,1.9577],[-37.8312,2.1134],[-37.7175,2.2076],[-37.4132,2.2567],[-37.2786,2.4451],[-37.2304,2.7588],[-37.2187,2.9036],[-37.2903,3.0336],[-37.2498,3.2399],[-37.0296,3.5287],[-36.6809,3.5848],[-36.5354,3.7553],[-36.5953,3.8923],[-36.684,4.0378],[-36.6436,4.3017],[-36.4646,4.5516]]},"properties":{"id":481,"group":"trails","name":"The Obscure Zulbraz path"}},{"type":"Feature","geometry":{"type":"LineString","coordinates":[[-17.6786,43.1752],[-17.456,43.1464],[-17.2396,43.1207]]},"properties":{"id":482,"group":"trails","name":null}},{"type":"Feature","geometry":{"type":"LineString","coordinates":[[-31.7072,-6.1626],[-31.8862,-6.5207],[-32.0309,-6.6927]]},"properties":{"id":483,"group":"trails","name":null}},{"type":"Feature","geometry":{"type":"LineString","coordinates":[[-31.7694,-7.4666],[-31.6044,-7.4969],[-31.3756,-7.6215],[-31.2355,-7.7491],[-31.1087,-7.8215],[-30.897,-7.929],[-30.7281,-8.1773]]},"properties":{"id":484,"group":"trails","name":"Zrulese pass"}},{"type":"Feature","geometry":{"type":"LineString","coordinates":[[37.5066,13.9666],[37.8016,13.8911],[38.1284,13.9643],[38.4366,14.0584],[38.5969,14.211],[38.8841,14.264],[39.2032,14.1869],[39.5013,14.0382],[39.7246,14.0125],[40.0717,13.9113],[40.2406,13.7618],[40.383,13.7541],[40.6336,13.5229],[40.7068,13.273],[40.7791,12.9125],[40.8531,12.6875],[40.864,12.4244],[41.0118,12.2049],[41.2352,12.0827],[41.4352,11.8312],[41.4967,11.5837],[41.4056,11.3945],[41.8749,11.3353],[41.9948,11.1874],[42.2407,10.9718],[42.2749,10.827],[42.2461,10.6261],[42.1224,10.2587],[42.1169,9.9878],[42.2236,9.7573],[42.3769,9.618],[42.6041,9.3494],[42.7286,9.2342],[42.8664,9.0902],[42.9893,9.0334],[43.3255,8.8068]]},"properties":{"id":485,"group":"trails","name":"Stroian track"}},{"type":"Feature","geometry":{"type":"LineString","coordinates":[[-21.0281,45.1315],[-20.6865,44.9011]]},"properties":{"id":486,"group":"trails","name":null}},{"type":"Feature","geometry":{"type":"LineString","coordinates":[[-26.5731,38.8305],[-26.3964,39.0516],[-26.2781,39.1676],[-26.1653,39.4066]]},"properties":{"id":487,"group":"trails","name":"Sennessiere trail"}},{"type":"Feature","geometry":{"type":"LineString","coordinates":[[-27.7272,39.2548],[-27.8268,39.5444]]},"properties":{"id":488,"group":"trails","name":null}},{"type":"Feature","geometry":{"type":"LineString","coordinates":[[-27.7272,39.2548],[-27.9,39.145],[-27.963,39.2703],[-28.1101,39.2836],[-28.286,39.2228],[-28.4331,39.2548],[-28.6627,39.145]]},"properties":{"id":489,"group":"trails","name":"Gerish path"}},{"type":"Feature","geometry":{"type":"LineString","coordinates":[[-26.6431,38.6584],[-26.8361,38.6335],[-27.0307,38.7036],[-27.2774,38.7558],[-27.521,38.8064],[-27.6681,38.9846],[-27.7272,39.2548]]},"properties":{"id":490,"group":"trails","name":"Moucan trail"}},{"type":"Feature","geometry":{"type":"LineString","coordinates":[[-21.0281,45.1315],[-20.9176,45.2436],[-20.7363,45.3121]]},"properties":{"id":491,"group":"trails","name":null}},{"type":"Feature","geometry":{"type":"LineString","coordinates":[[-21.0281,45.1315],[-21.2881,45.1401],[-21.5892,45.2685]]},"properties":{"id":492,"group":"trails","name":null}},{"type":"Feature","geometry":{"type":"LineString","coordinates":[[41.1013,19.5911],[40.8663,19.6347],[40.6811,19.8301],[40.4414,19.8387],[40.1044,20.154],[40.1768,19.9103],[40.1628,19.7164],[40.0764,19.3731],[40.0266,18.9987],[39.9036,18.776],[39.7698,18.6639],[39.7449,18.3961]]},"properties":{"id":493,"group":"trails","name":"The Obscure Millascanilese trail"}},{"type":"Feature","geometry":{"type":"LineString","coordinates":[[-31.7072,-6.1626],[-32.0815,-6.1579],[-32.2138,-6.0567],[-32.3624,-5.9688]]},"properties":{"id":494,"group":"trails","name":"Vun-Khod trail"}},{"type":"Feature","geometry":{"type":"LineString","coordinates":[[35.1112,4.965],[35.0684,4.6451],[34.8575,4.3664]]},"properties":{"id":495,"group":"trails","name":null}},{"type":"Feature","geometry":{"type":"LineString","coordinates":[[39.4631,3.4672],[39.7316,3.2469],[39.8094,3.0134],[39.7604,2.7417],[39.7441,2.238]]},"properties":{"id":496,"group":"trails","name":"Cezadian trail"}},{"type":"Feature","geometry":{"type":"LineString","coordinates":[[-39.0304,10.2805],[-39.2156,10.2789],[-39.4071,10.2743],[-39.6203,10.2244],[-39.8336,10.1684],[-40.0305,10.0656],[-40.2896,10.0142],[-40.555,9.9613],[-40.7885,9.9605],[-40.9589,9.8453],[-41.1434,9.8944],[-41.292,9.9488],[-41.457,9.9364],[-41.6438,9.8624],[-41.8804,9.8492],[-42.0407,9.7262],[-42.1278,9.4927],[-42.0951,9.2459],[-42.1574,9.0443],[-42.3286,8.8418],[-42.5302,8.7235],[-42.6368,8.5951],[-42.6298,8.3966],[-42.7022,8.2393],[-42.8018,8.1155],[-42.9668,8.0525],[-43.1707,8.0151],[-43.1691,7.7878],[-43.1738,7.5651],[-43.0757,7.383],[-43.0236,7.2039],[-43.0679,7.0327],[-43.1536,6.8637],[-43.317,6.768],[-43.4835,6.6753],[-43.6594,6.5189],[-43.7225,6.3281],[-43.6672,6.1063],[-43.4968,5.8494],[-43.3411,5.6236],[-43.11,5.4734],[-42.9232,5.2896],[-42.7037,5.299],[-42.531,5.4212],[-42.3823,5.6003],[-42.2197,5.6625],[-42.0858,5.7653],[-42.0041,5.9513],[-41.8111,6.0331],[-41.6266,6.016],[-41.3986,5.97],[-41.0842,6.0681],[-40.8819,6.1234],[-40.6795,6.2355],[-40.5496,6.2651],[-40.4375,6.1063],[-40.3254,5.9817],[-40.2204,5.935],[-39.9861,5.935],[-39.825,5.9996],[-39.7371,6.1296],[-39.7161,6.3305],[-39.6904,6.5656],[-39.6694,6.8022],[-39.5736,6.9626],[-39.4795,7.1222],[-39.2234,7.2351],[-38.9736,7.3464],[-38.6794,7.2405],[-38.4997,7.2662],[-38.3199,7.295],[-38.0856,7.2491],[-37.8537,7.3129]]},"properties":{"id":497,"group":"trails","name":"Qashan trail"}},{"type":"Feature","geometry":{"type":"LineString","coordinates":[[40.1044,20.154],[40.2966,20.3805],[40.355,20.6172],[40.4258,21.0586]]},"properties":{"id":498,"group":"trails","name":"Manqueran track"}},{"type":"Feature","geometry":{"type":"LineString","coordinates":[[38.8071,19.9889],[39.2616,19.9648],[39.4927,19.9095],[39.7674,20.0115],[40.1044,20.154]]},"properties":{"id":499,"group":"trails","name":"Udoterazuan trail"}},{"type":"Feature","geometry":{"type":"LineString","coordinates":[[-30.0238,37.7616],[-29.8612,37.8916],[-29.7429,37.9648],[-29.6954,38.0271],[-29.6433,38.242],[-29.5942,38.4522],[-29.4098,38.5923],[-29.2277,38.7386],[-29.0596,38.8881],[-28.8635,38.9496],[-28.6627,39.145]]},"properties":{"id":500,"group":"trails","name":"Gerainese trail"}},{"type":"Feature","geometry":{"type":"LineString","coordinates":[[-30.0238,37.7616],[-30.3211,37.6807]]},"properties":{"id":501,"group":"trails","name":null}},{"type":"Feature","geometry":{"type":"LineString","coordinates":[[34.8038,-0.3769],[35.1236,-0.419],[35.3081,-0.605],[35.4497,-0.7848],[35.547,-0.9499],[35.7174,-1.0597],[35.9346,-1.206],[36.1867,-1.2893],[36.4264,-1.364],[36.6,-1.568],[36.828,-1.8755]]},"properties":{"id":502,"group":"trails","name":"Gunkuc pass"}},{"type":"Feature","geometry":{"type":"LineString","coordinates":[[38.5417,-1.4045],[38.0615,-1.5151],[37.8039,-1.5034],[37.6327,-1.4995],[37.2132,-1.6887],[36.9922,-1.733],[36.828,-1.8755]]},"properties":{"id":503,"group":"trails","name":"Gunkuc pass"}},{"type":"Feature","geometry":{"type":"LineString","coordinates":[[41.8399,15.195],[41.4585,15.3601],[41.2033,15.4216],[41.1044,15.4963],[40.7068,15.6652],[40.4881,15.884],[40.4017,16.1494],[40.1558,16.3503],[40.0421,16.6134],[39.9752,16.8688],[40.011,17.0408],[40.0694,17.2642],[40.0756,17.525],[40.1674,17.7835],[40.113,18.119],[39.7449,18.3961]]},"properties":{"id":504,"group":"trails","name":"Millascanilese track"}},{"type":"Feature","geometry":{"type":"LineString","coordinates":[[40.383,13.7541],[40.4422,14.0709],[40.5721,14.1013],[40.6865,14.0569],[40.9527,14.1628],[41.0585,14.2756],[41.1519,14.4243],[41.341,14.5061],[41.7348,14.879],[41.8399,15.195]]},"properties":{"id":505,"group":"trails","name":"Puebleranar trail"}},{"type":"Feature","geometry":{"type":"LineString","coordinates":[[-35.8544,-0.1776],[-36.042,-0.4345],[-36.0645,-0.6805],[-36.3027,-0.9701],[-36.2972,-1.1227],[-36.4039,-1.3376],[-36.5572,-1.5999],[-36.8475,-1.733]]},"properties":{"id":506,"group":"trails","name":"Mubredh track"}},{"type":"Feature","geometry":{"type":"LineString","coordinates":[[41.4056,11.3945],[41.3262,11.0091],[41.1496,10.8854],[41.0219,10.732],[40.9037,10.5047],[40.7192,10.3194],[40.4499,10.2283],[40.2266,10.2151],[40.0632,10.1038],[39.934,10.1154]]},"properties":{"id":507,"group":"trails","name":"Ravud trail"}},{"type":"Feature","geometry":{"type":"LineString","coordinates":[[41.1013,19.5911],[41.3364,19.7328],[41.3496,19.7826],[41.7309,20.1026],[41.7753,19.9835],[42.0905,19.8293],[42.4134,19.5016],[42.5255,19.1995],[42.5847,19.0742],[42.6672,19.0002],[43.0119,18.8913],[43.3396,18.7838],[43.5178,18.6663],[43.7295,18.6601],[44.0151,18.692],[44.226,18.604],[44.5583,18.5986],[44.661,18.5651],[44.8688,18.3954],[45.0906,18.372],[45.4369,18.3417],[45.6447,18.1392],[45.9218,18.0723],[46.1389,18.1283],[46.3179,18.3214]]},"properties":{"id":508,"group":"trails","name":"Valloscuean trail"}},{"type":"Feature","geometry":{"type":"LineString","coordinates":[[-29.6433,33.9401],[-29.7343,34.1549],[-29.7219,34.6423],[-29.7639,34.9871],[-29.8044,35.3164],[-30.0285,35.6473],[-30.283,35.8536],[-30.3266,35.9182],[-30.5702,36.2491],[-30.5904,36.4476],[-30.7056,36.6453],[-30.7748,36.8609],[-30.7056,36.9894],[-30.6192,37.0984],[-30.5772,37.2689],[-30.3211,37.6807]]},"properties":{"id":509,"group":"trails","name":"Triseraintean trail"}},{"type":"Feature","geometry":{"type":"LineString","coordinates":[[-29.9468,40.6942],[-30.1001,40.621],[-30.3437,40.5385],[-30.5577,40.6132],[-30.7904,40.2863],[-30.9585,40.0947],[-31.1274,39.9032],[-31.241,39.8129],[-31.4114,39.7904],[-31.55,39.6588],[-31.6932,39.5226],[-31.6823,39.2454],[-31.5391,38.9636],[-31.0246,38.8134],[-30.8184,38.6857],[-30.9071,38.4903],[-31.0752,38.2809],[-31.1507,38.0878],[-31.1725,37.9158],[-31.2776,37.7593],[-31.3492,37.595],[-31.3398,37.4168],[-31.2426,37.2222],[-30.9974,37.1287],[-30.7056,36.9894]]},"properties":{"id":510,"group":"trails","name":"Thidan trail"}},{"type":"Feature","geometry":{"type":"LineString","coordinates":[[38.5417,-1.4045],[38.8662,-1.4287],[39.2382,-1.2153],[39.3682,-1.2083],[39.6725,-0.9927],[39.8593,-0.6743],[39.7262,-0.4462],[39.7005,-0.2352],[39.7651,-0.0788],[39.7036,0.3572],[39.7184,0.7145],[39.6616,0.9535],[39.7168,1.1279],[39.7487,1.2921],[39.6686,1.6175],[39.7682,1.9274],[39.7441,2.238]]},"properties":{"id":511,"group":"trails","name":"Cezadian trail"}},{"type":"Feature","geometry":{"type":"LineString","coordinates":[[35.9245,-8.9488],[35.6264,-9.0149],[35.4023,-8.9534],[35.1135,-8.9581],[34.7182,-8.9924],[34.5773,-8.9246],[34.3711,-8.8678],[34.0971,-8.9309],[33.7804,-8.8678],[33.543,-8.8196],[33.0753,-8.8273],[32.9718,-8.8476],[32.7562,-9.0656],[32.5516,-9.1473],[32.1259,-9.3645],[31.9445,-9.3489],[31.4301,-9.296]]},"properties":{"id":512,"group":"trails","name":"Vylkanzadian pass"}},{"type":"Feature","geometry":{"type":"LineString","coordinates":[[41.1091,24.0035],[40.8943,24.0051],[40.7286,23.9226],[40.6865,23.7731],[40.7114,23.5162],[40.7192,23.3722],[40.6305,23.074],[40.4484,22.8327],[40.3962,22.6015],[40.2857,22.4489],[40.1075,22.2053],[40.0608,21.999],[40.0398,21.6953],[39.9589,21.528],[40.0476,21.2625],[40.4258,21.0586]]},"properties":{"id":513,"group":"trails","name":"Manqueran trail"}},{"type":"Feature","geometry":{"type":"LineString","coordinates":[[41.5309,7.2234],[41.4687,7.6243],[41.7815,7.882],[42.2586,8.0104],[42.4578,8.3063],[42.801,8.5024],[43.1676,8.6932],[43.3255,8.8068]]},"properties":{"id":514,"group":"trails","name":"Stroian trail"}},{"type":"Feature","geometry":{"type":"LineString","coordinates":[[-39.397,14.7233],[-39.5822,14.6127],[-39.5775,14.4041],[-39.4616,14.1869],[-39.5145,14.0732],[-39.6554,13.9557],[-39.948,13.5563]]},"properties":{"id":515,"group":"trails","name":"Ghizan trail"}},{"type":"Feature","geometry":{"type":"LineString","coordinates":[[-37.8312,2.1134],[-38.1572,2.0862],[-38.3853,2.1391],[-38.618,2.1461],[-39.1619,2.0885],[-39.5246,2.0574],[-39.7698,2.0916],[-39.9565,2.1313],[-40.3581,1.9445]]},"properties":{"id":516,"group":"trails","name":"The Shrouded Gurradian trail"}},{"type":"Feature","geometry":{"type":"LineString","coordinates":[[25.8314,-16.437],[26.0431,-16.3872],[26.184,-16.2797],[26.3824,-16.2906],[26.5731,-16.2976],[26.8073,-16.2128],[27.0128,-16.2595],[27.1459,-16.3459],[27.2066,-16.479],[27.3148,-16.711],[27.4797,-16.8511],[27.6704,-16.9399],[27.8377,-17.0271],[28.0245,-16.9991],[28.2082,-16.9718],[28.437,-16.9679],[28.6666,-16.9617],[28.7389,-17.0559],[28.781,-17.2326],[28.8985,-17.4296],[28.8557,-17.6102],[28.7405,-17.7402],[28.7794,-17.9566],[28.8238,-18.1691],[28.7716,-18.4455],[28.6339,-18.6269],[28.535,-18.7857],[28.2681,-18.9997],[28.0712,-19.1632],[27.956,-19.3999],[27.8455,-19.6615],[27.6813,-19.8748],[27.4019,-19.9939]]},"properties":{"id":517,"group":"trails","name":"Ember path"}},{"type":"Feature","geometry":{"type":"LineString","coordinates":[[-34.0403,-4.7925],[-34.0543,-5.0346],[-34.1228,-5.1856],[-34.3376,-5.3631],[-34.3018,-5.532],[-34.1298,-5.6916],[-33.9656,-5.8045],[-33.8862,-6.017],[-33.9399,-6.2451],[-34.0489,-6.3759],[-34.1586,-6.5378],[-34.3314,-6.618],[-34.533,-6.7963],[-34.9524,-6.9325]]},"properties":{"id":518,"group":"trails","name":"Dorggodh pass"}},{"type":"Feature","geometry":{"type":"LineString","coordinates":[[44.4081,6.6528],[44.2843,6.8069],[44.0703,6.9221],[43.9279,6.8879],[43.7629,6.8287],[43.5917,6.8536],[43.0936,7.0794],[42.9652,7.2288],[42.7582,7.3075],[42.4041,7.6516],[42.3014,7.7893],[42.2586,8.0104]]},"properties":{"id":519,"group":"trails","name":"Tasinx trail"}},{"type":"Feature","geometry":{"type":"LineString","coordinates":[[35.9245,-8.9488],[36.1447,-8.9036],[36.4428,-9.0718],[36.586,-9.2321],[36.7618,-9.2936],[36.9463,-9.6735],[36.8381,-10.0745],[36.7969,-10.2294],[36.8194,-10.5742],[36.9229,-10.8506],[37.0529,-11.0421],[37.1105,-11.3628],[37.2163,-11.5364],[37.4047,-11.6641],[37.4771,-11.8058],[37.5852,-12.0736],[37.5681,-12.3009],[37.5323,-12.6886],[37.5105,-12.8715],[37.6825,-13.2444],[37.6833,-13.4274],[37.6397,-13.9342],[37.5992,-14.2479],[37.7292,-14.6761],[37.7821,-14.9672],[37.6148,-15.3206],[37.4272,-15.6686],[37.4171,-15.7729],[37.5004,-16.1412],[37.7798,-16.3412],[37.9518,-16.4782],[38.1246,-16.8543],[38.3588,-17.0356],[38.3261,-17.2092],[38.2125,-17.3291],[38.1674,-17.6187],[38.2343,-17.8896],[38.144,-18.2049],[38.2078,-18.6027],[38.1557,-18.8464],[38.3705,-19.206]]},"properties":{"id":520,"group":"trails","name":"Botharb trail"}},{"type":"Feature","geometry":{"type":"LineString","coordinates":[[39.8593,-0.6743],[40.0188,-0.7848],[40.3169,-0.8362],[40.5566,-0.9359],[40.8764,-0.9296],[41.0663,-1.0184],[41.2313,-1.1367],[41.5473,-1.192],[41.45,-1.7097],[41.4772,-1.8218],[41.7434,-2.0102],[42.1893,-2.0732],[42.566,-1.8335],[42.8711,-1.6591],[43.1076,-1.7105]]},"properties":{"id":521,"group":"trails","name":"Rantietan pass"}},{"type":"Feature","geometry":{"type":"LineString","coordinates":[[-37.5206,-3.5103],[-37.4802,-3.427],[-37.4257,-3.0082],[-37.5331,-2.6579],[-37.4522,-2.2025],[-37.5798,-1.9129],[-37.5362,-1.7603],[-37.3837,-1.2091]]},"properties":{"id":522,"group":"trails","name":"Frozen trail"}},{"type":"Feature","geometry":{"type":"LineString","coordinates":[[-31.1274,39.9032],[-31.3554,40.087],[-31.4441,40.3563],[-31.5935,40.4848],[-31.6667,40.7113],[-31.9002,40.881],[-32.0356,41.2687],[-31.8076,41.3279],[-31.7134,41.4345],[-31.6823,41.5194],[-31.5282,41.6182],[-31.318,41.5988],[-31.4496,41.8393],[-31.4799,42.0487]]},"properties":{"id":523,"group":"trails","name":"The Obscure Chevraieuber trail"}},{"type":"Feature","geometry":{"type":"LineString","coordinates":[[-32.5119,39.3412],[-32.0932,39.173],[-31.6823,39.2454]]},"properties":{"id":524,"group":"trails","name":null}},{"type":"Feature","geometry":{"type":"LineString","coordinates":[[-31.4114,39.7904],[-31.4955,40.0325],[-31.4441,40.3563]]},"properties":{"id":525,"group":"trails","name":null}},{"type":"Feature","geometry":{"type":"LineString","coordinates":[[38.5417,-1.4045],[38.6289,-1.6871],[38.8187,-1.9853],[38.8538,-2.2383],[38.8779,-2.7528],[38.8615,-3.1032],[38.7915,-3.3344],[38.8047,-3.5095],[38.8522,-3.9782],[38.8187,-4.3682],[38.916,-4.5908],[38.8935,-4.91],[38.7308,-5.1552],[38.5113,-5.3281],[38.4265,-5.4954],[38.3518,-5.9119],[38.2849,-6.1019],[38.2226,-6.3533],[38.0872,-6.6071],[37.9767,-6.8305],[37.7954,-7.054],[37.7347,-7.3038],[37.621,-7.6207],[37.6358,-7.8239],[37.4179,-8.1057],[37.2195,-8.312],[37.1471,-8.5829],[36.9136,-8.8079],[36.7618,-9.2936]]},"properties":{"id":526,"group":"trails","name":"The Frosty Dagdrolese trail"}},{"type":"Feature","geometry":{"type":"LineString","coordinates":[[-32.248,30.4338],[-32.7212,30.6128],[-32.9041,30.7203],[-33.0411,30.7218],[-33.3578,30.8845],[-33.5446,31.1593],[-33.8536,31.2901],[-33.9252,31.4629],[-33.9135,31.6389],[-34.0115,31.8008],[-34.1532,31.9433],[-34.1866,32.0842],[-34.3415,32.3177],[-34.5127,32.5925],[-34.5812,32.7264],[-34.7641,32.8961],[-35.0972,32.9148],[-35.3618,33.1538],[-35.5937,33.4582],[-35.6925,33.8163],[-35.6373,34.1767],[-35.7159,34.3558],[-35.919,34.6018]]},"properties":{"id":527,"group":"trails","name":"Ghost trail"}},{"type":"Feature","geometry":{"type":"LineString","coordinates":[[-40.0958,3.6579],[-40.5527,3.426]]},"properties":{"id":528,"group":"trails","name":null}},{"type":"Feature","geometry":{"type":"LineString","coordinates":[[-32.9345,38.3813],[-33.0551,38.4856],[-33.2683,38.702],[-33.3345,38.7542],[-33.3866,39.0049],[-33.4341,39.2509],[-33.2426,39.3817],[-33.122,39.6121]]},"properties":{"id":529,"group":"trails","name":"Rapellevillean pass"}},{"type":"Feature","geometry":{"type":"LineString","coordinates":[[-34.3695,37.4635],[-34.2427,37.4868],[-34.0761,37.5281],[-33.8131,37.5406],[-33.6201,37.4713],[-33.4605,37.4137],[-33.3088,37.4557],[-33.1944,37.5779],[-33.1454,37.7515],[-33.0994,37.9197],[-33.0045,38.0185],[-32.915,38.2326],[-32.9345,38.3813]]},"properties":{"id":530,"group":"trails","name":"Rapellevillean pass"}},{"type":"Feature","geometry":{"type":"LineString","coordinates":[[-35.6614,-3.5158],[-36.0023,-3.6341],[-36.2132,-3.7119],[-36.4319,-3.666],[-36.6257,-3.6029],[-37.0825,-3.557],[-37.5206,-3.5103]]},"properties":{"id":531,"group":"trails","name":"Sapphire trail"}},{"type":"Feature","geometry":{"type":"LineString","coordinates":[[-38.0203,-4.7076],[-37.9884,-4.5395],[-38.0281,-4.383],[-37.9938,-4.0584],[-37.9121,-3.947],[-37.814,-3.7283],[-37.5206,-3.5103]]},"properties":{"id":532,"group":"trails","name":"Grid pass"}},{"type":"Feature","geometry":{"type":"LineString","coordinates":[[-33.2707,39.8083],[-33.122,39.6121],[-32.8551,39.5584],[-32.5119,39.3412]]},"properties":{"id":533,"group":"trails","name":"Aillean trail"}},{"type":"Feature","geometry":{"type":"LineString","coordinates":[[-40.8375,4.2068],[-40.3573,4.1297]]},"properties":{"id":534,"group":"trails","name":null}},{"type":"Feature","geometry":{"type":"LineString","coordinates":[[-40.4647,2.7277],[-40.7581,2.7471],[-41.0702,2.8219],[-41.401,2.7541],[-41.4173,3.0826],[-41.5566,3.2648],[-41.78,3.3139],[-42.0687,3.2812],[-42.3138,3.4143],[-42.4469,3.5708],[-42.6493,3.7272],[-42.7707,4.0705],[-43.0104,4.2262],[-42.7061,4.3438],[-42.4041,4.5283],[-42.3053,4.7081],[-42.2407,4.8623],[-42.1162,5.0211],[-42.0718,5.2188],[-41.8547,5.408],[-42.0664,5.4313],[-42.2274,5.5146],[-42.3823,5.6003]]},"properties":{"id":535,"group":"trails","name":"Moonlit trail"}},{"type":"Feature","geometry":{"type":"LineString","coordinates":[[-39.9441,13.287],[-40.306,13.329],[-40.5332,13.3625],[-40.7682,13.3469],[-40.9441,13.4123],[-41.1535,13.4115],[-41.3566,13.294],[-41.6033,13.2138],[-41.7488,13.0791],[-41.9504,13.1165],[-42.1496,13.2636],[-42.4703,13.2442],[-42.703,13.3337],[-43.0547,13.3306],[-43.0602,13.5454],[-42.9504,13.8016],[-42.987,14.2071],[-43.1504,14.4228],[-43.3536,14.5209],[-43.4843,14.8548],[-43.7372,15.0713],[-43.8781,15.2884],[-43.9302,15.5243],[-44.1419,15.8458],[-44.3785,15.9649],[-44.619,15.9517],[-44.9466,16.0163],[-45.2284,16.2024],[-45.419,16.4235],[-45.6463,16.5021],[-45.9412,16.6368],[-46.0533,16.8392],[-46.1825,17.1148],[-46.4479,17.2806],[-46.8253,17.3195],[-47.0168,17.2954],[-47.2635,17.4417],[-47.4806,17.7453],[-47.6977,17.8294],[-47.9024,17.9656],[-48.3468,17.9018],[-48.6581,17.8582],[-48.8697,17.7695],[-48.9966,17.5959],[-49.3219,17.4012],[-49.5888,17.244],[-49.7266,17.0034]]},"properties":{"id":536,"group":"trails","name":"Knazionese path"}},{"type":"Feature","geometry":{"type":"LineString","coordinates":[[-34.3695,37.4635],[-34.624,37.4246],[-34.8341,37.395],[-35.1921,37.5958],[-35.3392,37.8037],[-35.5968,37.8761],[-35.8568,37.9531],[-35.9937,38.1174],[-36.1291,38.2817],[-36.3634,38.298],[-36.5867,38.4179],[-36.8654,38.4288],[-36.7354,38.6242],[-36.6506,38.7379],[-36.6319,38.8725],[-36.6552,39.0049]]},"properties":{"id":537,"group":"trails","name":"Sullesherdonese trail"}},{"type":"Feature","geometry":{"type":"LineString","coordinates":[[-39.397,14.7233],[-39.1581,14.7879],[-39.0849,14.9794],[-39.1005,15.2129],[-39.176,15.5049],[-39.3596,15.7283],[-39.4631,15.8871],[-39.4717,16.1502],[-39.4087,16.5877],[-39.4919,16.8376],[-39.5503,17.1716],[-39.5192,17.3911],[-39.4888,17.6675],[-39.5659,17.9127],[-39.6764,18.2739],[-39.625,18.4561],[-39.6413,18.9473],[-39.5845,19.1458],[-39.6289,19.3669],[-39.6429,19.6822],[-39.5378,19.957],[-39.555,20.1423],[-39.3448,20.3984],[-39.1837,20.6086],[-39.0709,20.8538],[-38.9503,21.0765],[-38.9448,21.3777],[-39.018,21.5825],[-39.2997,21.7234],[-39.4569,21.8152],[-39.6141,21.9507],[-39.7238,22.213],[-39.8561,22.4559],[-40.0172,22.5672],[-40.0834,22.7564],[-40.2733,22.9651],[-40.3869,23.3348],[-40.5075,23.4913],[-40.7052,23.7038],[-40.8289,24.0261],[-41.0134,24.2776],[-41.3449,24.3694],[-41.5784,24.3951],[-41.7621,24.4987],[-41.9839,24.705],[-42.3325,24.7454],[-42.5465,24.6645],[-42.8874,24.6956],[-42.9831,24.7081],[-43.1839,24.7244],[-43.4812,24.603]]},"properties":{"id":538,"group":"trails","name":"The Shrouded My'athinndran trail"}},{"type":"Feature","geometry":{"type":"LineString","coordinates":[[42.1348,29.1275],[42.3924,29.305]]},"properties":{"id":539,"group":"trails","name":null}},{"type":"Feature","geometry":{"type":"LineString","coordinates":[[43.0742,2.5891],[43.4446,2.7144],[43.7808,2.6817],[44.0797,2.8935],[44.3388,2.9978],[44.7132,3.0461],[44.9801,3.0741],[45.1964,3.243],[45.6463,3.454]]},"properties":{"id":540,"group":"trails","name":"Wrogdilk trail"}},{"type":"Feature","geometry":{"type":"LineString","coordinates":[[45.8206,12.6424],[45.5521,12.5747],[45.3622,12.3738],[45.2182,12.257],[44.8789,12.208],[44.6883,12.0562],[44.4205,11.8499],[44.345,11.7526],[44.2291,11.7129],[43.8049,11.6055],[43.4158,11.5128],[43.1792,11.572],[42.8454,11.7238],[42.6718,11.8367],[42.443,11.8343],[42.3395,11.7331],[42.2181,11.5587],[41.8749,11.3353]]},"properties":{"id":541,"group":"trails","name":"Driorman path"}},{"type":"Feature","geometry":{"type":"LineString","coordinates":[[-41.1535,-0.0033],[-41.2974,0.059],[-41.4344,0.2116],[-41.7877,0.2443],[-42.1271,0.372],[-42.25,0.4794],[-42.3123,0.6483],[-42.5582,0.878],[-42.8555,0.9473],[-43.043,0.9449]]},"properties":{"id":542,"group":"trails","name":"Ibrunese path"}},{"type":"Feature","geometry":{"type":"LineString","coordinates":[[46.0331,10.4992],[45.8385,10.6292]]},"properties":{"id":543,"group":"trails","name":null}},{"type":"Feature","geometry":{"type":"LineString","coordinates":[[44.9591,10.8161],[44.7614,10.9788],[44.5466,11.0341],[44.3061,10.9873],[44.1108,10.9095],[43.9404,10.7865],[43.8197,10.5615],[43.58,10.3973],[43.4649,10.1154],[43.3489,9.8336],[43.2625,9.4849],[43.1769,9.1423],[43.3255,8.8068]]},"properties":{"id":544,"group":"trails","name":"Stroian pass"}},{"type":"Feature","geometry":{"type":"LineString","coordinates":[[44.0065,25.8322],[43.9116,25.7855],[43.7061,25.6329],[43.4236,25.4694],[43.1528,25.2343],[42.7691,25.1666],[42.6617,25.0374],[42.485,24.8638],[42.2306,24.7836],[41.9278,24.6131],[41.7792,24.3609],[41.5403,24.2231]]},"properties":{"id":545,"group":"trails","name":"Cerulean trail"}},{"type":"Feature","geometry":{"type":"LineString","coordinates":[[-37.0218,36.4141],[-36.8311,36.6842],[-36.533,36.8516],[-36.3852,36.9808],[-36.2124,37.0345],[-35.9128,37.1459],[-35.7252,37.3771],[-35.4396,37.4191],[-35.1921,37.5958]]},"properties":{"id":546,"group":"trails","name":"Chillezieauan track"}},{"type":"Feature","geometry":{"type":"LineString","coordinates":[[46.1677,16.7442],[45.9225,16.5473],[45.6478,16.3775],[45.5365,16.2826],[45.4299,16.0436],[45.2439,15.9159],[45.0136,15.6691],[44.9295,15.5173],[44.7046,15.2783],[44.584,15.139],[44.3902,14.9669],[44.198,14.8875],[44.0065,14.7949],[43.6913,14.8159],[43.4796,14.8572],[43.1224,14.8844],[42.9427,14.9771],[42.5862,14.995],[42.2422,14.9716],[41.8399,15.195]]},"properties":{"id":547,"group":"trails","name":"Puebleranar track"}},{"type":"Feature","geometry":{"type":"LineString","coordinates":[[46.1677,16.7442],[46.0906,17.1475],[46.3475,17.5351],[46.4144,17.8551],[46.3179,18.3214]]},"properties":{"id":548,"group":"trails","name":"Valloscuean path"}},{"type":"Feature","geometry":{"type":"LineString","coordinates":[[-37.3191,34.7551],[-37.7627,34.5239],[-37.9557,34.2888],[-38.1596,33.8521],[-38.3121,33.7439],[-38.5347,33.4325],[-38.6436,33.3866],[-38.7783,33.4099],[-39.0468,33.4893],[-39.2896,33.4886],[-39.7091,33.7766]]},"properties":{"id":549,"group":"trails","name":"Cursed trail"}},{"type":"Feature","geometry":{"type":"LineString","coordinates":[[42.3263,28.7352],[42.608,28.6168],[42.8897,28.6526],[43.2306,28.567],[43.4384,28.6051],[43.5007,28.732],[43.8835,28.8262],[44.2664,28.7289],[44.4112,28.4354],[44.5116,28.1466],[44.7186,27.952],[44.9778,27.755],[45.2198,27.4156],[45.2782,27.2031],[45.219,26.9548],[45.012,26.6862],[44.7202,26.4238],[44.6447,26.1381],[44.5902,25.8384],[44.6921,25.4967]]},"properties":{"id":550,"group":"trails","name":"Hutandan trail"}},{"type":"Feature","geometry":{"type":"LineString","coordinates":[[42.3403,32.5847],[42.331,32.851],[42.7255,32.9405],[42.8788,33.0721],[42.9356,33.2285],[42.9909,33.385],[43.0213,33.6723]]},"properties":{"id":551,"group":"trails","name":"Tuthaman track"}},{"type":"Feature","geometry":{"type":"LineString","coordinates":[[42.2158,-7.1458],[42.1387,-6.9239],[41.9309,-6.8562],[41.7488,-6.8695],[41.6119,-6.8056],[41.4064,-6.5417],[41.0655,-6.4109],[40.878,-6.3689],[40.6103,-5.9789],[40.3815,-5.6823],[40.2834,-5.532],[40.0336,-5.2424],[39.8203,-5.0603],[39.6196,-5.1187],[39.4304,-5.2105],[39.204,-5.1918],[38.8935,-4.91]]},"properties":{"id":552,"group":"trails","name":"Froth trail"}},{"type":"Feature","geometry":{"type":"LineString","coordinates":[[43.1847,31.6552],[43.3341,31.5657],[43.2633,31.3594],[43.1224,31.1881],[43.096,30.9616],[43.0656,30.6315],[42.8967,30.4719],[42.6563,30.1668],[42.3644,30.0064]]},"properties":{"id":553,"group":"trails","name":"Birwick path"}},{"type":"Feature","geometry":{"type":"LineString","coordinates":[[42.3403,32.5847],[42.3714,32.4119],[42.4843,32.2407],[42.6508,32.0927],[42.8104,31.8576],[43.1847,31.6552]]},"properties":{"id":554,"group":"trails","name":"Mystic trail"}},{"type":"Feature","geometry":{"type":"LineString","coordinates":[[-37.3198,37.7383],[-37.2475,37.9049],[-37.1222,38.0707],[-36.993,38.2357],[-36.8654,38.4288]]},"properties":{"id":555,"group":"trails","name":"Loutarlinneauan trail"}},{"type":"Feature","geometry":{"type":"LineString","coordinates":[[-36.8311,36.6842],[-36.9665,36.822],[-36.9471,37.0306],[-36.8358,37.226],[-36.9144,37.3817],[-37.0996,37.5709],[-37.3198,37.7383]]},"properties":{"id":556,"group":"trails","name":"Chatean track"}},{"type":"Feature","geometry":{"type":"LineString","coordinates":[[-37.5284,35.789],[-37.2296,36.0498],[-37.0218,36.4141]]},"properties":{"id":557,"group":"trails","name":null}},{"type":"Feature","geometry":{"type":"LineString","coordinates":[[-39.018,21.5825],[-38.6826,21.651],[-38.5316,21.6113],[-38.1316,21.5459],[-37.8833,21.6082]]},"properties":{"id":558,"group":"trails","name":"Iron trail"}},{"type":"Feature","geometry":{"type":"LineString","coordinates":[[-42.5582,0.878],[-42.2788,1.3949],[-42.1348,1.63],[-42.0235,1.8799],[-41.8733,2.2684],[-41.7348,2.5564],[-41.401,2.7541]]},"properties":{"id":559,"group":"trails","name":"Mocrodh trail"}},{"type":"Feature","geometry":{"type":"LineString","coordinates":[[33.6123,-19.9612],[33.5446,-19.7012],[33.3399,-19.4435],[33.0668,-19.185],[32.9391,-19.0698],[32.8372,-18.897],[32.6442,-18.7724],[32.4558,-18.7102],[32.1912,-18.7343],[31.876,-18.6416],[31.6683,-18.6183],[31.2534,-18.6121],[31.0091,-18.4595],[30.8114,-18.4081],[30.6254,-18.4058],[30.3989,-18.2742],[30.0939,-18.2952],[29.8954,-18.2462],[29.6557,-18.1232],[29.409,-18.1208],[29.1958,-17.9496],[28.8557,-17.6102]]},"properties":{"id":560,"group":"trails","name":"Cerulean track"}},{"type":"Feature","geometry":{"type":"LineString","coordinates":[[-41.127,-6.9956],[-40.9278,-6.7854],[-40.7324,-6.576],[-40.6321,-6.365],[-40.5262,-6.1564],[-40.4009,-5.8792],[-40.4562,-5.5873],[-40.4842,-5.3685],[-40.4274,-5.2066],[-40.2896,-5.0961],[-40.0694,-5.0346],[-39.8398,-4.9598],[-39.7371,-4.8158],[-39.6328,-4.6695],[-39.5114,-4.4344],[-39.2398,-4.3472],[-39.032,-4.3807],[-38.8265,-4.4032],[-38.6234,-4.4289],[-38.3899,-4.6492],[-38.1876,-4.7419],[-38.0203,-4.7076]]},"properties":{"id":561,"group":"trails","name":"Egrurish trail"}},{"type":"Feature","geometry":{"type":"LineString","coordinates":[[44.377,30.7499],[44.3754,30.6666],[44.4875,30.3155],[44.6408,30.1045],[44.6058,29.9846],[44.4991,29.878],[44.4517,29.6514],[44.3178,29.1361],[44.3762,28.9718],[44.2664,28.7289]]},"properties":{"id":562,"group":"trails","name":"Walisbury trail"}},{"type":"Feature","geometry":{"type":"LineString","coordinates":[[47.8471,15.8443],[47.816,15.5594],[47.6464,15.3663],[47.4471,15.2923],[47.353,15.0884],[47.2012,14.9467],[47.03,14.7482],[46.7701,14.559],[46.6689,14.3177],[46.4424,14.0304],[46.3529,13.6427],[46.4012,13.3493],[46.2307,13.0799],[45.942,12.8744],[45.8206,12.6424]]},"properties":{"id":563,"group":"trails","name":"Nuceramaman trail"}},{"type":"Feature","geometry":{"type":"LineString","coordinates":[[45.9692,24.5415],[46.093,24.7532],[46.251,25.0833],[46.2984,25.5333],[46.6346,25.4694],[46.8759,25.5519],[47.1537,25.5994]]},"properties":{"id":564,"group":"trails","name":"Phig trail"}},{"type":"Feature","geometry":{"type":"LineString","coordinates":[[-39.7021,36.6251],[-39.3869,36.7878],[-39.13,36.7084],[-38.9114,36.8648],[-38.8024,37.0384],[-38.5448,37.1786],[-38.1666,37.2953],[-38.0133,37.3856],[-37.7471,37.4144],[-37.5673,37.5086],[-37.4062,37.5958],[-37.3198,37.7383]]},"properties":{"id":565,"group":"trails","name":"Chatean trail"}},{"type":"Feature","geometry":{"type":"LineString","coordinates":[[-39.5324,32.8004],[-39.6756,32.9374],[-39.748,33.1772],[-39.7238,33.385],[-39.7091,33.7766]]},"properties":{"id":566,"group":"trails","name":"Cergwenese track"}},{"type":"Feature","geometry":{"type":"LineString","coordinates":[[-43.5294,0.4568],[-43.6571,0.5728],[-44.1614,0.625]]},"properties":{"id":567,"group":"trails","name":null}},{"type":"Feature","geometry":{"type":"LineString","coordinates":[[44.377,30.7499],[44.3847,31.2146],[44.5342,31.4108],[44.6548,31.5564],[44.6711,31.7261],[44.6805,31.8927],[44.7575,32.0842],[44.7956,32.3722],[44.8743,32.612],[45.0213,32.7459],[45.0914,33.0184],[44.9816,33.2192],[45.0455,33.522],[45.3038,33.3741],[45.5202,33.2924],[45.7521,33.3103],[46.1599,33.139],[46.556,33.0721]]},"properties":{"id":568,"group":"trails","name":"Antarenilese path"}},{"type":"Feature","geometry":{"type":"LineString","coordinates":[[43.2633,31.3594],[43.8711,31.1477],[43.9933,30.9118],[44.377,30.7499]]},"properties":{"id":569,"group":"trails","name":"Sable trail"}},{"type":"Feature","geometry":{"type":"LineString","coordinates":[[-43.2259,-2.7054],[-43.2361,-2.5232],[-43.1069,-2.3994],[-42.889,-2.3247],[-42.629,-2.278],[-42.3854,-2.197]]},"properties":{"id":570,"group":"trails","name":"Adrian track"}},{"type":"Feature","geometry":{"type":"LineString","coordinates":[[-43.3637,-5.2821],[-43.201,-5.1856],[-42.9785,-5.061],[-42.6018,-5.0712],[-42.2811,-5.0478]]},"properties":{"id":571,"group":"trails","name":"The Shrouded Ibruzzuz trail"}},{"type":"Feature","geometry":{"type":"LineString","coordinates":[[47.8471,15.8443],[48.0752,15.7431],[48.4005,15.7501],[48.711,15.7991],[48.9499,15.9206],[49.0044,15.6987],[49.1989,15.494],[49.5344,15.2386],[49.7211,15.0417],[49.7468,14.6485]]},"properties":{"id":572,"group":"trails","name":"The Cracked Puertanajan trail"}},{"type":"Feature","geometry":{"type":"LineString","coordinates":[[46.1677,16.7442],[46.5086,16.7255],[46.7428,16.7434],[46.8767,16.5504],[46.9475,16.2997],[47.0977,16.2078],[47.2814,16.1494],[47.4308,15.9665],[47.8471,15.8443]]},"properties":{"id":573,"group":"trails","name":"Lejarninch track"}},{"type":"Feature","geometry":{"type":"LineString","coordinates":[[48.6301,18.9769],[48.4246,18.7893],[47.9942,18.5051],[47.7148,18.5005],[47.5187,18.4802],[47.244,18.4257],[47.0526,18.2607],[46.7475,18.2475],[46.3179,18.3214]]},"properties":{"id":574,"group":"trails","name":"Valloscuean trail"}},{"type":"Feature","geometry":{"type":"LineString","coordinates":[[48.4246,18.7893],[48.4946,18.5479],[48.5577,18.4172],[48.6495,18.2755],[48.6806,17.9851],[48.6596,17.708],[48.8106,17.402],[48.7841,17.1895],[48.7515,16.9801],[48.8775,16.7162],[49.0378,16.5527],[49.111,16.3417],[48.9499,15.9206]]},"properties":{"id":575,"group":"trails","name":"Scarlet track"}},{"type":"Feature","geometry":{"type":"LineString","coordinates":[[48.5351,21.1699],[48.1608,21.2968],[47.8347,21.194],[47.6269,20.9698]]},"properties":{"id":576,"group":"trails","name":"Arderuejian trail"}},{"type":"Feature","geometry":{"type":"LineString","coordinates":[[-41.6944,34.2258],[-41.3932,34.2958],[-41.1138,34.246],[-40.8601,34.32],[-40.6577,34.2639],[-40.5472,34.1666],[-40.3223,34.0031],[-40.0639,33.9658],[-39.7091,33.7766]]},"properties":{"id":577,"group":"trails","name":"Cergwenese trail"}},{"type":"Feature","geometry":{"type":"LineString","coordinates":[[47.6098,0.0925],[47.4323,0.2645],[47.2098,0.3408],[46.837,0.3533],[46.6152,0.2155],[46.4875,0.0224],[46.1996,-0.1761]]},"properties":{"id":578,"group":"trails","name":"The Rustic Nildaian trail"}},{"type":"Feature","geometry":{"type":"LineString","coordinates":[[45.4984,0.1268],[45.1692,0.1104],[44.9132,-0.0009],[44.6026,-0.071],[44.3746,-0.3123],[44.1995,-0.4509],[44.1271,-0.6159],[43.8758,-0.7662],[43.7512,-1.041],[43.6859,-1.2239],[43.4672,-1.3625],[43.2485,-1.4917],[43.1076,-1.7105]]},"properties":{"id":579,"group":"trails","name":"Rantietan trail"}},{"type":"Feature","geometry":{"type":"LineString","coordinates":[[45.2182,12.257],[45.2284,12.0079],[45.1311,11.6701],[45.1264,11.3828],[45.2066,11.0776],[45.3147,10.9258]]},"properties":{"id":580,"group":"trails","name":"Azure trail"}},{"type":"Feature","geometry":{"type":"LineString","coordinates":[[46.0331,10.4992],[46.2121,10.3879],[46.3872,10.349],[46.5623,10.3879],[46.7016,10.5273],[46.8214,10.6495],[47.0051,10.651],[47.2207,10.5825],[47.4744,10.6285],[47.7102,10.595]]},"properties":{"id":581,"group":"trails","name":"Rekx trail"}},{"type":"Feature","geometry":{"type":"LineString","coordinates":[[50.6192,10.9219],[50.4737,10.7756],[50.3562,10.4883]]},"properties":{"id":582,"group":"trails","name":null}},{"type":"Feature","geometry":{"type":"LineString","coordinates":[[45.721,-5.6675],[45.4852,-5.6317],[45.2229,-5.518],[45.0042,-5.3242],[44.8493,-5.1537],[44.7995,-4.9521],[44.8291,-4.5854],[44.6999,-4.3386],[44.6929,-3.986],[44.5801,-3.6839],[44.584,-3.339],[44.3629,-3.0479],[44.2135,-2.8385],[44.0182,-2.6306],[43.847,-2.4952],[43.752,-2.3161],[43.5372,-1.9822],[43.3497,-1.7961],[43.1076,-1.7105]]},"properties":{"id":583,"group":"trails","name":"Rantietan trail"}},{"type":"Feature","geometry":{"type":"LineString","coordinates":[[45.1295,-7.3949],[45.0447,-7.4595],[44.7388,-7.6277],[44.4159,-7.8262],[44.1131,-7.8612],[43.9092,-7.8488],[43.7139,-7.7499],[43.3987,-7.6985],[43.1847,-7.6962],[42.9333,-7.5771],[42.7349,-7.3692],[42.345,-7.2486],[42.2158,-7.1458]]},"properties":{"id":584,"group":"trails","name":"Rhiknur pass"}},{"type":"Feature","geometry":{"type":"LineString","coordinates":[[47.6409,27.3463],[47.5771,27.2646],[47.5467,26.919],[47.6409,26.6115],[47.6557,26.3296],[47.5397,26.135],[47.4214,25.9287],[47.2362,25.8299],[47.1537,25.5994]]},"properties":{"id":585,"group":"trails","name":"Phig path"}},{"type":"Feature","geometry":{"type":"LineString","coordinates":[[33.6123,-19.9612],[33.6714,-20.2087],[33.8551,-20.3527],[33.9493,-20.5544],[34.0053,-20.6774],[34.0092,-20.8447],[33.9897,-21.0308],[34.031,-21.1631],[34.1594,-21.3508],[34.1104,-21.6388],[34.0582,-21.9214],[34.1804,-22.137],[34.1719,-22.3262],[34.087,-22.5091],[34.0948,-22.7209],[34.1462,-22.9451],[34.2481,-23.2222]]},"properties":{"id":586,"group":"trails","name":"Preranese track"}},{"type":"Feature","geometry":{"type":"LineString","coordinates":[[44.3754,30.6666],[44.7715,30.672],[44.9318,30.753],[45.0626,30.9741],[45.391,31.1625],[45.7599,31.1835],[46.2121,31.1523],[46.4681,30.8067]]},"properties":{"id":587,"group":"trails","name":"Watleyfield path"}},{"type":"Feature","geometry":{"type":"LineString","coordinates":[[49.771,17.7983],[49.7375,17.7446],[49.4098,17.6511],[49.2161,17.6799],[48.9507,17.7547],[48.6596,17.708]]},"properties":{"id":588,"group":"trails","name":"Urgas trail"}},{"type":"Feature","geometry":{"type":"LineString","coordinates":[[48.5351,21.1699],[48.7032,21.2594],[48.8518,21.6012],[48.9546,21.8363],[48.9468,22.1554],[48.9733,22.2901],[49.0869,22.4785]]},"properties":{"id":589,"group":"trails","name":"Ororanese trail"}},{"type":"Feature","geometry":{"type":"LineString","coordinates":[[-43.1839,24.7244],[-43.2952,24.9151],[-43.4695,25.2896],[-43.3808,25.5698],[-43.4034,25.8618],[-43.5271,26.3569],[-43.6555,26.4791],[-43.9941,26.8598],[-44.2991,27.0116],[-44.5349,27.0186],[-44.7225,27.0279],[-44.8174,27.0778],[-44.9505,27.2498],[-44.9458,27.4592],[-44.9458,27.6601],[-45.0392,27.9466],[-45.1606,28.1093]]},"properties":{"id":590,"group":"trails","name":"Radiant trail"}},{"type":"Feature","geometry":{"type":"LineString","coordinates":[[46.1366,31.5953],[46.2121,31.1523]]},"properties":{"id":591,"group":"trails","name":null}},{"type":"Feature","geometry":{"type":"LineString","coordinates":[[46.1366,31.5953],[46.2922,31.8288],[46.5257,31.9308]]},"properties":{"id":592,"group":"trails","name":null}},{"type":"Feature","geometry":{"type":"LineString","coordinates":[[44.7575,32.0842],[45.0789,31.8794],[45.3396,31.7183],[45.5972,31.7206],[45.7404,31.7564],[46.1366,31.5953]]},"properties":{"id":593,"group":"trails","name":"The Breezy Barendobury trail"}},{"type":"Feature","geometry":{"type":"LineString","coordinates":[[41.0943,-14.8325],[40.8391,-14.8699],[40.4826,-14.7959],[40.2725,-14.7812],[39.8779,-14.9579],[39.5752,-14.9555],[39.0413,-14.9524],[38.6833,-14.9921],[38.5246,-14.8909],[38.2748,-14.8279],[37.7821,-14.9672]]},"properties":{"id":594,"group":"trails","name":"Barakkek trail"}},{"type":"Feature","geometry":{"type":"LineString","coordinates":[[46.9864,31.2278],[46.7023,31.1181],[46.4681,30.8067]]},"properties":{"id":595,"group":"trails","name":null}},{"type":"Feature","geometry":{"type":"LineString","coordinates":[[47.1444,29.8608],[47.1459,30.2898],[47.2502,30.3949],[47.5537,30.4198],[47.7335,30.5981],[47.8682,30.9017],[48.0121,31.1601]]},"properties":{"id":596,"group":"trails","name":"High trail"}},{"type":"Feature","geometry":{"type":"LineString","coordinates":[[-47.4806,17.7453],[-47.307,17.8816],[-47.279,18.1011],[-47.3724,18.2584],[-47.4728,18.597],[-47.3654,18.8952],[-47.2627,19.3638],[-47.1724,19.5382],[-47.0168,19.7787],[-46.8463,19.9009],[-46.7179,20.1026],[-46.4525,20.2941],[-46.2696,20.5167],[-45.9669,20.702],[-45.7708,21.0048],[-45.7124,21.2251],[-45.6362,21.4509],[-45.3731,21.6642],[-45.2867,21.8791],[-45.2066,22.0208],[-45.1708,22.287],[-45.0447,22.6832],[-44.7349,22.9791],[-44.6244,23.2227],[-44.5886,23.4462],[-44.3925,23.6462],[-44.2711,23.8899],[-44.1995,24.0892],[-44.0392,24.2348],[-43.7061,24.5228],[-43.4812,24.603]]},"properties":{"id":597,"group":"trails","name":"My'athinndran trail"}},{"type":"Feature","geometry":{"type":"LineString","coordinates":[[-43.2781,32.2461],[-43.4983,32.4345],[-43.7878,32.5193]]},"properties":{"id":598,"group":"trails","name":null}},{"type":"Feature","geometry":{"type":"LineString","coordinates":[[-44.9303,28.5631],[-45.1606,28.1093],[-45.3202,28.0501],[-45.5171,28.0898],[-45.7685,28.0882],[-46.0727,28.2206],[-46.2805,28.2206],[-46.5887,28.2058],[-47.195,28.1131],[-47.2977,28.0789],[-47.7685,28.2097],[-48.1001,28.3926],[-48.3156,28.616],[-48.7118,28.8255],[-48.9133,28.9391],[-49.0736,29.1509],[-49.4643,29.3517],[-49.6278,29.4568],[-49.918,29.5471],[-50.097,29.8149],[-50.1593,30.1987],[-50.0449,30.4797],[-50.0869,30.8114],[-50.1367,31.0651],[-49.9733,31.4271],[-49.6293,31.9978],[-49.5904,32.2679],[-49.5951,32.3956],[-49.4628,32.5793],[-49.4418,32.83],[-49.2721,33.0728],[-49.0324,33.3126],[-48.8098,33.3547],[-48.6192,33.2807],[-48.2697,33.3928],[-48.0884,33.5633],[-47.9016,33.6614],[-47.7382,33.7688],[-47.4191,33.8007],[-47.1242,33.7392],[-46.9568,33.5462],[-46.7654,33.4598],[-46.6245,33.262],[-46.2883,33.1359],[-46.051,33.0923],[-45.8338,33.1102],[-45.5933,32.9857],[-45.3498,32.728],[-45.1536,32.5762],[-44.8937,32.6486],[-44.7046,32.8089],[-44.4478,32.8595],[-44.2026,32.7677],[-43.9178,32.6112],[-43.7878,32.5193]]},"properties":{"id":599,"group":"trails","name":"Seamerlowbuan trail"}},{"type":"Feature","geometry":{"type":"LineString","coordinates":[[-43.029,34.2328],[-42.6282,34.1331],[-42.3994,34.1884],[-42.1286,34.2406],[-41.6944,34.2258]]},"properties":{"id":600,"group":"trails","name":"Framptondan trail"}},{"type":"Feature","geometry":{"type":"LineString","coordinates":[[-41.3932,34.2958],[-41.4142,34.5504],[-41.3971,34.731],[-41.4476,35.2993],[-41.2648,35.5803],[-41.2204,35.6341],[-41.0531,35.8411],[-40.8562,36.0225],[-40.5161,36.1805],[-40.3807,36.3394],[-40.2165,36.4055],[-39.7021,36.6251]]},"properties":{"id":601,"group":"trails","name":"Asalmondminese trail"}},{"type":"Feature","geometry":{"type":"LineString","coordinates":[[-46.6486,10.0283],[-46.514,10.1201],[-46.4385,10.2447],[-46.3062,10.5522],[-46.1109,10.6977],[-45.991,10.9173],[-45.8066,11.087],[-45.7521,11.2139],[-45.412,11.382],[-45.1521,11.4287],[-44.998,11.5416],[-44.6299,11.5642],[-44.4882,11.7144],[-44.4431,11.8709],[-44.2882,12.1527],[-44.0594,12.3341],[-43.8073,12.4026],[-43.6267,12.5731],[-43.4703,12.6821],[-43.4291,12.8565],[-43.0547,13.3306]]},"properties":{"id":602,"group":"trails","name":"Vadrakh track"}},{"type":"Feature","geometry":{"type":"LineString","coordinates":[[-43.1707,8.0151],[-43.38,8.1544],[-43.5092,8.3584],[-43.854,8.4363],[-44.1536,8.6083],[-44.3723,8.5764],[-44.7248,8.6036],[-45.0128,8.5888],[-45.3155,8.7461],[-45.4906,8.9672],[-45.7288,9.0077],[-46.0261,9.1205],[-46.1529,9.291],[-46.2004,9.5931],[-46.3576,9.727],[-46.6486,10.0283],[-46.7529,10.1645],[-47.0105,10.3031],[-47.2837,10.3793],[-47.6098,10.2198],[-47.7724,10.0757],[-47.9966,9.9823],[-48.2752,10.0734],[-48.511,10.3225],[-48.7585,10.4097],[-48.9203,10.5008],[-49.0596,10.7032],[-49.118,10.9033],[-49.1468,11.21],[-49.2807,11.4186],[-49.3741,11.6514],[-49.4418,11.874],[-49.4239,12.3372],[-49.6355,12.3606],[-49.7406,12.4867],[-49.8503,12.8308],[-50.0036,13.0815],[-50.0208,13.3337],[-49.8892,13.5579],[-49.718,13.7011],[-49.6355,13.9191],[-49.6223,14.4095],[-49.4923,14.6929],[-49.4355,14.8618],[-49.5149,15.3025],[-49.5165,15.6061],[-49.49,15.8108],[-49.5741,15.9938],[-49.5577,16.1277],[-49.5289,16.3316],[-49.6161,16.6858],[-49.7266,17.0034]]},"properties":{"id":603,"group":"trails","name":"Knazionese trail"}},{"type":"Feature","geometry":{"type":"LineString","coordinates":[[45.047,5.3184],[45.1124,4.9238],[45.0439,4.6357],[45.0937,4.3928],[45.1606,4.0028],[45.3023,3.6899],[45.6463,3.454]]},"properties":{"id":604,"group":"trails","name":"Wrogdilk trail"}},{"type":"Feature","geometry":{"type":"LineString","coordinates":[[36.2334,-20.9895],[35.9338,-20.8728],[35.4427,-20.8206],[35.1688,-20.872],[34.8015,-20.9024],[34.5431,-21.0036],[34.4139,-21.0183],[34.2178,-20.9545]]},"properties":{"id":605,"group":"trails","name":"Gomfaran trail"}},{"type":"Feature","geometry":{"type":"LineString","coordinates":[[37.0226,-20.2835],[36.8607,-20.3924],[36.67,-20.5793],[36.4171,-20.6711],[36.2334,-20.9895]]},"properties":{"id":606,"group":"trails","name":"Gomfaran pass"}},{"type":"Feature","geometry":{"type":"LineString","coordinates":[[50.5002,14.9296],[50.1359,14.8977],[49.7468,14.6485]]},"properties":{"id":607,"group":"trails","name":null}},{"type":"Feature","geometry":{"type":"LineString","coordinates":[[48.5351,21.1699],[48.5732,20.899],[48.5281,20.6047],[48.4012,20.312],[48.311,19.848],[48.251,19.7593],[48.2176,19.6036],[48.3141,19.3576],[48.5398,19.1777],[48.6301,18.9769]]},"properties":{"id":608,"group":"trails","name":"Noblan trail"}},{"type":"Feature","geometry":{"type":"LineString","coordinates":[[48.9118,23.8728],[49.1382,24.0331],[49.3881,24.0791]]},"properties":{"id":609,"group":"trails","name":null}},{"type":"Feature","geometry":{"type":"LineString","coordinates":[[49.3445,22.7292],[49.7056,22.5789],[50.164,22.5525]]},"properties":{"id":610,"group":"trails","name":null}},{"type":"Feature","geometry":{"type":"LineString","coordinates":[[-47.5685,7.5721],[-47.423,7.8174],[-47.1833,7.931],[-46.9553,8.3397],[-46.9226,8.4931],[-46.9553,8.627],[-46.8681,8.7936],[-46.6891,8.9111],[-46.4066,8.9578],[-46.1529,9.291]]},"properties":{"id":611,"group":"trails","name":"The Winding Ruzgragh path"}},{"type":"Feature","geometry":{"type":"LineString","coordinates":[[37.0226,-20.2835],[37.3782,-20.1682],[37.6739,-20.1176],[37.8374,-19.9736],[38.1284,-19.8133],[38.253,-19.6147],[38.3705,-19.206]]},"properties":{"id":612,"group":"trails","name":"Botharb path"}},{"type":"Feature","geometry":{"type":"LineString","coordinates":[[47.6425,32.2438],[47.3763,32.2274],[47.2339,32.264],[46.9101,32.169],[46.6284,31.9409],[46.5257,31.9308]]},"properties":{"id":613,"group":"trails","name":"Towbiglean trail"}},{"type":"Feature","geometry":{"type":"LineString","coordinates":[[46.6284,31.9409],[46.802,31.649],[46.9864,31.2278],[47.216,30.8666],[47.5537,30.4198]]},"properties":{"id":614,"group":"trails","name":"Penkham trail"}},{"type":"Feature","geometry":{"type":"LineString","coordinates":[[46.816,32.5591],[46.5623,32.6058],[46.4027,32.7249],[46.43,32.9055],[46.556,33.0721]]},"properties":{"id":615,"group":"trails","name":"Antarenilese trail"}},{"type":"Feature","geometry":{"type":"LineString","coordinates":[[-33.5345,-21.5843],[-33.7384,-21.3928],[-33.7602,-21.3212],[-33.8302,-21.0316],[-33.8979,-20.7381],[-33.9197,-20.5334],[-33.8232,-20.3317]]},"properties":{"id":616,"group":"trails","name":"Vergoshan trail"}},{"type":"Feature","geometry":{"type":"LineString","coordinates":[[49.8005,3.6564],[49.5826,3.7389],[49.3344,3.6821],[49.1826,3.6175],[48.8736,3.6105],[48.574,3.6891],[48.304,3.605],[48.2036,3.5404],[48.0269,3.3193],[47.8028,3.2788],[47.5358,3.2773],[47.3405,3.2368],[47.1436,3.2041],[46.9522,3.1589],[46.7202,3.1955],[46.5405,3.1815],[46.2977,3.1963],[45.9926,3.2422],[45.6463,3.454]]},"properties":{"id":617,"group":"trails","name":"Wrogdilk trail"}},{"type":"Feature","geometry":{"type":"LineString","coordinates":[[45.9926,3.2422],[46.1545,2.7658],[46.4541,2.6023],[46.6619,2.2972],[46.8922,2.0792],[46.9195,1.9336],[46.8627,1.6814],[47.023,1.3482],[46.9918,1.1037],[47.2098,0.7495],[47.2518,0.5767],[47.2098,0.3408],[47.6098,0.0925]]},"properties":{"id":618,"group":"trails","name":"Nildaian track"}},{"type":"Feature","geometry":{"type":"LineString","coordinates":[[-33.9197,-20.5334],[-34.4396,-20.3457]]},"properties":{"id":619,"group":"trails","name":null}},{"type":"Feature","geometry":{"type":"LineString","coordinates":[[49.5422,25.4632],[49.4962,25.288],[49.3896,25.1378],[49.1546,25.0358],[49.3546,24.7812],[49.2705,24.4784],[49.3881,24.0791]]},"properties":{"id":620,"group":"trails","name":"Traggalese path"}},{"type":"Feature","geometry":{"type":"LineString","coordinates":[[51.1656,11.2785],[51.0395,11.456],[50.8527,11.5977],[50.771,11.8141],[50.6224,12.2142],[50.4947,12.3754],[50.4356,12.6004],[50.5173,12.8448],[50.6068,13.0301],[50.5585,13.1951],[50.4114,13.3672],[50.2363,13.54],[50.0239,13.8117],[49.9453,14.1776],[49.7733,14.3909],[49.7468,14.6485]]},"properties":{"id":621,"group":"trails","name":"Puertanajan trail"}},{"type":"Feature","geometry":{"type":"LineString","coordinates":[[51.1656,11.2785],[51.385,11.0014]]},"properties":{"id":622,"group":"trails","name":null}},{"type":"Feature","geometry":{"type":"LineString","coordinates":[[50.95,10.8278],[50.7375,10.704],[50.3562,10.4883]]},"properties":{"id":623,"group":"trails","name":null}},{"type":"Feature","geometry":{"type":"LineString","coordinates":[[47.1444,29.8608],[47.2339,29.6717],[47.3942,29.4521],[47.5825,29.3011],[47.6541,29.1641],[47.6526,28.9796],[47.7693,28.5359],[47.6837,28.3467],[47.5405,28.1731],[47.4728,27.8804],[47.493,27.6173],[47.6409,27.3463]]},"properties":{"id":624,"group":"trails","name":"Dierm track"}},{"type":"Feature","geometry":{"type":"LineString","coordinates":[[45.3038,33.3741],[45.4649,33.5555],[45.6315,33.7369],[45.7295,34.0226],[45.8338,34.313],[45.9474,34.443],[46.0642,34.58],[46.2268,34.7357],[46.465,34.7871]]},"properties":{"id":625,"group":"trails","name":"Kilksey path"}},{"type":"Feature","geometry":{"type":"LineString","coordinates":[[-45.6362,-7.9453],[-45.3272,-7.9905],[-44.9318,-7.8659],[-44.7528,-7.827],[-44.6143,-7.6939],[-44.338,-7.6619],[-44.1007,-7.5607],[-43.7808,-7.5973],[-43.5186,-7.5545],[-43.2905,-7.3809],[-43.0711,-7.2836],[-42.7621,-7.3]]},"properties":{"id":626,"group":"trails","name":"Rozan trail"}},{"type":"Feature","geometry":{"type":"LineString","coordinates":[[-41.127,-6.9956],[-41.278,-6.7869],[-41.3675,-6.6429],[-41.5037,-6.5596],[-41.6944,-6.5355],[-41.8695,-6.3261],[-42.1411,-6.2404],[-42.3683,-6.161],[-42.5963,-6.1875]]},"properties":{"id":627,"group":"trails","name":"Mazgaran trail"}},{"type":"Feature","geometry":{"type":"LineString","coordinates":[[46.6167,34.6376],[46.465,34.7871]]},"properties":{"id":628,"group":"trails","name":null}},{"type":"Feature","geometry":{"type":"LineString","coordinates":[[47.9475,31.6599],[48.0487,31.5252],[48.0121,31.1601]]},"properties":{"id":629,"group":"trails","name":null}},{"type":"Feature","geometry":{"type":"LineString","coordinates":[[51.8247,-1.6038],[51.557,-1.7618],[51.2706,-1.8475],[51.0286,-1.9549],[50.848,-1.9689],[50.5508,-2.0974],[50.4231,-2.2437]]},"properties":{"id":630,"group":"trails","name":"Thelt track"}},{"type":"Feature","geometry":{"type":"LineString","coordinates":[[47.5639,-0.7381],[47.4712,-0.345],[47.6098,0.0925]]},"properties":{"id":631,"group":"trails","name":null}},{"type":"Feature","geometry":{"type":"LineString","coordinates":[[43.2563,-14.1187],[43.3707,-13.9225],[43.2586,-13.8431],[43.0322,-13.7154],[42.8866,-13.7403],[42.7489,-13.8688],[42.5823,-13.8976],[42.3426,-14.1794],[42.1286,-14.2113],[41.8702,-14.2822],[41.6648,-14.483],[41.4648,-14.6582],[41.2212,-14.7204],[41.0943,-14.8325]]},"properties":{"id":632,"group":"trails","name":"The Frosty Narakhil trail"}},{"type":"Feature","geometry":{"type":"LineString","coordinates":[[-36.235,46.1225],[-36.2404,46.2961],[-36.3751,46.4565],[-36.5369,46.4744],[-36.6786,46.4238],[-36.7984,46.3055],[-36.8459,46.0735],[-36.9665,45.8944]]},"properties":{"id":633,"group":"trails","name":"Wasingsted track"}},{"type":"Feature","geometry":{"type":"LineString","coordinates":[[-36.2404,46.2961],[-36.1455,46.4433],[-35.8894,46.5491],[-35.684,46.6745],[-35.5314,46.8901],[-35.5027,47.0754],[-35.5735,47.2646],[-35.5268,47.5837],[-35.4754,48.0664],[-34.9602,48.0765]]},"properties":{"id":634,"group":"trails","name":"Tarming pass"}},{"type":"Feature","geometry":{"type":"LineString","coordinates":[[-37.5673,37.5086],[-37.7136,37.697],[-37.8763,37.8449],[-38.0475,37.9617],[-38.1837,38.2038],[-38.1821,38.3657],[-38.0638,38.6156],[-37.9502,38.8632],[-37.8226,38.9971],[-37.7027,39.1341],[-37.6203,39.2929],[-37.5424,39.4517],[-37.449,39.6588],[-37.3634,39.8628],[-37.3471,40.0994],[-37.4257,40.2582],[-37.4701,40.3867],[-37.4257,40.5307],[-37.3479,40.7074],[-37.3868,40.9199],[-37.4786,41.1457],[-37.4327,41.3536],[-37.2467,41.5349],[-37.056,41.721],[-37.0366,41.932],[-37.0233,42.1414],[-37.0833,42.4481],[-37.0833,42.6326],[-37.0848,42.8109],[-37.2467,42.9907],[-37.4047,43.1651],[-37.4599,43.3184],[-37.5502,43.4578],[-37.6459,43.5971],[-37.7152,43.7793],[-37.7448,44.0105],[-37.7743,44.2487],[-37.8304,44.392],[-37.8226,44.5554],[-37.716,44.6909],[-37.5502,44.7423],[-37.3627,44.8007],[-37.2,44.968],[-37.0467,45.1868],[-37.0677,45.3728],[-37.0864,45.5612],[-37.0895,45.7177],[-36.9665,45.8944]]},"properties":{"id":635,"group":"trails","name":"Shadow trail"}},{"type":"Feature","geometry":{"type":"LineString","coordinates":[[-39.1845,-16.4354],[-39.0592,-16.1521],[-39.0351,-16.0065],[-39.2001,-15.6056],[-39.5215,-15.2864],[-39.6748,-15.2942],[-39.8694,-15.3074],[-40.0484,-15.2319],[-40.2204,-15.1541],[-40.383,-14.9594],[-40.5488,-14.7625],[-40.7379,-14.5445],[-40.9037,-14.3974],[-40.9737,-14.156],[-41.1472,-13.8836],[-41.2165,-13.6664],[-41.3387,-13.4827],[-41.4943,-13.2787],[-41.7768,-13.1378]]},"properties":{"id":636,"group":"trails","name":"Thorn path"}},{"type":"Feature","geometry":{"type":"LineString","coordinates":[[51.5524,10.0072],[51.5835,10.1038],[51.4488,10.2727],[51.1648,10.4564],[51.0387,10.6542],[50.95,10.8278]]},"properties":{"id":637,"group":"trails","name":"Crerags trail"}},{"type":"Feature","geometry":{"type":"LineString","coordinates":[[-39.1845,-16.4354],[-39.4865,-16.5678],[-39.7176,-16.8628],[-39.9386,-16.9492],[-40.2017,-17.1244],[-40.534,-17.1524],[-40.6795,-17.1913],[-41.1457,-17.2933],[-41.3068,-17.2723],[-41.4056,-17.4879],[-41.6858,-17.6055],[-41.9877,-17.5051],[-42.2103,-17.2871],[-42.4041,-17.1695],[-42.8602,-17.2583],[-43.1302,-17.3182],[-43.3785,-17.1999]]},"properties":{"id":638,"group":"trails","name":"Bhicran trail"}},{"type":"Feature","geometry":{"type":"LineString","coordinates":[[-38.5106,-17.6942],[-38.811,-17.5619],[-38.9456,-17.4116],[-38.9619,-17.2334],[-38.8016,-17.0364],[-38.4833,-16.9072]]},"properties":{"id":639,"group":"trails","name":"The Great Igkigish track"}},{"type":"Feature","geometry":{"type":"LineString","coordinates":[[-38.8016,-17.0364],[-39.0693,-16.7896],[-39.1845,-16.4354]]},"properties":{"id":640,"group":"trails","name":null}},{"type":"Feature","geometry":{"type":"LineString","coordinates":[[51.5524,10.0072],[51.4699,9.783],[51.3928,9.5082],[51.4901,9.2513],[51.6652,9.2404],[51.9703,9.1096],[52.2512,8.9789],[52.5158,9.0069],[52.687,8.7453]]},"properties":{"id":641,"group":"trails","name":"Fygbigbig path"}},{"type":"Feature","geometry":{"type":"LineString","coordinates":[[49.8005,3.6564],[50.2091,3.6385],[50.2932,3.5419],[50.3297,3.4088]]},"properties":{"id":642,"group":"trails","name":"Velvet trail"}},{"type":"Feature","geometry":{"type":"LineString","coordinates":[[50.743,3.6058],[51.1874,3.6688]]},"properties":{"id":643,"group":"trails","name":null}},{"type":"Feature","geometry":{"type":"LineString","coordinates":[[-41.7278,-12.1413],[-41.7115,-12.5399],[-41.8111,-12.8326],[-41.7768,-13.1378],[-42.1239,-13.1969],[-42.387,-13.4422],[-42.5854,-13.2732],[-42.7831,-13.1697],[-42.8851,-13.0522],[-43.0026,-12.9159],[-43.089,-12.7229],[-43.2843,-12.543],[-43.559,-12.1577]]},"properties":{"id":644,"group":"trails","name":"Moccug trail"}},{"type":"Feature","geometry":{"type":"LineString","coordinates":[[-47.2487,-0.8868],[-46.928,-1.0137],[-46.5794,-0.8759],[-46.3163,-0.9094],[-46.1482,-0.8611],[-45.9941,-0.7778],[-45.8478,-0.6237],[-45.7233,-0.3458],[-45.4603,-0.1901],[-45.2642,0.0108],[-45.0517,0.0964],[-44.9116,0.2412],[-44.6781,0.4638],[-44.3987,0.4973],[-44.1614,0.625]]},"properties":{"id":645,"group":"trails","name":"Wild trail"}},{"type":"Feature","geometry":{"type":"LineString","coordinates":[[48.0487,31.5252],[48.2962,31.6334],[48.5273,31.8615]]},"properties":{"id":646,"group":"trails","name":null}},{"type":"Feature","geometry":{"type":"LineString","coordinates":[[47.6425,32.2438],[47.8907,31.9674],[47.9475,31.6599]]},"properties":{"id":647,"group":"trails","name":null}},{"type":"Feature","geometry":{"type":"LineString","coordinates":[[-43.4983,32.4345],[-43.2578,32.9172],[-43.275,33.2457],[-43.2648,33.4504],[-43.1411,33.659],[-42.8477,33.747],[-43.029,34.2328],[-43.2454,34.4087],[-43.524,34.4858],[-43.7318,34.5808],[-43.9419,34.854],[-44.1699,35.0019],[-44.3863,35.0408],[-44.763,35.2261]]},"properties":{"id":648,"group":"trails","name":"Wigdonden trail"}},{"type":"Feature","geometry":{"type":"LineString","coordinates":[[-36.628,47.3089],[-36.3642,47.1338],[-36.0871,47.1034],[-35.8855,46.9711],[-35.5314,46.8901]]},"properties":{"id":649,"group":"trails","name":"The Serpentine Westford trail"}},{"type":"Feature","geometry":{"type":"LineString","coordinates":[[50.3741,22.1873],[50.164,22.5525],[50.4231,22.6661],[50.5733,22.7712],[50.806,22.793],[51.02,22.9316],[51.5959,22.9939]]},"properties":{"id":650,"group":"trails","name":"Srurdan path"}},{"type":"Feature","geometry":{"type":"LineString","coordinates":[[53.161,16.2654],[52.7415,16.3199],[52.5446,16.1829],[52.4006,16.0879],[52.1368,16.0521],[51.7446,16.0436],[51.3975,16.042],[51.1368,15.8902],[50.7461,15.7182],[50.5624,15.6037],[50.4465,15.4029],[50.5002,14.9296]]},"properties":{"id":651,"group":"trails","name":"Thult pass"}},{"type":"Feature","geometry":{"type":"LineString","coordinates":[[-41.7278,-12.1413],[-42.0632,-11.9522],[-42.2189,-11.6875],[-42.4936,-11.4703],[-42.7123,-11.2655]]},"properties":{"id":652,"group":"trails","name":"Moccish trail"}},{"type":"Feature","geometry":{"type":"LineString","coordinates":[[-47.5685,7.5721],[-47.9592,7.7341],[-48.497,7.6227],[-48.6386,7.5503],[-48.8378,7.3822],[-49.0199,7.2981],[-49.1779,7.1424],[-49.3499,7.0763]]},"properties":{"id":653,"group":"trails","name":"Legvolese trail"}},{"type":"Feature","geometry":{"type":"LineString","coordinates":[[37.1938,-23.5033],[37.1159,-23.3647],[37.0327,-23.1607],[37.0023,-22.9031],[36.9089,-22.7481],[36.7657,-22.622],[36.5712,-22.5901],[36.284,-22.5021],[36.1797,-22.334],[36.0723,-22.1674],[36.0692,-21.9868],[35.9579,-21.5983],[35.9992,-21.2784],[36.2334,-20.9895]]},"properties":{"id":654,"group":"trails","name":"Gomfaran trail"}},{"type":"Feature","geometry":{"type":"LineString","coordinates":[[36.284,-22.5021],[35.8108,-22.6734],[35.6801,-22.717],[35.4046,-22.7178],[35.2093,-22.8151],[35.0956,-23.0237],[34.9734,-23.0432],[34.8855,-22.9848],[34.5618,-22.984],[34.2481,-23.2222]]},"properties":{"id":655,"group":"trails","name":"Preranese trail"}},{"type":"Feature","geometry":{"type":"LineString","coordinates":[[-33.6979,-21.6622],[-33.9469,-21.9346],[-34.1368,-22.0094],[-34.2271,-22.1448],[-34.2512,-22.2328],[-34.2162,-22.3355],[-34.1182,-22.5597],[-34.0971,-22.7419],[-34.1649,-22.9389],[-34.3151,-23.1498],[-34.4917,-23.2113],[-34.5656,-23.3195],[-34.5439,-23.469],[-34.7789,-23.3935],[-34.9657,-23.2152],[-35.2466,-23.2191],[-35.4762,-23.2573],[-35.6124,-23.3748],[-35.6599,-23.5336],[-35.6124,-23.6862]]},"properties":{"id":656,"group":"trails","name":"The Silent Chugrugh trail"}},{"type":"Feature","geometry":{"type":"LineString","coordinates":[[-33.5345,-21.5843],[-33.6979,-21.6622]]},"properties":{"id":657,"group":"trails","name":null}},{"type":"Feature","geometry":{"type":"LineString","coordinates":[[-33.9913,-20.0818],[-34.0715,-19.9261],[-34.1493,-19.7642],[-34.2536,-19.5929],[-34.5127,-19.4046],[-34.7252,-19.3656],[-34.9127,-19.2239],[-35.0209,-19.0698],[-35.1563,-18.9476],[-35.3478,-18.883],[-35.554,-18.8954],[-35.7455,-19.0169],[-35.926,-18.9491],[-36.056,-18.8207],[-36.1416,-18.623],[-36.126,-18.3692],[-36.1789,-18.1948],[-36.305,-18.0967],[-36.4988,-18.0796],[-36.7167,-17.9402],[-36.9043,-17.9254],[-37.0895,-17.9099],[-37.2848,-17.8857],[-37.6459,-17.8126],[-37.9868,-17.8577],[-38.5106,-17.6942]]},"properties":{"id":658,"group":"trails","name":"Frost path"}},{"type":"Feature","geometry":{"type":"LineString","coordinates":[[-35.8918,48.8277],[-35.6622,48.711],[-35.5206,48.5366],[-35.4754,48.0664]]},"properties":{"id":659,"group":"trails","name":"Frost path"}},{"type":"Feature","geometry":{"type":"LineString","coordinates":[[49.5422,25.4632],[49.3406,25.5294],[49.1616,25.6493],[49.1118,25.8376],[49.1538,25.9809],[49.2869,26.0844],[49.4651,26.3001],[49.6363,26.518],[49.8075,26.6037],[49.9982,26.6177],[50.2332,26.5609],[50.4628,26.6364],[50.5951,26.7274],[50.7671,26.7282],[50.8745,26.6706],[51.294,26.627],[51.4193,26.7625]]},"properties":{"id":660,"group":"trails","name":"Blix track"}},{"type":"Feature","geometry":{"type":"LineString","coordinates":[[51.8854,22.8514],[51.9228,22.684],[51.9212,22.5011],[51.9609,22.3174],[51.8909,22.1235],[51.8847,21.9211],[52.0131,21.6121],[52.3781,21.605],[52.8458,21.5443]]},"properties":{"id":661,"group":"trails","name":"Titan track"}},{"type":"Feature","geometry":{"type":"LineString","coordinates":[[53.038,8.4923],[52.8466,8.6488],[52.687,8.7453]]},"properties":{"id":662,"group":"trails","name":null}},{"type":"Feature","geometry":{"type":"LineString","coordinates":[[49.8036,32.7132],[49.6822,32.5084],[49.4488,32.3598],[49.2511,32.2017],[49.0246,32.1519],[48.7592,31.9573],[48.5273,31.8615]]},"properties":{"id":663,"group":"trails","name":"Kingracury trail"}},{"type":"Feature","geometry":{"type":"LineString","coordinates":[[49.2511,32.2017],[49.4955,31.9012],[49.7305,31.7494],[49.8496,31.4949],[49.8379,31.2668],[49.7608,30.8207],[49.7671,30.609],[50.0667,30.4431],[50.1756,30.138],[50.2371,30.0017],[50.357,29.9161],[50.4309,29.6413],[50.4807,29.3143],[50.5655,28.9539],[50.469,28.7289],[50.3772,28.5078],[50.2293,28.3226],[50.1967,28.1373],[50.227,27.9481],[50.3437,27.917],[50.5157,27.9349],[50.7414,28.0088],[51.0309,28.1069],[51.0807,27.7636],[51.1173,27.4997],[51.2784,27.2475],[51.4193,26.7625]]},"properties":{"id":664,"group":"trails","name":"Blixan track"}},{"type":"Feature","geometry":{"type":"LineString","coordinates":[[53.161,16.2654],[53.4038,16.5558]]},"properties":{"id":665,"group":"trails","name":null}},{"type":"Feature","geometry":{"type":"LineString","coordinates":[[53.6069,15.5913],[53.6155,15.2799]]},"properties":{"id":666,"group":"trails","name":null}},{"type":"Feature","geometry":{"type":"LineString","coordinates":[[43.2563,-14.1187],[43.454,-14.3374],[43.6726,-14.5235],[44.0166,-14.6146],[44.2431,-14.824],[44.3349,-15.0474],[44.531,-15.1447],[44.7995,-15.1416],[45.0696,-15.1229],[45.3404,-15.1159],[45.5435,-15.1961],[45.6587,-15.1432],[45.826,-14.9587],[46.051,-14.7835],[46.3833,-14.6169],[46.763,-14.5297],[47.0479,-14.5196],[47.3958,-14.4363],[47.6557,-14.4347],[47.8253,-14.3592],[47.9919,-14.1163],[48.1973,-13.889],[48.4495,-13.7793],[48.5764,-13.6438],[48.8059,-13.622],[49.0114,-13.7224],[49.1849,-13.7396],[49.4215,-13.6438],[49.5811,-13.5021],[49.7087,-13.179]]},"properties":{"id":667,"group":"trails","name":"Haragnorthor trail"}},{"type":"Feature","geometry":{"type":"LineString","coordinates":[[44.7388,-7.6277],[44.7614,-8.0675],[44.8135,-8.3205],[44.8167,-8.4576],[45.1031,-8.7378],[45.1739,-9.0803],[45.2213,-9.2166],[45.2447,-9.4665],[45.026,-9.9336],[44.7692,-10.076],[44.6633,-10.3571],[44.5482,-10.7004],[44.4338,-10.8405],[44.2314,-10.9783],[44.0703,-11.2367],[44.138,-11.4002],[44.2361,-11.566],[44.2524,-11.7778],[44.3085,-11.9934],[44.2563,-12.1343],[44.1373,-12.4356],[43.8703,-12.6326],[43.8376,-12.912],[43.8127,-13.1697],[43.5925,-13.5364],[43.3707,-13.9225]]},"properties":{"id":668,"group":"trails","name":"Widgurth trail"}},{"type":"Feature","geometry":{"type":"LineString","coordinates":[[49.4169,33.1694],[49.6674,32.981],[49.8036,32.7132],[50.0636,32.5995],[50.4262,32.6416]]},"properties":{"id":669,"group":"trails","name":"Hitchbrid pass"}},{"type":"Feature","geometry":{"type":"LineString","coordinates":[[-51.0161,11.1944],[-50.9002,11.0488],[-50.8278,11.073],[-50.7266,11.1602],[-50.4714,11.3104],[-50.097,11.5089],[-49.7305,11.6483],[-49.5741,11.8304],[-49.4418,11.874]]},"properties":{"id":670,"group":"trails","name":"The Obscure Ghizronese track"}},{"type":"Feature","geometry":{"type":"LineString","coordinates":[[-48.9343,-3.6022],[-48.7616,-3.536],[-48.6324,-3.3967],[-48.3896,-3.2269],[-48.2744,-3.0245],[-48.1359,-2.8206],[-47.9802,-2.626],[-47.872,-2.3722],[-47.6362,-2.1635],[-47.5872,-2.0001],[-47.3568,-1.7712],[-47.1833,-1.6303],[-47.1296,-1.3119],[-47.2487,-0.8868]]},"properties":{"id":671,"group":"trails","name":"Bhegh trail"}},{"type":"Feature","geometry":{"type":"LineString","coordinates":[[-45.5326,-10.1352],[-45.4299,-9.939],[-45.426,-9.7436],[-45.514,-9.5428],[-45.6906,-9.4634],[-45.8315,-9.3614],[-45.9124,-9.2072],[-45.9545,-8.99],[-45.8167,-8.6459],[-45.6626,-8.3548],[-45.6362,-7.9453],[-45.9116,-7.8332],[-46.1031,-7.7351],[-46.2455,-7.5888],[-46.3373,-7.391],[-46.5233,-7.2836],[-46.7514,-7.2213],[-46.9864,-6.9987],[-47.0292,-6.762],[-47.0767,-6.5246],[-47.1164,-6.3619],[-47.0681,-6.0925],[-47.0214,-5.8224],[-47.107,-5.6722],[-47.1942,-5.5289],[-47.2782,-5.3608],[-47.3584,-5.1988],[-47.6129,-5.0019],[-47.7561,-4.7279],[-47.9055,-4.5722],[-48.0176,-4.4795],[-48.0682,-4.3059],[-48.0721,-4.123],[-48.1475,-3.9626],[-48.3063,-3.8832],[-48.4767,-3.905],[-48.6417,-3.8902],[-48.7958,-3.7882],[-48.9343,-3.6022],[-49.276,-3.3461],[-49.6153,-3.0884],[-49.9546,-2.9918],[-50.4083,-2.8432],[-50.5772,-2.7637],[-50.7251,-2.5699],[-51.0045,-2.3512],[-51.2216,-2.0063],[-51.0706,-1.9277],[-50.9259,-1.7377],[-50.7313,-1.5929],[-50.6675,-1.4255],[-50.7554,-0.9335],[-50.6792,-0.756],[-50.4838,-0.57],[-50.4737,-0.3318],[-50.5329,-0.0967],[-50.5227,0.1408],[-50.6488,0.3868],[-50.757,0.6779],[-50.7788,0.9224],[-50.8893,1.0835],[-51.2146,1.3396],[-51.2839,1.6386],[-51.2955,2.1064],[-51.3889,2.252],[-51.5656,2.4295],[-51.6193,2.572],[-51.708,2.8608],[-51.9259,3.0352],[-52.157,3.2835],[-52.294,3.4104],[-52.3392,3.5334],[-52.5804,4.0526],[-53.1127,4.0394],[-53.3057,3.9148],[-53.4941,3.7576],[-53.6847,3.7879],[-53.8202,3.9203],[-54.0108,3.9538],[-54.2241,3.9195],[-54.4669,3.7716],[-54.6303,3.5855],[-54.7486,3.4719],[-54.9541,3.4376],[-55.1603,3.4734],[-55.3906,3.3995],[-55.7167,3.3722],[-55.8241,3.2368],[-55.8739,3.0258],[-55.9603,2.6763],[-56.0669,2.4606],[-56.0553,2.2154],[-56.1058,2.0971],[-56.2047,1.9025],[-56.2086,1.6572],[-56.0428,1.3715],[-56.123,1.0602],[-56.1479,0.8289],[-56.1035,0.6841],[-56.1199,0.4405],[-56.1557,0.277],[-56.1206,0.0668],[-56.1261,-0.2602],[-56.1845,-0.3606],[-56.4327,-0.5638],[-56.6568,-0.6486],[-56.8467,-0.7592],[-57.0343,-1.0223],[-57.2927,-1.1188],[-57.6296,-1.0744]]},"properties":{"id":672,"group":"trails","name":"Gidhan track"}},{"type":"Feature","geometry":{"type":"LineString","coordinates":[[-36.628,47.3089],[-36.6412,47.5362],[-36.8117,47.7885],[-36.8957,48.0189],[-37.0716,48.3568],[-37.0763,48.7001],[-36.9354,48.9912],[-36.677,49.1166],[-36.4334,49.0582],[-36.2902,48.9103],[-36.0638,48.8783],[-35.8918,48.8277]]},"properties":{"id":673,"group":"trails","name":"Witheham trail"}},{"type":"Feature","geometry":{"type":"LineString","coordinates":[[53.038,8.4923],[53.0046,8.2463],[52.8855,7.9653],[52.8894,7.636],[52.6925,7.5916],[52.5703,7.5075],[52.4497,7.5363],[52.3407,7.6336],[52.1578,7.8656],[51.9594,7.9801],[51.7438,7.9847],[51.5119,7.9513]]},"properties":{"id":674,"group":"trails","name":"Eternal path"}},{"type":"Feature","geometry":{"type":"LineString","coordinates":[[46.816,32.5591],[47.0214,32.7225],[47.2207,32.8852],[47.4495,33.0339],[47.6822,33.1842],[47.8697,33.3531],[48.0596,33.5189],[48.2822,33.5166],[48.5094,33.5119],[48.6713,33.6256],[48.802,33.9455],[48.9787,33.8576],[49.339,33.9642],[49.7842,34.0382],[49.8091,34.2219],[49.9562,34.3355],[50.1359,34.3752]]},"properties":{"id":675,"group":"trails","name":"Bivermingman path"}},{"type":"Feature","geometry":{"type":"LineString","coordinates":[[-38.4958,47.6631],[-38.3323,47.6203],[-38.1837,47.6764],[-37.8273,47.8305],[-37.5518,47.9084],[-37.435,48.0064],[-37.1767,48.138],[-37.0716,48.3568]]},"properties":{"id":676,"group":"trails","name":"Totford track"}},{"type":"Feature","geometry":{"type":"LineString","coordinates":[[-37.3471,49.0823],[-37.0763,48.7001]]},"properties":{"id":677,"group":"trails","name":null}},{"type":"Feature","geometry":{"type":"LineString","coordinates":[[51.2286,4.0355],[51.1874,3.6688]]},"properties":{"id":678,"group":"trails","name":null}},{"type":"Feature","geometry":{"type":"LineString","coordinates":[[-43.6688,40.8771],[-43.7116,41.1348],[-43.5582,41.3738],[-43.3209,41.4766],[-43.0189,41.5303],[-42.8726,41.6066],[-42.7006,41.8292],[-42.6843,42.2496]]},"properties":{"id":679,"group":"trails","name":"Trexegan trail"}},{"type":"Feature","geometry":{"type":"LineString","coordinates":[[-52.1337,12.9406],[-51.6442,13.0628],[-51.4504,13.1445],[-51.1648,13.0939],[-50.9313,13.1881],[-50.7905,13.3025],[-50.6418,13.4403],[-50.4566,13.4512],[-50.3181,13.3882],[-50.0208,13.3337]]},"properties":{"id":680,"group":"trails","name":"Gidh track"}},{"type":"Feature","geometry":{"type":"LineString","coordinates":[[-42.7037,-10.287],[-42.9823,-10.3835],[-43.152,-10.3757],[-43.5092,-10.294],[-43.826,-10.3625],[-44.089,-10.2776],[-44.3069,-10.1803],[-44.433,-10.0013],[-44.7023,-9.8643],[-44.9178,-9.981],[-45.0548,-10.1834],[-45.2875,-10.2496],[-45.5326,-10.1352]]},"properties":{"id":681,"group":"trails","name":"Nazinese trail"}},{"type":"Feature","geometry":{"type":"LineString","coordinates":[[54.2879,14.4905],[54.2754,14.8914],[54.4435,15.4691],[54.319,15.3507],[54.175,15.3336],[53.6155,15.2799]]},"properties":{"id":682,"group":"trails","name":"Ialtan trail"}},{"type":"Feature","geometry":{"type":"LineString","coordinates":[[-39.5705,46.8247],[-39.797,46.82],[-40.0133,46.7733],[-40.3153,46.8348]]},"properties":{"id":683,"group":"trails","name":"Chipingman trail"}},{"type":"Feature","geometry":{"type":"LineString","coordinates":[[49.7842,34.0382],[49.8612,33.8295],[49.9787,33.5244],[50.22,33.2908],[50.2348,33.1242],[50.2675,32.9444],[50.3655,32.8292],[50.4262,32.6416]]},"properties":{"id":684,"group":"trails","name":"Hitchbrid trail"}},{"type":"Feature","geometry":{"type":"LineString","coordinates":[[50.6737,34.1121],[50.5749,34.2188],[50.4262,34.2639],[50.3056,34.3729],[50.1359,34.3752],[50.1406,34.6438],[50.22,34.8011]]},"properties":{"id":685,"group":"trails","name":"Wigley track"}},{"type":"Feature","geometry":{"type":"LineString","coordinates":[[54.6692,13.0309],[54.4513,12.9507],[54.0832,12.6198]]},"properties":{"id":686,"group":"trails","name":null}},{"type":"Feature","geometry":{"type":"LineString","coordinates":[[54.8544,12.011],[54.6638,12.2197],[54.4824,12.3816],[54.0832,12.6198]]},"properties":{"id":687,"group":"trails","name":"Bridan track"}},{"type":"Feature","geometry":{"type":"LineString","coordinates":[[54.0513,12.0157],[54.333,11.9394],[54.8544,12.011]]},"properties":{"id":688,"group":"trails","name":null}},{"type":"Feature","geometry":{"type":"LineString","coordinates":[[55.8311,14.2274],[55.5899,14.1091],[55.3704,14.1192],[55.1696,14.0234],[54.9891,13.9798],[54.8194,14.0468],[54.6583,14.2188],[54.5548,14.4282],[54.4287,14.5185],[54.2879,14.4905]]},"properties":{"id":689,"group":"trails","name":"Veekzan pass"}},{"type":"Feature","geometry":{"type":"LineString","coordinates":[[54.3447,13.4707],[54.5392,13.2216]]},"properties":{"id":690,"group":"trails","name":null}},{"type":"Feature","geometry":{"type":"LineString","coordinates":[[-39.8359,47.5791],[-39.6522,47.2194],[-39.5705,46.8247]]},"properties":{"id":691,"group":"trails","name":null}},{"type":"Feature","geometry":{"type":"LineString","coordinates":[[-41.0601,45.3075],[-40.8624,45.5426],[-41.0756,45.5441],[-41.2881,45.5457],[-41.4803,45.3573],[-41.6702,45.1666]]},"properties":{"id":692,"group":"trails","name":"Boroughbrid path"}},{"type":"Feature","geometry":{"type":"LineString","coordinates":[[-52.5804,4.0526],[-52.3072,4.0939],[-51.9065,4.1328],[-51.6489,4.2901],[-51.4411,4.4185],[-51.2683,4.6591],[-51.0193,4.8389],[-50.8893,5.0522],[-50.7757,5.1324],[-50.399,5.1845],[-50.2449,5.1581],[-49.9749,5.2071],[-49.8021,5.3916],[-49.497,5.4126],[-49.3453,5.5279],[-49.4542,5.71],[-49.4597,5.9568],[-49.5601,6.0681],[-49.5943,6.2884],[-49.483,6.5329],[-49.3499,7.0763]]},"properties":{"id":693,"group":"trails","name":"The Shrouded Legvolese track"}},{"type":"Feature","geometry":{"type":"LineString","coordinates":[[-47.5218,35.0985],[-47.3732,34.9723],[-47.0922,34.8992],[-46.8012,34.9513],[-46.6486,35.1545],[-46.3568,35.2993],[-46.0626,35.2433],[-45.8019,35.167],[-45.3303,35.1428],[-45.0696,35.1117],[-44.763,35.2261]]},"properties":{"id":694,"group":"trails","name":"Wigdonden track"}},{"type":"Feature","geometry":{"type":"LineString","coordinates":[[53.9789,4.8685],[54.2653,4.8373],[54.1392,4.4022],[54.2085,4.0713],[54.091,3.7039],[54.161,3.4571],[54.263,3.2236],[54.235,2.9955],[54.1844,2.8802],[54.077,2.6646],[54.0871,2.3462],[53.877,2.3781],[53.7057,2.5509],[53.4443,2.5626],[53.1158,2.6669],[52.7431,2.6701],[52.4395,2.8117],[52.266,3.1052],[52.052,3.4166],[51.8442,3.6494],[51.5197,3.7693],[51.1874,3.6688]]},"properties":{"id":695,"group":"trails","name":"The Shrouded Ishzitan trail"}},{"type":"Feature","geometry":{"type":"LineString","coordinates":[[-45.9264,39.2758],[-45.7225,39.0936],[-45.4719,39.0383],[-45.3396,38.9551],[-45.1723,38.7207],[-45.1606,38.414],[-45.2642,38.1447],[-45.1926,37.7842],[-45.2431,37.6114],[-45.191,37.2307],[-45.2875,36.9061],[-45.1972,36.706],[-44.9388,36.5215],[-44.8283,36.3868],[-44.8416,36.2031],[-44.6416,35.8069],[-44.5256,35.736],[-44.5684,35.5056],[-44.763,35.2261]]},"properties":{"id":696,"group":"trails","name":"Wigdondenese trail"}},{"type":"Feature","geometry":{"type":"LineString","coordinates":[[-39.2149,48.4299],[-38.9184,48.2883],[-38.7277,48.0718],[-38.5907,47.92],[-38.4958,47.6631]]},"properties":{"id":697,"group":"trails","name":"Totfordan track"}},{"type":"Feature","geometry":{"type":"LineString","coordinates":[[-40.811,46.5336],[-40.6398,46.6963],[-40.3153,46.8348]]},"properties":{"id":698,"group":"trails","name":null}},{"type":"Feature","geometry":{"type":"LineString","coordinates":[[-46.5078,-16.6254],[-46.7257,-16.4354],[-46.844,-16.1669],[-46.8253,-15.8212],[-46.9514,-15.6289],[-47.0261,-15.4234],[-46.9926,-15.193],[-46.8502,-14.9361],[-46.7973,-14.715],[-46.8269,-14.5313],[-46.935,-14.3872],[-46.9825,-14.1342],[-46.8502,-13.7761],[-46.5747,-13.5177],[-46.6774,-13.6749],[-46.8502,-13.7761]]},"properties":{"id":699,"group":"trails","name":"Brolese pass"}},{"type":"Feature","geometry":{"type":"LineString","coordinates":[[-37.3471,49.0823],[-37.7479,49.2092],[-38.0148,49.3439],[-38.5145,49.4287]]},"properties":{"id":700,"group":"trails","name":"Swavewestan trail"}},{"type":"Feature","geometry":{"type":"LineString","coordinates":[[-40.1838,47.8905],[-39.8359,47.5791],[-39.6834,47.7285],[-39.6164,47.9636],[-39.4982,48.0664],[-39.2149,48.4299],[-39.116,48.7156],[-39.0304,49.0021],[-38.8125,49.1773],[-38.5145,49.4287]]},"properties":{"id":701,"group":"trails","name":"Swavewestan trail"}},{"type":"Feature","geometry":{"type":"LineString","coordinates":[[-40.8624,45.5426],[-40.9651,45.7629],[-40.8702,46.1381],[-40.811,46.5336]]},"properties":{"id":702,"group":"trails","name":"Charydonese path"}},{"type":"Feature","geometry":{"type":"LineString","coordinates":[[-42.0679,45.0747],[-41.8695,45.1237],[-41.6702,45.1666]]},"properties":{"id":703,"group":"trails","name":null}},{"type":"Feature","geometry":{"type":"LineString","coordinates":[[-45.4719,39.0383],[-45.1046,39.2524],[-44.9692,39.4875],[-44.861,39.6168],[-44.8595,39.7452],[-44.9217,39.8908],[-44.8797,40.0317],[-44.7777,40.1189],[-44.5077,40.2676],[-44.3427,40.4147],[-44.0236,40.6179],[-43.6688,40.8771]]},"properties":{"id":704,"group":"trails","name":"The Rustic Launey trail"}},{"type":"Feature","geometry":{"type":"LineString","coordinates":[[54.9945,19.3591],[54.807,19.6285],[54.7284,20.0473]]},"properties":{"id":705,"group":"trails","name":null}},{"type":"Feature","geometry":{"type":"LineString","coordinates":[[53.5081,16.2717],[53.6598,16.3822],[53.8186,16.4881],[53.9478,16.6158],[54.0801,16.7403],[54.298,16.8337],[54.5151,16.9217],[54.6202,16.9077],[54.8194,16.896],[55.0163,16.8781],[55.2008,16.8415]]},"properties":{"id":706,"group":"trails","name":"Klilman pass"}},{"type":"Feature","geometry":{"type":"LineString","coordinates":[[51.764,-3.1522],[51.3874,-3.3313],[51.1064,-3.5243],[50.9741,-3.9229],[50.7632,-4.2569],[50.4465,-4.397],[50.2885,-4.7691],[50.1118,-4.8656],[49.8254,-5.0828],[49.6799,-5.1327],[49.3624,-5.1404],[48.9943,-5.1895],[48.8534,-5.3623],[48.7234,-5.462],[48.5351,-5.578],[48.3405,-5.7508],[48.1289,-5.8115],[47.9927,-5.8115],[47.7755,-5.9026],[47.4627,-6.0271],[47.1522,-6.0427],[46.9887,-6.1813],[46.7459,-6.168],[46.4689,-6.0902],[46.3366,-6.0879],[46.1685,-5.9882],[45.721,-5.6675],[45.6439,-5.8193],[45.5109,-5.9002],[45.3957,-6.2202],[45.1824,-6.3307],[44.9933,-6.5176],[44.9785,-6.8352],[45.1295,-7.3949]]},"properties":{"id":707,"group":"trails","name":"The Cracked Kharbhar trail"}},{"type":"Feature","geometry":{"type":"LineString","coordinates":[[-51.0161,11.1944],[-51.0994,11.6374],[-51.2255,11.9223],[-51.3391,12.2742],[-51.294,12.6346],[-51.4123,12.8853],[-51.6442,13.0628]]},"properties":{"id":708,"group":"trails","name":"Grand trail"}},{"type":"Feature","geometry":{"type":"LineString","coordinates":[[-51.0161,11.1944],[-51.3586,10.9897],[-51.5461,10.9251],[-51.7749,10.6588],[-51.9788,10.5631],[-52.1321,10.4089],[-52.4325,10.3171],[-52.5882,10.2166],[-52.617,9.8912],[-52.6948,9.6413],[-52.8419,9.4366],[-53.0808,9.3074],[-53.4388,9.1852],[-53.7369,8.8535],[-53.9999,8.982],[-54.2544,8.9415],[-54.4069,8.7656],[-54.5377,8.6566],[-55.0085,8.6877],[-55.3144,8.606],[-55.463,8.49],[-55.6226,8.4604],[-55.8708,8.4176],[-56.2389,8.2191],[-56.5611,8.0766],[-56.9199,7.8322],[-57.3277,7.794],[-57.5814,7.5519],[-57.8717,7.4429],[-58.1503,7.2444],[-58.3519,7.1813],[-58.5332,7.1954],[-59.1208,7.3355]]},"properties":{"id":709,"group":"trails","name":"Neggodh pass"}},{"type":"Feature","geometry":{"type":"LineString","coordinates":[[-44.8299,-12.7369],[-44.8743,-12.5835],[-44.9988,-12.487],[-45.1568,-12.2519],[-45.3404,-12.118],[-45.4167,-11.9677],[-45.3871,-11.8066],[-45.3326,-11.6478],[-45.356,-11.503],[-45.4182,-11.3519],[-45.4027,-11.1682],[-45.349,-10.9736],[-45.4268,-10.6871],[-45.535,-10.4442],[-45.5326,-10.1352]]},"properties":{"id":710,"group":"trails","name":"Nazinese trail"}},{"type":"Feature","geometry":{"type":"LineString","coordinates":[[-43.5396,-16.5724],[-43.5582,-16.3685],[-43.4975,-16.1684],[-43.5505,-15.9115],[-43.6104,-15.787],[-43.5917,-15.6429],[-43.4936,-15.5371],[-43.4555,-15.3206],[-43.3987,-14.9236],[-43.2555,-14.6768],[-42.9395,-14.5149],[-42.6539,-14.3834],[-42.4959,-14.1233],[-42.4306,-14.0253],[-42.387,-13.4422]]},"properties":{"id":711,"group":"trails","name":"Dhogronese path"}},{"type":"Feature","geometry":{"type":"LineString","coordinates":[[-51.322,25.1604],[-50.9492,25.3597],[-50.7539,25.4507],[-50.5671,25.7162],[-50.3562,25.8431],[-49.8931,26.0151],[-49.7375,26.2074],[-49.6371,26.4495],[-49.4993,26.5531],[-49.1452,26.6434],[-48.9826,26.7703],[-48.8534,27.0178],[-48.6417,27.3362],[-48.2923,27.4382],[-48.1452,27.6624],[-47.9289,27.9613],[-47.7685,28.2097]]},"properties":{"id":712,"group":"trails","name":"Sarehowey trail"}},{"type":"Feature","geometry":{"type":"LineString","coordinates":[[-52.831,16.3861],[-52.8248,16.5831],[-52.7438,16.724],[-52.603,16.9536],[-52.231,17.0673],[-51.9648,16.9964],[-51.6411,17.1459],[-51.4473,17.1514],[-51.2208,17.0322],[-51.1422,16.8516],[-50.971,16.7894],[-50.7803,16.8392],[-50.4667,16.9692],[-50.2527,17.17],[-49.9873,17.1685],[-49.7266,17.0034]]},"properties":{"id":713,"group":"trails","name":"Knazionese trail"}},{"type":"Feature","geometry":{"type":"LineString","coordinates":[[-49.5888,17.244],[-49.9429,17.6978],[-49.9391,17.8535],[-50.0348,18.1307],[-50.2815,18.3183],[-50.3375,18.5853],[-50.4083,18.9551],[-50.6916,19.2618],[-50.7757,19.6316],[-50.9508,19.936],[-50.971,20.1773],[-50.8714,20.3727],[-50.8893,20.5658],[-50.9531,20.867],[-51.0278,21.2142],[-51.3609,21.391],[-51.3352,21.5583],[-51.2675,21.7685],[-51.2971,21.9538],[-51.266,22.2084],[-51.1601,22.459],[-51.2504,22.9915],[-51.2185,23.2367],[-51.1212,23.3667],[-51.0161,23.6345],[-50.943,23.7194],[-50.8488,23.9117],[-50.806,24.2511],[-50.7406,24.617],[-50.8908,24.8427],[-51.322,25.1604],[-51.4644,25.5737],[-51.6699,25.6999],[-51.8014,25.8602],[-52.0909,25.9653],[-52.4357,25.9054],[-52.487,26.1062],[-52.6536,26.251],[-52.8372,26.518],[-52.9952,26.6356],[-53.0528,26.7897],[-53.1166,27.0762],[-53.3524,27.2864],[-53.4606,27.5122],[-53.5657,27.6188],[-53.6964,27.808],[-53.7486,28.1482],[-53.7882,28.444],[-53.8964,28.6246],[-53.8956,28.7967],[-54.0054,29.196],[-54.1065,29.4988],[-54.249,29.6608],[-54.4007,29.7643],[-54.5198,29.7308],[-54.6443,29.6966],[-54.8568,29.7371],[-55.0669,29.7332],[-55.3159,29.8834],[-55.6389,29.9317],[-55.9564,29.9247],[-56.3868,29.79],[-56.6358,29.7332],[-56.6179,30.3131],[-56.565,30.6167],[-56.6273,31.0013],[-56.614,31.2753]]},"properties":{"id":714,"group":"trails","name":"Crimson trail"}},{"type":"Feature","geometry":{"type":"LineString","coordinates":[[-47.665,35.1047],[-47.7133,34.9412],[-48.0308,34.7411],[-48.2946,34.6236],[-48.4417,34.7326],[-48.5164,35.0346],[-48.7787,35.3157],[-48.995,35.5149]]},"properties":{"id":715,"group":"trails","name":"Bolingtonese pass"}},{"type":"Feature","geometry":{"type":"LineString","coordinates":[[-47.5218,35.0985],[-47.665,35.1047]]},"properties":{"id":716,"group":"trails","name":null}},{"type":"Feature","geometry":{"type":"LineString","coordinates":[[-43.5396,-16.5724],[-43.6695,-16.7453],[-43.6516,-16.9134],[-43.5754,-17.0707],[-43.3785,-17.1999]]},"properties":{"id":717,"group":"trails","name":"The Winding Bhicran pass"}},{"type":"Feature","geometry":{"type":"LineString","coordinates":[[38.1284,-19.8133],[38.5347,-19.8981],[38.7106,-19.9978],[38.8335,-20.2173],[38.8732,-20.6431],[39.0452,-20.9296],[39.0639,-21.2285],[39.2219,-21.5189],[39.369,-21.6707],[39.5285,-21.8957],[39.9059,-22.1362],[39.7098,-22.4772],[39.4943,-22.5862],[39.3402,-22.8377],[39.1277,-22.9747],[38.8507,-23.093],[38.6211,-23.0595],[38.4172,-23.114],[38.2164,-23.2845],[37.7868,-23.4807],[37.3619,-23.5943],[37.1938,-23.5033]]},"properties":{"id":718,"group":"trails","name":"Melelendralese trail"}},{"type":"Feature","geometry":{"type":"LineString","coordinates":[[54.9004,19.8986],[55.2008,19.8916],[55.442,20.0489],[55.2856,20.1742],[55.1307,20.3525],[55.0389,20.565],[55.0708,20.8367],[55.0669,21.1963],[55.2397,21.2477],[55.4101,21.2968],[55.5665,21.5233],[55.5424,21.7459],[55.4342,21.8861],[55.2832,21.9779],[55.4498,22.0963],[55.5704,22.2434],[55.6054,22.4388],[55.6039,22.6568],[55.8156,22.5945],[56.0218,22.5252],[56.2615,22.6202],[56.4382,22.6646],[56.6094,22.7128],[56.7028,22.6132],[56.7728,22.4972],[56.8343,22.3757],[56.9106,22.2434],[57.0569,22.1391],[57.0981,21.911],[57.2086,21.7226],[57.1946,21.5755],[57.0592,21.3061]]},"properties":{"id":719,"group":"trails","name":"Crystalline trail"}},{"type":"Feature","geometry":{"type":"LineString","coordinates":[[43.2026,-21.3391],[43.0314,-21.5065],[42.794,-21.5695],[42.5349,-21.652],[42.1473,-21.4808],[41.9053,-21.3344],[41.5753,-21.3484],[41.4048,-21.3975],[41.1138,-21.5812],[40.969,-21.7065],[40.7379,-21.7797],[40.5908,-21.7595],[40.3962,-21.6411],[40.239,-21.7042],[40.1456,-21.835],[39.9059,-22.1362],[40.0982,-22.2585],[40.2733,-22.513],[40.5013,-22.6905],[40.6009,-22.9093],[40.7122,-23.0144],[40.7714,-23.1584],[40.8531,-23.388],[40.8546,-23.7345],[40.7075,-24.1844]]},"properties":{"id":720,"group":"trails","name":"Dheublalevan pass"}},{"type":"Feature","geometry":{"type":"LineString","coordinates":[[53.9346,17.2806],[54.0801,17.0657],[54.2357,16.9583],[54.298,16.8337]]},"properties":{"id":721,"group":"trails","name":"Eagle trail"}},{"type":"Feature","geometry":{"type":"LineString","coordinates":[[54.0871,2.3462],[54.2832,2.4303],[54.4785,2.54],[54.6817,2.5058],[54.7875,2.4311],[55.0513,2.2037],[54.9167,2.0698],[54.7906,1.8783],[54.6879,1.7382],[54.7175,1.3459],[54.8093,1.1505],[54.6933,0.818],[54.726,0.4296],[54.6669,0.1143],[54.6326,-0.1722],[54.5245,-0.4057],[54.5447,-0.6307],[54.5922,-0.7599],[54.3307,-1.0955],[54.2708,-1.3274],[54.2754,-1.649],[54.1307,-1.9168],[54.1462,-2.1807],[54.4427,-2.6081],[54.8015,-2.77],[55.0389,-2.9085],[55.1906,-3.1701],[55.1696,-3.4636],[55.2599,-3.6427],[55.1992,-4.0451],[55.3875,-4.2771],[55.8483,-4.5068]]},"properties":{"id":722,"group":"trails","name":"The Frosty Honkvact pass"}},{"type":"Feature","geometry":{"type":"LineString","coordinates":[[-43.1707,-18.3349],[-43.1886,-18.0126],[-43.282,-17.7534],[-43.2656,-17.5043],[-43.3785,-17.1999]]},"properties":{"id":723,"group":"trails","name":"Bhicran track"}},{"type":"Feature","geometry":{"type":"LineString","coordinates":[[-43.5754,-17.0707],[-43.7583,-17.1867]]},"properties":{"id":724,"group":"trails","name":null}},{"type":"Feature","geometry":{"type":"LineString","coordinates":[[-40.1838,47.8905],[-40.4818,48.2135],[-40.4741,48.4992],[-40.439,48.7639],[-40.5184,49.0294]]},"properties":{"id":725,"group":"trails","name":"Nosmouth pass"}},{"type":"Feature","geometry":{"type":"LineString","coordinates":[[-43.0578,43.8727],[-42.7559,43.6314]]},"properties":{"id":726,"group":"trails","name":null}},{"type":"Feature","geometry":{"type":"LineString","coordinates":[[-42.8594,43.7801],[-42.7022,43.956],[-42.6734,44.1024],[-42.7255,44.2441],[-42.8563,44.385],[-42.9279,44.5399],[-42.9831,44.6076],[-42.9979,44.694],[-43.0446,44.9213],[-43.0851,45.144],[-43.0213,45.3495],[-42.959,45.5589],[-42.8189,45.6765],[-42.6804,45.7979],[-42.4765,45.8477],[-42.2936,45.7239],[-42.2119,45.5721],[-42.1418,45.3261],[-42.0679,45.0747]]},"properties":{"id":727,"group":"trails","name":"Dunstertonese path"}},{"type":"Feature","geometry":{"type":"LineString","coordinates":[[-40.6398,46.6963],[-40.962,46.901],[-41.2663,47.0186],[-41.5161,47.4491]]},"properties":{"id":728,"group":"trails","name":"Sapphire trail"}},{"type":"Feature","geometry":{"type":"LineString","coordinates":[[-43.6104,-15.787],[-43.924,-15.5783],[-44.1139,-15.2669],[-44.405,-15.1696],[-44.7863,-15.2031],[-45.0221,-15.0855],[-45.4968,-14.8263]]},"properties":{"id":729,"group":"trails","name":"Korkrukh pass"}},{"type":"Feature","geometry":{"type":"LineString","coordinates":[[-48.4417,34.7326],[-48.6355,34.5278],[-48.9289,34.4897],[-49.4028,34.443],[-49.5056,34.2795],[-49.5733,34.067],[-49.7499,33.8825],[-49.9492,33.7276],[-50.0363,33.561],[-50.1811,33.4543],[-50.3725,33.4263],[-50.557,33.5181],[-50.6714,33.6567],[-50.7562,33.8225],[-50.7414,34.0148],[-50.7313,34.2063],[-50.8037,34.3978]]},"properties":{"id":730,"group":"trails","name":"Kenter trail"}},{"type":"Feature","geometry":{"type":"LineString","coordinates":[[55.442,20.0489],[55.6428,20.2193],[55.9128,20.2606],[56.1269,20.4381],[56.3448,20.621],[56.4459,21.0243],[56.6779,21.2306],[56.8623,21.3186],[57.0592,21.3061]]},"properties":{"id":731,"group":"trails","name":"Sioszils trail"}},{"type":"Feature","geometry":{"type":"LineString","coordinates":[[-42.4251,46.4331],[-42.2687,46.7313],[-42.0228,46.901],[-41.9963,46.9866],[-41.8282,47.1003],[-41.6663,47.3245],[-41.5161,47.4491]]},"properties":{"id":732,"group":"trails","name":"Mitfordley pass"}},{"type":"Feature","geometry":{"type":"LineString","coordinates":[[51.0286,-1.9549],[50.9944,-2.4329]]},"properties":{"id":733,"group":"trails","name":null}},{"type":"Feature","geometry":{"type":"LineString","coordinates":[[43.6983,-20.3777],[43.6913,-20.5692],[43.5878,-20.6431],[43.5263,-20.777],[43.3162,-20.9919],[43.2026,-21.3391],[43.5349,-21.4847],[43.7505,-21.726],[44.0104,-22.1962],[43.8664,-22.4632],[43.854,-22.6353],[43.8392,-22.8034],[43.7684,-23.0167],[43.7046,-23.2316],[43.5209,-23.2931],[43.2757,-23.2721],[43.1567,-23.4098],[42.9216,-23.5157],[42.7753,-23.6551],[42.58,-23.6691],[42.366,-23.5889],[42.029,-23.4558],[41.885,-23.4441],[41.541,-23.5655],[41.3877,-23.7064],[41.2904,-23.7041],[41.1418,-23.6823],[40.8546,-23.7345]]},"properties":{"id":734,"group":"trails","name":"Altadagaskan path"}},{"type":"Feature","geometry":{"type":"LineString","coordinates":[[54.4427,-2.6081],[54.1999,-2.7528],[54.0614,-2.8649],[53.8583,-2.9078],[53.5127,-2.9319],[53.1524,-3.0526],[52.9843,-3.2651],[52.5034,-3.4076]]},"properties":{"id":735,"group":"trails","name":"Gler track"}},{"type":"Feature","geometry":{"type":"LineString","coordinates":[[-42.4127,47.3541],[-42.2609,47.0419],[-42.0228,46.901]]},"properties":{"id":736,"group":"trails","name":null}},{"type":"Feature","geometry":{"type":"LineString","coordinates":[[-42.4251,46.4331],[-42.5037,46.2774],[-42.6656,46.1708],[-43.0625,46.0743],[-43.4415,46.3187]]},"properties":{"id":737,"group":"trails","name":"Tintalean path"}},{"type":"Feature","geometry":{"type":"LineString","coordinates":[[-42.2936,45.7239],[-42.2804,45.9053],[-42.5037,46.2774]]},"properties":{"id":738,"group":"trails","name":null}},{"type":"Feature","geometry":{"type":"LineString","coordinates":[[-52.1337,12.9406],[-52.2497,13.0394],[-52.2364,13.1858],[-52.1524,13.3228],[-52.0746,13.6062],[-52.1329,13.895],[-52.2434,13.9744],[-52.2823,14.3068],[-52.4411,14.5224],[-52.7913,14.6734],[-52.9477,14.7023],[-53.2193,14.8486],[-53.4162,15.1078],[-53.5734,15.2052],[-54.1159,15.2371],[-53.8785,15.4916],[-53.6513,15.5726],[-53.5096,15.7104],[-53.3812,15.8482],[-53.1734,16.0148],[-53.0723,16.2172],[-52.831,16.3861]]},"properties":{"id":739,"group":"trails","name":"Saragelmond track"}},{"type":"Feature","geometry":{"type":"LineString","coordinates":[[-42.4127,47.3541],[-42.5465,47.6289],[-42.6275,48.0251],[-42.2835,47.9823],[-42.1792,47.9465],[-42.0998,47.9636],[-41.773,48.1692],[-41.6445,48.4658],[-41.5084,48.841],[-41.3582,49.2279],[-40.9807,49.1858],[-40.7262,49.1158],[-40.5184,49.0294]]},"properties":{"id":740,"group":"trails","name":"Nosmouth trail"}},{"type":"Feature","geometry":{"type":"LineString","coordinates":[[-52.4357,25.9054],[-52.589,25.7839],[-52.6699,25.5792],[-52.8092,25.4009],[-52.9921,25.3215],[-53.2302,25.1028],[-53.6248,25.3425],[-53.8334,25.5714],[-54.0715,25.6531],[-54.3322,25.5589],[-54.561,25.6072],[-54.7447,25.7933],[-54.9284,25.9544],[-55.0132,26.1786],[-55.1906,26.4301],[-55.4428,26.5406],[-55.544,26.6076],[-55.6926,26.8037],[-55.7728,27.0941],[-55.9914,27.2911],[-56.1105,27.4631],[-56.2973,27.6243],[-56.3915,27.7831],[-56.4436,28.1606],[-56.5549,28.2984],[-56.737,28.4588],[-56.8732,28.588],[-57.3627,28.8753],[-57.0857,29.1991],[-56.9448,29.5074],[-56.6358,29.7332]]},"properties":{"id":741,"group":"trails","name":"Blandbutean path"}},{"type":"Feature","geometry":{"type":"LineString","coordinates":[[44.8579,-21.8256],[44.6167,-21.6466],[44.3552,-21.6551],[44.1785,-21.7797],[44.0952,-21.9891],[44.0104,-22.1962]]},"properties":{"id":742,"group":"trails","name":"Wandering trail"}},{"type":"Feature","geometry":{"type":"LineString","coordinates":[[51.5057,-12.002],[51.4979,-12.1016],[51.5282,-12.2744],[51.4808,-12.4691],[51.2893,-12.6637],[51.2099,-12.8606],[51.0418,-13.1222],[50.6216,-13.2639],[50.3982,-13.3145],[50.213,-13.2756],[49.7087,-13.179]]},"properties":{"id":743,"group":"trails","name":"Haragnorthor trail"}},{"type":"Feature","geometry":{"type":"LineString","coordinates":[[-53.1477,-8.5144],[-52.9804,-8.2816],[-52.7158,-8.1672],[-52.3796,-8.0099],[-52.2279,-7.7258],[-52.1337,-7.5265],[-52.0738,-7.2673],[-52.1423,-7.0072],[-52.0434,-6.5775],[-51.9438,-6.1782],[-51.8971,-6.0964],[-51.7166,-5.9477],[-51.4901,-5.7959],[-51.3578,-5.5492],[-51.1337,-5.4806],[-50.9352,-5.4114],[-50.6955,-5.1537],[-50.5648,-5.0509],[-50.4869,-4.8197],[-50.4122,-4.6391],[-50.4146,-4.4266],[-50.4247,-4.2203],[-50.2823,-4.0218],[-50.1048,-3.9229],[-49.8931,-3.9284],[-49.6877,-3.7524],[-49.4277,-3.7197],[-49.1764,-3.7368],[-48.9343,-3.6022]]},"properties":{"id":744,"group":"trails","name":"Morbrugh trail"}},{"type":"Feature","geometry":{"type":"LineString","coordinates":[[-49.5585,-10.0278],[-49.7087,-10.2854],[-49.6994,-10.6241],[-49.4939,-11.0304],[-49.8254,-10.9658],[-49.9678,-10.9736],[-50.2574,-10.8607],[-50.4846,-10.8864],[-50.8169,-10.7175],[-51.1438,-10.6381],[-51.3741,-10.6513],[-51.6535,-10.4692],[-51.9026,-10.2465],[-51.9781,-9.9413],[-52.1026,-9.7023],[-52.2333,-9.5918],[-52.5392,-9.5521],[-52.7828,-9.3178],[-52.9065,-9.1582],[-52.9501,-8.9846],[-53.1477,-8.5144]]},"properties":{"id":745,"group":"trails","name":"Khorbruz pass"}},{"type":"Feature","geometry":{"type":"LineString","coordinates":[[-46.5747,-13.5177],[-46.7942,-13.3379],[-47.0961,-13.1884],[-47.3475,-13.0794],[-47.479,-12.9136],[-47.5288,-12.6933],[-47.6611,-12.5695],[-47.8775,-12.4994],[-48.1141,-12.6014],[-48.2822,-12.624],[-48.4347,-12.6115],[-48.5546,-12.515],[-48.6269,-12.4442],[-48.6526,-12.3749],[-48.6176,-12.0588],[-48.7803,-11.8299],[-48.9437,-11.6042],[-49.1063,-11.2873],[-49.4939,-11.0304]]},"properties":{"id":746,"group":"trails","name":"Bhogradian trail"}},{"type":"Feature","geometry":{"type":"LineString","coordinates":[[-49.2721,33.0728],[-49.5235,33.2729],[-49.7025,33.6069],[-49.7499,33.8825]]},"properties":{"id":747,"group":"trails","name":"Chinsey pass"}},{"type":"Feature","geometry":{"type":"LineString","coordinates":[[-49.5904,32.2679],[-49.9243,32.3115],[-50.0931,32.4485],[-50.2667,32.4828],[-50.6309,32.5762],[-51.0239,32.4586],[-51.2932,32.51],[-51.6839,32.51],[-51.6356,32.1371]]},"properties":{"id":748,"group":"trails","name":"The Winding Sazionrith pass"}},{"type":"Feature","geometry":{"type":"LineString","coordinates":[[-53.2302,25.1028],[-53.3197,24.8155],[-53.3306,24.55],[-53.4917,24.234],[-53.7112,24.0394],[-54.1027,23.9257],[-54.3743,23.9319],[-54.8186,23.7669],[-55.1961,23.7373],[-55.4576,23.8214],[-55.6109,24.0323],[-55.7494,24.0868],[-55.9354,24.0183],[-56.2537,23.8463],[-56.4397,23.6657],[-56.7028,23.4571],[-56.9619,23.408],[-57.1067,23.3068],[-57.2001,23.2827],[-57.5106,23.313],[-58.088,23.6081],[-58.2842,23.6431],[-58.4717,23.7505],[-58.7277,23.7762],[-58.948,23.721],[-59.0951,23.7498],[-59.1799,23.9218],[-59.2998,24.1515],[-59.5519,24.3554],[-59.7838,24.543],[-60.0189,24.6668],[-60.2344,24.8186],[-60.6772,24.9299],[-60.6399,25.197],[-60.7325,25.4577],[-60.8555,25.5465],[-61.0228,25.6656],[-61.201,25.6781],[-61.4967,25.6999],[-61.6578,25.7543],[-61.9847,25.8267],[-62.4446,25.689],[-62.5653,25.8618],[-62.6641,26.0354],[-62.7583,26.2121],[-62.8843,26.4597],[-62.8898,26.736],[-62.8408,27.0202],[-62.9949,27.3082],[-63.0859,27.446],[-63.24,27.5378],[-63.4003,27.7216],[-63.5373,27.8259],[-63.6066,27.9691],[-63.7848,28.1139],[-63.9692,28.2649],[-64.0618,28.4284],[-63.9949,28.7211],[-63.9824,28.9835],[-64.0688,29.1983],[-64.2284,29.3595],[-64.3871,29.516],[-64.3988,29.8982],[-64.2673,30.1333],[-64.3155,30.4603],[-64.5257,30.7685],[-64.4899,31.0597],[-64.398,31.4505],[-64.6618,31.6521],[-64.9817,31.7307],[-65.2751,31.723],[-65.6059,31.7743],[-65.9366,31.9036],[-66.3888,32.1667],[-66.658,32.3185],[-66.8394,32.373],[-66.8261,32.7202]]},"properties":{"id":749,"group":"trails","name":"Gatford trail"}},{"type":"Feature","geometry":{"type":"LineString","coordinates":[[46.051,-14.7835],[46.3708,-14.9252],[46.6455,-14.9758],[46.7934,-15.1603],[46.8736,-15.4436],[46.9428,-15.6702],[46.9086,-15.8547],[47.0051,-16.0042],[47.1335,-16.0882],[47.2541,-16.3436],[47.3273,-16.5475],[47.4744,-16.6768],[47.7133,-16.7079],[47.8503,-16.7787],[48.0448,-17.0356],[48.0721,-17.1205],[48.1452,-17.4638],[48.3188,-17.6997],[48.4347,-17.7884],[48.4931,-18.1177],[48.4012,-18.4548],[48.2915,-18.7849]]},"properties":{"id":750,"group":"trails","name":"Moonlit track"}},{"type":"Feature","geometry":{"type":"LineString","coordinates":[[-49.9188,36.9684],[-49.7943,37.1824]]},"properties":{"id":751,"group":"trails","name":null}},{"type":"Feature","geometry":{"type":"LineString","coordinates":[[-51.1928,34.3729],[-50.8037,34.3978]]},"properties":{"id":752,"group":"trails","name":null}},{"type":"Feature","geometry":{"type":"LineString","coordinates":[[-46.3514,-16.7546],[-46.2977,-17.0146],[-46.3031,-17.2217],[-46.2276,-17.3883],[-46.1591,-17.5494]]},"properties":{"id":753,"group":"trails","name":"Zrazgilese trail"}},{"type":"Feature","geometry":{"type":"LineString","coordinates":[[-46.2977,-17.0146],[-46.4416,-16.9936],[-46.5623,-16.8978]]},"properties":{"id":754,"group":"trails","name":null}},{"type":"Feature","geometry":{"type":"LineString","coordinates":[[-46.2276,-17.3883],[-45.9428,-17.3392],[-45.7124,-17.4272],[-45.4766,-17.5385],[-45.1957,-17.6818],[-44.9279,-17.6958],[-44.7062,-17.5206],[-44.3349,-17.5354],[-44.1419,-17.3805],[-43.9489,-17.2256]]},"properties":{"id":755,"group":"trails","name":"Qirzodhan path"}},{"type":"Feature","geometry":{"type":"LineString","coordinates":[[53.0388,-7.3529],[53.3252,-6.9691],[53.5291,-6.6826],[53.8723,-6.5666],[54.091,-6.5355],[54.3042,-6.3922],[54.6015,-6.0303],[54.7774,-5.6784]]},"properties":{"id":756,"group":"trails","name":"Hisan pass"}},{"type":"Feature","geometry":{"type":"LineString","coordinates":[[-49.3375,35.4371],[-49.5134,35.49],[-49.6293,35.613],[-49.8698,35.7897],[-49.9632,36.1253],[-49.8854,36.3113],[-49.8021,36.4943],[-49.6441,36.6149],[-49.4853,36.7403],[-49.5741,36.9707],[-49.7943,37.1824]]},"properties":{"id":757,"group":"trails","name":"The Misty Hinckwar trail"}},{"type":"Feature","geometry":{"type":"LineString","coordinates":[[-51.7041,32.7887],[-51.529,32.8829],[-51.4302,33.0534],[-51.3796,33.4442],[-51.4029,33.7657],[-51.3547,34.1222],[-51.1928,34.3729],[-51.1119,34.6181],[-51.1796,34.8634],[-51.3485,34.9062],[-51.5819,34.8867],[-51.8123,34.8657],[-51.9983,34.8602],[-52.1967,34.9023],[-52.3936,34.9404],[-52.5703,35.0658],[-52.7042,35.2253],[-52.6575,35.3904],[-52.5158,35.4861],[-52.4925,35.5951],[-52.3446,35.9065],[-52.245,36.1401],[-52.0854,36.2817],[-51.8543,36.2958],[-51.8232,36.3736],[-51.8302,36.7987],[-51.5485,37.3]]},"properties":{"id":758,"group":"trails","name":"Barestertonese trail"}},{"type":"Feature","geometry":{"type":"LineString","coordinates":[[-51.7041,32.7887],[-52.0037,32.7498],[-52.4053,32.8743]]},"properties":{"id":759,"group":"trails","name":null}},{"type":"Feature","geometry":{"type":"LineString","coordinates":[[-51.6839,32.51],[-51.7041,32.7887]]},"properties":{"id":760,"group":"trails","name":null}},{"type":"Feature","geometry":{"type":"LineString","coordinates":[[50.3624,-14.9345],[50.7593,-15.0256]]},"properties":{"id":761,"group":"trails","name":null}},{"type":"Feature","geometry":{"type":"LineString","coordinates":[[49.5811,-13.5021],[49.89,-13.9614],[50.062,-14.0836],[50.1616,-14.2495],[50.2869,-14.311],[50.3772,-14.5359],[50.3624,-14.9345]]},"properties":{"id":762,"group":"trails","name":"Zornejas pass"}},{"type":"Feature","geometry":{"type":"LineString","coordinates":[[-45.2237,46.4939],[-44.9941,46.5951],[-44.7879,46.5951],[-44.605,46.6939],[-44.4454,46.8909],[-44.1583,46.9641],[-43.9762,46.852],[-43.8454,46.6441],[-43.7014,46.5016],[-43.4415,46.3187]]},"properties":{"id":763,"group":"trails","name":"The Cobbled Tintalean trail"}},{"type":"Feature","geometry":{"type":"LineString","coordinates":[[-54.1159,15.2371],[-54.3361,15.1148],[-54.4894,14.9701],[-54.6778,14.9202],[-55.056,14.9825],[-55.3992,14.8782],[-55.7198,14.6112],[-55.8763,15.0354],[-56.042,15.2519],[-56.1416,15.4512],[-56.2436,15.5835],[-56.2716,15.7984],[-56.4195,16.2125],[-56.4747,16.4772],[-56.5915,16.6298],[-56.7448,16.8368],[-56.9783,16.9707],[-57.3222,17.2814],[-57.4265,17.4394],[-57.6203,17.5671],[-57.9192,17.6714],[-58.081,17.8177],[-58.3223,18.1517],[-58.7947,18.3969],[-58.9822,18.2895],[-59.1861,18.1587],[-59.2655,18.0201]]},"properties":{"id":764,"group":"trails","name":"Feltondenese trail"}},{"type":"Feature","geometry":{"type":"LineString","coordinates":[[48.3872,-19.2053],[48.381,-18.9741],[48.2806,-18.8549],[48.1686,-18.8051],[47.8985,-18.8005],[47.6129,-18.9063],[47.4277,-19.0332],[47.3405,-19.1866],[47.2782,-19.3454],[47.1358,-19.4902],[46.9592,-19.677],[46.7848,-19.8646],[46.7179,-20.0585],[46.6432,-20.2469],[46.5778,-20.4399],[46.5109,-20.6353],[46.2354,-20.8214],[46.0058,-20.907],[45.8151,-20.8915],[45.6486,-20.8627],[45.4735,-20.9195],[45.3443,-21.153],[45.2229,-21.2519],[45.1381,-21.4286],[45.026,-21.5718],[44.9062,-21.6699],[44.8579,-21.8256]]},"properties":{"id":765,"group":"trails","name":"Aljothanduman path"}},{"type":"Feature","geometry":{"type":"LineString","coordinates":[[55.3206,-6.8453],[55.6109,-6.7348]]},"properties":{"id":766,"group":"trails","name":null}},{"type":"Feature","geometry":{"type":"LineString","coordinates":[[-44.9941,46.5951],[-44.9458,46.845],[-45.1186,47.1447],[-45.2961,47.3214],[-45.1396,47.5082],[-44.9513,47.6678],[-44.8042,48.0859],[-44.819,48.5654],[-44.7746,48.8114],[-44.5972,48.9897],[-44.2626,49.1033],[-44.012,49.4015]]},"properties":{"id":767,"group":"trails","name":"The Shaky Chistorough path"}},{"type":"Feature","geometry":{"type":"LineString","coordinates":[[-45.2237,46.4939],[-45.4603,46.4004]]},"properties":{"id":768,"group":"trails","name":null}},{"type":"Feature","geometry":{"type":"LineString","coordinates":[[-44.282,-21.3819],[-44.2711,-21.1834],[-44.3365,-21.0238],[-44.4065,-20.8634],[-44.4322,-20.6338],[-44.2805,-20.4267],[-44.0135,-20.2687],[-43.8221,-20.0951],[-43.7691,-20.0164],[-43.8252,-19.6599],[-43.9715,-19.4443],[-43.9411,-19.2668],[-43.8415,-18.9702],[-43.5186,-18.6066],[-43.1707,-18.3349]]},"properties":{"id":769,"group":"trails","name":"Nudhan trail"}},{"type":"Feature","geometry":{"type":"LineString","coordinates":[[-41.9745,-21.8996],[-42.173,-21.8879],[-42.3683,-21.8723],[-42.5854,-21.8879],[-42.794,-21.842],[-42.9746,-21.6855],[-43.1411,-21.4683],[-43.3481,-21.3258],[-43.6641,-21.2745],[-43.8695,-21.4053],[-44.0766,-21.4395],[-44.282,-21.3819]]},"properties":{"id":770,"group":"trails","name":"Qiccozzan trail"}},{"type":"Feature","geometry":{"type":"LineString","coordinates":[[-35.6599,-23.5336],[-35.9315,-23.3904],[-36.147,-23.2993],[-36.3362,-23.3125],[-36.4996,-23.3367],[-36.6552,-23.2736],[-36.8148,-23.2534],[-37.0054,-23.2627],[-37.2514,-23.2222],[-37.5144,-23.3164],[-37.8849,-23.1732],[-38.1557,-23.1327],[-38.3993,-23.2261],[-38.579,-23.3273],[-38.8483,-23.3234],[-39.0351,-23.3242],[-39.1798,-23.4083],[-39.3962,-23.36],[-39.5347,-23.2269],[-39.6063,-23.0728],[-39.6546,-22.9513],[-39.7993,-22.8377],[-39.9916,-22.7263],[-40.1573,-22.6119],[-40.3176,-22.4998],[-40.4064,-22.2849],[-40.625,-22.2211],[-40.8002,-22.2616],[-40.99,-22.1759],[-41.1753,-22.0841],[-41.3247,-21.9969],[-41.4741,-21.905],[-41.5659,-21.7089],[-41.6282,-21.5376],[-41.7761,-21.385]]},"properties":{"id":771,"group":"trails","name":"Adol trail"}},{"type":"Feature","geometry":{"type":"LineString","coordinates":[[-45.9264,39.2758],[-46.1047,39.4603],[-46.3148,39.5327],[-46.4556,39.7701],[-46.693,40.0021],[-46.8339,40.5766],[-46.8813,40.765],[-47.0082,40.8997],[-47.1265,41.0967],[-47.3016,41.1675],[-47.4845,41.2741],[-47.672,41.2921],[-47.7615,41.3668],[-47.9117,41.4602],[-48.0759,41.7825],[-48.0152,42.0612]]},"properties":{"id":772,"group":"trails","name":"Guildenan trail"}},{"type":"Feature","geometry":{"type":"LineString","coordinates":[[56,-5.1475],[55.8537,-5.409],[55.7549,-5.5375],[55.5977,-5.5943],[55.3727,-5.5873],[55.0171,-5.4402]]},"properties":{"id":773,"group":"trails","name":"Bhiasinx path"}},{"type":"Feature","geometry":{"type":"LineString","coordinates":[[-46.6681,44.912],[-46.7164,44.694],[-46.6922,44.434]]},"properties":{"id":774,"group":"trails","name":null}},{"type":"Feature","geometry":{"type":"LineString","coordinates":[[-46.4813,44.3896],[-46.6681,44.912]]},"properties":{"id":775,"group":"trails","name":null}},{"type":"Feature","geometry":{"type":"LineString","coordinates":[[-53.4637,30.1185],[-53.2917,30.5537],[-53.2933,30.7942],[-53.14,31.0792],[-53.1306,31.3368],[-53.1976,31.5291],[-53.3408,31.656],[-53.5555,31.716],[-53.7377,31.9752],[-53.9237,32.2368],[-53.9244,32.4034],[-53.9252,32.5723],[-54.0023,32.7381],[-54.175,32.9405]]},"properties":{"id":776,"group":"trails","name":"Sidbury trail"}},{"type":"Feature","geometry":{"type":"LineString","coordinates":[[-49.9188,36.9684],[-50.1647,37.0672],[-50.4091,37.0602],[-50.5951,37.0532],[-50.9251,37.1887],[-51.2675,37.1801],[-51.5485,37.3],[-51.5819,37.5164],[-51.6987,37.813],[-51.8823,37.9711],[-51.8987,38.0691],[-52.1462,38.3883],[-52.4792,38.4529],[-52.8108,38.4631],[-52.947,38.6335],[-53.4232,38.7075],[-53.6902,39.0041],[-53.8466,39.1761],[-53.9968,39.342],[-54.2279,39.4408],[-54.1945,39.7281],[-54.133,39.7779],[-53.9984,40.1267],[-53.7859,40.3407],[-53.5921,40.723],[-53.7128,41.0095],[-53.8762,41.1543],[-54.0365,41.3668],[-54.2972,41.4228],[-54.533,41.3458],[-55.1229,41.2625],[-55.1105,41.4906],[-55.2241,41.6517],[-55.1906,41.8635],[-55.056,42.0674],[-55.0607,42.2978],[-55.1035,42.5057],[-55.1541,42.7463],[-55.07,43.1666],[-54.9751,43.3348],[-54.7284,43.4469],[-54.47,43.4095],[-54.0723,43.5714],[-53.8715,43.601],[-53.7415,43.6991],[-53.4606,43.7123],[-53.1999,43.6096],[-53.0178,43.436],[-52.7127,43.0794]]},"properties":{"id":777,"group":"trails","name":"Yeoverbury trail"}},{"type":"Feature","geometry":{"type":"LineString","coordinates":[[-53.4637,30.1185],[-53.5338,30.0874],[-53.7781,29.9659],[-53.9805,29.7495],[-54.1065,29.4988]]},"properties":{"id":778,"group":"trails","name":"Stansbury track"}},{"type":"Feature","geometry":{"type":"LineString","coordinates":[[55.4708,-6.4717],[55.3206,-6.8453]]},"properties":{"id":779,"group":"trails","name":null}},{"type":"Feature","geometry":{"type":"LineString","coordinates":[[55.0513,2.2037],[55.3821,2.3003],[55.6778,2.3633],[55.9377,2.2139],[56.0335,1.9827],[56.1767,1.732],[56.3308,1.5708],[56.4483,1.3778],[56.7129,1.2338],[56.8312,1.0718],[56.9783,0.966],[57.0491,0.8219],[57.2997,0.5853],[57.6164,0.3821],[57.7386,0.1587],[57.9565,0.031],[58.1884,-0.3302],[58.3363,-0.721],[58.4787,-1.0597],[58.6491,-1.2566],[58.4344,-1.234],[58.1697,-1.3088],[58.0102,-1.5003],[57.8265,-1.5734],[57.6063,-1.9292],[57.962,-2.2258],[58.1947,-2.5357],[58.2655,-2.7334],[58.1184,-3.0557],[57.9301,-3.195],[57.6234,-3.2402]]},"properties":{"id":780,"group":"trails","name":"Shasinx trail"}},{"type":"Feature","geometry":{"type":"LineString","coordinates":[[-49.9188,36.9684],[-50.1289,37.4518],[-50.0986,37.7624],[-50.083,38.1345],[-50.2278,38.4054],[-50.4216,38.7526],[-50.3009,39.1154]]},"properties":{"id":781,"group":"trails","name":"Searestedbuan trail"}},{"type":"Feature","geometry":{"type":"LineString","coordinates":[[-43.6236,48.9609],[-43.4345,49.0706],[-43.1932,49.3665]]},"properties":{"id":782,"group":"trails","name":null}},{"type":"Feature","geometry":{"type":"LineString","coordinates":[[-42.6275,48.0251],[-42.9372,48.0026],[-43.1839,47.9667],[-43.3427,48.1365],[-43.3855,48.3934],[-43.4905,48.6534],[-43.6236,48.9609],[-43.8843,49.1594],[-44.012,49.4015]]},"properties":{"id":783,"group":"trails","name":"Chistorough track"}},{"type":"Feature","geometry":{"type":"LineString","coordinates":[[-42.8189,45.6765],[-43.0314,45.9318],[-43.0625,46.0743]]},"properties":{"id":784,"group":"trails","name":null}},{"type":"Feature","geometry":{"type":"LineString","coordinates":[[-47.0767,44.592],[-47.3755,44.5531],[-47.7763,44.6722]]},"properties":{"id":785,"group":"trails","name":null}},{"type":"Feature","geometry":{"type":"LineString","coordinates":[[-50.4216,38.7526],[-50.6636,38.7316],[-50.8799,38.7604],[-51.3337,38.7441],[-51.708,39.008],[-51.8815,39.3513],[-52.1796,39.588]]},"properties":{"id":786,"group":"trails","name":"Tutreditonese pass"}},{"type":"Feature","geometry":{"type":"LineString","coordinates":[[-53.3408,31.656],[-53.2396,31.7806],[-52.9042,31.983],[-52.7516,32.1986],[-52.4956,32.422],[-52.4053,32.8743]]},"properties":{"id":787,"group":"trails","name":"Ebon pass"}},{"type":"Feature","geometry":{"type":"LineString","coordinates":[[48.3872,-19.2053],[48.5655,-19.4209],[48.8114,-19.5058],[49.2441,-19.7502],[49.3476,-19.4326],[49.5196,-19.6537],[49.6978,-19.874],[49.7219,-20.0974],[49.7515,-20.3154],[49.8068,-20.4033],[50.0402,-20.5256],[50.1344,-20.7747],[50.192,-20.995],[50.1274,-21.153],[49.9857,-21.2721],[50.0916,-21.4668],[50.3297,-21.6442],[50.6698,-21.7314],[50.3554,-22.2328],[50.6869,-22.1993],[50.8263,-22.3713],[50.8714,-22.629],[50.8986,-22.8657],[50.9617,-22.9365],[51.2029,-23.142],[51.3002,-23.1763],[51.631,-23.1825],[51.8543,-23.413],[51.9944,-23.6356]]},"properties":{"id":788,"group":"trails","name":"Tantham trail"}},{"type":"Feature","geometry":{"type":"LineString","coordinates":[[55.8389,-5.1039],[56,-5.1475]]},"properties":{"id":789,"group":"trails","name":null}},{"type":"Feature","geometry":{"type":"LineString","coordinates":[[-46.0938,47.6359],[-45.9832,47.495],[-45.8634,47.2957],[-45.7334,47.2568],[-45.4898,47.2568],[-45.2961,47.3214]]},"properties":{"id":790,"group":"trails","name":"Knazionese pass"}},{"type":"Feature","geometry":{"type":"LineString","coordinates":[[57.3479,3.9117],[57.5129,3.809],[57.7246,3.6291],[57.8608,3.482],[58.0016,3.2041],[58.0024,2.8849],[58.0686,2.642],[58.0203,2.4015],[58.088,2.1321],[58.0546,1.5451],[58.3799,1.7133],[58.9316,1.7592],[59.0032,1.1824],[59.1301,1.0524],[59.1503,0.7301],[59.1659,0.5238],[59.0422,0.2544],[58.9892,-0.0531],[59.1106,-0.3925],[59.0655,-0.5708],[59.1324,-0.879]]},"properties":{"id":791,"group":"trails","name":"Chox trail"}},{"type":"Feature","geometry":{"type":"LineString","coordinates":[[58.0546,1.5451],[57.7845,1.3902],[57.6304,1.1754],[57.446,0.9714],[57.2997,0.5853]]},"properties":{"id":792,"group":"trails","name":"Srurdvelb trail"}},{"type":"Feature","geometry":{"type":"LineString","coordinates":[[-50.0605,-14.8201],[-49.9507,-15.2373],[-49.855,-15.4608],[-49.5927,-15.6367],[-49.4885,-15.9824],[-49.4511,-16.2533],[-49.3468,-16.4144],[-49.5764,-16.6534],[-49.6916,-16.7889],[-50.0449,-16.9695]]},"properties":{"id":793,"group":"trails","name":"Rezggekh trail"}},{"type":"Feature","geometry":{"type":"LineString","coordinates":[[-48.6565,44.4558],[-48.5546,44.2285],[-48.3904,43.9358]]},"properties":{"id":794,"group":"trails","name":null}},{"type":"Feature","geometry":{"type":"LineString","coordinates":[[-47.8775,44.2441],[-47.8246,44.4433],[-47.7763,44.6722]]},"properties":{"id":795,"group":"trails","name":null}},{"type":"Feature","geometry":{"type":"LineString","coordinates":[[51.5282,-12.2744],[51.6644,-12.4566],[52.0395,-12.6022],[52.2139,-12.6839],[52.4185,-12.6785],[52.68,-12.6162],[53.0637,-12.5656],[53.4653,-12.5773]]},"properties":{"id":796,"group":"trails","name":"The Silent Chox trail"}},{"type":"Feature","geometry":{"type":"LineString","coordinates":[[52.7781,-15.5783],[52.5625,-15.6686],[52.3983,-15.6554],[52.1539,-15.5814],[51.8224,-15.5347],[51.4979,-15.3097],[51.1687,-15.3557],[50.8994,-15.1533],[50.7593,-15.0256]]},"properties":{"id":797,"group":"trails","name":"Darvuroth trail"}},{"type":"Feature","geometry":{"type":"LineString","coordinates":[[-50.0605,-14.8201],[-50.1593,-14.4822],[-50.2153,-14.4355],[-50.4029,-14.3055],[-50.634,-14.3024],[-50.8247,-14.4293],[-50.9523,-14.5219]]},"properties":{"id":798,"group":"trails","name":"Egnudan pass"}},{"type":"Feature","geometry":{"type":"LineString","coordinates":[[-51.3002,-13.2086],[-51.1305,-12.9556],[-51.4068,-12.8272],[-51.7189,-12.4846],[-51.673,-12.2869],[-51.7282,-12.023],[-51.6278,-11.6797],[-51.4963,-11.4944],[-51.3866,-11.2126],[-51.2232,-11.0655],[-51.1329,-10.8366],[-51.1438,-10.6381]]},"properties":{"id":799,"group":"trails","name":"Adudan track"}},{"type":"Feature","geometry":{"type":"LineString","coordinates":[[-47.4728,-17.1625],[-47.5786,-16.9578],[-47.8339,-16.6651],[-47.9187,-16.6472],[-48.2355,-16.4533],[-48.476,-16.4238],[-48.6526,-16.4043],[-48.8441,-16.4712],[-49.0807,-16.5102],[-49.3468,-16.4144]]},"properties":{"id":800,"group":"trails","name":"Rebunese track"}},{"type":"Feature","geometry":{"type":"LineString","coordinates":[[-51.708,39.008],[-51.7773,38.7822],[-52.1462,38.3883]]},"properties":{"id":801,"group":"trails","name":null}},{"type":"Feature","geometry":{"type":"LineString","coordinates":[[55.8537,-5.409],[55.9806,-5.5421],[56.1736,-5.5943],[56.3922,-5.6029],[56.5315,-5.6153],[56.6249,-5.6799],[56.7339,-5.7811]]},"properties":{"id":802,"group":"trails","name":"Theltan trail"}},{"type":"Feature","geometry":{"type":"LineString","coordinates":[[54.8365,-11.826],[54.6996,-12.1818],[54.5377,-12.3235],[54.3237,-12.6785],[53.9205,-12.7524],[53.4653,-12.5773]]},"properties":{"id":803,"group":"trails","name":"Chox path"}},{"type":"Feature","geometry":{"type":"LineString","coordinates":[[-50.4052,42.241],[-49.9694,42.2543],[-49.7359,42.1001]]},"properties":{"id":804,"group":"trails","name":null}},{"type":"Feature","geometry":{"type":"LineString","coordinates":[[-49.5616,42.3523],[-49.4316,42.178],[-49.2379,41.9903],[-48.9227,41.9109],[-48.7009,41.9156],[-48.4106,42.0378],[-48.0152,42.0612]]},"properties":{"id":805,"group":"trails","name":"The Rustic Guildenese trail"}},{"type":"Feature","geometry":{"type":"LineString","coordinates":[[-54.1968,34.5271],[-54.0505,34.5901],[-53.9423,34.71],[-53.8256,34.8704],[-53.761,35.0689]]},"properties":{"id":806,"group":"trails","name":"Blandhurst path"}},{"type":"Feature","geometry":{"type":"LineString","coordinates":[[58.6554,-3.0619],[58.5083,-3.2978]]},"properties":{"id":807,"group":"trails","name":null}},{"type":"Feature","geometry":{"type":"LineString","coordinates":[[57.9301,-3.195],[57.9207,-3.5002],[57.7876,-3.7462],[57.8359,-4.0576],[57.6654,-4.1782],[57.4732,-4.2008],[57.2631,-4.1705],[56.9736,-4.2732],[56.7495,-4.1775],[56.4957,-4.063]]},"properties":{"id":808,"group":"trails","name":"Celestial trail"}},{"type":"Feature","geometry":{"type":"LineString","coordinates":[[58.6491,-1.2566],[58.7558,-1.7276],[58.783,-1.8358],[58.9682,-1.9619],[59.1931,-1.9899]]},"properties":{"id":809,"group":"trails","name":"Utiarm trail"}},{"type":"Feature","geometry":{"type":"LineString","coordinates":[[58.6491,-1.2566],[58.797,-1.0791],[59.1324,-0.879]]},"properties":{"id":810,"group":"trails","name":null}},{"type":"Feature","geometry":{"type":"LineString","coordinates":[[54.1867,-14.2222],[54.1104,-14.0393],[54.1532,-13.6236],[53.9875,-13.302],[53.7914,-13.1627],[53.5921,-13.0311],[53.4653,-12.5773]]},"properties":{"id":811,"group":"trails","name":"The Rustic Chox trail"}},{"type":"Feature","geometry":{"type":"LineString","coordinates":[[56.6249,-5.6799],[56.4895,-5.8286],[56.4599,-6.1556],[56.4226,-6.3961],[56.3409,-6.6056],[56.2156,-6.7908],[56.1759,-7.0493]]},"properties":{"id":812,"group":"trails","name":"Blus trail"}},{"type":"Feature","geometry":{"type":"LineString","coordinates":[[54.3019,-14.2713],[54.0132,-14.5967],[53.7524,-14.7874],[53.6412,-15.017],[53.505,-15.1089],[53.1516,-15.3487],[52.7781,-15.5783],[52.7516,-15.9216],[52.8512,-16.1388],[53.0038,-16.2649],[53.1516,-16.6433],[53.2162,-16.8402],[53.1867,-17.0131],[53.3672,-17.2918],[53.2209,-17.4521],[52.9625,-17.8577]]},"properties":{"id":813,"group":"trails","name":"Klauthur trail"}},{"type":"Feature","geometry":{"type":"LineString","coordinates":[[50.6652,-18.8838],[50.42,-18.9943],[50.2153,-19.0052],[50.0496,-19.076],[49.8628,-19.2045],[49.6636,-19.4707],[49.5196,-19.6537],[49.2441,-19.7502]]},"properties":{"id":814,"group":"trails","name":"Talithian path"}},{"type":"Feature","geometry":{"type":"LineString","coordinates":[[-50.5469,41.5739],[-50.3858,41.9024],[-50.4052,42.241],[-50.8091,42.2286],[-51.0613,42.3484],[-50.957,42.6069],[-50.9905,42.8724],[-50.8862,43.2133],[-50.6465,43.3869],[-50.4706,43.6002],[-50.4434,43.8073],[-50.4916,44.044],[-50.4379,44.23],[-50.4511,44.3546],[-50.3258,44.6605],[-50.1663,44.571],[-49.778,44.6006],[-49.6853,44.7049],[-49.4309,44.8357],[-49.0519,44.8069],[-48.6565,44.4558],[-48.6005,44.7111],[-48.5156,44.9758],[-48.4254,45.2452],[-48.4861,45.4118],[-48.6985,45.5745],[-48.8363,45.7115],[-48.8736,45.8633],[-48.8052,46.0307],[-48.7647,46.2136],[-48.718,46.3942],[-48.7585,46.5702],[-48.8659,46.6807],[-48.9172,46.8629]]},"properties":{"id":815,"group":"trails","name":"Sealerid trail"}},{"type":"Feature","geometry":{"type":"LineString","coordinates":[[-54.1968,34.5271],[-54.5766,34.4585]]},"properties":{"id":816,"group":"trails","name":null}},{"type":"Feature","geometry":{"type":"LineString","coordinates":[[56.4156,-10.1967],[56.1004,-10.2745],[55.9167,-10.4442],[55.7385,-10.6202],[55.3766,-10.7315],[55.112,-10.888],[55.0007,-11.0616],[54.898,-11.2258],[54.8692,-11.5224],[54.8365,-11.826]]},"properties":{"id":817,"group":"trails","name":"Luminous trail"}},{"type":"Feature","geometry":{"type":"LineString","coordinates":[[59.278,1.1193],[59.1301,1.0524]]},"properties":{"id":818,"group":"trails","name":null}},{"type":"Feature","geometry":{"type":"LineString","coordinates":[[-44.9458,46.845],[-44.8027,46.722],[-44.7879,46.5951]]},"properties":{"id":819,"group":"trails","name":null}},{"type":"Feature","geometry":{"type":"LineString","coordinates":[[-54.2054,33.8132],[-54.3914,33.8358],[-54.5743,33.8638],[-54.8614,33.8007],[-55.0046,33.6014],[-55.193,33.4932]]},"properties":{"id":820,"group":"trails","name":"Platinum trail"}},{"type":"Feature","geometry":{"type":"LineString","coordinates":[[-55.428,33.4777],[-55.6763,33.2371],[-55.7121,32.8774]]},"properties":{"id":821,"group":"trails","name":null}},{"type":"Feature","geometry":{"type":"LineString","coordinates":[[51.7905,-19.1321],[52.0862,-18.8106],[52.266,-18.5622],[52.3462,-18.2119],[52.5874,-17.9574],[52.9625,-17.8577],[53.4824,-17.9955],[53.6357,-18.2547]]},"properties":{"id":822,"group":"trails","name":"Tantrand trail"}},{"type":"Feature","geometry":{"type":"LineString","coordinates":[[50.6652,-18.8838],[51.0177,-18.9515],[51.2761,-19.0114],[51.7905,-19.1321]]},"properties":{"id":823,"group":"trails","name":"Llilandrarauan path"}},{"type":"Feature","geometry":{"type":"LineString","coordinates":[[-55.3463,34.1324],[-55.1735,33.9043],[-54.8614,33.8007]]},"properties":{"id":824,"group":"trails","name":null}},{"type":"Feature","geometry":{"type":"LineString","coordinates":[[-54.3914,33.8358],[-54.3206,34.0312]]},"properties":{"id":825,"group":"trails","name":null}},{"type":"Feature","geometry":{"type":"LineString","coordinates":[[-51.6551,42.1227],[-51.3025,42.269],[-51.0613,42.3484]]},"properties":{"id":826,"group":"trails","name":null}},{"type":"Feature","geometry":{"type":"LineString","coordinates":[[56.5907,-10.178],[56.7557,-10.5633],[56.9137,-10.7245],[57.1331,-10.7759],[57.3915,-10.9199],[57.6156,-11.053],[57.7962,-11.2079],[58.0608,-11.2687],[58.2655,-11.3084],[58.4235,-11.4672],[58.6577,-11.4975],[58.9464,-11.8268]]},"properties":{"id":827,"group":"trails","name":"Ilmzois trail"}},{"type":"Feature","geometry":{"type":"LineString","coordinates":[[56.7137,-9.8059],[56.8117,-9.4735],[56.7043,-9.2298],[56.7495,-8.8624],[56.8436,-8.6273],[56.9899,-8.5144],[57.1036,-8.3416],[57.2927,-8.1711]]},"properties":{"id":828,"group":"trails","name":"Paved trail"}},{"type":"Feature","geometry":{"type":"LineString","coordinates":[[57.5277,-8.2567],[57.8024,-8.108]]},"properties":{"id":829,"group":"trails","name":null}},{"type":"Feature","geometry":{"type":"LineString","coordinates":[[-48.8363,45.7115],[-49.1569,46.0556]]},"properties":{"id":830,"group":"trails","name":null}},{"type":"Feature","geometry":{"type":"LineString","coordinates":[[-48.3079,-18.8464],[-48.4316,-18.7701],[-48.6409,-18.767],[-48.4923,-18.9764]]},"properties":{"id":831,"group":"trails","name":"Silver trail"}},{"type":"Feature","geometry":{"type":"LineString","coordinates":[[-49.7453,45.9629],[-49.5429,46.019],[-49.1569,46.0556]]},"properties":{"id":832,"group":"trails","name":null}},{"type":"Feature","geometry":{"type":"LineString","coordinates":[[-56.9362,33.1818],[-56.7347,33.0814],[-56.5635,32.9678],[-56.3168,32.9997],[-56.1058,32.9958],[-55.7121,32.8774]]},"properties":{"id":833,"group":"trails","name":"Lymeringtonese trail"}},{"type":"Feature","geometry":{"type":"LineString","coordinates":[[-51.6551,42.1227],[-51.9578,42.1211],[-52.3174,41.8736],[-52.3119,42.0861],[-52.4715,42.2566],[-52.6543,42.2722],[-52.7687,42.2192],[-52.9485,42.0947]]},"properties":{"id":834,"group":"trails","name":"Extedgean track"}},{"type":"Feature","geometry":{"type":"LineString","coordinates":[[-54.5821,37.7196],[-54.7836,37.7188],[-55.0864,37.8403]]},"properties":{"id":835,"group":"trails","name":null}},{"type":"Feature","geometry":{"type":"LineString","coordinates":[[-56.0304,33.8288],[-55.8078,33.8825],[-55.5619,33.979],[-55.3463,34.1324],[-55.3331,34.3184],[-55.4124,34.5426],[-55.3502,34.7614],[-55.4031,34.9646],[-55.5681,35.1576],[-55.6366,35.3616],[-55.7121,35.564],[-55.8615,35.6449],[-56.0498,35.6442],[-56.1611,35.6138]]},"properties":{"id":836,"group":"trails","name":"Chawleigh track"}},{"type":"Feature","geometry":{"type":"LineString","coordinates":[[-55.5681,35.1576],[-55.2661,35.1856],[-54.9587,35.2884],[-54.6715,35.5204]]},"properties":{"id":837,"group":"trails","name":"Trefordgean trail"}},{"type":"Feature","geometry":{"type":"LineString","coordinates":[[-50.069,-20.7155],[-50.3733,-20.5038],[-50.5881,-20.468],[-50.9399,-20.5295],[-51.1944,-20.3504],[-51.3492,-20.0616]]},"properties":{"id":838,"group":"trails","name":"Vrugh-Lan trail"}},{"type":"Feature","geometry":{"type":"LineString","coordinates":[[59.7021,5.9482],[59.7613,6.1063],[59.8235,6.2635],[59.9177,6.399],[60.0601,6.4667],[60.2881,6.6216],[60.485,6.6823],[60.6874,6.7361],[60.8274,6.8925],[60.9613,7.0521],[61.2088,7.1961],[61.4602,7.3339],[61.559,7.5309],[61.6539,7.7278],[61.8625,7.8812],[62.0672,8.033],[62.096,8.2004],[62.1186,8.3607],[62.096,8.5663],[62.0719,8.7656],[62.2726,9.0248],[62.345,9.2202],[62.3442,9.4187],[62.2049,9.625],[62.001,9.8375],[61.8703,10.1154],[61.8594,10.3739],[61.9738,10.6113],[62.0571,10.8394],[62.0563,11.0379],[61.9715,11.2131],[61.8057,11.368],[61.6423,11.4863],[61.3784,11.2902]]},"properties":{"id":839,"group":"trails","name":"Blus trail"}},{"type":"Feature","geometry":{"type":"LineString","coordinates":[[-55.0856,-10.4956],[-55.0459,-10.2831],[-54.8591,-10.1578],[-54.5758,-10.1515],[-54.3945,-10.1126],[-54.1937,-9.9585],[-53.9657,-9.8868],[-53.817,-9.8612],[-53.6412,-9.6626],[-53.4676,-9.4867],[-53.4116,-9.2975],[-53.2038,-9.071],[-52.9501,-8.9846]]},"properties":{"id":840,"group":"trails","name":"Geggodhan trail"}},{"type":"Feature","geometry":{"type":"LineString","coordinates":[[-52.9804,-8.2816],[-53.0909,-8.0668],[-53.3446,-7.82],[-53.5384,-7.7476],[-53.7275,-7.5421],[-53.8972,-7.4681],[-54.0458,-7.2774],[-54.4287,-7.198],[-54.6389,-7.1661],[-54.926,-7.0672],[-55.0809,-6.8235],[-55.2132,-6.7184],[-55.3743,-6.4203],[-55.551,-6.1431],[-55.7136,-6.0349],[-55.8739,-6.0116],[-56.3588,-6.0155],[-56.5362,-5.8948],[-57.0335,-5.9633]]},"properties":{"id":841,"group":"trails","name":"Razonese path"}},{"type":"Feature","geometry":{"type":"LineString","coordinates":[[-56.1588,34.4772],[-56.2125,34.4274],[-56.0911,34.3184],[-56.0724,34.0537],[-56.0304,33.8288]]},"properties":{"id":842,"group":"trails","name":"Westrylian track"}},{"type":"Feature","geometry":{"type":"LineString","coordinates":[[-55.6763,33.2371],[-55.8638,33.4699],[-56.0304,33.8288]]},"properties":{"id":843,"group":"trails","name":null}},{"type":"Feature","geometry":{"type":"LineString","coordinates":[[-56.1922,34.7263],[-56.1588,34.4772]]},"properties":{"id":844,"group":"trails","name":null}},{"type":"Feature","geometry":{"type":"LineString","coordinates":[[61.1722,0.8889],[61.4773,0.8741],[61.6929,0.8484],[61.8197,0.9589],[61.9419,1.2454],[62.0882,1.0531],[62.3279,0.7379],[62.4026,0.228]]},"properties":{"id":845,"group":"trails","name":"Infernal trail"}},{"type":"Feature","geometry":{"type":"LineString","coordinates":[[61.5839,1.6923],[61.4065,1.5677],[61.2337,1.5304],[60.9496,1.6518]]},"properties":{"id":846,"group":"trails","name":"Dawn trail"}},{"type":"Feature","geometry":{"type":"LineString","coordinates":[[-57.1378,33.2862],[-56.9362,33.1818]]},"properties":{"id":847,"group":"trails","name":null}},{"type":"Feature","geometry":{"type":"LineString","coordinates":[[-56.7347,33.0814],[-56.6249,33.2519],[-56.5207,33.4169],[-56.2693,33.5882],[-56.0304,33.8288]]},"properties":{"id":848,"group":"trails","name":"Westrylian track"}},{"type":"Feature","geometry":{"type":"LineString","coordinates":[[54.9198,-16.834],[54.7891,-16.8947],[54.6544,-17.2085],[54.4785,-17.2972],[54.2521,-17.2723],[54.056,-17.2458],[53.5945,-17.1874],[53.3672,-17.2918]]},"properties":{"id":849,"group":"trails","name":"Quediorlatar trail"}},{"type":"Feature","geometry":{"type":"LineString","coordinates":[[54.3019,-14.2713],[54.4139,-14.483],[54.6171,-14.6714]]},"properties":{"id":850,"group":"trails","name":null}},{"type":"Feature","geometry":{"type":"LineString","coordinates":[[55.0451,-14.989],[54.9782,-15.2662],[54.9105,-15.4468],[54.9237,-15.6258],[55.0435,-15.8936],[55.0646,-16.3249],[54.9696,-16.5865],[54.9198,-16.834]]},"properties":{"id":851,"group":"trails","name":"Hoonturalysear path"}},{"type":"Feature","geometry":{"type":"LineString","coordinates":[[-54.7852,36.4141],[-54.8568,36.8532]]},"properties":{"id":852,"group":"trails","name":null}},{"type":"Feature","geometry":{"type":"LineString","coordinates":[[-56.1922,34.7263],[-56.3526,34.6532],[-56.5004,34.8244],[-56.6693,34.8945]]},"properties":{"id":853,"group":"trails","name":"Seamers trail"}},{"type":"Feature","geometry":{"type":"LineString","coordinates":[[-53.6007,37.7881],[-53.6365,38.0473],[-53.6692,38.3019],[-53.7532,38.6001],[-53.698,38.7052],[-53.6902,39.0041]]},"properties":{"id":854,"group":"trails","name":"The Frosty Northesbury trail"}},{"type":"Feature","geometry":{"type":"LineString","coordinates":[[-55.6988,36.4289],[-55.2506,36.5651],[-54.8568,36.8532]]},"properties":{"id":855,"group":"trails","name":null}},{"type":"Feature","geometry":{"type":"LineString","coordinates":[[-51.3197,45.193],[-51.0527,45.1798],[-50.6768,44.9867],[-50.3258,44.6605]]},"properties":{"id":856,"group":"trails","name":"The Great Rothwark trail"}},{"type":"Feature","geometry":{"type":"LineString","coordinates":[[-50.1663,44.571],[-50.0791,44.7586],[-49.9367,44.9929],[-49.627,45.2008],[-49.5562,45.4694],[-49.7453,45.9629]]},"properties":{"id":857,"group":"trails","name":"Wiskirkan trail"}},{"type":"Feature","geometry":{"type":"LineString","coordinates":[[-56.0724,35.9922],[-56.0498,35.6442]]},"properties":{"id":858,"group":"trails","name":null}},{"type":"Feature","geometry":{"type":"LineString","coordinates":[[-53.5921,40.723],[-53.4139,40.916],[-53.3446,41.071],[-53.2684,41.3395],[-53.3011,41.563],[-53.2295,41.7584],[-52.9485,42.0947]]},"properties":{"id":859,"group":"trails","name":"Extedgean trail"}},{"type":"Feature","geometry":{"type":"LineString","coordinates":[[61.945,4.7891],[61.952,4.4606]]},"properties":{"id":860,"group":"trails","name":null}},{"type":"Feature","geometry":{"type":"LineString","coordinates":[[62.8197,7.5846],[62.5769,7.6749],[62.4104,7.9147],[62.0672,8.033]]},"properties":{"id":861,"group":"trails","name":"Preanese trail"}},{"type":"Feature","geometry":{"type":"LineString","coordinates":[[59.7613,6.1063],[59.5029,6.1436]]},"properties":{"id":862,"group":"trails","name":null}},{"type":"Feature","geometry":{"type":"LineString","coordinates":[[62.3512,11.2108],[62.2571,11.375],[62.2789,11.5689],[62.3762,11.7269],[62.433,11.9059],[62.3995,12.1317],[62.5762,12.3707],[62.8275,12.4976],[63.0221,12.6657],[63.0945,12.9258],[63.5816,12.8432],[63.7692,12.9258],[63.9505,13.0021],[64.2027,12.9141],[64.3747,12.7833],[64.5576,12.7693],[64.858,12.7054],[65.0556,12.5381],[65.328,12.5513],[65.6004,12.549],[65.3202,12.0943],[65.2058,12.0796],[65.0969,12.0025],[64.707,12.0181],[64.6159,11.874],[64.6089,11.7129],[64.5085,11.5167],[64.3614,11.3517],[64.1077,11.252],[63.9108,10.8659],[63.5863,10.5709],[63.4945,10.444],[63.2914,10.0368]]},"properties":{"id":863,"group":"trails","name":"The Rustic Ialsirtan pass"}},{"type":"Feature","geometry":{"type":"LineString","coordinates":[[62.0563,11.0379],[62.3512,11.2108],[62.4431,10.9002],[62.7762,10.6183],[62.9038,10.5257],[62.9404,10.4113],[63.2914,10.0368],[63.4003,9.6873]]},"properties":{"id":864,"group":"trails","name":"Stiosvilese path"}},{"type":"Feature","geometry":{"type":"LineString","coordinates":[[-56.5627,35.6341],[-56.2311,35.4877],[-56.1611,35.6138]]},"properties":{"id":865,"group":"trails","name":null}},{"type":"Feature","geometry":{"type":"LineString","coordinates":[[-56.2311,35.4877],[-56.3992,35.3071],[-56.4786,35.0611],[-56.6693,34.8945]]},"properties":{"id":866,"group":"trails","name":"Seamers trail"}},{"type":"Feature","geometry":{"type":"LineString","coordinates":[[-49.8029,-19.0317],[-49.8947,-18.6876],[-50.0215,-18.4439],[-50.1406,-18.2291],[-50.164,-17.9628],[-50.1756,-17.6553],[-50.3212,-17.4584],[-50.2877,-17.2365],[-50.0449,-16.9695]]},"properties":{"id":867,"group":"trails","name":"Rezggekh trail"}},{"type":"Feature","geometry":{"type":"LineString","coordinates":[[-57.411,-5.9789],[-57.0335,-5.9633]]},"properties":{"id":868,"group":"trails","name":null}},{"type":"Feature","geometry":{"type":"LineString","coordinates":[[-57.9783,-1.5594],[-58.0787,-1.7471],[-58.2437,-1.8887],[-58.4118,-2.0242],[-58.7425,-2.0071]]},"properties":{"id":869,"group":"trails","name":"Silvered path"}},{"type":"Feature","geometry":{"type":"LineString","coordinates":[[-50.7788,47.0045],[-51.0333,47.2077],[-51.0294,46.9532],[-51.02,46.7017],[-51.0566,46.4581],[-50.9196,46.2035],[-50.7726,45.9956],[-50.627,45.7862],[-50.5936,45.622],[-50.4978,45.5223],[-50.3367,45.4896],[-50.1149,45.5262],[-49.8854,45.6531],[-49.7453,45.9629]]},"properties":{"id":870,"group":"trails","name":"Wiskirk track"}},{"type":"Feature","geometry":{"type":"LineString","coordinates":[[61.9419,1.2454],[62.1248,1.5747],[61.5839,1.6923]]},"properties":{"id":871,"group":"trails","name":null}},{"type":"Feature","geometry":{"type":"LineString","coordinates":[[62.724,2.9036],[62.4773,2.9005],[62.1038,2.9853],[61.8119,2.9098],[61.489,3.0562]]},"properties":{"id":872,"group":"trails","name":"Preangaian trail"}},{"type":"Feature","geometry":{"type":"LineString","coordinates":[[-56.8919,36.7862],[-56.5751,36.7161],[-56.3238,36.5052],[-56.2747,36.3035],[-56.2195,36.1058],[-56.0724,35.9922],[-56.0592,36.1704],[-55.9019,36.3565],[-55.6988,36.4289]]},"properties":{"id":873,"group":"trails","name":"Westcking pass"}},{"type":"Feature","geometry":{"type":"LineString","coordinates":[[-57.9783,-1.5594],[-57.8771,-1.3415],[-57.6296,-1.0744]]},"properties":{"id":874,"group":"trails","name":null}},{"type":"Feature","geometry":{"type":"LineString","coordinates":[[-53.2349,44.8559],[-52.982,45.0179],[-52.6863,45.0724],[-52.4925,45.1502],[-52.1415,45.1494],[-51.873,45.0389],[-51.6294,45.028],[-51.3197,45.193],[-51.266,45.4748],[-51.3695,45.7644],[-51.3407,45.9684],[-51.4776,46.2377]]},"properties":{"id":875,"group":"trails","name":"Tasingstolian pass"}},{"type":"Feature","geometry":{"type":"LineString","coordinates":[[56.7121,-14.778],[56.5004,-14.5266]]},"properties":{"id":876,"group":"trails","name":null}},{"type":"Feature","geometry":{"type":"LineString","coordinates":[[-57.1378,33.2862],[-57.2631,33.1663],[-57.3954,33.0534],[-57.5417,33.0511],[-57.7417,33.1795],[-57.8421,33.413],[-58.2203,33.213],[-58.3122,33.3445],[-58.6141,33.1055],[-58.548,33.5189],[-58.6562,33.7034]]},"properties":{"id":877,"group":"trails","name":"Cursed trail"}},{"type":"Feature","geometry":{"type":"LineString","coordinates":[[-58.2592,30.7724],[-58.0989,30.8191],[-57.7184,30.8254],[-57.4257,30.9351],[-57.1837,30.9499],[-56.9339,31.0815],[-56.614,31.2753]]},"properties":{"id":878,"group":"trails","name":"Dalmond trail"}},{"type":"Feature","geometry":{"type":"LineString","coordinates":[[62.8197,7.5846],[62.9435,7.3557]]},"properties":{"id":879,"group":"trails","name":null}},{"type":"Feature","geometry":{"type":"LineString","coordinates":[[62.8197,7.5846],[62.9489,7.9069],[63.2096,8.1038],[63.4011,8.1864],[63.6641,8.1607],[63.8034,8.0548],[63.9186,8.0252]]},"properties":{"id":880,"group":"trails","name":"Obsidian trail"}},{"type":"Feature","geometry":{"type":"LineString","coordinates":[[62.724,2.9036],[62.6314,2.7331],[62.3917,2.5439],[62.2252,2.368],[62.11,2.2224],[62.103,2.0379],[62.1248,1.5747]]},"properties":{"id":881,"group":"trails","name":"Platinum trail"}},{"type":"Feature","geometry":{"type":"LineString","coordinates":[[-51.7282,-12.023],[-52.0948,-11.9872],[-52.2084,-12.0067],[-52.529,-12.0464],[-52.824,-11.9522],[-53.0326,-11.8183],[-53.2598,-11.7342],[-53.4925,-11.4827],[-53.6124,-11.4454],[-53.789,-11.4695],[-53.8863,-11.457],[-54.0816,-11.2398],[-54.1447,-10.997],[-54.2863,-10.8568],[-54.4093,-10.6583],[-54.6614,-10.5143],[-55.0856,-10.4956]]},"properties":{"id":882,"group":"trails","name":"Geggodhan trail"}},{"type":"Feature","geometry":{"type":"LineString","coordinates":[[-59.2741,28.1381],[-58.9838,28.0836],[-58.6429,28.1139],[-58.4655,28.2408],[-58.274,28.4191],[-57.9729,28.4759],[-57.5954,28.6347],[-57.3627,28.8753]]},"properties":{"id":883,"group":"trails","name":"Exningtonese pass"}},{"type":"Feature","geometry":{"type":"LineString","coordinates":[[55.1976,-18.2812],[55.1354,-18.4167],[54.8692,-18.6876],[54.677,-18.7709],[54.3571,-18.7514],[54.1058,-18.5879],[53.8458,-18.4478],[53.6357,-18.2547]]},"properties":{"id":884,"group":"trails","name":"Tantrand pass"}},{"type":"Feature","geometry":{"type":"LineString","coordinates":[[54.1058,-18.5879],[53.9423,-18.7553],[53.7766,-19.0286],[53.7517,-19.0908],[53.9042,-19.3773],[54.0941,-19.5844],[54.1556,-19.8055],[53.9921,-20.06],[53.5921,-20.2819],[53.5485,-20.5552],[53.677,-20.7934],[53.403,-20.7583],[53.1283,-20.8541],[52.8497,-20.9257],[52.6279,-21.1554],[52.3617,-21.2885],[52.2855,-21.4379],[51.9804,-21.5874],[51.6037,-21.7649],[51.3368,-21.8965],[51.1414,-21.8856],[50.6698,-21.7314]]},"properties":{"id":885,"group":"trails","name":"Ghaulaundian path"}},{"type":"Feature","geometry":{"type":"LineString","coordinates":[[60.5574,-7.683],[60.3216,-7.7896],[60.0453,-8.0037]]},"properties":{"id":886,"group":"trails","name":null}},{"type":"Feature","geometry":{"type":"LineString","coordinates":[[63.7778,9.5783],[63.4003,9.6873]]},"properties":{"id":887,"group":"trails","name":null}},{"type":"Feature","geometry":{"type":"LineString","coordinates":[[-50.7788,47.0045],[-50.8426,47.3346],[-50.9531,47.4927],[-50.9928,47.7682]]},"properties":{"id":888,"group":"trails","name":"Bretford track"}},{"type":"Feature","geometry":{"type":"LineString","coordinates":[[-51.5811,46.43],[-51.4776,46.2377],[-51.3959,46.3086],[-51.0566,46.4581]]},"properties":{"id":889,"group":"trails","name":"Portshilban path"}},{"type":"Feature","geometry":{"type":"LineString","coordinates":[[-51.0294,46.9532],[-50.7788,47.0045]]},"properties":{"id":890,"group":"trails","name":null}},{"type":"Feature","geometry":{"type":"LineString","coordinates":[[-55.8389,38.818],[-56.0654,38.6001],[-56.309,38.4311],[-56.3588,38.7036],[-56.2506,39.0337]]},"properties":{"id":891,"group":"trails","name":"Framplean trail"}},{"type":"Feature","geometry":{"type":"LineString","coordinates":[[-59.0196,4.7603],[-59.1208,4.575],[-59.1184,4.4497],[-59.2071,4.2301],[-59.2655,4.0332],[-59.2359,3.6688],[-59.2071,3.4135],[-59.3169,3.1239],[-59.5496,2.9464],[-59.7628,2.7829],[-59.8033,2.6989],[-59.8079,2.5486],[-59.7823,2.326],[-59.8079,2.0971],[-59.8655,1.9009],[-59.9792,1.7701],[-60.127,1.6666],[-60.1659,1.4509],[-60.2492,1.2711],[-60.415,1.1629],[-60.4733,0.9387],[-60.4313,0.7488],[-60.4695,0.5401],[-60.5099,0.3393],[-60.7574,0.1742]]},"properties":{"id":892,"group":"trails","name":"Brorkug trail"}},{"type":"Feature","geometry":{"type":"LineString","coordinates":[[-56.0669,2.4606],[-56.3136,2.6015],[-56.5642,2.9526],[-56.8016,3.2041],[-57.1292,3.3146],[-57.267,3.4197],[-57.5355,3.5544],[-57.7293,3.9218],[-57.8522,4.0814],[-57.9721,4.2652],[-58.2406,4.3959],[-58.3915,4.67],[-58.5301,4.7712],[-59.0196,4.7603],[-59.1091,4.9261],[-59.0927,5.1199],[-59.1581,5.313],[-59.2601,5.4204],[-59.2834,5.7085],[-59.2056,6.0043],[-59.2546,6.1818],[-59.3799,6.5235],[-59.3745,6.8007],[-59.4321,6.9704],[-59.3503,7.2078],[-59.1208,7.3355]]},"properties":{"id":893,"group":"trails","name":"Neggodh path"}},{"type":"Feature","geometry":{"type":"LineString","coordinates":[[-57.411,-5.9789],[-57.2553,-5.8278],[-57.1067,-5.6706],[-56.9487,-5.539],[-56.8584,-5.353],[-56.7962,-5.047],[-56.6249,-4.9015],[-56.565,-4.7232],[-56.6148,-4.5138],[-56.7689,-4.2732],[-56.7837,-3.9735],[-56.7572,-3.7259],[-56.7331,-3.4838],[-56.7783,-3.2822],[-56.9285,-3.1654],[-57.0857,-3.0479],[-57.1985,-2.907],[-57.232,-2.7217],[-57.2693,-2.5357],[-57.3643,-2.3558],[-57.474,-2.2188],[-57.5783,-2.1293],[-57.6367,-1.951],[-57.73,-1.807],[-57.8779,-1.7408],[-58.0787,-1.7471]]},"properties":{"id":894,"group":"trails","name":"The Cracked Bagrurd pass"}},{"type":"Feature","geometry":{"type":"LineString","coordinates":[[63.7778,9.5783],[63.6657,9.2358],[63.5731,9.0832],[63.6229,8.9462],[63.8081,8.7858],[63.8143,8.5281],[63.6641,8.1607]]},"properties":{"id":895,"group":"trails","name":"Gneabsilese pass"}},{"type":"Feature","geometry":{"type":"LineString","coordinates":[[63.7778,9.5783],[64.0315,9.7542]]},"properties":{"id":896,"group":"trails","name":null}},{"type":"Feature","geometry":{"type":"LineString","coordinates":[[-56.2996,37.2011],[-56.6109,37.0968],[-56.8919,36.7862],[-57.1074,36.794],[-57.4382,37.0976],[-57.4966,37.3078],[-57.5612,37.5234],[-57.6507,37.7897],[-57.5612,38.1042],[-57.5915,38.5861],[-57.3938,38.7456],[-57.1012,38.7877],[-56.8055,38.6849],[-56.6055,38.4817],[-56.309,38.4311]]},"properties":{"id":897,"group":"trails","name":"Tarmingdonese path"}},{"type":"Feature","geometry":{"type":"LineString","coordinates":[[-56.0592,36.1704],[-56.2195,36.1058]]},"properties":{"id":898,"group":"trails","name":null}},{"type":"Feature","geometry":{"type":"LineString","coordinates":[[-56.3238,36.5052],[-56.2358,36.8306],[-56.2996,37.2011],[-56.1953,37.4152],[-56.1362,37.5639],[-56.1393,37.8161],[-56.1416,38.1096],[-56.309,38.4311]]},"properties":{"id":899,"group":"trails","name":"Tarmingdonese track"}},{"type":"Feature","geometry":{"type":"LineString","coordinates":[[-52.6543,42.2722],[-52.7571,42.5867],[-52.7228,42.9183],[-52.7127,43.0794],[-52.9151,43.2196],[-52.873,43.4679],[-52.6855,43.7482],[-52.887,43.8735],[-52.9929,44.0518],[-53.0551,44.4488],[-53.0668,44.6535],[-53.2349,44.8559],[-53.2824,45.2296],[-53.3283,45.4437],[-53.2941,45.6297]]},"properties":{"id":900,"group":"trails","name":"Golden track"}},{"type":"Feature","geometry":{"type":"LineString","coordinates":[[57.9083,-14.4651],[57.6289,-14.5305],[57.3721,-14.5032],[57.165,-14.571]]},"properties":{"id":901,"group":"trails","name":"Zellemel'kelan trail"}},{"type":"Feature","geometry":{"type":"LineString","coordinates":[[56.8646,-14.6068],[56.7121,-14.778]]},"properties":{"id":902,"group":"trails","name":null}},{"type":"Feature","geometry":{"type":"LineString","coordinates":[[64.8253,9.8251],[64.6082,9.7363],[64.286,9.7488],[64.0315,9.7542]]},"properties":{"id":903,"group":"trails","name":"Blusvilese trail"}},{"type":"Feature","geometry":{"type":"LineString","coordinates":[[58.5939,-13.2234],[58.4725,-13.0249],[58.4507,-12.8342],[58.2912,-12.4924]]},"properties":{"id":904,"group":"trails","name":"Styr track"}},{"type":"Feature","geometry":{"type":"LineString","coordinates":[[-59.2741,28.1381],[-59.4414,27.9068],[-59.4959,27.6219],[-59.6476,27.4047],[-59.7558,27.1206],[-59.7893,26.9836],[-59.8111,26.866],[-59.8873,26.6652],[-60.0017,26.4394],[-60.0126,26.2066],[-60.0087,25.8509],[-59.9831,25.5994],[-60.1169,25.2172],[-60.306,25.0459],[-60.6772,24.9299]]},"properties":{"id":905,"group":"trails","name":"Wartonese path"}},{"type":"Feature","geometry":{"type":"LineString","coordinates":[[63.433,2.8234],[63.3023,2.9363],[63.2478,3.1169],[63.2314,3.3294],[63.3645,3.5061],[63.4906,3.6821],[63.742,3.8191]]},"properties":{"id":906,"group":"trails","name":"The Obscure Pyreazan trail"}},{"type":"Feature","geometry":{"type":"LineString","coordinates":[[62.6314,2.7331],[62.945,2.6708],[63.433,2.8234]]},"properties":{"id":907,"group":"trails","name":null}},{"type":"Feature","geometry":{"type":"LineString","coordinates":[[63.7575,4.2714],[63.7497,4.1032],[63.742,3.8191]]},"properties":{"id":908,"group":"trails","name":null}},{"type":"Feature","geometry":{"type":"LineString","coordinates":[[-61.7427,14.8299],[-61.5855,14.6688],[-61.3567,14.7054],[-61.2135,14.8323],[-61.145,15.0946],[-60.9854,15.2433],[-60.9403,15.5313],[-60.9644,15.8645],[-60.8492,16.1479],[-60.7722,16.274],[-60.6064,16.7022],[-60.5753,16.9918],[-60.4625,17.1521],[-60.2298,17.3218],[-60.1161,17.5468],[-59.7216,17.9252],[-59.2655,18.0201]]},"properties":{"id":909,"group":"trails","name":"Feltondenese trail"}},{"type":"Feature","geometry":{"type":"LineString","coordinates":[[59.3581,-11.6003],[58.9464,-11.8268]]},"properties":{"id":910,"group":"trails","name":null}},{"type":"Feature","geometry":{"type":"LineString","coordinates":[[-58.2592,30.7724],[-58.2803,31.238],[-58.3954,31.5486],[-58.4211,31.8063],[-58.5402,32.1994],[-58.5884,32.4415],[-58.6966,32.7467],[-58.6141,33.1055]]},"properties":{"id":911,"group":"trails","name":"Penkleigh track"}},{"type":"Feature","geometry":{"type":"LineString","coordinates":[[62.2509,4.6209],[62.489,4.5446],[62.7886,4.5804],[63.0143,4.5259],[63.233,4.4761],[63.489,4.2924],[63.7575,4.2714],[63.8307,4.4956],[63.9638,4.6116],[64.1498,4.6653],[64.3233,4.8093]]},"properties":{"id":912,"group":"trails","name":"Nilkeh trail"}},{"type":"Feature","geometry":{"type":"LineString","coordinates":[[59.2787,-11.2072],[59.3581,-11.6003]]},"properties":{"id":913,"group":"trails","name":null}},{"type":"Feature","geometry":{"type":"LineString","coordinates":[[59.285,-12.2776],[59.1931,-12.0495],[58.9464,-11.8268]]},"properties":{"id":914,"group":"trails","name":null}},{"type":"Feature","geometry":{"type":"LineString","coordinates":[[61.1621,-7.602],[60.9878,-7.6993],[60.7808,-7.7118],[60.5574,-7.683]]},"properties":{"id":915,"group":"trails","name":"Honkvact trail"}},{"type":"Feature","geometry":{"type":"LineString","coordinates":[[-59.1939,33.2924],[-58.8904,33.0978],[-58.6141,33.1055]]},"properties":{"id":916,"group":"trails","name":null}},{"type":"Feature","geometry":{"type":"LineString","coordinates":[[59.822,-11.3122],[59.6601,-11.2772],[59.5037,-11.3737],[59.3581,-11.6003]]},"properties":{"id":917,"group":"trails","name":"Eebsheaf pass"}},{"type":"Feature","geometry":{"type":"LineString","coordinates":[[-59.8033,2.6989],[-59.9799,2.9939],[-59.9325,3.187],[-59.9348,3.38],[-60.0243,3.5591],[-60.2414,3.6408],[-60.4461,3.6852],[-60.6508,3.7249],[-60.9208,3.556],[-61.2314,3.3917],[-61.5006,3.3263],[-61.7146,3.366],[-61.8897,3.3551],[-62.0571,3.2337],[-62.2197,3.0079],[-62.4462,2.9612],[-62.6649,2.9199],[-62.9201,2.9145],[-63.096,2.8172],[-63.1949,2.6981],[-63.3334,2.642],[-63.5077,2.6451],[-63.4143,2.4381]]},"properties":{"id":918,"group":"trails","name":"The Silent Zulbrez path"}},{"type":"Feature","geometry":{"type":"LineString","coordinates":[[-56.7137,-12.8357],[-56.6553,-12.6598],[-56.2638,-12.3157],[-56.1167,-12.1585],[-56.0592,-11.9358],[-55.9595,-11.7318],[-55.8047,-11.5108]]},"properties":{"id":919,"group":"trails","name":"Merkrunese track"}},{"type":"Feature","geometry":{"type":"LineString","coordinates":[[64.1435,8.2206],[64.3225,8.0501],[64.5257,7.8929],[64.7194,7.5457]]},"properties":{"id":920,"group":"trails","name":"Silver path"}},{"type":"Feature","geometry":{"type":"LineString","coordinates":[[59.3978,-12.687],[59.5099,-12.9151],[59.2787,-12.9899],[59.0437,-13.0576],[58.8741,-13.0522],[58.7192,-13.0942],[58.5939,-13.2234]]},"properties":{"id":921,"group":"trails","name":"Styran pass"}},{"type":"Feature","geometry":{"type":"LineString","coordinates":[[61.4788,-8.6257],[61.3582,-8.7985],[61.0275,-8.9348],[60.6843,-8.8304]]},"properties":{"id":922,"group":"trails","name":"Oimtoilm path"}},{"type":"Feature","geometry":{"type":"LineString","coordinates":[[-59.2305,33.705],[-58.9877,33.6419],[-58.6562,33.7034]]},"properties":{"id":923,"group":"trails","name":null}},{"type":"Feature","geometry":{"type":"LineString","coordinates":[[54.4785,-17.2972],[54.5867,-17.5471],[54.7789,-17.79],[54.9883,-17.9044],[55.1976,-18.2812]]},"properties":{"id":924,"group":"trails","name":"Glimmering pass"}},{"type":"Feature","geometry":{"type":"LineString","coordinates":[[53.2699,-23.7407],[52.9983,-23.8147],[52.775,-23.7765],[52.5936,-23.6628],[52.4154,-23.5523],[52.2084,-23.5352],[51.9944,-23.6356]]},"properties":{"id":925,"group":"trails","name":"Tanthaman trail"}},{"type":"Feature","geometry":{"type":"LineString","coordinates":[[58.5861,-14.1187],[58.7916,-13.9342],[58.9169,-14.3024]]},"properties":{"id":926,"group":"trails","name":null}},{"type":"Feature","geometry":{"type":"LineString","coordinates":[[59.285,-12.2776],[59.3978,-12.687]]},"properties":{"id":927,"group":"trails","name":null}},{"type":"Feature","geometry":{"type":"LineString","coordinates":[[58.4468,-14.0299],[58.3589,-14.1568],[58.1721,-14.2627],[57.9083,-14.4651],[58.0094,-14.7687],[57.9923,-15.1346],[58.1651,-15.6873],[58.0904,-15.8547],[58.0888,-16.1085],[57.9985,-16.4074],[58.0756,-16.6713],[57.9573,-16.929],[57.6584,-17.0901]]},"properties":{"id":928,"group":"trails","name":"Jaragossisonese trail"}},{"type":"Feature","geometry":{"type":"LineString","coordinates":[[59.822,-11.3122],[59.9473,-11.5824],[60.0336,-11.7832]]},"properties":{"id":929,"group":"trails","name":null}},{"type":"Feature","geometry":{"type":"LineString","coordinates":[[61.4602,-10.4006],[61.4267,-10.1328],[61.394,-9.8573],[61.2936,-9.6315]]},"properties":{"id":930,"group":"trails","name":"Srefsan trail"}},{"type":"Feature","geometry":{"type":"LineString","coordinates":[[58.7005,-11.0024],[58.8818,-11.0904],[59.0624,-11.1745],[59.2787,-11.2072],[59.5037,-11.3737]]},"properties":{"id":931,"group":"trails","name":"Divine track"}},{"type":"Feature","geometry":{"type":"LineString","coordinates":[[54.098,-20.9709],[54.0178,-21.1172],[54.0886,-21.5493]]},"properties":{"id":932,"group":"trails","name":null}},{"type":"Feature","geometry":{"type":"LineString","coordinates":[[-53.2715,47.3004],[-53.4341,47.1392],[-53.4964,46.9298],[-53.6489,46.6893],[-53.596,46.3366],[-53.4699,46.3],[-53.3719,46.1903],[-53.2956,46.0431],[-53.259,45.815],[-53.2404,45.6251],[-53.0917,45.4748],[-52.8972,45.4188],[-52.6411,45.4896],[-52.4613,45.4507],[-52.3174,45.4608],[-52.1734,45.5675],[-52.0279,45.7761],[-51.9127,46.0198],[-51.824,46.2424],[-51.5811,46.43]]},"properties":{"id":933,"group":"trails","name":"Portshilban trail"}},{"type":"Feature","geometry":{"type":"LineString","coordinates":[[-55.3229,44.6901],[-55.2101,44.5757],[-54.9307,44.476],[-54.7221,44.5344],[-54.5945,44.652],[-54.4739,44.8193],[-54.326,44.9641],[-54.0863,44.9782],[-53.8879,44.8777],[-53.7836,44.852],[-53.2349,44.8559]]},"properties":{"id":934,"group":"trails","name":"Bramplean track"}},{"type":"Feature","geometry":{"type":"LineString","coordinates":[[60.9878,-7.6993],[61.1162,-7.978],[61.3302,-8.3992],[61.4788,-8.6257]]},"properties":{"id":935,"group":"trails","name":"Thelt pass"}},{"type":"Feature","geometry":{"type":"LineString","coordinates":[[65.602,9.5985],[65.402,9.5113],[65.2938,9.3315],[65.3241,9.1501],[65.4113,9.0178],[65.5218,8.9096],[65.5592,8.7531],[65.5638,8.5694],[65.4969,8.3716],[65.4261,8.1794],[65.3179,8.0291],[65.2019,7.8859],[65.0611,7.7878],[64.7194,7.5457]]},"properties":{"id":936,"group":"trails","name":"Chalk pass"}},{"type":"Feature","geometry":{"type":"LineString","coordinates":[[-62.5785,20.8873],[-62.3684,20.8507],[-62.1528,20.818],[-61.9512,20.7721],[-61.8003,20.8273],[-61.7053,20.9846],[-61.6446,21.1699],[-61.6306,21.3629],[-61.7411,21.5451],[-61.8571,21.6697],[-61.9092,21.8472],[-61.9396,22.0145],[-62.0034,22.0978],[-62.1038,22.2753],[-62.0835,22.4676],[-61.9481,22.6723],[-61.8376,22.8529],[-61.8804,23.1651],[-61.8633,23.5333],[-61.7715,23.8377],[-61.5458,24.0246],[-61.3668,24.2075],[-61.2407,24.4683],[-61.0282,24.6902],[-60.899,24.8552],[-60.6772,24.9299]]},"properties":{"id":937,"group":"trails","name":"Wartonese trail"}},{"type":"Feature","geometry":{"type":"LineString","coordinates":[[-59.7216,17.9252],[-59.9441,18.2194],[-60.1784,18.323],[-60.3481,18.5082],[-60.4749,18.7838],[-60.6555,18.9045],[-60.9738,19.1832],[-61.2633,19.2852],[-61.5271,19.4004],[-61.6812,19.4977],[-61.9629,19.5397],[-62.3824,19.8792],[-62.6229,20.2466],[-62.7209,20.4498],[-62.5785,20.8873]]},"properties":{"id":938,"group":"trails","name":"Dunshilan trail"}},{"type":"Feature","geometry":{"type":"LineString","coordinates":[[65.7701,12.2376],[65.6035,12.1449],[65.3202,12.0943]]},"properties":{"id":939,"group":"trails","name":null}},{"type":"Feature","geometry":{"type":"LineString","coordinates":[[57.3386,-18.6775],[57.0218,-18.6455],[56.6677,-18.4852],[56.2716,-18.3373],[56.1541,-18.3357],[55.9346,-18.3349],[55.7105,-18.2462],[55.5268,-18.2835],[55.1976,-18.2812]]},"properties":{"id":940,"group":"trails","name":"Hakanese trail"}},{"type":"Feature","geometry":{"type":"LineString","coordinates":[[-59.457,35.3795],[-59.3823,35.2285],[-59.3254,34.9879],[-59.2616,34.7528],[-59.2219,34.5138],[-59.0678,34.3636],[-59.1713,34.0763],[-59.2305,33.705]]},"properties":{"id":941,"group":"trails","name":"The Obscure Sokering path"}},{"type":"Feature","geometry":{"type":"LineString","coordinates":[[-58.548,33.5189],[-58.4499,33.3998],[-58.3122,33.3445]]},"properties":{"id":942,"group":"trails","name":null}},{"type":"Feature","geometry":{"type":"LineString","coordinates":[[-57.9417,39.2267],[-57.7168,39.2633],[-57.5215,39.4214],[-57.2717,39.5701],[-56.902,39.4906],[-56.7853,39.5996],[-56.6786,39.8223]]},"properties":{"id":943,"group":"trails","name":"Manchingtonese trail"}},{"type":"Feature","geometry":{"type":"LineString","coordinates":[[58.2421,-17.8538],[58.081,-18.0002],[57.962,-18.2244],[57.8156,-18.3412],[57.6935,-18.4774],[57.3386,-18.6775],[57.4919,-18.9102],[57.4709,-19.1064],[57.6942,-19.2528],[57.7931,-19.4801]]},"properties":{"id":944,"group":"trails","name":"Jergathloth trail"}},{"type":"Feature","geometry":{"type":"LineString","coordinates":[[-54.9751,43.3348],[-55.1611,43.4874],[-55.3572,43.6874],[-55.8078,43.9],[-55.7595,44.0502],[-55.7447,44.4675],[-55.5961,44.6714]]},"properties":{"id":945,"group":"trails","name":"Thaxtedenese trail"}},{"type":"Feature","geometry":{"type":"LineString","coordinates":[[-63.4143,18.5215],[-63.1544,18.4226],[-62.9038,18.5098],[-62.7762,18.6445],[-62.6719,19.0143],[-62.5863,19.349],[-62.6003,19.6106],[-62.3824,19.8792]]},"properties":{"id":946,"group":"trails","name":"Newbigtontan trail"}},{"type":"Feature","geometry":{"type":"LineString","coordinates":[[-55.3836,46.574],[-55.4809,46.0836],[-55.3766,45.8392],[-55.1533,45.6562],[-55.1517,45.425],[-55.2653,45.2195],[-55.3229,44.6901],[-55.5961,44.6714]]},"properties":{"id":947,"group":"trails","name":"Thaxtedenese pass"}},{"type":"Feature","geometry":{"type":"LineString","coordinates":[[-53.6489,46.6893],[-53.9945,46.859],[-54.3003,46.8099],[-54.6272,46.8348],[-54.863,46.7399],[-55.1883,46.7313],[-55.3836,46.574],[-55.3097,46.9874]]},"properties":{"id":948,"group":"trails","name":"Caushorough track"}},{"type":"Feature","geometry":{"type":"LineString","coordinates":[[62.0898,-9.9258],[61.9294,-9.8355],[61.7466,-9.89],[61.6057,-10.0316],[61.4267,-10.1328]]},"properties":{"id":949,"group":"trails","name":"The Cracked Farm pass"}},{"type":"Feature","geometry":{"type":"LineString","coordinates":[[65.602,9.5985],[65.7802,9.6538],[65.9094,9.8274],[65.9888,10.0033],[65.9794,10.1933],[66.0152,10.3739],[66.1351,10.5358],[66.3335,10.6744],[66.3685,10.8698],[66.4822,10.8355],[66.609,10.8675],[66.7654,11.0418],[66.9149,11.2092]]},"properties":{"id":950,"group":"trails","name":"The Misty Phax trail"}},{"type":"Feature","geometry":{"type":"LineString","coordinates":[[64.8253,9.8251],[65.0105,9.8928],[65.2448,9.8336],[65.602,9.5985]]},"properties":{"id":951,"group":"trails","name":"Slofzian pass"}},{"type":"Feature","geometry":{"type":"LineString","coordinates":[[56.4296,-20.4757],[56.6654,-20.6766],[57.039,-20.7249]]},"properties":{"id":952,"group":"trails","name":null}},{"type":"Feature","geometry":{"type":"LineString","coordinates":[[62.0952,-9.2174],[61.8968,-8.8717],[61.4788,-8.6257]]},"properties":{"id":953,"group":"trails","name":null}},{"type":"Feature","geometry":{"type":"LineString","coordinates":[[65.6004,12.549],[65.7701,12.2376],[65.8627,12.3964],[65.953,12.5552],[66.0261,12.7623],[66.0915,12.967],[66.2596,13.1282],[66.4316,13.2839],[66.5942,13.3905],[66.6954,13.5485],[66.89,13.6497]]},"properties":{"id":954,"group":"trails","name":"Jaseeqeean trail"}},{"type":"Feature","geometry":{"type":"LineString","coordinates":[[55.7377,-22.7131],[55.758,-22.5278],[55.8078,-22.3161],[55.8498,-22.1113],[55.8023,-21.9549],[55.6724,-21.8194],[55.6047,-21.6232],[55.5066,-21.2823]]},"properties":{"id":955,"group":"trails","name":"Sapphire trail"}},{"type":"Feature","geometry":{"type":"LineString","coordinates":[[62.3427,-10.1819],[62.661,-10.28],[62.7816,-10.4256],[62.9349,-10.4855],[63.1388,-10.5766],[63.3474,-10.6723],[63.5435,-10.6856],[63.7326,-10.6996],[63.9435,-10.7253],[64.205,-10.5454],[64.4735,-10.3625],[64.5747,-10.2123],[64.7342,-10.1328],[65.0588,-9.9032],[65.2214,-9.7638],[65.3304,-9.5389],[65.8245,-9.3318]]},"properties":{"id":956,"group":"trails","name":"Brybsilese trail"}},{"type":"Feature","geometry":{"type":"LineString","coordinates":[[-57.7479,41.6346],[-57.6055,41.387],[-57.5604,41.2134],[-57.5977,41.0834],[-57.5643,40.7666]]},"properties":{"id":957,"group":"trails","name":"Aptonese trail"}},{"type":"Feature","geometry":{"type":"LineString","coordinates":[[-54.2279,39.4408],[-54.4661,39.5374],[-54.5782,39.7133],[-54.6894,39.8869],[-54.6871,40.1181],[-54.6809,40.3501],[-54.6482,40.5774],[-54.6715,40.7806],[-54.7961,40.9433],[-54.9782,41.0819],[-55.1229,41.2625]]},"properties":{"id":958,"group":"trails","name":"The Frosty Thethambean trail"}},{"type":"Feature","geometry":{"type":"LineString","coordinates":[[-55.1035,42.5057],[-55.2708,42.4769],[-55.4833,42.4263],[-55.635,42.3235],[-55.8623,42.3523],[-56.0841,42.3796],[-56.2304,42.487],[-56.4226,42.5158],[-56.6319,42.5096],[-56.7588,42.6443],[-56.8117,42.8661],[-56.7043,43.0452],[-56.7028,43.2242],[-56.751,43.3963],[-56.6872,43.6368],[-56.6195,43.8813]]},"properties":{"id":959,"group":"trails","name":"King trail"}},{"type":"Feature","geometry":{"type":"LineString","coordinates":[[65.6035,12.1449],[65.809,11.7993],[65.816,11.5144],[65.8946,11.3135],[66.0697,11.0418],[66.3685,10.8698]]},"properties":{"id":960,"group":"trails","name":"Xurx trail"}},{"type":"Feature","geometry":{"type":"LineString","coordinates":[[-57.3938,38.7456],[-57.6413,38.9644],[-57.9417,39.2267],[-58.2234,39.1707],[-58.583,39.3466],[-58.8663,39.9593],[-59.1822,39.9655],[-59.4453,39.7966],[-59.59,39.6845],[-59.7091,39.4603],[-59.5846,39.3412],[-59.3566,39.275]]},"properties":{"id":961,"group":"trails","name":"Betersted trail"}},{"type":"Feature","geometry":{"type":"LineString","coordinates":[[62.0898,-9.9258],[62.3427,-10.1819]]},"properties":{"id":962,"group":"trails","name":null}},{"type":"Feature","geometry":{"type":"LineString","coordinates":[[-56.7137,-12.8357],[-56.8576,-12.7812],[-56.9892,-12.7921],[-57.302,-12.9447],[-57.7736,-13.1432]]},"properties":{"id":963,"group":"trails","name":"Digrinese trail"}},{"type":"Feature","geometry":{"type":"LineString","coordinates":[[-62.275,-4.847],[-62.3707,-4.6181],[-62.2586,-4.3293],[-62.0812,-4.1977],[-61.9263,-3.9003],[-61.6477,-3.6886],[-61.4508,-3.5469],[-61.3426,-3.3616],[-61.0228,-3.1686],[-60.9099,-2.9537],[-60.773,-2.7793],[-60.5107,-2.6454],[-60.1846,-2.5543],[-60.0181,-2.4601],[-59.8585,-2.3068],[-59.5838,-2.2173],[-59.4344,-2.0211],[-59.2912,-1.8194],[-59.2009,-1.7112],[-59.0219,-1.6552],[-58.8554,-1.6957],[-58.7511,-1.8389],[-58.7425,-2.0071]]},"properties":{"id":964,"group":"trails","name":"Okhan pass"}},{"type":"Feature","geometry":{"type":"LineString","coordinates":[[-59.2009,-1.7112],[-59.355,-1.5439],[-59.5013,-1.494],[-59.7706,-1.2753],[-60.0111,-0.8705],[-60.0227,-0.5894],[-60.0539,-0.4454],[-60.1823,-0.2983],[-60.6189,-0.127],[-60.7574,0.1742]]},"properties":{"id":965,"group":"trails","name":"Brorkugan trail"}},{"type":"Feature","geometry":{"type":"LineString","coordinates":[[-59.3503,7.2078],[-59.6858,7.2133],[-59.8655,7.3012],[-60.0702,7.5768],[-60.3084,7.7123],[-60.6469,7.9567],[-60.8298,8.223],[-60.8827,8.4339],[-60.8539,8.6052],[-60.9014,8.7251],[-61.0921,8.8465],[-61.2757,8.9633],[-61.5201,8.9166],[-61.7645,8.9322],[-62.0096,9.0661],[-62.1567,9.2778],[-62.2104,9.5822]]},"properties":{"id":966,"group":"trails","name":"Vrobrab path"}},{"type":"Feature","geometry":{"type":"LineString","coordinates":[[-60.8298,8.223],[-61.036,8.1256],[-61.2321,8.0603],[-61.4314,7.9879],[-61.5286,7.9373],[-61.6602,7.7255],[-61.7847,7.5138],[-61.9403,7.4063],[-62.1038,7.3036],[-62.2672,7.1884],[-62.4361,7.1331],[-62.6252,7.1884],[-62.8221,7.2981],[-63.0688,7.2428],[-63.3108,7.1852],[-63.5661,7.0428],[-63.7536,6.9548],[-63.9466,6.8629],[-64.1817,6.9081]]},"properties":{"id":967,"group":"trails","name":"The Sacred Bhiccugan trail"}},{"type":"Feature","geometry":{"type":"LineString","coordinates":[[-57.0032,43.9218],[-56.8117,43.9015],[-56.6195,43.8813],[-56.2895,43.8603],[-55.9883,43.8478],[-55.8078,43.9]]},"properties":{"id":968,"group":"trails","name":"Amerstabrid trail"}},{"type":"Feature","geometry":{"type":"LineString","coordinates":[[-59.1939,33.2924],[-59.2305,33.705]]},"properties":{"id":969,"group":"trails","name":null}},{"type":"Feature","geometry":{"type":"LineString","coordinates":[[-64.8681,21.152],[-64.6447,21.2197],[-64.3723,21.2135],[-64.0252,21.1543],[-63.7342,21.0694],[-63.5303,20.8787],[-63.3637,20.8157],[-63.2011,20.7728],[-63.0221,20.7876],[-62.8135,20.9231],[-62.5785,20.8873]]},"properties":{"id":970,"group":"trails","name":"Dunshil pass"}},{"type":"Feature","geometry":{"type":"LineString","coordinates":[[57.9573,-16.929],[58.2678,-17.3213],[58.3168,-17.5557],[58.2421,-17.8538]]},"properties":{"id":971,"group":"trails","name":"Wastorloth trail"}},{"type":"Feature","geometry":{"type":"LineString","coordinates":[[63.061,-9.0173],[63.2462,-8.9254],[63.3077,-9.2539],[63.4268,-9.5108],[63.2205,-9.7522],[62.9552,-9.8215],[62.7232,-9.9904],[62.661,-10.28]]},"properties":{"id":972,"group":"trails","name":"Glimmering track"}},{"type":"Feature","geometry":{"type":"LineString","coordinates":[[62.6843,-8.797],[63.061,-9.0173]]},"properties":{"id":973,"group":"trails","name":null}},{"type":"Feature","geometry":{"type":"LineString","coordinates":[[59.3589,-17.7962],[59.1589,-17.8219],[58.8064,-17.8258],[58.2421,-17.8538]]},"properties":{"id":974,"group":"trails","name":"Wastorloth trail"}},{"type":"Feature","geometry":{"type":"LineString","coordinates":[[66.5678,14.0561],[66.6721,13.8989],[66.89,13.6497]]},"properties":{"id":975,"group":"trails","name":null}},{"type":"Feature","geometry":{"type":"LineString","coordinates":[[-57.7479,41.6346],[-57.73,41.4026],[-57.8001,41.2438],[-57.9199,41.1208],[-58.1153,41.1309],[-58.2733,41.2352]]},"properties":{"id":976,"group":"trails","name":"The Misty Perstabrid trail"}},{"type":"Feature","geometry":{"type":"LineString","coordinates":[[-61.6897,33.3889],[-61.3652,33.5236],[-61.0788,33.5213],[-60.7193,33.4512],[-60.4111,33.5244],[-60.1838,33.6505],[-59.8897,33.6513],[-59.6344,33.7509],[-59.2305,33.705]]},"properties":{"id":977,"group":"trails","name":"Sokering trail"}},{"type":"Feature","geometry":{"type":"LineString","coordinates":[[-53.2715,47.3004],[-53.354,47.5004],[-53.3229,47.7355],[-53.5431,47.8328],[-53.6186,48.0158],[-53.6054,48.2454],[-53.6489,48.4595],[-53.803,48.6425],[-54.2303,48.7024],[-54.4708,48.5218]]},"properties":{"id":978,"group":"trails","name":"Harford trail"}},{"type":"Feature","geometry":{"type":"LineString","coordinates":[[-53.684,-22.8065],[-53.5353,-23.1483],[-53.3408,-23.3359],[-53.319,-23.6146],[-53.1789,-23.7602]]},"properties":{"id":979,"group":"trails","name":"Roghan track"}},{"type":"Feature","geometry":{"type":"LineString","coordinates":[[-58.081,-15.6461],[-57.9713,-15.4732],[-57.8693,-15.2926],[-57.9269,-15.0163],[-57.8623,-14.8349],[-57.7993,-14.6582],[-57.7067,-14.4612],[-57.6086,-14.2697],[-57.4966,-14.0875],[-57.4701,-13.9015],[-57.5277,-13.7139],[-57.5728,-13.5021],[-57.6226,-13.302],[-57.7736,-13.1432]]},"properties":{"id":980,"group":"trails","name":"The Serpentine Digrin trail"}},{"type":"Feature","geometry":{"type":"LineString","coordinates":[[-56.6662,-16.8449],[-56.8771,-16.7227],[-57.0794,-16.7017],[-57.1814,-16.5678],[-57.2133,-16.3817]]},"properties":{"id":981,"group":"trails","name":"Bash-Qur path"}},{"type":"Feature","geometry":{"type":"LineString","coordinates":[[-55.9455,46.4869],[-55.7385,46.4666],[-55.3836,46.574]]},"properties":{"id":982,"group":"trails","name":null}},{"type":"Feature","geometry":{"type":"LineString","coordinates":[[55.7377,-22.7131],[55.428,-22.8696],[55.1766,-22.9451],[54.9797,-23.1561],[54.8583,-23.3156],[54.5999,-23.42],[54.3252,-23.6169],[54.0731,-23.6045],[53.8762,-23.7749],[53.2699,-23.7407]]},"properties":{"id":983,"group":"trails","name":"Krestanart trail"}},{"type":"Feature","geometry":{"type":"LineString","coordinates":[[58.3402,-21.0884],[58.0717,-21.0619],[57.9168,-20.9537],[57.8024,-20.8253],[57.7612,-20.6579],[57.618,-20.538],[57.3433,-20.4828]]},"properties":{"id":984,"group":"trails","name":"Maldrarum track"}},{"type":"Feature","geometry":{"type":"LineString","coordinates":[[55.8047,-24.2],[55.7922,-23.7897],[55.7424,-23.6519],[55.684,-23.3102],[55.5385,-23.1475],[55.428,-22.8696]]},"properties":{"id":985,"group":"trails","name":"Lamalanese pass"}},{"type":"Feature","geometry":{"type":"LineString","coordinates":[[63.5536,-8.291],[63.4571,-8.6164],[63.2462,-8.9254]]},"properties":{"id":986,"group":"trails","name":null}},{"type":"Feature","geometry":{"type":"LineString","coordinates":[[64.2914,-8.8102],[64.2984,-8.5136],[64.2891,-8.319],[64.4307,-8.1477],[64.5685,-7.9835],[64.851,-8.3346]]},"properties":{"id":987,"group":"trails","name":"Kasan trail"}},{"type":"Feature","geometry":{"type":"LineString","coordinates":[[-62.1131,34.3659],[-61.903,34.2834],[-61.7434,34.1246],[-61.6049,33.9883],[-61.4648,33.8186],[-61.3652,33.5236]]},"properties":{"id":988,"group":"trails","name":"Crafthers trail"}},{"type":"Feature","geometry":{"type":"LineString","coordinates":[[-59.457,35.3795],[-59.6002,35.6543],[-59.6756,35.7765],[-59.8313,35.8987],[-60.0321,36.3098],[-59.9589,36.5503],[-59.948,36.7551],[-59.9309,36.9645],[-60.0982,37.219],[-60.1737,37.4168],[-60.2492,37.62],[-60.7418,37.5756]]},"properties":{"id":989,"group":"trails","name":"Sidmouth track"}},{"type":"Feature","geometry":{"type":"LineString","coordinates":[[-64.865,12.4781],[-64.5801,12.3178],[-64.3918,12.3762],[-64.2961,12.4836],[-64.0867,12.619],[-63.9466,12.8682],[-63.6844,13.2893],[-63.5458,13.6248],[-63.2735,13.758],[-63.0851,13.8296],[-62.717,14.0024],[-62.4983,14.1565],[-62.2081,14.1814],[-62.0571,14.3325],[-61.9349,14.6174],[-61.7427,14.8299],[-61.8337,14.8673],[-62.2221,15.0253],[-62.3256,15.2713],[-62.324,15.6146],[-62.4423,15.9829],[-62.482,16.1619],[-62.612,16.3122],[-62.64,16.6516],[-62.5271,16.9124],[-62.5038,17.1506],[-62.38,17.3569],[-62.4345,17.6457],[-62.5777,17.8551],[-62.8197,18.0388],[-62.9085,18.2381],[-62.9038,18.5098],[-63.4143,18.5215]]},"properties":{"id":990,"group":"trails","name":"Skipingtonese pass"}},{"type":"Feature","geometry":{"type":"LineString","coordinates":[[-58.081,-15.6461],[-58.0803,-15.9014]]},"properties":{"id":991,"group":"trails","name":null}},{"type":"Feature","geometry":{"type":"LineString","coordinates":[[-57.8709,-17.0574],[-57.5713,-16.6744],[-57.2133,-16.3817]]},"properties":{"id":992,"group":"trails","name":null}},{"type":"Feature","geometry":{"type":"LineString","coordinates":[[-57.8709,-17.0574],[-57.9254,-16.8589],[-58.018,-16.6799],[-58.1161,-16.5032],[-58.1036,-16.3296],[-58.0849,-16.1622],[-58.0803,-15.9014]]},"properties":{"id":993,"group":"trails","name":"Ghost trail"}},{"type":"Feature","geometry":{"type":"LineString","coordinates":[[59.5706,-18.9974],[59.3052,-18.7623]]},"properties":{"id":994,"group":"trails","name":null}},{"type":"Feature","geometry":{"type":"LineString","coordinates":[[-62.2516,31.1204],[-62.0493,31.2068],[-61.9637,31.5198],[-62.0174,31.8483],[-61.9761,32.1519],[-62.0555,32.4578],[-62.0213,32.7537],[-61.7847,33.1873],[-61.6897,33.3889]]},"properties":{"id":995,"group":"trails","name":"Spike track"}},{"type":"Feature","geometry":{"type":"LineString","coordinates":[[-59.955,39.8768],[-59.59,39.6845]]},"properties":{"id":996,"group":"trails","name":null}},{"type":"Feature","geometry":{"type":"LineString","coordinates":[[-59.4453,39.7966],[-58.8663,39.9593]]},"properties":{"id":997,"group":"trails","name":null}},{"type":"Feature","geometry":{"type":"LineString","coordinates":[[-62.0042,30.9818],[-62.2516,31.1204],[-62.5995,31.0776],[-62.9894,31.2792],[-63.2556,31.3431]]},"properties":{"id":998,"group":"trails","name":"Watfordford trail"}},{"type":"Feature","geometry":{"type":"LineString","coordinates":[[67.1639,13.3142],[67.3639,13.329],[67.5507,13.2231],[67.7694,13.206],[67.9873,13.1889],[68.206,13.1803],[68.392,13.1095],[68.5787,13.1282],[68.7585,13.1982],[68.929,13.3539],[69.0978,13.5135],[69.1469,13.7198],[69.1904,13.9284],[69.2714,14.0857],[69.3508,14.2429],[69.4426,14.3893],[69.5282,14.5396],[69.6372,14.8019],[69.7414,15.0611],[69.7461,15.2378],[69.7858,15.3904],[69.8893,15.4979],[70.0885,15.5103],[70.2815,15.5251],[70.501,15.5882],[70.7275,15.6543],[70.9213,15.7361],[71.0847,15.8528],[71.1469,15.9307],[71.6209,16.0062],[71.7298,16.0607],[71.5485,16.2872],[71.4738,16.4912],[71.4754,16.6671],[71.5594,16.8182],[71.7306,16.9396]]},"properties":{"id":999,"group":"trails","name":"Stiolese pass"}},{"type":"Feature","geometry":{"type":"LineString","coordinates":[[66.5942,13.3905],[66.8977,13.2878],[67.1639,13.3142]]},"properties":{"id":1000,"group":"trails","name":null}},{"type":"Feature","geometry":{"type":"LineString","coordinates":[[-59.5846,39.3412],[-59.9838,39.3536],[-60.1582,39.342]]},"properties":{"id":1001,"group":"trails","name":null}},{"type":"Feature","geometry":{"type":"LineString","coordinates":[[-57.8709,-17.0574],[-57.6748,-17.1586],[-57.5168,-17.2894],[-57.3682,-17.354],[-57.2623,-17.5074],[-57.2397,-17.6997],[-57.2141,-17.8889],[-57.2709,-18.0578],[-57.3246,-18.2306],[-57.2973,-18.4486],[-57.3254,-18.6572],[-57.3479,-18.8581],[-57.439,-18.9865],[-57.5355,-19.0465],[-57.5137,-19.2434],[-57.5666,-19.4201],[-57.6133,-19.5968],[-57.6102,-19.7463]]},"properties":{"id":1002,"group":"trails","name":"The Serpentine Iboz pass"}},{"type":"Feature","geometry":{"type":"LineString","coordinates":[[-55.4809,46.0836],[-55.7144,46.1303],[-55.8685,46.0852],[-55.9455,46.4869],[-56.4164,46.6457],[-56.7681,46.8029]]},"properties":{"id":1003,"group":"trails","name":"Wodgesey track"}},{"type":"Feature","geometry":{"type":"LineString","coordinates":[[-53.9945,46.859],[-53.8793,47.0092],[-53.7042,47.066],[-53.4341,47.1392]]},"properties":{"id":1004,"group":"trails","name":"Falcon trail"}},{"type":"Feature","geometry":{"type":"LineString","coordinates":[[-53.684,-22.8065],[-53.8949,-22.7684],[-54.1042,-22.8283],[-54.2458,-22.9513],[-54.4202,-23.1506],[-54.821,-23.311],[-54.9875,-23.2954],[-55.5152,-23.3188],[-55.3751,-23.1794],[-55.3253,-23.0167],[-55.3183,-22.8501],[-55.3502,-22.6508],[-55.2397,-22.4796],[-55.1315,-22.3091],[-54.8972,-22.1448],[-54.7642,-21.9471],[-54.726,-21.7166],[-54.7408,-21.4745],[-54.6638,-21.2729],[-54.6326,-21.1032],[-54.6887,-20.9452],[-54.7027,-20.6891],[-54.6428,-20.4843],[-54.5081,-20.3309],[-54.3898,-20.1877],[-54.3603,-20.004],[-54.4202,-19.7837],[-54.382,-19.554],[-54.2435,-19.4046],[-54.1011,-19.273],[-54.0412,-19.1009],[-54.0233,-18.904],[-53.9867,-18.7117],[-53.947,-18.5132],[-53.7999,-18.4081],[-53.6894,-18.289],[-53.6443,-18.1278],[-53.631,-17.9426],[-53.6598,-17.7285],[-53.8723,-17.6678],[-54.1501,-17.7666],[-54.3805,-17.9823],[-54.6124,-18.0134],[-54.8583,-17.9254],[-55.1097,-17.832],[-55.3362,-17.8094],[-55.5712,-17.8476],[-55.7222,-17.941],[-55.8724,-18.0337],[-55.9837,-18.0266],[-56.0809,-17.976],[-56.1502,-17.9799],[-56.3276,-17.9122],[-56.516,-17.9332],[-56.7105,-18.0033],[-56.8973,-17.9379],[-57.2141,-17.8889]]},"properties":{"id":1005,"group":"trails","name":"Roghan pass"}},{"type":"Feature","geometry":{"type":"LineString","coordinates":[[-53.1703,-23.9797],[-53.6139,-23.8629],[-53.9851,-23.9501],[-54.14,-24.1642],[-54.2529,-24.1946],[-54.3852,-23.7718],[-54.4427,-23.6006],[-54.821,-23.311]]},"properties":{"id":1006,"group":"trails","name":"Drodh path"}},{"type":"Feature","geometry":{"type":"LineString","coordinates":[[-60.5162,39.0158],[-60.7356,38.8383]]},"properties":{"id":1007,"group":"trails","name":null}},{"type":"Feature","geometry":{"type":"LineString","coordinates":[[-60.1978,39.9064],[-60.3076,40.0185],[-60.5107,40.0753],[-60.7691,40.4879],[-60.8617,40.7066]]},"properties":{"id":1008,"group":"trails","name":"Brampleters track"}},{"type":"Feature","geometry":{"type":"LineString","coordinates":[[58.0857,-22.6135],[57.8686,-22.4967],[57.6024,-22.4764],[57.4499,-22.4095],[57.2981,-22.3379],[57.1113,-22.1853],[57.053,-22.028],[56.9993,-21.8731],[56.8662,-21.6699],[56.7378,-21.466],[56.5923,-21.3593],[56.407,-21.3508],[55.9191,-21.0869]]},"properties":{"id":1009,"group":"trails","name":"Vendrakraag track"}},{"type":"Feature","geometry":{"type":"LineString","coordinates":[[55.87,-21.5298],[55.9167,-21.7501],[55.8023,-21.9549]]},"properties":{"id":1010,"group":"trails","name":null}},{"type":"Feature","geometry":{"type":"LineString","coordinates":[[-65.7405,10.212],[-65.5514,10.24],[-65.3623,10.2688],[-65.1623,10.2159],[-65.0362,10.0952],[-64.8121,10.0687],[-64.5848,10.0446],[-64.384,10.022],[-64.1879,9.9987],[-63.9194,10.043],[-63.6719,10.0726],[-63.4727,10.1154],[-63.2003,10.0672],[-62.9668,10.1684],[-62.7427,10.1583],[-62.5995,10.1178],[-62.4228,9.8663],[-62.2104,9.5822]]},"properties":{"id":1011,"group":"trails","name":"Vrobrab pass"}},{"type":"Feature","geometry":{"type":"LineString","coordinates":[[58.0857,-22.6135],[58.4686,-22.2445],[58.6219,-22.2413],[58.6639,-22.4562],[58.706,-22.6734],[58.8577,-22.8104],[58.9363,-23.0634],[59.0398,-23.2666],[59.1931,-23.3826]]},"properties":{"id":1012,"group":"trails","name":"Pragantoszman trail"}},{"type":"Feature","geometry":{"type":"LineString","coordinates":[[-62.8392,34.5309],[-62.6594,34.5792],[-62.4477,34.485],[-62.1131,34.3659]]},"properties":{"id":1013,"group":"trails","name":"Tranquil pass"}},{"type":"Feature","geometry":{"type":"LineString","coordinates":[[-57.4654,45.9411],[-57.4724,46.2152],[-57.4117,46.4254],[-57.3409,46.6496],[-57.2755,46.8777],[-57.2506,47.0544],[-57.1565,47.0832],[-56.9938,47.0193],[-56.7681,46.8029]]},"properties":{"id":1014,"group":"trails","name":"The Echoing Wodgesey pass"}},{"type":"Feature","geometry":{"type":"LineString","coordinates":[[-56.0747,48.7086],[-55.9899,48.3863],[-55.8467,48.4712],[-55.7035,48.5553],[-55.4965,48.5958],[-55.2941,48.6394],[-55.1463,48.8449],[-54.884,48.9165],[-54.6077,48.813],[-54.4708,48.5218]]},"properties":{"id":1015,"group":"trails","name":"The Fabled Harford path"}},{"type":"Feature","geometry":{"type":"LineString","coordinates":[[-64.8681,21.152],[-65.0424,20.9994],[-65.3545,20.8787],[-65.5343,20.9067],[-65.8541,20.73],[-66.1786,20.5144],[-66.4176,20.3867],[-66.6261,20.3244],[-66.918,20.354],[-67.0798,20.1158],[-67.1281,19.8332],[-67.0324,19.5537],[-67.016,19.3513],[-67.139,19.1964],[-67.2378,18.8702],[-67.339,18.6772],[-67.6075,18.5106],[-67.6892,18.407],[-67.9725,18.1525],[-68.392,18.0731]]},"properties":{"id":1016,"group":"trails","name":"Showeydonese track"}},{"type":"Feature","geometry":{"type":"LineString","coordinates":[[-66.2059,11.1633],[-66.0417,11.2909],[-65.879,11.4256],[-65.7226,11.5323],[-65.5599,11.6436],[-65.3568,11.7503],[-65.1529,11.8553],[-65.0914,11.9402],[-64.949,12.2212],[-64.865,12.4781]]},"properties":{"id":1017,"group":"trails","name":"Redckewian trail"}},{"type":"Feature","geometry":{"type":"LineString","coordinates":[[-64.5801,12.3178],[-64.5708,12.5054],[-64.5926,12.6805],[-64.679,12.8183],[-64.8432,12.9803],[-65.0004,13.1437],[-65.1623,13.2372],[-65.3265,13.3267],[-65.5358,13.3384],[-65.7506,13.3493],[-65.9895,13.3796],[-66.1895,13.5563]]},"properties":{"id":1018,"group":"trails","name":"Keterwick path"}},{"type":"Feature","geometry":{"type":"LineString","coordinates":[[-60.3831,41.2204],[-60.1527,41.38],[-59.8523,41.3925],[-59.7846,41.4018]]},"properties":{"id":1019,"group":"trails","name":"Leighinese pass"}},{"type":"Feature","geometry":{"type":"LineString","coordinates":[[-59.4258,44.016],[-59.5978,43.9249],[-59.6858,43.7186],[-59.8391,43.5668],[-59.9978,43.4103],[-60.1348,43.1775],[-60.3029,42.9354]]},"properties":{"id":1020,"group":"trails","name":"The Echoing Kinlan trail"}},{"type":"Feature","geometry":{"type":"LineString","coordinates":[[-59.583,41.816],[-59.4422,41.7607],[-59.2476,41.5879]]},"properties":{"id":1021,"group":"trails","name":null}},{"type":"Feature","geometry":{"type":"LineString","coordinates":[[-57.0032,43.9218],[-57.2032,43.9918],[-57.4016,44.1771],[-57.5223,44.4068],[-57.6289,44.5866],[-57.7433,44.7649],[-57.7612,44.968],[-57.7721,45.1704],[-57.5775,45.3884],[-57.4577,45.5161],[-57.4561,45.6726],[-57.4654,45.9411]]},"properties":{"id":1022,"group":"trails","name":"Hateskirk trail"}},{"type":"Feature","geometry":{"type":"LineString","coordinates":[[-60.3831,41.2204],[-60.5309,41.2235],[-60.7769,41.0025],[-60.8617,40.7066]]},"properties":{"id":1023,"group":"trails","name":"Brampleters trail"}},{"type":"Feature","geometry":{"type":"LineString","coordinates":[[-60.3994,37.7827],[-60.5449,37.9438],[-60.6243,38.0824],[-60.6095,38.2653],[-60.5566,38.4833],[-60.6173,38.6701],[-60.7356,38.8383]]},"properties":{"id":1024,"group":"trails","name":"Clifordan trail"}},{"type":"Feature","geometry":{"type":"LineString","coordinates":[[-63.3155,33.9689],[-62.9163,33.7883]]},"properties":{"id":1025,"group":"trails","name":null}},{"type":"Feature","geometry":{"type":"LineString","coordinates":[[-66.3693,5.9404],[-66.03,6.0751],[-65.9218,6.2697],[-65.7109,6.3569],[-65.4992,6.5352],[-65.2323,6.5889],[-64.9444,6.5804],[-64.7264,6.6512],[-64.5397,6.6948],[-64.384,6.7376],[-64.1817,6.9081]]},"properties":{"id":1026,"group":"trails","name":"Bhiccugan trail"}},{"type":"Feature","geometry":{"type":"LineString","coordinates":[[-59.4258,44.016],[-59.3644,44.2441],[-59.3721,44.5243],[-59.5247,44.6886],[-59.8313,44.9914]]},"properties":{"id":1027,"group":"trails","name":"Carketownese trail"}},{"type":"Feature","geometry":{"type":"LineString","coordinates":[[-65.7405,10.212],[-65.7467,10.4471],[-65.8627,10.6759],[-65.9226,10.848],[-66.2059,11.1633]]},"properties":{"id":1028,"group":"trails","name":"Westondenese trail"}},{"type":"Feature","geometry":{"type":"LineString","coordinates":[[-62.9201,2.9145],[-63.0415,3.2329],[-63.1373,3.4236],[-63.1139,3.6712],[-63.0462,3.8097],[-63.1038,4.1071],[-63.0026,4.2908],[-62.833,4.3936],[-62.7264,4.5649],[-62.6851,4.7595],[-62.724,4.9681],[-62.6563,5.1254],[-62.5832,5.2912],[-62.6096,5.5146],[-62.7326,5.6758],[-62.8976,5.7482],[-63.1023,5.7256],[-63.2719,5.8245],[-63.3684,5.9545],[-63.4836,5.9942],[-63.7054,6.1911],[-63.9178,6.2643],[-64.1638,6.3927],[-64.384,6.7376]]},"properties":{"id":1029,"group":"trails","name":"Royal trail"}},{"type":"Feature","geometry":{"type":"LineString","coordinates":[[-66.3693,5.9404],[-66.2269,5.6353]]},"properties":{"id":1030,"group":"trails","name":null}},{"type":"Feature","geometry":{"type":"LineString","coordinates":[[-62.5466,36.0856],[-62.9178,35.9735],[-63.0571,36.0871],[-63.3318,36.2195],[-63.5163,36.4701]]},"properties":{"id":1031,"group":"trails","name":"Padswest track"}},{"type":"Feature","geometry":{"type":"LineString","coordinates":[[-63.7459,33.4146],[-63.9054,33.5111],[-64.2696,33.5407],[-64.3132,33.8217],[-64.2175,34.2164],[-64.3077,34.5037],[-64.233,34.9412],[-63.8883,34.8151],[-63.633,34.7653],[-63.5311,34.6337],[-63.289,34.5271],[-62.8392,34.5309]]},"properties":{"id":1032,"group":"trails","name":"The Cracked Brorough track"}},{"type":"Feature","geometry":{"type":"LineString","coordinates":[[-64.4035,31.9191],[-64.398,31.4505],[-63.9412,31.4949],[-63.6618,31.3034],[-63.2556,31.3431]]},"properties":{"id":1033,"group":"trails","name":"Watfordford trail"}},{"type":"Feature","geometry":{"type":"LineString","coordinates":[[-55.5152,-23.3188],[-55.5829,-23.4869],[-55.7144,-23.5834],[-55.9245,-23.7041]]},"properties":{"id":1034,"group":"trails","name":"The Winding Dhulese trail"}},{"type":"Feature","geometry":{"type":"LineString","coordinates":[[59.5706,-18.9974],[59.7068,-19.1554],[59.8375,-19.3158],[60.0336,-19.4746],[60.222,-19.5805],[60.3994,-19.5836],[60.5792,-19.5782],[60.7808,-19.6615],[60.9987,-19.7876],[61.2166,-19.9339],[61.4897,-20.2741],[61.5769,-20.285],[61.5699,-20.4158]]},"properties":{"id":1035,"group":"trails","name":"Larumborvyx trail"}},{"type":"Feature","geometry":{"type":"LineString","coordinates":[[-66.5693,5.5582],[-66.3997,5.6003],[-66.2269,5.6353]]},"properties":{"id":1036,"group":"trails","name":null}},{"type":"Feature","geometry":{"type":"LineString","coordinates":[[-59.8391,43.5668],[-60.0235,43.7318]]},"properties":{"id":1037,"group":"trails","name":null}},{"type":"Feature","geometry":{"type":"LineString","coordinates":[[-61.9193,38.182],[-62.3263,38.3112],[-62.4906,38.3984],[-62.6353,38.5853],[-62.7559,38.7581],[-62.9552,38.8266],[-63.2602,38.7947],[-63.3801,39.2065],[-63.482,39.3684],[-63.4968,39.5342],[-63.4276,39.6985],[-63.2633,39.7911],[-63.0929,39.883],[-62.7894,39.9492]]},"properties":{"id":1038,"group":"trails","name":"Aling path"}},{"type":"Feature","geometry":{"type":"LineString","coordinates":[[-56.9938,47.0193],[-56.874,47.3268],[-56.944,47.5736],[-57.1082,47.7371],[-57.123,47.9574],[-57.1394,48.1808],[-57.0981,48.3217],[-56.874,48.4478],[-56.6522,48.5794],[-56.3743,48.6643],[-56.0747,48.7086]]},"properties":{"id":1039,"group":"trails","name":"Guildford trail"}},{"type":"Feature","geometry":{"type":"LineString","coordinates":[[58.3402,-21.0884],[58.4211,-21.3873],[58.3993,-21.5765],[58.4375,-21.7618],[58.6071,-21.9463],[58.6219,-22.2413]]},"properties":{"id":1040,"group":"trails","name":"Sas'no'fejas trail"}},{"type":"Feature","geometry":{"type":"LineString","coordinates":[[-62.6158,35.8419],[-62.9178,35.9735]]},"properties":{"id":1041,"group":"trails","name":null}},{"type":"Feature","geometry":{"type":"LineString","coordinates":[[-59.9978,43.4103],[-60.0235,43.7318]]},"properties":{"id":1042,"group":"trails","name":null}},{"type":"Feature","geometry":{"type":"LineString","coordinates":[[-60.1527,41.38],[-60.2842,41.7856],[-60.4352,42.0542],[-60.6998,42.2395],[-61.1924,42.2574],[-61.3481,42.4255],[-61.1457,42.6022],[-61.1286,42.7354],[-61.1683,42.8358],[-61.0765,43.1262],[-60.9792,43.4017],[-60.7341,43.6446]]},"properties":{"id":1043,"group":"trails","name":"Gramburgh path"}},{"type":"Feature","geometry":{"type":"LineString","coordinates":[[-61.615,41.9538],[-61.1924,42.2574]]},"properties":{"id":1044,"group":"trails","name":null}},{"type":"Feature","geometry":{"type":"LineString","coordinates":[[-62.4018,40.3618],[-61.9816,40.5626],[-61.7154,40.7432],[-61.3349,40.8795],[-60.8617,40.7066]]},"properties":{"id":1045,"group":"trails","name":"Brampleters trail"}},{"type":"Feature","geometry":{"type":"LineString","coordinates":[[-62.682,40.3431],[-62.4018,40.3618]]},"properties":{"id":1046,"group":"trails","name":null}},{"type":"Feature","geometry":{"type":"LineString","coordinates":[[-61.9816,40.5626],[-62.0594,40.7238],[-62.201,40.9542],[-62.2081,41.2391],[-62.2563,41.4493],[-62.4843,41.7202],[-62.2571,41.7786],[-62.0913,41.7405],[-61.615,41.9538]]},"properties":{"id":1047,"group":"trails","name":"Harliscom path"}},{"type":"Feature","geometry":{"type":"LineString","coordinates":[[-62.18,39.5903],[-62.0633,39.753],[-62.1045,39.9064],[-62.2283,40.0013],[-62.4018,40.3618]]},"properties":{"id":1048,"group":"trails","name":"Apingham path"}},{"type":"Feature","geometry":{"type":"LineString","coordinates":[[-62.682,40.3431],[-62.7186,40.1773],[-62.7894,39.9492]]},"properties":{"id":1049,"group":"trails","name":null}},{"type":"Feature","geometry":{"type":"LineString","coordinates":[[-63.2602,38.7947],[-63.4268,38.6304],[-63.6377,38.4023],[-63.689,38.0302],[-63.6789,37.9687],[-63.7568,37.5398],[-63.9147,37.3529],[-64.0556,37.1661]]},"properties":{"id":1050,"group":"trails","name":"Wisterford trail"}},{"type":"Feature","geometry":{"type":"LineString","coordinates":[[-65.0479,34.4367],[-64.8836,34.6166],[-64.6082,34.6399],[-64.3077,34.5037]]},"properties":{"id":1051,"group":"trails","name":"Carpory trail"}},{"type":"Feature","geometry":{"type":"LineString","coordinates":[[-64.363,36.4079],[-63.998,36.5293],[-63.5163,36.4701]]},"properties":{"id":1052,"group":"trails","name":null}},{"type":"Feature","geometry":{"type":"LineString","coordinates":[[66.4339,-10.0628],[66.4993,-10.2161],[66.6324,-10.3119],[66.9211,-10.2885],[66.8923,-10.5416],[66.9919,-10.8958],[67.0876,-10.7549],[67.2627,-10.7486],[67.4666,-10.8514],[67.5554,-10.9674],[67.7468,-11.0437],[67.883,-11.0234],[67.9764,-11.1106],[68.2052,-11.1994],[68.392,-11.2227],[68.5289,-11.1745],[68.7422,-11.2227],[68.9507,-11.2718],[69.1391,-11.2616],[69.3274,-11.2531],[69.5515,-11.1527],[69.7726,-11.0538],[69.9251,-10.8958],[70.073,-10.7369]]},"properties":{"id":1053,"group":"trails","name":"Thrian trail"}},{"type":"Feature","geometry":{"type":"LineString","coordinates":[[-64.363,36.4079],[-64.3848,36.0832],[-64.535,35.8045],[-64.7576,35.6473],[-64.5583,35.1802],[-64.4346,35.0486],[-64.233,34.9412]]},"properties":{"id":1054,"group":"trails","name":"The Breezy Gramney path"}},{"type":"Feature","geometry":{"type":"LineString","coordinates":[[-63.4859,40.1928],[-63.2291,40.0356],[-62.7894,39.9492]]},"properties":{"id":1055,"group":"trails","name":null}},{"type":"Feature","geometry":{"type":"LineString","coordinates":[[-62.3061,42.8116],[-61.9824,42.9058],[-61.6135,42.7556],[-61.3481,42.4255]]},"properties":{"id":1056,"group":"trails","name":"Kenteford pass"}},{"type":"Feature","geometry":{"type":"LineString","coordinates":[[-61.0617,43.935],[-61.2399,44.0027],[-61.4812,44.0961],[-61.6773,44.0269],[-61.8236,44.0471],[-62.0104,44.0416],[-62.3225,43.7388]]},"properties":{"id":1057,"group":"trails","name":"Wandering path"}},{"type":"Feature","geometry":{"type":"LineString","coordinates":[[-63.0976,40.5385],[-62.682,40.3431]]},"properties":{"id":1058,"group":"trails","name":null}},{"type":"Feature","geometry":{"type":"LineString","coordinates":[[-65.0479,34.4367],[-65.2907,34.5527],[-65.4767,34.1643],[-65.8533,33.9284],[-66.1374,33.7143],[-66.3833,33.5392],[-66.6542,33.5033],[-66.8479,33.3694],[-66.9398,33.2099],[-66.9289,33.0339],[-66.9164,32.8525],[-66.8261,32.7202]]},"properties":{"id":1059,"group":"trails","name":"Gatfordan track"}},{"type":"Feature","geometry":{"type":"LineString","coordinates":[[-64.1848,39.5483],[-63.9607,39.3926],[-63.8727,39.2602],[-63.6097,39.0967],[-63.2602,38.7947]]},"properties":{"id":1060,"group":"trails","name":"Wodgegan trail"}},{"type":"Feature","geometry":{"type":"LineString","coordinates":[[-64.1848,39.5483],[-64.005,39.6915],[-63.7178,39.8589],[-63.4859,40.1928],[-63.405,40.3968],[-63.3552,40.656]]},"properties":{"id":1061,"group":"trails","name":"Wodgean trail"}},{"type":"Feature","geometry":{"type":"LineString","coordinates":[[-64.363,36.4079],[-64.3443,36.7769],[-64.0556,37.1661]]},"properties":{"id":1062,"group":"trails","name":null}},{"type":"Feature","geometry":{"type":"LineString","coordinates":[[-65.7374,31.0472],[-66.0417,31.2901],[-66.195,31.526],[-66.1965,31.7588],[-66.3888,32.1667]]},"properties":{"id":1063,"group":"trails","name":"Blandentonese trail"}},{"type":"Feature","geometry":{"type":"LineString","coordinates":[[-64.3988,29.8982],[-64.6362,29.7807],[-65.0058,29.8001],[-65.2409,29.8024],[-65.4035,29.9434],[-65.5631,30.085],[-65.7849,30.0835],[-65.995,30.1458],[-66.1716,30.3412],[-66.3685,30.3637],[-66.5654,30.3925]]},"properties":{"id":1064,"group":"trails","name":"Exning trail"}},{"type":"Feature","geometry":{"type":"LineString","coordinates":[[-62.7793,43.3184],[-63.1248,43.3457],[-63.3645,43.1729],[-63.5567,42.8537]]},"properties":{"id":1065,"group":"trails","name":"Enchanted pass"}},{"type":"Feature","geometry":{"type":"LineString","coordinates":[[-62.3061,42.8116],[-62.6034,43.1666],[-62.7793,43.3184]]},"properties":{"id":1066,"group":"trails","name":null}},{"type":"Feature","geometry":{"type":"LineString","coordinates":[[-62.6034,43.1666],[-62.4119,43.3784],[-62.3225,43.7388]]},"properties":{"id":1067,"group":"trails","name":null}},{"type":"Feature","geometry":{"type":"LineString","coordinates":[[-69.6208,20.66],[-69.35,20.5424],[-69.0698,20.5992],[-68.6138,20.5743],[-68.1865,20.6678],[-68.069,20.6787],[-67.904,20.7137],[-67.6962,20.6927],[-67.4441,20.6794],[-67.1398,20.4817],[-66.918,20.354]]},"properties":{"id":1068,"group":"trails","name":"Ostontaran trail"}},{"type":"Feature","geometry":{"type":"LineString","coordinates":[[-70.0488,14.6236],[-69.7547,14.4991],[-69.5477,14.4858],[-69.1266,14.3807],[-68.9258,14.2173],[-68.7492,14.1744],[-68.6083,14.1449],[-68.3997,14.1581],[-68.2285,14.0701],[-68.0706,13.9253],[-67.8488,13.7914],[-67.6137,13.7743],[-67.3662,13.814],[-67.1001,13.8522],[-66.8386,13.8833],[-66.5794,13.726],[-66.3973,13.7346],[-66.1895,13.5563]]},"properties":{"id":1069,"group":"trails","name":"Keterwick pass"}},{"type":"Feature","geometry":{"type":"LineString","coordinates":[[-69.6208,20.66],[-69.4924,20.913],[-69.5578,21.2493],[-69.3352,21.6012],[-69.3002,21.8604],[-69.1406,22.0963],[-68.8791,22.329],[-68.8441,22.4442],[-68.7196,22.8483],[-68.6573,23.2469],[-69.0644,23.3488],[-69.2706,23.4827],[-69.5204,23.6493],[-69.6838,23.9701],[-69.8854,24.0448],[-70.0683,24.3718],[-70.3267,24.5617],[-70.438,24.6427],[-70.5135,24.8069],[-70.5866,25.0778],[-70.5874,25.3301],[-70.4504,25.5488],[-70.4278,25.6897],[-70.4496,25.7793],[-70.4543,25.9965],[-70.4426,26.1708],[-70.3889,26.2728]]},"properties":{"id":1070,"group":"trails","name":"Kirpor trail"}},{"type":"Feature","geometry":{"type":"LineString","coordinates":[[-64.8331,40.916],[-64.6175,40.8888],[-64.2805,40.9557],[-63.9233,40.9378],[-63.7046,40.7837],[-63.3552,40.656]]},"properties":{"id":1071,"group":"trails","name":"Wodgean trail"}},{"type":"Feature","geometry":{"type":"LineString","coordinates":[[-69.2807,27.2023],[-69.0574,27.1463],[-68.8535,26.9322],[-68.511,26.6278],[-68.192,26.5344],[-67.9849,26.2977],[-67.9017,26.1288],[-67.8207,25.963],[-67.697,25.7427],[-67.6137,25.5839],[-67.532,25.4188],[-67.4246,25.3309],[-67.2643,25.2211],[-67.1514,24.9946],[-67.0612,24.712],[-66.967,24.4356],[-66.8682,24.1678],[-66.781,24.0269],[-66.6946,23.8813],[-66.4464,23.7544],[-66.1911,23.6314],[-65.9568,23.5131],[-65.8471,23.3418],[-65.7981,23.1488],[-65.637,22.9759],[-65.4782,22.8031],[-65.2237,22.6653],[-64.9763,22.6428],[-64.7568,22.6614],[-64.5319,22.5867],[-64.3046,22.4699],[-64.2439,22.3142],[-64.1871,22.1554],[-63.9194,21.9717],[-63.8315,21.7148],[-63.7389,21.4564],[-63.7342,21.0694]]},"properties":{"id":1072,"group":"trails","name":"Frampleby track"}},{"type":"Feature","geometry":{"type":"LineString","coordinates":[[-61.7715,23.8377],[-61.9364,24.262],[-62.0719,24.4286],[-62.2547,24.5205],[-62.3909,24.7486],[-62.3684,24.9611],[-62.3489,25.1713],[-62.3302,25.4445],[-62.4446,25.689]]},"properties":{"id":1073,"group":"trails","name":"Quatlean path"}},{"type":"Feature","geometry":{"type":"LineString","coordinates":[[-67.9849,26.2977],[-67.9328,26.4869],[-67.8814,26.6823],[-67.6993,26.7905],[-67.5157,26.8979],[-67.5063,27.1167],[-67.6238,27.302],[-67.7172,27.411],[-67.739,27.5682],[-67.5989,27.7924],[-67.6464,28.1326],[-67.7958,28.3436],[-67.8153,28.4082],[-67.9095,28.6978],[-68.0674,28.8753],[-68.29,28.9461],[-68.4153,29.0715],[-68.5437,29.1976],[-68.5787,29.3595],[-68.6114,29.523],[-68.7188,29.7176],[-68.8628,29.8702],[-69.0768,29.9511],[-69.2449,30.0632],[-69.3297,30.247],[-69.5049,30.4104],[-69.5531,30.5872],[-69.4807,30.7756],[-69.2714,30.9632],[-69.0667,31.1492],[-68.9367,31.2823],[-68.7227,31.3174]]},"properties":{"id":1074,"group":"trails","name":"Uxblerean track"}},{"type":"Feature","geometry":{"type":"LineString","coordinates":[[-71.175,17.0626],[-71.108,17.1732],[-70.9197,17.346],[-70.5835,17.6005],[-70.371,17.7049],[-70.2138,17.785],[-69.9368,17.8053],[-69.7298,17.8146],[-69.5796,17.7446],[-69.3967,17.7625],[-69.3025,17.7251],[-69.0371,17.7134],[-68.7391,17.7041],[-68.5258,17.8395],[-68.392,18.0731]]},"properties":{"id":1075,"group":"trails","name":"Showeydonese trail"}},{"type":"Feature","geometry":{"type":"LineString","coordinates":[[-64.4579,41.8697],[-64.3817,41.9125],[-64.1902,42.1593],[-64.0182,42.3531],[-63.8424,42.6925],[-63.5567,42.8537]]},"properties":{"id":1076,"group":"trails","name":"The Shaky Boltonese trail"}},{"type":"Feature","geometry":{"type":"LineString","coordinates":[[-64.4579,41.8697],[-64.8517,41.8043]]},"properties":{"id":1077,"group":"trails","name":null}},{"type":"Feature","geometry":{"type":"LineString","coordinates":[[-64.279,43.5808],[-64.0548,43.6049],[-63.8439,43.5123],[-63.591,43.4189],[-63.3645,43.1729]]},"properties":{"id":1078,"group":"trails","name":"Bosterbury track"}},{"type":"Feature","geometry":{"type":"LineString","coordinates":[[-66.0502,35.5126],[-66.2121,35.406]]},"properties":{"id":1079,"group":"trails","name":null}},{"type":"Feature","geometry":{"type":"LineString","coordinates":[[-66.2113,35.9493],[-66.3646,35.9851],[-66.6689,35.926],[-67.1351,36.112]]},"properties":{"id":1080,"group":"trails","name":"Pickingham path"}},{"type":"Feature","geometry":{"type":"LineString","coordinates":[[-65.8775,35.1491],[-66.0502,35.5126]]},"properties":{"id":1081,"group":"trails","name":null}},{"type":"Feature","geometry":{"type":"LineString","coordinates":[[-66.9398,33.2099],[-67.1623,33.213],[-67.3849,33.2223],[-67.5203,33.322],[-67.5865,33.445],[-67.5826,33.5866],[-67.5063,33.7525],[-67.5896,34.014],[-67.7678,34.0654],[-67.9686,34.0195],[-67.939,34.4912],[-68.5383,34.5574]]},"properties":{"id":1082,"group":"trails","name":"Stotford pass"}},{"type":"Feature","geometry":{"type":"LineString","coordinates":[[-64.8331,40.916],[-65.0004,41.2189],[-64.9934,41.4836],[-64.8517,41.8043]]},"properties":{"id":1083,"group":"trails","name":"Frost track"}},{"type":"Feature","geometry":{"type":"LineString","coordinates":[[-65.8214,41.3621],[-65.7568,41.2337],[-65.651,41.1729],[-65.3405,41.2134],[-65.0004,41.2189]]},"properties":{"id":1084,"group":"trails","name":"Twisted pass"}},{"type":"Feature","geometry":{"type":"LineString","coordinates":[[-64.0548,43.6049],[-63.8408,43.8509],[-63.7069,43.9794]]},"properties":{"id":1085,"group":"trails","name":null}},{"type":"Feature","geometry":{"type":"LineString","coordinates":[[-64.279,43.5808],[-64.4696,43.6057],[-64.721,43.6111],[-64.8743,43.7536],[-65.0447,43.8992],[-65.1374,43.8922],[-65.4424,43.8392],[-65.6705,43.8665],[-65.8238,43.9731],[-66.0471,43.8968],[-66.1327,44.0128],[-66.423,44.0027],[-66.7172,43.9918],[-66.9756,44.1203],[-67.1382,44.3126],[-67.2697,44.4636],[-67.2596,44.6395],[-67.3647,44.9758],[-67.4978,45.1058],[-67.5359,45.2872],[-67.5234,45.499],[-67.6137,45.7076]]},"properties":{"id":1086,"group":"trails","name":"Mitburan pass"}},{"type":"Feature","geometry":{"type":"LineString","coordinates":[[-68.9367,31.2823],[-69.227,31.3189],[-69.4146,31.5665],[-69.743,31.7557]]},"properties":{"id":1087,"group":"trails","name":"Halter trail"}},{"type":"Feature","geometry":{"type":"LineString","coordinates":[[-71.354,15.8412],[-71.3625,16.3884],[-71.2045,16.6492],[-71.175,17.0626]]},"properties":{"id":1088,"group":"trails","name":"Draxning trail"}},{"type":"Feature","geometry":{"type":"LineString","coordinates":[[-67.7188,34.8906],[-67.932,34.7762],[-68.5383,34.5574],[-68.5819,34.7855],[-68.6589,35.1031]]},"properties":{"id":1089,"group":"trails","name":"The Echoing Harmingin track"}},{"type":"Feature","geometry":{"type":"LineString","coordinates":[[-67.7188,34.8906],[-67.5701,35.1584],[-67.5857,35.6512],[-67.4783,35.8256],[-67.2791,35.9299],[-67.1351,36.112]]},"properties":{"id":1090,"group":"trails","name":"Pickingham trail"}},{"type":"Feature","geometry":{"type":"LineString","coordinates":[[-70.5244,26.4402],[-70.3648,26.374],[-70.1819,26.4091],[-69.9749,26.5461],[-69.8162,26.7282],[-69.6231,26.8559],[-69.4216,26.9812],[-69.2807,27.2023]]},"properties":{"id":1091,"group":"trails","name":"Frampleby trail"}},{"type":"Feature","geometry":{"type":"LineString","coordinates":[[-68.6908,36.801],[-68.5422,36.6492],[-68.3204,36.5791],[-68.02,36.3876],[-67.9562,36.1525],[-67.813,35.8349],[-67.5857,35.6512]]},"properties":{"id":1092,"group":"trails","name":"Witburan track"}},{"type":"Feature","geometry":{"type":"LineString","coordinates":[[-71.9003,18.0567],[-71.4995,18.3175],[-71.4723,18.4553],[-71.5182,18.5643],[-71.631,18.8905],[-71.5259,19.0843],[-71.3236,19.2112],[-70.989,19.3186],[-70.8154,19.5281],[-70.5197,19.7071],[-70.1236,19.9157],[-69.8737,20.0582],[-69.8263,20.1189],[-69.7251,20.2365],[-69.6208,20.66]]},"properties":{"id":1093,"group":"trails","name":"Kirporan trail"}},{"type":"Feature","geometry":{"type":"LineString","coordinates":[[-65.8782,40.9355],[-65.7568,41.2337]]},"properties":{"id":1094,"group":"trails","name":null}},{"type":"Feature","geometry":{"type":"LineString","coordinates":[[-71.5867,17.325],[-71.4365,17.5601],[-71.4427,17.7446],[-71.4917,17.9166],[-71.6217,18.0482],[-71.9003,18.0567],[-71.9096,18.344],[-72.0427,18.4397],[-72.1898,18.4452],[-72.3532,18.3611],[-72.4645,18.228],[-72.6256,18.1494]]},"properties":{"id":1095,"group":"trails","name":"Bermouth trail"}},{"type":"Feature","geometry":{"type":"LineString","coordinates":[[-71.354,15.8412],[-71.6232,15.4846],[-71.7049,15.3297],[-71.7843,15.2589],[-71.9182,14.8463],[-72.105,14.4819],[-72.1781,14.2632],[-72.3377,14.2204],[-72.5291,14.2492]]},"properties":{"id":1096,"group":"trails","name":"Thatcheap trail"}},{"type":"Feature","geometry":{"type":"LineString","coordinates":[[-70.0488,14.6236],[-70.2955,14.7124],[-70.4761,14.9475],[-70.6504,15.1546],[-70.8979,15.4223],[-71.0185,15.6107],[-71.2466,15.7337],[-71.354,15.8412]]},"properties":{"id":1097,"group":"trails","name":"Newbigley track"}},{"type":"Feature","geometry":{"type":"LineString","coordinates":[[-71.3649,33.4309],[-71.1851,33.3484],[-71.0847,33.1896],[-71.0676,32.9553],[-70.8823,32.7537],[-70.6901,32.5505],[-70.501,32.5123],[-70.3337,32.4368],[-70.2208,32.2788],[-70.1243,32.1184],[-70.0162,32.0453],[-69.8309,31.8514],[-69.743,31.7557],[-69.5601,31.5136],[-69.227,31.3189],[-69.0667,31.1492]]},"properties":{"id":1098,"group":"trails","name":"Newbutean trail"}},{"type":"Feature","geometry":{"type":"LineString","coordinates":[[-70.1243,32.1184],[-70.2932,31.8833],[-70.4349,31.7525],[-70.459,31.5844]]},"properties":{"id":1099,"group":"trails","name":"Chawbigley path"}},{"type":"Feature","geometry":{"type":"LineString","coordinates":[[-70.4349,31.7525],[-70.6917,32.0764],[-70.7773,32.1503],[-70.7742,32.3753],[-70.6901,32.5505]]},"properties":{"id":1100,"group":"trails","name":"Velvet trail"}},{"type":"Feature","geometry":{"type":"LineString","coordinates":[[-73.4661,23.6408],[-73.1136,23.545],[-73.0101,23.5715],[-72.7602,23.8665],[-72.5859,24.0464],[-72.4598,24.0845],[-72.2754,24.3142],[-72.0995,24.6979],[-71.8357,24.8591],[-71.726,24.8614],[-71.4972,24.9299],[-71.2699,24.9548],[-71.0536,24.8848],[-70.8006,24.9128],[-70.5866,25.0778]]},"properties":{"id":1101,"group":"trails","name":"Mackean trail"}},{"type":"Feature","geometry":{"type":"LineString","coordinates":[[-70.5244,26.4402],[-70.6567,26.5663],[-70.7734,26.6037],[-71.0458,26.6192],[-71.2489,26.7991],[-71.3493,27.0241],[-71.3812,27.2132],[-71.3835,27.3751],[-71.4691,27.5402],[-71.5049,27.7636],[-71.5392,27.9839],[-71.5501,28.2291],[-71.6762,28.402],[-71.6481,28.8099]]},"properties":{"id":1102,"group":"trails","name":"The Cracked Newleigh track"}},{"type":"Feature","geometry":{"type":"LineString","coordinates":[[-71.0676,32.9553],[-71.1718,32.8432],[-71.6271,32.5552],[-71.7672,32.4594],[-71.7703,32.8401],[-71.5586,33.1655],[-71.3649,33.4309],[-71.603,33.4963],[-71.8085,33.6723],[-71.9999,33.9074],[-72.189,34.0452],[-72.3882,34.021],[-72.5322,33.9214],[-72.6443,33.7937],[-72.8202,33.7501],[-73.0303,33.747],[-73.1548,33.8669],[-73.2381,34.1004]]},"properties":{"id":1103,"group":"trails","name":"Moon path"}},{"type":"Feature","geometry":{"type":"LineString","coordinates":[[-72.2933,32.2936],[-71.8738,32.1394],[-71.719,32.2905],[-71.6271,32.5552]]},"properties":{"id":1104,"group":"trails","name":"Masingscom trail"}},{"type":"Feature","geometry":{"type":"LineString","coordinates":[[-71.8085,33.6723],[-71.9945,33.4146],[-72.1626,33.1538],[-72.0349,32.9561],[-71.7703,32.8401]]},"properties":{"id":1105,"group":"trails","name":"The Echoing Clifordan trail"}},{"type":"Feature","geometry":{"type":"LineString","coordinates":[[-72.7595,30.6923],[-72.4925,30.8526],[-72.8412,31.1508],[-72.6163,31.3189],[-72.7128,31.4482],[-72.7244,31.6194],[-72.691,31.8802],[-72.5174,32.155],[-72.2933,32.2936]]},"properties":{"id":1106,"group":"trails","name":"Lympscomney pass"}},{"type":"Feature","geometry":{"type":"LineString","coordinates":[[-72.7595,30.6923],[-72.5984,30.6019],[-72.5089,30.4572],[-72.5953,30.2773],[-72.7867,30.1201],[-73.0031,29.9558],[-72.5898,29.6592],[-72.4061,29.4389],[-72.3431,29.2357],[-72.0528,28.9928],[-71.6481,28.8099]]},"properties":{"id":1107,"group":"trails","name":"Newleigh trail"}},{"type":"Feature","geometry":{"type":"LineString","coordinates":[[-73.1782,33.1974],[-72.803,33.3243],[-72.47,33.1795],[-72.1626,33.1538]]},"properties":{"id":1108,"group":"trails","name":"Rothambean path"}},{"type":"Feature","geometry":{"type":"LineString","coordinates":[[-73.1782,33.1974],[-73.1836,33.4854],[-73.2249,33.7346],[-73.2381,34.1004]]},"properties":{"id":1109,"group":"trails","name":"The Shrouded Axbridford trail"}},{"type":"Feature","geometry":{"type":"LineString","coordinates":[[-68.7772,45.084],[-68.5577,45.0794],[-68.2776,45.2623],[-68.0822,45.5823],[-67.6137,45.7076]]},"properties":{"id":1110,"group":"trails","name":"Echo trail"}},{"type":"Feature","geometry":{"type":"LineString","coordinates":[[-69.3951,43.5022],[-69.3718,43.7162],[-69.4161,43.9591],[-69.3624,44.1351],[-69.3578,44.3577],[-69.4052,44.6224],[-69.3305,44.8225],[-68.7772,45.084]]},"properties":{"id":1111,"group":"trails","name":"Walistabrid trail"}},{"type":"Feature","geometry":{"type":"LineString","coordinates":[[-70.1578,45.5285],[-69.8107,45.4157],[-69.4932,45.4826]]},"properties":{"id":1112,"group":"trails","name":null}},{"type":"Feature","geometry":{"type":"LineString","coordinates":[[-69.1687,46.901],[-69.4924,47.0575],[-69.9189,47.154],[-70.3189,47.112],[-70.543,47.2778]]},"properties":{"id":1113,"group":"trails","name":"The Shaky Atfordgeven trail"}},{"type":"Feature","geometry":{"type":"LineString","coordinates":[[-69.8107,45.4157],[-69.7788,45.7862],[-69.6504,46.0501],[-69.5189,46.3031],[-69.3943,46.409],[-69.1687,46.901]]},"properties":{"id":1114,"group":"trails","name":"Wild trail"}},{"type":"Feature","geometry":{"type":"LineString","coordinates":[[-71.8302,45.5729],[-71.7283,45.4157],[-71.5983,45.2249],[-71.4637,45.0918],[-71.3244,45.0583],[-70.9501,45.1409],[-70.61,45.3308],[-70.1578,45.5285]]},"properties":{"id":1115,"group":"trails","name":"Stotford trail"}},{"type":"Feature","geometry":{"type":"LineString","coordinates":[[-71.7999,46.0174],[-71.7283,46.2409],[-71.5073,46.4884],[-71.3828,46.7593],[-71.1384,46.9703],[-70.838,47.0341],[-70.543,47.2778]]},"properties":{"id":1116,"group":"trails","name":"Atfordgevenese track"}},{"type":"Feature","geometry":{"type":"LineString","coordinates":[[-71.8302,45.5729],[-71.8738,45.7442],[-71.7999,46.0174]]},"properties":{"id":1117,"group":"trails","name":null}},{"type":"Feature","geometry":{"type":"LineString","coordinates":[[-70.1897,48.405],[-70.5757,48.4058],[-70.8606,48.3669],[-71.1158,48.3778],[-71.2442,48.5997],[-71.2769,48.9126]]},"properties":{"id":1118,"group":"trails","name":"Trevencean trail"}},{"type":"Feature","geometry":{"type":"LineString","coordinates":[[-70.9493,47.4327],[-70.8668,47.646],[-70.7858,47.8554],[-70.5812,48.0181],[-70.1897,48.405]]},"properties":{"id":1119,"group":"trails","name":"Oakburgh trail"}},{"type":"Feature","geometry":{"type":"LineString","coordinates":[[4.2368,37.4534],[4.0531,37.3311],[3.8679,37.3156],[3.6912,37.2222],[3.5099,37.2533],[3.3278,37.3202],[3.1519,37.3856],[2.9706,37.4954],[3.1783,37.6682],[3.3309,37.9851],[3.2624,38.2233],[3.2764,38.3603],[3.2219,38.5378],[3.1597,38.7091],[3.0896,38.8803],[3.0243,39.0446],[2.7729,39.1069],[2.4842,39.0563]]},"properties":{"id":1120,"group":"trails","name":"Osh Selumean trail"}},{"type":"Feature","geometry":{"type":"LineString","coordinates":[[3.4531,36.453],[3.7535,36.2086],[3.2344,36.0521]]},"properties":{"id":1121,"group":"trails","name":null}},{"type":"Feature","geometry":{"type":"LineString","coordinates":[[4.2368,37.4534],[4.2212,36.8539],[4.3729,36.5807],[4.1511,36.6017],[3.983,36.657],[3.8406,36.5005],[3.7535,36.2086]]},"properties":{"id":1122,"group":"trails","name":"Shadowed path"}},{"type":"Feature","geometry":{"type":"LineString","coordinates":[[4.2368,37.4534],[4.3854,37.3638],[4.5558,37.3561],[4.7403,37.4386],[4.8485,37.5958],[5.1348,37.7289],[5.436,37.6067],[5.6851,37.6418],[5.945,37.9438]]},"properties":{"id":1123,"group":"trails","name":"Sshauman path"}},{"type":"Feature","geometry":{"type":"LineString","coordinates":[[2.2016,38.9325],[2.4842,39.0563]]},"properties":{"id":1124,"group":"trails","name":null}},{"type":"Feature","geometry":{"type":"LineString","coordinates":[[1.2148,37.9438],[0.9681,38.1571],[0.7051,38.0248],[0.3043,37.6916]]},"properties":{"id":1125,"group":"trails","name":"Stardust track"}},{"type":"Feature","geometry":{"type":"LineString","coordinates":[[1.2156,38.3424],[1.4312,38.3868],[1.6779,38.4739],[2.0834,38.4677],[2.1799,38.6522],[2.2016,38.9325]]},"properties":{"id":1126,"group":"trails","name":"Nandobeth track"}},{"type":"Feature","geometry":{"type":"LineString","coordinates":[[2.3557,39.6417],[2.4842,39.0563]]},"properties":{"id":1127,"group":"trails","name":null}},{"type":"Feature","geometry":{"type":"LineString","coordinates":[[2.3557,39.6417],[2.2989,39.7328],[2.1448,39.8737]]},"properties":{"id":1128,"group":"trails","name":null}},{"type":"Feature","geometry":{"type":"LineString","coordinates":[[4.3729,36.5807],[4.7224,36.3518],[5.0882,36.1728],[5.3123,36.2459],[5.5224,36.2997],[5.6913,36.3985],[6.008,36.4343],[6.3489,36.5752]]},"properties":{"id":1129,"group":"trails","name":"Doress trail"}},{"type":"Feature","geometry":{"type":"LineString","coordinates":[[1.2078,36.9131],[1.2537,37.0921],[1.3487,37.2657],[1.3448,37.4915],[1.2148,37.9438]]},"properties":{"id":1130,"group":"trails","name":"Nightshade trail"}},{"type":"Feature","geometry":{"type":"LineString","coordinates":[[1.2156,38.3424],[0.9316,38.5471],[0.8117,38.6748],[0.3385,38.7129],[0.0949,38.9683],[-0.0078,39.2011],[0.0654,39.521],[0.4218,39.5638],[0.6296,39.6915],[0.8981,39.7203],[1.1144,39.8059],[1.3355,39.7997],[1.797,39.8526],[2.1448,39.8737]]},"properties":{"id":1131,"group":"trails","name":"Allenofenean pass"}},{"type":"Feature","geometry":{"type":"LineString","coordinates":[[0.6919,35.7446],[0.8989,35.9735],[0.9502,36.2016],[1.1456,36.6001],[1.2078,36.9131]]},"properties":{"id":1132,"group":"trails","name":"Thelumanan trail"}},{"type":"Feature","geometry":{"type":"LineString","coordinates":[[6.1364,38.5137],[6.1069,38.2256],[5.945,37.9438]]},"properties":{"id":1133,"group":"trails","name":null}},{"type":"Feature","geometry":{"type":"LineString","coordinates":[[6.6119,37.4923],[6.2143,37.5662],[6.1076,37.6636],[5.945,37.9438]]},"properties":{"id":1134,"group":"trails","name":"Sshauman path"}},{"type":"Feature","geometry":{"type":"LineString","coordinates":[[6.1364,38.5137],[6.1403,38.6857],[6.1411,38.8562],[6.1575,38.9901],[6.0968,39.2805],[6.2049,39.5156],[6.5341,39.3606],[7.0797,39.4603],[7.2369,39.4634],[7.6509,39.2306],[7.7272,38.9434],[7.9879,38.6063],[7.875,38.3074],[7.6968,38.1291],[7.5552,37.9025],[7.3809,37.771],[7.2618,37.6472],[7.0517,37.5694],[6.6119,37.4923],[6.5699,37.2844],[6.4158,37.0221],[6.3987,36.692],[6.3489,36.5752]]},"properties":{"id":1135,"group":"trails","name":"Doress trail"}},{"type":"Feature","geometry":{"type":"LineString","coordinates":[[5.794,35.058],[5.9185,35.2619],[6.0368,35.5367],[6.0057,35.8551],[5.829,35.9587],[5.6096,35.9789],[5.4461,35.9813],[5.0882,36.1728]]},"properties":{"id":1136,"group":"trails","name":"Inoressmel trail"}},{"type":"Feature","geometry":{"type":"LineString","coordinates":[[0,37.6838],[0.3043,37.6916]]},"properties":{"id":1137,"group":"trails","name":null}},{"type":"Feature","geometry":{"type":"LineString","coordinates":[[3.0126,35.0463],[3.0632,34.949],[3.1573,34.7388],[3.3371,34.6236],[3.4904,34.2561],[3.492,33.9627],[3.5114,33.7548],[3.3223,33.5532],[3.0655,33.4816],[2.8242,33.5018],[2.4974,33.227],[2.4865,33.069],[2.3853,32.8915],[2.2647,32.6766],[2.1067,32.5808]]},"properties":{"id":1138,"group":"trails","name":"Selvenornan pass"}},{"type":"Feature","geometry":{"type":"LineString","coordinates":[[6.2049,39.5156],[6.2485,39.8277],[6.1816,40.0255],[6.366,40.1882],[6.4695,40.3524],[6.4905,40.5151],[6.4882,40.6475],[6.5411,40.7565],[6.4127,41.1379],[6.6042,41.187],[6.724,41.3092],[6.8446,41.4368],[6.9341,41.686],[6.9318,41.8705],[6.9513,42.0409],[6.8664,42.2418],[6.7987,42.4029],[6.8221,42.5898],[6.952,42.7252],[7.2563,42.8864],[7.5155,42.8366],[7.7746,42.6933],[8.0525,42.6995],[8.2361,42.6824]]},"properties":{"id":1139,"group":"trails","name":"Wickhaman track"}},{"type":"Feature","geometry":{"type":"LineString","coordinates":[[-0.4366,38.8725],[0.0949,38.9683]]},"properties":{"id":1140,"group":"trails","name":null}},{"type":"Feature","geometry":{"type":"LineString","coordinates":[[2.9137,35.7212],[2.6966,35.6987],[2.5456,35.7103],[2.3962,35.6815],[2.2732,35.7142],[2.1557,35.775],[1.7674,35.8139],[1.4569,35.7991],[0.8989,35.9735]]},"properties":{"id":1141,"group":"trails","name":"Military trail"}},{"type":"Feature","geometry":{"type":"LineString","coordinates":[[-0.435,36.2817],[-0.4366,36.4912],[-0.323,36.7348],[-0.7284,36.8905],[-1.0989,37.3],[-1.0148,37.5585],[-0.9666,37.7507],[-0.8849,38.0878],[-0.7456,38.249],[-0.4903,38.5471],[-0.4366,38.8725]]},"properties":{"id":1142,"group":"trails","name":"Dragon trail"}},{"type":"Feature","geometry":{"type":"LineString","coordinates":[[0,37.6838],[-0.3448,37.7686],[-0.5183,37.7998],[-0.9666,37.7507]]},"properties":{"id":1143,"group":"trails","name":"Machlean track"}},{"type":"Feature","geometry":{"type":"LineString","coordinates":[[-0.4366,36.4912],[-0.8864,36.1735],[-1.3635,36.2093],[-1.7324,36.1338],[-1.8483,36.0941],[-2.025,35.9454],[-2.3589,35.8084],[-2.5332,35.5655]]},"properties":{"id":1144,"group":"trails","name":"Esiriathyr pass"}},{"type":"Feature","geometry":{"type":"LineString","coordinates":[[0.6919,35.7446],[0.3813,35.7532],[0.1572,35.7384],[-0.0475,35.8209],[-0.214,35.9361],[-0.435,36.2817]]},"properties":{"id":1145,"group":"trails","name":"Mythelvenor track"}},{"type":"Feature","geometry":{"type":"LineString","coordinates":[[7.9303,34.4648],[7.626,34.5792],[7.3085,34.6119],[6.9427,34.5777],[6.7022,34.5636],[6.3014,34.6002],[5.9645,34.5901],[5.6446,34.805],[5.794,35.058]]},"properties":{"id":1146,"group":"trails","name":"Teriushal pass"}},{"type":"Feature","geometry":{"type":"LineString","coordinates":[[3.6235,32.5879],[3.4733,32.8019],[3.3293,33.1912],[3.3223,33.5532]]},"properties":{"id":1147,"group":"trails","name":"Dorelenaserian trail"}},{"type":"Feature","geometry":{"type":"LineString","coordinates":[[7.6509,39.2306],[7.8416,39.426],[8.1132,39.5101],[8.4206,39.7584],[8.6229,39.8744],[8.7327,39.5584],[8.9482,39.2789],[9.1724,39.2026],[9.6572,39.2182],[9.9016,39.0578],[10.3319,39.1154],[10.6845,38.8406],[10.6611,38.3696],[10.6728,38.1353],[10.8394,37.8924],[10.5467,37.8083]]},"properties":{"id":1148,"group":"trails","name":"The Cracked Thelhanar trail"}},{"type":"Feature","geometry":{"type":"LineString","coordinates":[[5.9645,34.5901],[5.8469,34.2429],[5.7372,34.0911],[5.7559,33.9518],[5.8353,33.7221],[5.8119,33.4426],[5.731,33.234],[5.3963,32.9911],[5.1255,32.9662],[4.7893,32.7334],[4.4212,32.7739],[4.2554,32.6603],[3.9722,32.5365],[3.6235,32.5879]]},"properties":{"id":1149,"group":"trails","name":"Dorelenaserian trail"}},{"type":"Feature","geometry":{"type":"LineString","coordinates":[[-0.5813,39.6316],[-0.7331,39.7771],[-0.8444,39.8783],[-0.9222,40.0441],[-1.0662,40.2582],[-1.2055,40.4708],[-1.3931,40.5229],[-1.5783,40.5758],[-1.6592,40.6895],[-1.8693,40.8763],[-1.9464,41.0998],[-1.9845,41.278],[-2.0234,41.4641],[-1.9456,41.6128],[-1.9184,41.8393],[-2.0024,42.2356]]},"properties":{"id":1150,"group":"trails","name":"Thalumynathan trail"}},{"type":"Feature","geometry":{"type":"LineString","coordinates":[[5.3963,32.9911],[5.4648,32.5279],[5.5279,32.3816],[5.5372,32.3185]]},"properties":{"id":1151,"group":"trails","name":"Dusk track"}},{"type":"Feature","geometry":{"type":"LineString","coordinates":[[4.5434,31.5159],[4.5224,31.7634],[4.3776,31.9511],[4.4212,32.1379],[4.5434,32.2547],[4.7411,32.4742],[4.7893,32.7334]]},"properties":{"id":1152,"group":"trails","name":"Golden trail"}},{"type":"Feature","geometry":{"type":"LineString","coordinates":[[8.6229,39.8744],[8.7046,40.1648],[8.8603,40.3563]]},"properties":{"id":1153,"group":"trails","name":null}},{"type":"Feature","geometry":{"type":"LineString","coordinates":[[6.8633,32.5466],[6.6695,32.3738],[6.3987,32.3201],[5.9512,32.3963],[5.5372,32.3185]]},"properties":{"id":1154,"group":"trails","name":"The Echoing Donilonese trail"}},{"type":"Feature","geometry":{"type":"LineString","coordinates":[[3.9722,32.5365],[3.9239,32.1161],[3.8764,31.8304],[3.643,31.5688],[3.2663,31.4684],[2.9386,31.4521],[2.7347,31.3859],[2.4087,31.3586],[2.2094,31.4271],[1.9363,31.4178],[1.9316,31.0846],[1.7129,30.8682],[1.4942,30.7405],[1.3191,30.6136],[1.0467,30.5046],[0.737,30.507],[0.4584,30.3194],[0.4537,30.4066],[0.3541,30.8954],[0.3782,31.1064],[0.2288,31.4964],[-0.0202,31.6257]]},"properties":{"id":1155,"group":"trails","name":"Himliemar pass"}},{"type":"Feature","geometry":{"type":"LineString","coordinates":[[1.9363,31.4178],[2.1184,31.814],[2.1409,32.2227],[2.1067,32.5808]]},"properties":{"id":1156,"group":"trails","name":"Azure trail"}},{"type":"Feature","geometry":{"type":"LineString","coordinates":[[4.3776,31.9511],[3.8764,31.8304]]},"properties":{"id":1157,"group":"trails","name":null}},{"type":"Feature","geometry":{"type":"LineString","coordinates":[[-2.4188,40.238],[-2.2164,40.4388],[-1.976,40.5206],[-1.5783,40.5758]]},"properties":{"id":1158,"group":"trails","name":"Gualranese trail"}},{"type":"Feature","geometry":{"type":"LineString","coordinates":[[-2.9962,39.4953],[-2.5581,39.549],[-2.5954,39.8651],[-2.4989,40.0947],[-2.4188,40.238]]},"properties":{"id":1159,"group":"trails","name":"Keathanar trail"}},{"type":"Feature","geometry":{"type":"LineString","coordinates":[[-1.0148,37.5585],[-1.288,37.5982],[-1.5705,37.4829],[-1.8771,37.518],[-2.1581,37.5195],[-2.3799,37.7087],[-2.6141,37.8037],[-2.8126,37.7974],[-3.0951,37.6238]]},"properties":{"id":1160,"group":"trails","name":"Selranese track"}},{"type":"Feature","geometry":{"type":"LineString","coordinates":[[0.979,31.8078],[0.6576,31.9565],[0.3712,32.1239]]},"properties":{"id":1161,"group":"trails","name":null}},{"type":"Feature","geometry":{"type":"LineString","coordinates":[[1.9363,31.4178],[1.5728,31.5455],[1.2234,31.6171],[0.979,31.8078]]},"properties":{"id":1162,"group":"trails","name":"Nahethian pass"}},{"type":"Feature","geometry":{"type":"LineString","coordinates":[[-2.748,34.7808],[-2.5145,35.0743],[-2.5332,35.5655]]},"properties":{"id":1163,"group":"trails","name":null}},{"type":"Feature","geometry":{"type":"LineString","coordinates":[[8.7552,41.3699],[8.8634,41.0313],[8.9264,40.8429],[8.8603,40.3563]]},"properties":{"id":1164,"group":"trails","name":"Osarenese pass"}},{"type":"Feature","geometry":{"type":"LineString","coordinates":[[9.8634,38.9706],[9.9016,39.0578]]},"properties":{"id":1165,"group":"trails","name":null}},{"type":"Feature","geometry":{"type":"LineString","coordinates":[[-0.2988,32.1138],[-0.1946,31.779],[-0.0202,31.6257],[0.0739,31.7915],[0.3712,32.1239]]},"properties":{"id":1166,"group":"trails","name":"Chaundonean track"}},{"type":"Feature","geometry":{"type":"LineString","coordinates":[[-3.6219,37.2214],[-3.499,37.4417],[-3.1503,37.5585],[-3.0951,37.6238]]},"properties":{"id":1167,"group":"trails","name":"Selranese trail"}},{"type":"Feature","geometry":{"type":"LineString","coordinates":[[-2.6141,37.8037],[-2.583,38.2202],[-2.727,38.4436],[-2.7192,38.7643],[-2.8811,39.0329],[-2.9962,39.4953]]},"properties":{"id":1168,"group":"trails","name":"The Shrouded Cyhvanolon pass"}},{"type":"Feature","geometry":{"type":"LineString","coordinates":[[-2.3589,35.8084],[-2.646,35.9563],[-2.9106,36.0031],[-3.0888,36.1276],[-3.1604,36.4756],[-3.5791,36.6305],[-3.6165,36.8586],[-3.6219,37.2214]]},"properties":{"id":1169,"group":"trails","name":"Ahil-Zedhilese trail"}},{"type":"Feature","geometry":{"type":"LineString","coordinates":[[3.5309,30.7296],[3.3636,31.0075],[3.404,31.1959],[3.643,31.5688]]},"properties":{"id":1170,"group":"trails","name":"Ollmrionneas trail"}},{"type":"Feature","geometry":{"type":"LineString","coordinates":[[6.0057,31.1959],[5.78,31.3329],[5.6882,31.4559],[5.6726,31.8218],[5.5372,32.3185]]},"properties":{"id":1171,"group":"trails","name":"Donilonese pass"}},{"type":"Feature","geometry":{"type":"LineString","coordinates":[[-2.7137,41.3792],[-2.3915,41.229],[-1.9845,41.278]]},"properties":{"id":1172,"group":"trails","name":null}},{"type":"Feature","geometry":{"type":"LineString","coordinates":[[7.7746,42.6933],[7.7163,42.2441],[7.7925,41.8798],[7.9116,41.7155],[8.17,41.5489],[8.7552,41.3699],[9.0572,41.4221],[9.2961,41.605],[9.5638,41.4322],[9.7584,41.099],[9.9802,41.2181],[10.2137,41.1052],[10.3374,40.8771],[10.223,40.375],[10.3234,40.157],[10.4448,39.9095],[10.5001,39.5272],[10.3319,39.1154]]},"properties":{"id":1173,"group":"trails","name":"Himseriushean pass"}},{"type":"Feature","geometry":{"type":"LineString","coordinates":[[7.0984,43.4368],[6.7637,43.8213]]},"properties":{"id":1174,"group":"trails","name":null}},{"type":"Feature","geometry":{"type":"LineString","coordinates":[[7.2563,42.8864],[7.1116,43.1114],[7.0984,43.4368]]},"properties":{"id":1175,"group":"trails","name":null}},{"type":"Feature","geometry":{"type":"LineString","coordinates":[[-3.2671,40.5182],[-2.8429,40.3392],[-2.4188,40.238]]},"properties":{"id":1176,"group":"trails","name":null}},{"type":"Feature","geometry":{"type":"LineString","coordinates":[[-2.6289,33.6334],[-2.6888,33.8077],[-2.6818,34.1549],[-2.6849,34.4609],[-2.748,34.7808],[-3.004,34.9031],[-3.3309,35.1997],[-3.6647,34.8517],[-3.7799,35.1055],[-3.9659,35.258],[-4.3395,35.6434],[-4.4539,35.7438],[-4.4477,35.9704],[-4.3115,36.2452],[-4.1994,36.548]]},"properties":{"id":1177,"group":"trails","name":"Nathinese trail"}},{"type":"Feature","geometry":{"type":"LineString","coordinates":[[-0.2988,32.1138],[-0.5712,32.2804],[-0.7635,32.3551],[-0.888,32.503],[-1.0841,32.8159],[-1.5145,32.9187]]},"properties":{"id":1178,"group":"trails","name":"Himselond trail"}},{"type":"Feature","geometry":{"type":"LineString","coordinates":[[5.3621,30.7997],[5.1862,31.1103],[4.9909,31.2317],[4.8531,31.3758],[4.5434,31.5159]]},"properties":{"id":1179,"group":"trails","name":"The Great Sylatish trail"}},{"type":"Feature","geometry":{"type":"LineString","coordinates":[[10.0876,37.7834],[10.4331,37.8963],[10.5467,37.8083],[10.6456,37.6153],[10.7685,37.219],[10.8798,36.9964],[10.8409,36.794],[10.988,36.5052],[10.8596,36.3495],[10.6324,36.2483]]},"properties":{"id":1180,"group":"trails","name":"Yeenathian trail"}},{"type":"Feature","geometry":{"type":"LineString","coordinates":[[9.8634,38.9706],[9.8066,38.6522],[9.6564,38.3548],[9.7592,38.0481],[10.0876,37.7834]]},"properties":{"id":1181,"group":"trails","name":"Gelasemysenan trail"}},{"type":"Feature","geometry":{"type":"LineString","coordinates":[[7.9303,34.4648],[7.8852,34.2772],[7.8089,34.0631],[7.8361,33.8443],[7.7396,33.7135],[7.5202,33.5789],[7.3131,33.3928],[7.3801,33.1499],[7.2517,32.9755],[7.0703,32.9109],[6.8633,32.5466]]},"properties":{"id":1182,"group":"trails","name":"Garithvalor trail"}},{"type":"Feature","geometry":{"type":"LineString","coordinates":[[-2.7137,41.3792],[-3.0398,41.2804],[-3.2717,41.4516],[-3.3682,41.6984],[-3.4749,41.8136],[-3.671,42.0425],[-3.8048,42.1328],[-4.3021,42.2729],[-4.7029,42.0581],[-4.9652,41.7545],[-5.1605,41.7124],[-5.3831,41.6431],[-5.7154,41.721],[-5.8337,41.8448],[-6.0563,41.9966],[-6.1318,42.2309]]},"properties":{"id":1183,"group":"trails","name":"Thyenyalyean path"}},{"type":"Feature","geometry":{"type":"LineString","coordinates":[[6.0057,31.1959],[6.4765,31.4886],[6.545,31.4801],[7.0781,31.4217]]},"properties":{"id":1184,"group":"trails","name":"Imnian pass"}},{"type":"Feature","geometry":{"type":"LineString","coordinates":[[6.6695,32.3738],[6.8151,32.1675],[6.9583,32.0608],[7.0213,31.9518],[7.0781,31.4217]]},"properties":{"id":1185,"group":"trails","name":"Imnian track"}},{"type":"Feature","geometry":{"type":"LineString","coordinates":[[6.0057,31.1959],[5.8757,30.9748],[5.6454,30.8332],[5.3621,30.7997]]},"properties":{"id":1186,"group":"trails","name":"Linasriondeean path"}},{"type":"Feature","geometry":{"type":"LineString","coordinates":[[4.0936,30.1714],[3.8157,30.31],[3.5893,30.5451],[3.5309,30.7296],[3.3418,30.6097],[3.2499,30.3855],[3.1254,30.2758],[2.5799,30.1263],[2.3838,30.0882],[2.123,29.9301],[1.9153,30.1317],[1.7145,30.268],[1.5923,30.5202],[1.7129,30.8682]]},"properties":{"id":1187,"group":"trails","name":"Ollmluguallese trail"}},{"type":"Feature","geometry":{"type":"LineString","coordinates":[[-2.1254,32.2819],[-2.0032,32.6462],[-1.5145,32.9187]]},"properties":{"id":1188,"group":"trails","name":null}},{"type":"Feature","geometry":{"type":"LineString","coordinates":[[5.2158,30.2329],[5.2555,30.5763],[5.3621,30.7997]]},"properties":{"id":1189,"group":"trails","name":null}},{"type":"Feature","geometry":{"type":"LineString","coordinates":[[7.7396,33.7135],[8.1256,33.4271],[8.2369,33.4224],[8.4362,33.4621],[8.6346,33.5072],[8.8743,33.4224],[9.1117,33.4185],[9.2891,33.3173]]},"properties":{"id":1190,"group":"trails","name":"Oshlondean trail"}},{"type":"Feature","geometry":{"type":"LineString","coordinates":[[10.0961,33.9362],[9.9148,33.8202],[9.7335,33.7096],[9.6471,33.6559],[9.5241,33.4707],[9.2891,33.3173]]},"properties":{"id":1191,"group":"trails","name":"Oshlondean trail"}},{"type":"Feature","geometry":{"type":"LineString","coordinates":[[4.0936,30.1714],[4.141,29.9052],[4.0453,29.6304]]},"properties":{"id":1192,"group":"trails","name":null}},{"type":"Feature","geometry":{"type":"LineString","coordinates":[[5.2158,30.2329],[4.9185,30.2415],[4.7099,30.3303],[4.208,30.4509],[4.0936,30.1714]]},"properties":{"id":1193,"group":"trails","name":"Beltasenilese trail"}},{"type":"Feature","geometry":{"type":"LineString","coordinates":[[-3.5791,36.6305],[-3.892,36.4834],[-4.1994,36.548],[-4.5068,36.8057]]},"properties":{"id":1194,"group":"trails","name":"Sityslean track"}},{"type":"Feature","geometry":{"type":"LineString","coordinates":[[-2.7332,32.6299],[-2.5168,32.7365],[-2.4017,32.9569],[-2.4382,33.1476],[-2.548,33.2573],[-2.6289,33.6334]]},"properties":{"id":1195,"group":"trails","name":"Lyasarian track"}},{"type":"Feature","geometry":{"type":"LineString","coordinates":[[7.7171,44.195],[7.3917,44.0089],[7.1855,43.826],[7.0984,43.4368]]},"properties":{"id":1196,"group":"trails","name":"Asalborough path"}},{"type":"Feature","geometry":{"type":"LineString","coordinates":[[-2.5215,42.849],[-2.3876,42.5695],[-2.1744,42.3173],[-2.0024,42.2356]]},"properties":{"id":1197,"group":"trails","name":"Thalumynathan track"}},{"type":"Feature","geometry":{"type":"LineString","coordinates":[[10.0961,33.9362],[10.3203,33.9782]]},"properties":{"id":1198,"group":"trails","name":null}},{"type":"Feature","geometry":{"type":"LineString","coordinates":[[10.6604,34.5076],[10.6059,34.8205],[10.6292,35.0408],[10.858,35.2993],[10.8791,35.4036],[10.9577,35.6107],[11.0316,35.8154],[10.9273,36.0809],[10.6324,36.2483]]},"properties":{"id":1199,"group":"trails","name":"Yeenathian trail"}},{"type":"Feature","geometry":{"type":"LineString","coordinates":[[10.3374,40.8771],[10.5537,40.8639]]},"properties":{"id":1200,"group":"trails","name":null}},{"type":"Feature","geometry":{"type":"LineString","coordinates":[[12.0939,41.2422],[11.9001,41.4384],[11.662,41.524],[11.3966,41.4135],[11.2153,41.208],[10.8798,41.0663],[10.5537,40.8639]]},"properties":{"id":1201,"group":"trails","name":"Olunanese trail"}},{"type":"Feature","geometry":{"type":"LineString","coordinates":[[10.6604,34.5076],[10.5063,34.3573],[10.3584,34.204],[10.3203,33.9782]]},"properties":{"id":1202,"group":"trails","name":"Ololorenalonese track"}},{"type":"Feature","geometry":{"type":"LineString","coordinates":[[7.7171,44.195],[7.7054,44.5663],[7.682,44.7205],[7.7435,44.8746],[7.8961,45.0342],[8.2649,45.2467],[8.5762,45.0934],[9.0027,45.1051],[9.1296,45.3705],[9.0486,45.5231],[8.8331,45.6687],[8.7241,45.8337],[8.7194,46.0167]]},"properties":{"id":1203,"group":"trails","name":"Clifnalban trail"}},{"type":"Feature","geometry":{"type":"LineString","coordinates":[[0.4584,30.3194],[0.6833,30.0555],[0.744,29.8102],[0.5619,29.5494],[0.3097,29.3136],[-0.0062,29.1867],[-0.1852,28.9695],[-0.5082,28.7842],[-0.8312,28.9056],[-1.0748,29.1532],[-1.2436,29.2163],[-1.5168,29.3058],[-1.7152,29.6647],[-1.8164,29.7518],[-2.0958,29.8889],[-2.2452,29.7916],[-2.4071,29.558],[-2.6997,29.4973],[-3.011,29.6577],[-3.2671,29.6506],[-3.2492,29.9387],[-3.218,30.2244],[-3.3433,30.4509],[-3.3153,30.6596]]},"properties":{"id":1204,"group":"trails","name":"Sylvan trail"}},{"type":"Feature","geometry":{"type":"LineString","coordinates":[[2.3215,29.4303],[2.2678,29.7301],[2.123,29.9301]]},"properties":{"id":1205,"group":"trails","name":null}},{"type":"Feature","geometry":{"type":"LineString","coordinates":[[1.7145,30.268],[1.1643,29.9379],[0.744,29.8102]]},"properties":{"id":1206,"group":"trails","name":null}},{"type":"Feature","geometry":{"type":"LineString","coordinates":[[-2.2164,31.4528],[-1.9238,31.5937],[-1.8117,31.7619],[-1.8079,31.8802],[-1.8872,32.1363],[-2.1254,32.2819],[-2.4795,32.3792],[-2.7332,32.6299],[-3.0165,32.5053],[-3.2141,32.4835],[-3.5083,32.1792],[-3.8126,32.1044],[-4.348,32.2905],[-4.7566,32.2064],[-4.8228,32.236],[-5.2033,32.1457],[-5.2726,31.9853],[-5.401,31.8662],[-5.5177,31.744],[-5.5567,31.5782],[-5.6594,31.4318],[-5.8625,31.3353]]},"properties":{"id":1207,"group":"trails","name":"Sshaunarionese pass"}},{"type":"Feature","geometry":{"type":"LineString","coordinates":[[4.327,28.9477],[4.6049,29.1968],[5.0197,29.3361],[5.2243,29.4677],[5.4477,29.4724]]},"properties":{"id":1208,"group":"trails","name":"Ulsle'alian path"}},{"type":"Feature","geometry":{"type":"LineString","coordinates":[[5.2158,30.2329],[5.3956,29.9153],[5.4477,29.4724]]},"properties":{"id":1209,"group":"trails","name":null}},{"type":"Feature","geometry":{"type":"LineString","coordinates":[[-4.2905,33.575],[-4.3994,33.7626],[-4.3605,34.0405],[-4.3784,34.3075],[-4.2461,34.5271],[-4.0539,34.6594],[-3.6647,34.8517]]},"properties":{"id":1210,"group":"trails","name":"Dosealas trail"}},{"type":"Feature","geometry":{"type":"LineString","coordinates":[[-5.0438,35.311],[-4.8228,35.5663],[-4.4539,35.7438]]},"properties":{"id":1211,"group":"trails","name":null}},{"type":"Feature","geometry":{"type":"LineString","coordinates":[[10.7078,42.076],[10.5172,41.9468],[10.3039,41.7288],[10.2448,41.5645],[9.9802,41.2181]]},"properties":{"id":1212,"group":"trails","name":"Boscom pass"}},{"type":"Feature","geometry":{"type":"LineString","coordinates":[[10.8798,36.9964],[10.9717,37.1521],[11.1133,37.2533],[11.2985,37.3008],[11.4869,37.4479],[11.6627,37.5102],[11.8215,37.4868],[11.9569,37.3856]]},"properties":{"id":1213,"group":"trails","name":"Himnasan path"}},{"type":"Feature","geometry":{"type":"LineString","coordinates":[[2.3215,29.4303],[2.2974,29.2412],[2.2445,28.9664]]},"properties":{"id":1214,"group":"trails","name":null}},{"type":"Feature","geometry":{"type":"LineString","coordinates":[[4.327,28.9477],[4.2531,29.3603],[4.0453,29.6304]]},"properties":{"id":1215,"group":"trails","name":null}},{"type":"Feature","geometry":{"type":"LineString","coordinates":[[10.7685,37.219],[10.9717,37.1521]]},"properties":{"id":1216,"group":"trails","name":null}},{"type":"Feature","geometry":{"type":"LineString","coordinates":[[-5.3029,35.6878],[-5.4181,35.5313],[-5.5925,35.6893],[-5.7349,35.8793],[-6.0267,36.0264],[-6.2314,36.1432],[-6.3497,36.439],[-6.5217,36.5916]]},"properties":{"id":1217,"group":"trails","name":"The Sacred Tlaulumyenas trail"}},{"type":"Feature","geometry":{"type":"LineString","coordinates":[[-3.2671,40.5182],[-3.1379,40.7347],[-3.0538,40.948],[-3.0398,41.2804]]},"properties":{"id":1218,"group":"trails","name":"The Frosty Ryanorean pass"}},{"type":"Feature","geometry":{"type":"LineString","coordinates":[[-5.8384,37.033],[-5.6765,36.8929],[-5.2889,36.7473],[-5.0453,36.6056],[-4.7605,36.6157],[-4.5068,36.8057]]},"properties":{"id":1219,"group":"trails","name":"Sityslean trail"}},{"type":"Feature","geometry":{"type":"LineString","coordinates":[[-2.5635,31.0535],[-2.6258,30.8877]]},"properties":{"id":1220,"group":"trails","name":null}},{"type":"Feature","geometry":{"type":"LineString","coordinates":[[-2.2577,30.9593],[-2.1067,30.8799],[-1.9308,30.6463],[-1.9853,30.0788],[-2.0958,29.8889]]},"properties":{"id":1221,"group":"trails","name":"Doress trail"}},{"type":"Feature","geometry":{"type":"LineString","coordinates":[[-2.2164,31.4528],[-2.5635,31.0535]]},"properties":{"id":1222,"group":"trails","name":null}},{"type":"Feature","geometry":{"type":"LineString","coordinates":[[-5.8384,37.033],[-5.8213,37.2377],[-5.8119,37.4386],[-5.994,37.7492],[-5.6819,37.8309],[-5.5784,38.0528],[-5.6033,38.2965],[-5.643,38.5246],[-5.58,38.7013],[-5.5769,38.8803],[-5.6921,39.0843],[-5.7901,39.3163],[-5.7917,39.521],[-5.6928,39.7039],[-5.6656,40.0068],[-5.6633,40.3688],[-5.7489,40.5883],[-5.7232,40.8063],[-5.7512,41.071],[-6.0135,41.3933]]},"properties":{"id":1223,"group":"trails","name":"The Fabled Sheolorean track"}},{"type":"Feature","geometry":{"type":"LineString","coordinates":[[-2.5215,42.849],[-2.6499,43.1324],[-2.6748,43.3317],[-2.6958,43.8221],[-2.5666,44.0284],[-2.8632,44.3507],[-2.6655,44.5196],[-2.6071,44.7034],[-2.5519,44.8933],[-2.4126,45.0225]]},"properties":{"id":1224,"group":"trails","name":"Selssadhillean trail"}},{"type":"Feature","geometry":{"type":"LineString","coordinates":[[-4.3994,33.7626],[-4.5597,33.7276]]},"properties":{"id":1225,"group":"trails","name":null}},{"type":"Feature","geometry":{"type":"LineString","coordinates":[[-4.348,32.2905],[-4.3161,32.4633],[-4.3208,32.7661],[-4.1613,33.097],[-4.2905,33.575]]},"properties":{"id":1226,"group":"trails","name":"Mytheimyranese path"}},{"type":"Feature","geometry":{"type":"LineString","coordinates":[[-3.6313,43.9817],[-3.3784,43.9778],[-3.113,44.1273],[-2.8632,44.3507]]},"properties":{"id":1227,"group":"trails","name":"Inshalinese pass"}},{"type":"Feature","geometry":{"type":"LineString","coordinates":[[-5.4749,34.2997],[-5.1387,34.4585],[-4.9815,34.5247],[-4.9442,34.8081],[-5.0438,35.311],[-5.159,35.3063],[-5.4181,35.5313]]},"properties":{"id":1228,"group":"trails","name":"Neirethan path"}},{"type":"Feature","geometry":{"type":"LineString","coordinates":[[-5.6765,36.8929],[-5.7255,36.6928],[-5.8446,36.5838],[-6.0407,36.5674],[-6.2571,36.6772],[-6.5217,36.5916],[-6.5956,36.4265],[-6.7318,36.3269],[-6.84,36.2171],[-6.8874,36.07],[-6.868,35.8801],[-6.833,35.6418],[-6.7987,35.4028],[-6.7987,35.2619],[-6.7692,35.1094],[-6.8174,34.9412],[-6.7808,34.7816],[-6.6742,34.601],[-6.6618,34.3573]]},"properties":{"id":1229,"group":"trails","name":"Temar trail"}},{"type":"Feature","geometry":{"type":"LineString","coordinates":[[-5.0103,42.2325],[-4.7029,42.0581]]},"properties":{"id":1230,"group":"trails","name":null}},{"type":"Feature","geometry":{"type":"LineString","coordinates":[[-5.222,33.3609],[-5.0376,33.6108],[-4.5597,33.7276]]},"properties":{"id":1231,"group":"trails","name":null}},{"type":"Feature","geometry":{"type":"LineString","coordinates":[[-5.3932,33.705],[-5.4477,33.8435],[-5.3862,34.0366],[-5.4749,34.2997],[-5.7917,34.2593],[-6.0003,34.225],[-6.2049,34.1869],[-6.4423,34.2016],[-6.6618,34.3573]]},"properties":{"id":1232,"group":"trails","name":"Temar pass"}},{"type":"Feature","geometry":{"type":"LineString","coordinates":[[-3.6943,30.8822],[-3.8328,30.9515],[-3.9543,31.1228],[-4.0469,31.3968],[-4.257,31.6225],[-4.3091,31.923],[-4.348,32.2905]]},"properties":{"id":1233,"group":"trails","name":"The Echoing Hlurthan path"}},{"type":"Feature","geometry":{"type":"LineString","coordinates":[[12.4169,38.6966],[12.3554,38.5962],[12.2005,38.024],[12.2106,37.8527],[12.2145,37.6799],[12.0861,37.5335],[11.9569,37.3856]]},"properties":{"id":1234,"group":"trails","name":"Himnish trail"}},{"type":"Feature","geometry":{"type":"LineString","coordinates":[[13.0511,38.2583],[13.0745,38.5144]]},"properties":{"id":1235,"group":"trails","name":null}},{"type":"Feature","geometry":{"type":"LineString","coordinates":[[12.9733,39.7063],[12.8099,39.3785],[12.6433,39.2812],[12.4457,38.9986],[12.4169,38.6966],[12.7266,38.5105],[12.8527,38.4996],[13.0745,38.5144]]},"properties":{"id":1236,"group":"trails","name":"Sshaumean pass"}},{"type":"Feature","geometry":{"type":"LineString","coordinates":[[-5.7154,41.721],[-6.0135,41.3933],[-6.1442,41.5466]]},"properties":{"id":1237,"group":"trails","name":null}},{"type":"Feature","geometry":{"type":"LineString","coordinates":[[-3.1029,30.6167],[-3.3153,30.6596],[-3.4998,30.8238],[-3.6943,30.8822]]},"properties":{"id":1238,"group":"trails","name":"Thyhelelunan track"}},{"type":"Feature","geometry":{"type":"LineString","coordinates":[[-5.0376,33.6108],[-5.3932,33.705]]},"properties":{"id":1239,"group":"trails","name":null}},{"type":"Feature","geometry":{"type":"LineString","coordinates":[[-5.2033,32.1457],[-5.0041,32.3411],[-4.8609,32.5365],[-4.8251,32.7459],[-4.8508,32.9561],[-4.9543,33.1554],[-5.222,33.3609]]},"properties":{"id":1240,"group":"trails","name":"Shemnian trail"}},{"type":"Feature","geometry":{"type":"LineString","coordinates":[[9.5335,45.3728],[9.7428,45.4997],[9.9171,45.4258],[10.1327,45.4273],[10.3498,45.4234],[10.5226,45.33],[10.7787,45.3728],[11.0308,45.418],[11.1538,45.4468]]},"properties":{"id":1241,"group":"trails","name":"Botonan path"}},{"type":"Feature","geometry":{"type":"LineString","coordinates":[[9.1296,45.3705],[9.2012,45.2654],[9.3226,45.2483],[9.5335,45.3728]]},"properties":{"id":1242,"group":"trails","name":"Botonese trail"}},{"type":"Feature","geometry":{"type":"LineString","coordinates":[[-3.8328,30.9515],[-4.022,30.7647],[-4.1558,30.644]]},"properties":{"id":1243,"group":"trails","name":null}},{"type":"Feature","geometry":{"type":"LineString","coordinates":[[11.6557,42.4777],[11.6721,42.0487],[11.5966,41.9094],[11.7538,41.5497],[12.0939,41.2422]]},"properties":{"id":1244,"group":"trails","name":"Ormnian trail"}},{"type":"Feature","geometry":{"type":"LineString","coordinates":[[10.7078,42.076],[10.9896,42.2652],[11.1584,42.445],[11.4448,42.5182],[11.6557,42.4777]]},"properties":{"id":1245,"group":"trails","name":"Wodmouth path"}},{"type":"Feature","geometry":{"type":"LineString","coordinates":[[11.4448,42.5182],[11.6386,42.8327],[11.9989,43.0888],[12.234,43.3566],[12.5048,43.4329]]},"properties":{"id":1246,"group":"trails","name":"Rockerming pass"}},{"type":"Feature","geometry":{"type":"LineString","coordinates":[[13.1609,41.4586],[12.718,41.4174],[12.4239,41.2648],[12.0939,41.2422]]},"properties":{"id":1247,"group":"trails","name":"Ormnian path"}},{"type":"Feature","geometry":{"type":"LineString","coordinates":[[11.5818,44.139],[11.5242,43.7209],[11.6301,43.4648],[11.9989,43.0888]]},"properties":{"id":1248,"group":"trails","name":"The Echoing Uxbronehan pass"}},{"type":"Feature","geometry":{"type":"LineString","coordinates":[[13.1609,41.4586],[13.1531,41.3029],[13.2511,41.1729],[13.4558,41.0912],[13.5655,40.9472],[13.5834,40.7487],[13.6115,40.5696],[13.5834,40.4225],[13.4947,40.3049],[13.3515,40.2162],[13.0978,40.2551],[12.9733,39.7063]]},"properties":{"id":1249,"group":"trails","name":"Thelteranor path"}},{"type":"Feature","geometry":{"type":"LineString","coordinates":[[-1.86,27.8928],[-1.5215,27.8796],[-1.1674,28.0096]]},"properties":{"id":1250,"group":"trails","name":null}},{"type":"Feature","geometry":{"type":"LineString","coordinates":[[-0.8312,28.9056],[-1.0841,28.5211],[-1.1557,28.4487],[-1.1938,28.1248],[-1.1674,28.0096]]},"properties":{"id":1251,"group":"trails","name":"Melorion trail"}},{"type":"Feature","geometry":{"type":"LineString","coordinates":[[-4.6189,43.5419],[-5.0407,43.5138],[-5.3271,43.6999],[-5.5403,44.0845],[-5.51,44.2908],[-5.4827,44.5041],[-5.5333,44.6878],[-5.5854,44.8661]]},"properties":{"id":1252,"group":"trails","name":"Ofenathyr trail"}},{"type":"Feature","geometry":{"type":"LineString","coordinates":[[-4.2694,43.8213],[-4.0858,43.8392],[-3.8585,43.847],[-3.6313,43.9817]]},"properties":{"id":1253,"group":"trails","name":"Thvethyr trail"}},{"type":"Feature","geometry":{"type":"LineString","coordinates":[[-6.3294,42.8373],[-6.5007,42.7019],[-6.6454,42.5182]]},"properties":{"id":1254,"group":"trails","name":null}},{"type":"Feature","geometry":{"type":"LineString","coordinates":[[-6.5007,42.7019],[-6.331,42.561],[-6.1318,42.2309]]},"properties":{"id":1255,"group":"trails","name":null}},{"type":"Feature","geometry":{"type":"LineString","coordinates":[[-5.5403,44.0845],[-5.8944,44.0035]]},"properties":{"id":1256,"group":"trails","name":null}},{"type":"Feature","geometry":{"type":"LineString","coordinates":[[10.981,45.924],[11.0044,45.6687],[11.1538,45.4468],[11.3265,45.1891],[11.4044,44.8567],[11.5133,44.4465],[11.5818,44.139],[11.8807,44.1],[12.167,44.2207]]},"properties":{"id":1257,"group":"trails","name":"Eagle track"}},{"type":"Feature","geometry":{"type":"LineString","coordinates":[[-6.3294,42.8373],[-6.3022,43.2398],[-6.31,43.5886],[-6.2112,43.7995],[-6.0547,43.9327],[-5.8944,44.0035]]},"properties":{"id":1258,"group":"trails","name":"Drethazinese pass"}},{"type":"Feature","geometry":{"type":"LineString","coordinates":[[12.855,46.8068],[12.7321,46.9454],[12.6083,47.0894],[12.4441,47.1166],[12.2752,47.1431],[12.0153,47.0995]]},"properties":{"id":1259,"group":"trails","name":"Bucliford pass"}},{"type":"Feature","geometry":{"type":"LineString","coordinates":[[13.5017,43.3262],[13.5749,43.1487],[13.6582,42.9004],[13.5803,42.6248],[13.4247,42.3422],[13.3274,42.2823],[13.1515,42.185],[13.0138,41.9397],[12.9881,41.6634],[13.0075,41.6097],[13.1609,41.4586]]},"properties":{"id":1260,"group":"trails","name":"Causbury trail"}},{"type":"Feature","geometry":{"type":"LineString","coordinates":[[13.3313,43.6913],[13.3048,43.5162],[13.1212,43.3488],[12.9398,43.1892],[12.5048,43.4329]]},"properties":{"id":1261,"group":"trails","name":"Rockerming trail"}},{"type":"Feature","geometry":{"type":"LineString","coordinates":[[-6.6618,44.1584],[-6.4633,44.1179],[-6.3505,43.9794],[-6.2112,43.7995]]},"properties":{"id":1262,"group":"trails","name":"Ollshean path"}},{"type":"Feature","geometry":{"type":"LineString","coordinates":[[-6.6618,44.1584],[-6.8602,44.1966],[-7.054,44.325],[-7.2478,44.3772],[-7.3964,44.5305],[-7.5023,44.6722]]},"properties":{"id":1263,"group":"trails","name":"Enthadar trail"}},{"type":"Feature","geometry":{"type":"LineString","coordinates":[[10.981,45.924],[11.1055,46.0891],[11.237,46.2572],[11.2822,46.4355],[11.3935,46.6106],[11.5281,46.7523],[11.7203,46.8208],[11.8923,46.922],[12.0153,47.0995]]},"properties":{"id":1264,"group":"trails","name":"Bucliford trail"}},{"type":"Feature","geometry":{"type":"LineString","coordinates":[[13.3313,43.6913],[13.427,43.559],[13.5017,43.3262]]},"properties":{"id":1265,"group":"trails","name":null}},{"type":"Feature","geometry":{"type":"LineString","coordinates":[[44.0213,42.4948],[43.9474,42.3033],[44.0018,42.1499],[44.117,42.0386],[44.096,41.8362],[43.9396,41.4493],[44.1692,41.4392],[44.5139,41.5933],[44.6688,41.6034],[44.8011,41.6883],[45.2626,41.7825],[45.6541,41.7405]]},"properties":{"id":1266,"group":"trails","name":"Hinckley trail"}},{"type":"Feature","geometry":{"type":"LineString","coordinates":[[34.7283,35.0455],[34.7952,35.3304],[34.8606,35.6232],[34.9688,35.7462]]},"properties":{"id":1267,"group":"trails","name":"Clitford path"}},{"type":"Feature","geometry":{"type":"LineString","coordinates":[[33.7049,35.4021],[33.9158,35.3616],[34.1259,35.3499],[34.3049,35.2448],[34.4839,35.0977],[34.7283,35.0455]]},"properties":{"id":1268,"group":"trails","name":"Imperial track"}},{"type":"Feature","geometry":{"type":"LineString","coordinates":[[-0.5051,20.031],[-0.3953,20.3423],[-0.2405,20.5097],[0.0086,20.579],[0.2732,20.6942],[0.4039,20.9838],[0.495,21.3676],[0.7098,21.2734],[1.0335,21.2734],[1.246,21.1411],[1.3619,21.0212],[1.5487,20.9472],[2.0538,20.5113],[2.0764,20.1758],[1.9549,19.8332],[1.6927,19.662],[1.4195,19.6184],[1.007,19.4572],[0.6483,19.4907],[0.4669,19.5039],[0.2802,19.5109],[0.109,19.4494]]},"properties":{"id":1269,"group":"trails","name":"Shemlanalian track"}},{"type":"Feature","geometry":{"type":"LineString","coordinates":[[-0.5051,20.031],[-0.635,20.1415],[-0.8016,20.189],[-0.9323,20.2692],[-0.9962,20.4147],[-1.1627,20.5136]]},"properties":{"id":1270,"group":"trails","name":"Dohilese trail"}},{"type":"Feature","geometry":{"type":"LineString","coordinates":[[0.109,19.4494],[-0.0233,19.479],[-0.1479,19.6596],[-0.2708,19.8426],[-0.5051,20.031]]},"properties":{"id":1271,"group":"trails","name":"Cursed pass"}},{"type":"Feature","geometry":{"type":"LineString","coordinates":[[1.007,19.4572],[1.1635,19.3295],[1.439,19.1123],[1.4709,18.9325],[1.646,18.6585],[1.8367,18.523],[2.0343,18.4499],[2.1946,18.344],[2.3861,18.098]]},"properties":{"id":1272,"group":"trails","name":"Ghost track"}},{"type":"Feature","geometry":{"type":"LineString","coordinates":[[6.1287,21.1886],[6.0158,21.3411],[5.9084,21.4976],[5.8065,21.7662]]},"properties":{"id":1273,"group":"trails","name":"Neisenor trail"}},{"type":"Feature","geometry":{"type":"LineString","coordinates":[[6.1287,21.1886],[6.1076,20.9877],[6.2182,20.7261],[6.3349,20.4716],[6.296,20.2513],[6.1403,20.1423],[5.9792,20.0356],[5.9146,19.8075],[5.8283,19.6277],[5.724,19.4907],[5.6679,19.2517],[5.5722,18.8477],[5.566,18.6935],[5.471,18.523],[5.4749,18.3751],[5.5722,18.2428],[5.731,18.1104],[5.8135,17.9314]]},"properties":{"id":1274,"group":"trails","name":"Hemyman pass"}},{"type":"Feature","geometry":{"type":"LineString","coordinates":[[6.0625,17.9859],[5.9302,17.9703],[5.8135,17.9314],[5.5644,17.9937],[5.352,17.9633],[5.1434,17.8131],[4.7169,17.9594],[4.5527,18.0949],[4.3792,18.1898],[4.1792,18.1961],[3.9986,18.2498],[3.8445,18.3985],[3.6764,18.5433],[3.4655,18.5892],[3.2453,18.6165],[3.0188,18.6468],[2.8406,18.6087],[2.7059,18.5238],[2.6141,18.432],[2.5028,18.3354],[2.3861,18.098]]},"properties":{"id":1275,"group":"trails","name":"Matheasan trail"}},{"type":"Feature","geometry":{"type":"LineString","coordinates":[[6.0625,17.9859],[6.1645,17.8707],[6.3349,17.8224],[6.5154,17.7531],[6.6392,17.5998]]},"properties":{"id":1276,"group":"trails","name":"Sker'hean trail"}},{"type":"Feature","geometry":{"type":"LineString","coordinates":[[65.5553,16.3814],[65.4144,16.1557],[65.2829,16.0047],[65.2323,15.8061],[65.1615,15.6107],[64.991,15.4636],[65.1233,15.3702],[65.3646,15.2005],[65.8035,15.0432],[65.9638,15.1997],[66.0183,15.3702],[66.0214,15.5539],[66.1506,15.7516]]},"properties":{"id":1277,"group":"trails","name":"Ishzaarm trail"}},{"type":"Feature","geometry":{"type":"LineString","coordinates":[[65.5553,16.3814],[65.7063,16.144],[65.879,16.0451],[66.1506,15.7516]]},"properties":{"id":1278,"group":"trails","name":"Ishzaarm track"}},{"type":"Feature","geometry":{"type":"LineString","coordinates":[[65.7063,16.144],[65.8004,16.3122],[65.9218,16.4484],[66.1039,16.5301],[66.2604,16.6438],[66.353,16.8104],[66.3888,17.0315],[66.6954,17.2074],[66.7187,17.3709]]},"properties":{"id":1279,"group":"trails","name":"Brybligz trail"}},{"type":"Feature","geometry":{"type":"LineString","coordinates":[[65.2502,16.5815],[65.3771,16.4398],[65.5553,16.3814]]},"properties":{"id":1280,"group":"trails","name":null}},{"type":"Feature","geometry":{"type":"LineString","coordinates":[[-68.8021,45.0443],[-69.0779,45.1914],[-69.3905,45.193],[-69.4932,45.4826],[-69.5832,45.6841],[-69.7788,45.7862],[-70.0597,45.8653],[-70.3446,45.8018],[-70.5812,45.9925],[-70.7026,46.3561],[-70.8318,46.4308],[-70.9812,46.6449],[-71.1384,46.9703],[-71.4193,47.1789],[-71.1602,47.3837],[-70.9493,47.4327],[-70.7762,47.3139],[-70.5664,47.3183]]},"properties":{"id":1281,"group":"searoutes","name":"Atfordgevenese route"}},{"type":"Feature","geometry":{"type":"LineString","coordinates":[[-58.2733,41.2352],[-58.4056,41.4034],[-58.5783,41.4493],[-58.7503,41.496],[-58.8274,41.6751],[-58.9013,41.8564],[-59.1231,41.932],[-59.3465,42.0106],[-59.6212,41.8432],[-59.6266,41.5943],[-59.7846,41.4018],[-59.6064,41.0928]]},"properties":{"id":1282,"group":"searoutes","name":"The Fabled Halcyon passage"}},{"type":"Feature","geometry":{"type":"LineString","coordinates":[[-57.2257,40.5922],[-56.9899,40.6202],[-56.9207,40.3361],[-56.8498,40.0597],[-56.5977,40.1033],[-56.3603,39.9858],[-56.1214,39.8651],[-56.1269,39.6588],[-56.1354,39.4541],[-56.1759,39.3887]]},"properties":{"id":1283,"group":"searoutes","name":"Stotlean route"}},{"type":"Feature","geometry":{"type":"LineString","coordinates":[[-57.7479,41.6346],[-57.8608,41.5778],[-57.8935,41.932],[-57.5744,42.1188],[-57.4117,42.0363],[-57.1993,41.9102],[-57.0218,41.7996],[-56.8498,41.6867],[-56.9316,41.3777],[-56.9417,41.1519],[-57.0063,40.9978],[-57.0685,40.839],[-56.9899,40.6202]]},"properties":{"id":1284,"group":"searoutes","name":"Dodbronean route"}},{"type":"Feature","geometry":{"type":"LineString","coordinates":[[-58.4056,41.4034],[-58.2281,41.5349],[-58.0468,41.6626],[-57.8608,41.5778]]},"properties":{"id":1285,"group":"searoutes","name":"High lane"}},{"type":"Feature","geometry":{"type":"LineString","coordinates":[[-59.7893,40.2528],[-59.5915,40.3457],[-59.5395,40.5579],[-59.7737,40.786],[-59.6064,41.0928]]},"properties":{"id":1286,"group":"searoutes","name":"Stotford route"}},{"type":"Feature","geometry":{"type":"LineString","coordinates":[[-59.4258,44.016],[-59.4227,43.8587],[-59.5776,43.5886],[-59.6679,43.4266],[-59.7605,43.2585],[-59.8951,43.1674],[-59.8235,43.0608],[-59.8811,42.8568],[-59.9558,42.6559],[-59.769,42.3991],[-59.5395,42.1655],[-59.4266,42.1811],[-59.3465,42.0106]]},"properties":{"id":1287,"group":"searoutes","name":"Kinlish route"}},{"type":"Feature","geometry":{"type":"LineString","coordinates":[[-59.7893,40.2528],[-59.7793,40.0238],[-59.955,39.8768],[-60.1841,39.6613],[-60.2049,39.3474],[-60.0336,39.2151],[-60.2204,39.2353],[-60.2827,39.0204],[-60.3527,38.8017],[-60.6173,38.6701],[-60.6735,38.4069],[-60.871,38.2241],[-61.0878,38.0875],[-61.3426,38.1135],[-61.204,38.3082],[-61.2321,38.5456],[-61.5831,38.5339],[-61.9123,38.6787],[-62.0004,38.9229],[-61.8859,39.1559],[-62.0384,39.4977],[-62.3497,39.6681],[-62.5318,39.76],[-62.717,39.8503],[-62.8361,40.0504],[-63.0287,40.2612],[-63.0976,40.5385],[-63.3381,40.6996]]},"properties":{"id":1288,"group":"searoutes","name":"Wodgean lane"}},{"type":"Feature","geometry":{"type":"LineString","coordinates":[[-60.7138,37.5468],[-60.5131,37.6067],[-60.3994,37.7827],[-60.3052,37.8971],[-60.3465,38.1478],[-60.2593,38.3432],[-60.1652,38.544],[-60.3527,38.8017]]},"properties":{"id":1289,"group":"searoutes","name":"Sidmouth lane"}},{"type":"Feature","geometry":{"type":"LineString","coordinates":[[-56.1611,35.6138],[-56.1121,35.4924],[-56.2311,35.4877]]},"properties":{"id":1290,"group":"searoutes","name":null}},{"type":"Feature","geometry":{"type":"LineString","coordinates":[[-56.0498,35.6442],[-56.1121,35.4924],[-56.0879,35.3071],[-56.0708,35.1234],[-55.9012,34.9879],[-55.7307,34.8493],[-55.6288,34.6843],[-55.5214,34.5216],[-55.4124,34.5426]]},"properties":{"id":1291,"group":"searoutes","name":"Tuthersted route"}},{"type":"Feature","geometry":{"type":"LineString","coordinates":[[-55.1696,38.1875],[-55.1085,38.2952],[-55.0825,38.4163],[-55.1696,38.6001],[-55.2864,38.5923],[-55.5424,38.8764],[-55.6786,39.0843],[-55.8934,39.4175],[-56.1354,39.4541]]},"properties":{"id":1292,"group":"searoutes","name":"Mithamber route"}},{"type":"Feature","geometry":{"type":"LineString","coordinates":[[-60.3052,37.8971],[-60.0554,37.7001],[-59.948,37.5569],[-59.8391,37.4191],[-59.7846,37.2222],[-59.727,37.0275],[-59.7223,36.8329],[-59.7153,36.6398],[-59.629,36.4748],[-59.5395,36.3137],[-59.4577,36.0389],[-59.3815,35.7633],[-59.1309,35.5796],[-58.8865,35.3896],[-58.8818,35.2059],[-58.8779,35.0276],[-58.7807,34.8945],[-58.6834,34.7583],[-58.762,34.6283],[-58.6717,34.4585],[-58.5846,34.2842],[-58.4149,34.1316],[-58.2491,33.9736],[-58.0546,33.8934],[-57.8312,33.7579],[-57.6117,33.6193],[-57.4032,33.5711],[-57.1938,33.5174],[-56.9323,33.4784],[-56.7339,33.6411],[-56.5292,33.8007],[-56.4288,33.8101],[-56.3448,33.9837],[-56.3992,33.9759],[-56.516,34.225],[-56.4506,34.3964],[-56.3409,34.5434],[-56.2286,34.6466],[-56.1424,34.5208],[-56.0047,34.4841],[-55.9066,34.3807],[-55.9712,34.5987],[-56.0389,34.8159],[-55.9012,34.9879]]},"properties":{"id":1293,"group":"searoutes","name":"Thorn route"}},{"type":"Feature","geometry":{"type":"LineString","coordinates":[[-57.8421,33.413],[-57.6117,33.6193]]},"properties":{"id":1294,"group":"searoutes","name":null}},{"type":"Feature","geometry":{"type":"LineString","coordinates":[[-54.533,34.4422],[-54.628,34.3145],[-54.6784,34.0799],[-54.5743,33.8638],[-54.6575,33.5493],[-54.5626,33.2675],[-54.5237,32.9249],[-54.7649,32.893],[-54.8739,33.104],[-54.9696,33.2971],[-55.193,33.4932],[-55.428,33.4777],[-55.7284,33.5937],[-56.0553,33.7891],[-56.3448,33.9837]]},"properties":{"id":1295,"group":"searoutes","name":"Wathaman route"}},{"type":"Feature","geometry":{"type":"LineString","coordinates":[[-55.9066,34.3807],[-55.7144,34.4508],[-55.5214,34.5216]]},"properties":{"id":1296,"group":"searoutes","name":null}},{"type":"Feature","geometry":{"type":"LineString","coordinates":[[-58.3986,33.22],[-58.2258,33.4886],[-58.1425,33.6878],[-58.2359,33.7346],[-58.2491,33.9736]]},"properties":{"id":1297,"group":"searoutes","name":"Skiptonrith route"}},{"type":"Feature","geometry":{"type":"LineString","coordinates":[[-59.4227,43.8587],[-59.2009,43.8081],[-58.9441,44.0105],[-58.9005,44.2573],[-58.9044,44.5266],[-58.7215,44.5274],[-58.6577,44.7119],[-58.4538,45],[-58.3378,44.9268],[-58.0834,44.8645],[-57.9791,45.0147],[-58.0491,45.1159],[-58.0087,45.3604],[-57.8935,45.6297],[-57.7845,45.8944],[-57.7168,46.0968],[-57.7051,46.3927],[-57.7378,46.634],[-57.6444,46.9142],[-57.5573,47.1929],[-57.3798,47.4747],[-57.4701,47.6616],[-57.4265,47.864],[-57.3798,48.0656],[-57.4732,48.2844],[-57.5627,48.5016],[-57.4187,48.6736],[-57.2794,48.8441],[-57.1464,48.7359],[-57.0203,48.6269],[-56.8428,48.6814],[-56.6584,48.739],[-56.695,48.9928],[-56.7292,49.2473],[-56.7277,49.3275],[-56.3066,49.4747],[-56.0498,49.3789],[-56.0296,49.1127],[-55.9455,48.904],[-56.0472,48.7048],[-56.1813,48.5257]]},"properties":{"id":1298,"group":"searoutes","name":"The Cobbled Frost route"}},{"type":"Feature","geometry":{"type":"LineString","coordinates":[[-61.0617,43.935],[-60.892,44.0058],[-60.7185,43.9817],[-60.664,44.1662],[-60.6064,44.346],[-60.5706,44.6177],[-60.5325,44.8894],[-60.4072,45.0537],[-60.2757,45.2172],[-60.0336,45.3075],[-59.8313,45.3261],[-59.6336,45.3394],[-59.45,45.2483],[-59.3332,44.9914],[-59.1931,44.7812],[-58.9892,44.7392],[-58.9044,44.5266]]},"properties":{"id":1299,"group":"searoutes","name":"The Misty Echo route"}},{"type":"Feature","geometry":{"type":"LineString","coordinates":[[-49.9188,36.9684],[-49.862,36.7473],[-50.1126,36.7185],[-50.2589,36.6305],[-50.4083,36.5503],[-50.4068,36.3814],[-50.406,36.207],[-50.6091,36.1323],[-50.82,36.0638],[-51.0372,36.179],[-51.3095,36.0466],[-51.6535,35.8629],[-51.8777,35.8598],[-52.0722,35.673],[-52.0559,35.4939],[-52.2045,35.3772],[-52.3477,35.2549],[-52.5533,35.2601],[-52.7462,35.1888],[-53.0079,35.1843],[-53.1649,34.9747],[-53.4816,35.135],[-53.761,35.0689],[-53.7424,35.303],[-53.8941,35.4822],[-54.1543,35.3582],[-54.2972,35.1078],[-54.4646,34.9429],[-54.4801,34.7084],[-54.533,34.4422]]},"properties":{"id":1300,"group":"searoutes","name":"Wathaman lane"}},{"type":"Feature","geometry":{"type":"LineString","coordinates":[[-56.6561,31.2551],[-56.8919,31.5595],[-57.1121,31.7759],[-57.0464,32.0438],[-57.1129,32.3115],[-56.9892,32.5404],[-57.0024,32.9],[-56.9362,33.1818],[-56.9323,33.4784]]},"properties":{"id":1301,"group":"searoutes","name":"King route"}},{"type":"Feature","geometry":{"type":"LineString","coordinates":[[-57.8312,33.7579],[-58.1425,33.6878]]},"properties":{"id":1302,"group":"searoutes","name":null}},{"type":"Feature","geometry":{"type":"LineString","coordinates":[[-65.8238,43.9731],[-65.7249,44.0237],[-65.9094,44.2051],[-66.0876,44.3904],[-66.174,44.3912],[-66.423,44.3997],[-66.6728,44.4099],[-66.8666,44.4932],[-67.0565,44.5796],[-67.2596,44.6395]]},"properties":{"id":1303,"group":"searoutes","name":"Shadow lane"}},{"type":"Feature","geometry":{"type":"LineString","coordinates":[[-60.6064,44.346],[-60.7963,44.3608],[-60.9885,44.3818],[-61.1854,44.4231],[-61.3823,44.4667],[-61.4578,44.6566],[-61.5318,44.845],[-61.6446,44.9992],[-61.7582,45.1525],[-61.9567,45.2631],[-62.1271,45.3261],[-62.2975,45.397],[-62.5162,45.3806],[-62.7474,45.0887],[-62.7349,44.7734],[-62.8493,44.5336],[-63.1155,44.5009],[-63.3785,44.462],[-63.5513,44.5087],[-63.728,44.5484],[-63.8844,44.4542],[-63.9326,44.2207],[-63.9793,43.984],[-64.1661,43.8548],[-64.3506,43.7248],[-64.5163,43.8159],[-64.686,43.9046],[-64.8043,44.0416],[-64.9265,44.1748],[-65.1537,44.1927],[-65.4424,44.1117],[-65.7249,44.0237]]},"properties":{"id":1304,"group":"searoutes","name":"Azure lane"}},{"type":"Feature","geometry":{"type":"LineString","coordinates":[[-54.5237,32.9249],[-54.277,32.9646],[-54.175,32.9405]]},"properties":{"id":1305,"group":"searoutes","name":null}},{"type":"Feature","geometry":{"type":"LineString","coordinates":[[-50.406,36.207],[-50.4325,35.8793],[-50.3601,35.6885],[-50.2947,35.4963],[-49.9842,35.5103],[-49.792,35.3616],[-49.5966,35.216],[-49.4558,35.2993],[-49.3375,35.4371],[-49.0044,35.4713]]},"properties":{"id":1306,"group":"searoutes","name":"The Obscure Silvered route"}},{"type":"Feature","geometry":{"type":"LineString","coordinates":[[-53.3229,47.7355],[-53.1929,47.864],[-53.0691,47.6935],[-53.1065,47.4335],[-53.1773,47.2646],[-53.2715,47.3004]]},"properties":{"id":1307,"group":"searoutes","name":"Framping passage"}},{"type":"Feature","geometry":{"type":"LineString","coordinates":[[-50.7788,47.0045],[-50.5936,46.8208],[-50.771,46.6659],[-50.8294,46.4526],[-50.757,46.2992],[-50.6924,46.1412],[-50.469,46.1669],[-50.2496,46.1973],[-50.0122,46.1731],[-49.7803,46.1786],[-49.7453,45.9629]]},"properties":{"id":1308,"group":"searoutes","name":"Wiskirk water way"}},{"type":"Feature","geometry":{"type":"LineString","coordinates":[[-48.6985,45.5745],[-48.7009,45.6492],[-48.4658,45.6983],[-48.3678,45.9022],[-48.2697,46.1093],[-48.36,46.2759],[-48.4503,46.4363],[-48.4619,46.6472],[-48.4223,46.8364],[-48.3826,47.024],[-48.581,47.2101],[-48.8736,47.2178],[-49.174,47.2311],[-49.2783,46.9999],[-49.3826,46.7726],[-49.5896,46.5951],[-49.799,46.4145],[-49.7803,46.1786]]},"properties":{"id":1309,"group":"searoutes","name":"Witrinch route"}},{"type":"Feature","geometry":{"type":"LineString","coordinates":[[-47.1849,44.4854],[-47.1855,44.6179],[-47.1397,44.7423],[-47.2082,44.9603],[-47.4806,45.1237],[-47.644,45.2639],[-47.8619,45.4663],[-48.1289,45.4702],[-48.2977,45.583],[-48.4658,45.6983]]},"properties":{"id":1310,"group":"searoutes","name":"Westley lane"}},{"type":"Feature","geometry":{"type":"LineString","coordinates":[[-46.6681,44.912],[-46.7646,45.0513],[-46.9514,44.898],[-47.1397,44.7423]]},"properties":{"id":1311,"group":"searoutes","name":"Witrinch lane"}},{"type":"Feature","geometry":{"type":"LineString","coordinates":[[-42.6399,42.2652],[-42.7458,42.4613],[-42.8244,42.7377],[-42.7917,43.0088],[-42.8594,43.2733],[-42.7333,43.5901],[-42.3776,43.5364],[-42.4446,43.812],[-42.429,44.0619],[-42.3753,44.2674],[-42.3232,44.4753],[-42.2088,44.7002],[-41.9162,44.6956],[-41.5893,44.8591],[-41.5488,45.0256],[-41.3792,45.2016],[-41.2056,45.3791],[-41.0601,45.3075]]},"properties":{"id":1312,"group":"searoutes","name":"Boshaman route"}},{"type":"Feature","geometry":{"type":"LineString","coordinates":[[-46.7646,45.0513],[-46.4938,45.1074],[-46.43,45.3261],[-46.3607,45.548],[-46.5156,45.7076],[-46.6759,45.8656],[-46.5911,46.0174],[-46.5311,46.1825],[-46.4712,46.3405],[-46.3288,46.5094],[-45.9786,46.5406],[-45.7723,46.4036],[-45.6439,46.2292],[-45.5163,46.054],[-45.2315,46.0346],[-44.949,46.0205],[-44.7334,46.0112],[-44.5217,46.0058],[-44.3131,46.019],[-44.1341,45.8399],[-43.9707,45.583],[-43.9162,45.3261],[-43.7642,45.1858],[-43.6477,45.0147],[-43.6032,44.8644],[-43.4477,44.884],[-43.2355,44.7879],[-43.0446,44.9213],[-42.866,44.9299],[-42.7006,44.8622],[-42.5465,44.9992],[-42.2975,44.9135],[-42.2088,44.7002]]},"properties":{"id":1313,"group":"searoutes","name":"Spike route"}},{"type":"Feature","geometry":{"type":"LineString","coordinates":[[13.6792,26.729],[13.6706,26.5282],[13.3873,26.6691],[13.2146,26.6659],[13.0433,26.6597],[13.034,26.8559],[12.8644,27.0163],[12.6924,27.179],[12.4674,27.1797],[12.3196,27.4055],[12.3951,27.6336],[12.3927,27.8344],[12.4441,28.0205],[12.2316,28.1863],[12.1172,28.4253],[12.0059,28.6573],[12.048,28.841],[12.2682,28.9749],[12.2729,29.1415],[12.2706,29.3081],[12.5538,29.4778],[12.7865,29.5308],[12.7554,29.6086],[12.8177,29.8655],[12.6682,30.001],[12.5297,30.0991],[12.5982,30.4268],[12.8332,30.4338],[13.0714,30.4486],[13.3554,30.5794],[13.5492,30.6284],[13.7368,30.6798],[13.8916,30.6284],[14.0519,30.57],[14.1874,30.3637],[14.3243,30.1582],[14.6177,30.0142],[14.9337,29.9161],[15.1524,29.8102],[15.3781,29.7877],[15.6108,29.7659],[15.8295,29.6242],[16.0544,29.4778],[16.1485,29.3128],[16.2474,29.1423],[16.4521,29.1026],[16.6614,29.0637],[16.8567,28.9547],[17.0583,28.848],[17.2093,28.6729],[17.4715,28.5732],[17.7369,28.4674],[17.8241,28.4183],[18.0397,28.3319],[18.2545,28.2525],[18.4739,28.3537],[18.5167,28.3918],[18.7012,28.3475],[18.9245,28.3459],[19.1557,28.3514],[19.3238,28.402],[19.4965,28.4533],[19.7674,28.4798],[20.0436,28.5125],[20.2242,28.4526],[20.4289,28.4642],[20.6265,28.4736],[20.8997,28.5265],[21.1721,28.6106],[21.425,28.5654],[21.6717,28.5226],[21.7892,28.6114]]},"properties":{"id":1314,"group":"searoutes","name":"Copper route"}},{"type":"Feature","geometry":{"type":"LineString","coordinates":[[24.7108,32.0826],[24.517,32.1527],[24.5146,32.3411],[24.5115,32.5318],[24.5847,32.7303],[24.6501,32.9319],[24.8182,33.0028],[24.9831,33.0752],[25.1808,33.0744],[25.4408,32.9483],[25.6976,32.8261],[25.612,32.5466],[25.5692,32.3092]]},"properties":{"id":1315,"group":"searoutes","name":"Rothtonese route"}},{"type":"Feature","geometry":{"type":"LineString","coordinates":[[23.1854,32.0616],[23.0967,32.2321],[23.1605,32.3956],[23.2165,32.552],[23.2383,32.7381],[23.4407,32.8782],[23.6345,32.8206],[23.7543,32.7622],[24.0088,32.7848],[24.1426,32.4804],[24.1644,32.3022],[24.1784,32.1239],[24.3512,32.1387],[24.517,32.1527]]},"properties":{"id":1316,"group":"searoutes","name":"Wicksey route"}},{"type":"Feature","geometry":{"type":"LineString","coordinates":[[21.1721,28.6106],[21.0359,28.8379],[20.9044,29.0699],[20.9192,29.3361],[20.9277,29.6047],[20.9036,29.7721],[20.709,29.8889],[20.6079,30.0757],[20.6717,30.3038],[20.7892,30.542],[20.8024,30.7685],[21.0437,30.9554],[21.2305,31.1111],[21.4639,31.4303],[21.6966,31.424],[21.8219,31.2434],[21.941,31.0605],[22.0243,30.8386],[22.3037,30.9507],[22.3862,31.1609],[22.4648,31.2574],[22.499,31.431],[22.4679,31.656],[22.4367,31.8763],[22.5768,31.9908],[22.7208,32.1068],[22.9115,32.1698],[23.0967,32.2321]]},"properties":{"id":1317,"group":"searoutes","name":"Storm route"}},{"type":"Feature","geometry":{"type":"LineString","coordinates":[[14.2784,21.0874],[14.2426,21.159],[14.4442,21.3334],[14.6434,21.5108],[14.8255,21.3411],[15.0084,21.1644],[15.1563,21.2851],[15.259,21.5031],[15.5182,21.707],[15.4979,21.9554],[15.596,22.143],[15.6987,22.3306],[15.6084,22.6069],[15.4979,22.895],[15.1967,23.0016],[14.9072,22.923],[14.7516,22.9822],[14.5064,22.9526],[14.2629,22.9246],[14.0784,23.0227],[13.8963,23.1192],[13.8216,23.3341],[13.743,23.5419],[13.8683,23.7856],[14.1796,24.0191],[14.371,24.0144],[14.522,24.167],[14.68,24.3243],[14.6621,24.494],[14.6364,24.6715],[14.578,24.828],[14.4169,24.9829],[14.1959,25.1829],[14.2185,25.397],[14.2473,25.6158],[14.0628,25.7707],[13.8784,25.9256],[13.7515,26.1148],[13.7126,26.3234],[13.6706,26.5282]]},"properties":{"id":1318,"group":"searoutes","name":"Cursed water way"}},{"type":"Feature","geometry":{"type":"LineString","coordinates":[[13.0511,38.2583],[13.1453,38.1587],[13.2535,37.9773],[13.0978,37.8216],[12.8231,37.8481],[12.5297,37.8574],[12.4752,37.6347],[12.42,37.4191],[12.1562,37.1443],[11.8853,37.149],[11.6308,37.2175],[11.4869,37.0197],[11.3398,36.8189],[11.3623,36.5994],[11.3771,36.3837],[11.2845,36.1712],[11.1989,35.9587],[11.1911,35.6963],[11.1763,35.4379],[11.339,35.2682],[11.4954,35.0946],[11.3795,34.8353],[11.2534,34.5862],[11.0588,34.5831],[10.8666,34.5815],[10.7631,34.3885],[10.6565,34.1985],[10.553,34.0537],[10.4456,33.9066],[10.3973,33.6645],[10.3475,33.4247],[10.6043,33.1593],[12.1593,31.5852],[12.3888,31.1819],[12.2768,30.9414],[12.3017,30.6743],[12.4519,30.5506],[12.5982,30.4268]]},"properties":{"id":1319,"group":"searoutes","name":"Thaseloran passage"}},{"type":"Feature","geometry":{"type":"LineString","coordinates":[[10.3475,33.4247],[10.1094,33.5399],[9.8681,33.3842],[9.8658,33.1203],[9.5023,33.0261],[9.2829,33.2254],[9.2891,33.3173]]},"properties":{"id":1320,"group":"searoutes","name":"Oshlondean lane"}},{"type":"Feature","geometry":{"type":"LineString","coordinates":[[17.5953,14.5419],[17.5369,14.341],[17.3548,14.3582],[17.1727,14.3737],[17.0046,14.3348],[16.8365,14.2943],[16.6544,14.0857],[16.3353,14.039],[16.1174,14.0468],[16.0411,13.8887],[15.8528,13.8054],[15.6614,13.7245],[15.596,13.5719],[15.3625,13.5485],[15.1866,13.6809],[14.9819,13.6451],[14.7788,13.642],[14.578,13.642],[14.4131,13.6809],[14.2551,13.7198],[14.0784,13.8522],[13.8986,13.9822],[13.6185,14.0444],[13.378,14.1246],[13.1422,14.2017],[13.0278,14.3893],[12.9204,14.5824],[12.7515,14.6766],[12.7243,14.8564],[12.697,15.0417],[12.8254,15.3391],[12.7227,15.5088],[12.4215,15.5594],[12.3196,15.7906],[12.2207,16.0163],[12.1639,16.1798],[12.1102,16.3487],[11.8215,16.2654],[11.539,16.1853],[11.5164,16.0825],[11.2892,15.9681],[11.269,15.7439],[11.2549,15.522],[11.0993,15.399],[10.8721,15.448],[10.8254,15.3468],[10.5499,15.2993],[10.3584,15.1211],[10.0705,15.1289],[9.9864,15.3258],[10.0012,15.4621],[9.9693,15.6427],[9.9405,15.8303],[9.7514,15.9229],[9.5584,16.0163],[9.5413,16.1954],[9.5234,16.3682],[9.8059,16.6235],[10.1078,16.6718],[10.3086,16.4803],[10.5141,16.5223],[10.7172,16.5722],[10.7164,16.7792],[10.7211,16.9809],[10.7086,17.1607],[10.8643,17.3475],[11.0378,17.3608],[11.0744,17.5344],[11.16,17.8302],[11.3258,17.9368],[11.4869,18.0871],[11.3857,18.1572],[11.4386,18.3845],[11.4013,18.6398],[11.6347,18.8843],[11.6736,19.1303],[11.8137,19.1692],[11.8993,19.5117],[12.0799,19.6495],[12.3126,19.7079],[12.5219,19.7764],[12.7266,19.8426],[12.6931,20.0566],[12.8597,20.3291],[12.9188,20.4848],[12.9811,20.6444],[13.199,20.7417],[13.4122,20.8421],[13.7095,20.8725],[13.6348,21.1076],[13.8333,21.2648],[14.0395,21.2088],[14.2426,21.159]]},"properties":{"id":1321,"group":"searoutes","name":"Capjar'th route"}},{"type":"Feature","geometry":{"type":"LineString","coordinates":[[9.5234,16.3682],[9.5101,16.5799],[9.2541,16.5683],[9.2728,16.7971],[7.6353,17.5289],[7.2952,17.6239],[7.1365,17.402],[6.8018,17.293],[6.6236,17.4075],[6.6174,17.4721],[6.6392,17.5998]]},"properties":{"id":1322,"group":"searoutes","name":"Sker'hean passage"}},{"type":"Feature","geometry":{"type":"LineString","coordinates":[[22.9916,14.1962],[23.2072,14.1791],[23.2064,14.004],[23.1255,13.7541],[23.0087,13.5594],[22.9908,13.3337],[22.7091,13.3539],[22.4274,13.3749],[22.32,13.2216],[22.2149,13.0628],[21.9651,13.0962],[21.6663,13.0231],[21.4639,13.0347],[21.2546,13.0425],[21.0982,12.9803],[20.9425,12.9164],[20.6935,13.0114],[20.4398,13.1009],[20.2187,13.2372],[19.9907,13.3718],[19.8685,13.5594],[19.6561,13.5579],[19.4638,13.5641],[19.2662,13.5727],[19.1603,13.7587],[19.0615,13.9417],[18.7354,13.9899],[18.6233,14.1635],[18.5152,14.3449],[18.3354,14.3115],[18.1587,14.2842],[17.9852,14.2414],[17.8077,14.2001],[17.5369,14.341]]},"properties":{"id":1323,"group":"searoutes","name":"Memtibanean lane"}},{"type":"Feature","geometry":{"type":"LineString","coordinates":[[7.0952,31.4653],[7.2602,31.4972],[7.5855,31.4863],[7.6112,31.7261],[7.6307,31.9635],[7.7124,32.1698],[7.7925,32.3808],[7.9731,32.5069],[8.1739,32.619],[8.1887,32.707],[8.3972,32.9016],[8.6081,33.1032],[8.8782,33.1273],[9.0821,33.1741],[9.2829,33.2254]]},"properties":{"id":1324,"group":"searoutes","name":"Flame route"}},{"type":"Feature","geometry":{"type":"LineString","coordinates":[[7.0952,31.4653],[6.8282,31.5444],[6.6306,31.7409],[6.3497,31.8584],[6.0909,31.9689],[5.9178,32.1908],[5.5434,32.2726]]},"properties":{"id":1325,"group":"searoutes","name":"Donilonese route"}},{"type":"Feature","geometry":{"type":"LineString","coordinates":[[12.7515,14.6766],[12.4425,14.5824],[11.9694,14.3115],[12.034,14.1371],[11.9896,13.8895],[11.7748,13.8054],[11.5631,13.7214],[11.5258,13.5096],[11.49,13.2994],[11.5958,13.1593],[11.7024,13.0122],[11.8137,12.8246],[11.9297,12.6362],[12.206,12.6471],[12.4099,12.4244],[12.539,12.2384],[12.6542,12.0694],[12.7624,11.8974],[12.7554,11.572],[12.7628,11.4715],[12.7336,11.375]]},"properties":{"id":1326,"group":"searoutes","name":"Mor'thuph route"}},{"type":"Feature","geometry":{"type":"LineString","coordinates":[[12.7554,11.572],[13.0091,11.6008],[13.2301,11.7004],[13.4091,11.6179],[13.4792,11.252],[13.3329,11.0667],[13.4013,10.6604],[13.2893,10.5008],[13.1033,10.4767]]},"properties":{"id":1327,"group":"searoutes","name":"Sorrian route"}},{"type":"Feature","geometry":{"type":"LineString","coordinates":[[10.0549,13.1795],[9.988,13.2496],[9.6673,13.1904],[9.3973,13.2496],[9.2222,13.0737],[9.0517,12.8977],[8.9778,12.665],[9.191,12.5521]]},"properties":{"id":1328,"group":"searoutes","name":"Spike lane"}},{"type":"Feature","geometry":{"type":"LineString","coordinates":[[11.5631,13.7214],[11.3623,13.8366],[11.167,13.9487],[11.1133,14.1246],[11.0619,14.3013],[10.8565,14.3659],[10.6487,14.4236],[10.5141,14.2881],[10.3833,14.1472],[10.2642,13.9822],[10.3117,13.7899],[10.1483,13.5875],[9.9382,13.5719],[9.988,13.2496]]},"properties":{"id":1329,"group":"searoutes","name":"Tranquil water way"}},{"type":"Feature","geometry":{"type":"LineString","coordinates":[[13.2893,10.5008],[13.3422,10.4175],[13.3157,10.2166],[13.2885,10.0103],[13.3251,9.9496]]},"properties":{"id":1330,"group":"searoutes","name":"Solzanese water way"}},{"type":"Feature","geometry":{"type":"LineString","coordinates":[[19.3245,8.8535],[19.488,8.9088],[19.6195,8.9866],[19.6195,9.1875],[19.6506,9.4537],[19.4,9.7332],[19.1526,9.7963],[18.9097,9.8593],[18.7167,9.9053],[18.5167,9.945],[18.3198,9.9442],[18.1198,9.9379],[17.9424,10.1948],[17.7828,10.0298],[17.6303,9.8617],[17.6965,9.5409],[17.4949,9.4771],[17.2887,9.4078],[17.1058,9.2903],[16.926,9.1711],[16.7416,9.0038],[16.5532,9.0567],[16.3657,9.1167],[16.368,9.2007],[16.1719,9.2435],[15.9719,9.3665],[15.8069,9.4927],[15.61,9.5331],[15.3197,9.6133],[15.129,9.6717],[14.9321,9.7262],[14.6372,9.6273],[14.4831,9.7963],[14.3352,9.9683],[14.1889,10.1894],[14.0706,10.3101],[13.9523,10.4323],[13.6815,10.2493],[13.7056,10.1637]]},"properties":{"id":1331,"group":"searoutes","name":"Xulzanian route"}},{"type":"Feature","geometry":{"type":"LineString","coordinates":[[13.6815,10.2493],[13.5103,10.3334],[13.3157,10.2166]]},"properties":{"id":1332,"group":"searoutes","name":null}},{"type":"Feature","geometry":{"type":"LineString","coordinates":[[8.7747,12.6984],[8.9778,12.665]]},"properties":{"id":1333,"group":"searoutes","name":null}},{"type":"Feature","geometry":{"type":"LineString","coordinates":[[10.6487,14.4236],[10.5545,14.5824],[10.3584,15.1211]]},"properties":{"id":1334,"group":"searoutes","name":null}},{"type":"Feature","geometry":{"type":"LineString","coordinates":[[35.4521,19.8215],[35.5389,20.0119],[35.4941,20.2162],[35.4308,20.4135],[35.2622,20.5339],[35.3418,20.7261],[35.2933,20.9285],[35.1883,21.1182],[35.0567,21.2905],[34.8964,21.4268],[34.74,21.5669],[34.5695,21.7615],[34.4053,21.9593],[34.5524,22.1305],[34.6785,22.2909],[34.8061,22.4544],[34.8388,22.7564],[34.9587,22.9448],[35.0754,23.127],[35.1299,23.2873],[35.1781,23.4454],[35.3774,23.6719],[35.2544,23.8011],[35.3089,24.0113],[35.3244,24.3072],[35.3945,24.6108],[35.6279,24.8677],[35.6241,25.0405],[35.4956,25.1713],[35.3735,25.2958],[35.231,25.4437],[35.0886,25.5916],[34.9275,25.6773],[34.768,25.7707],[34.5415,25.7902],[34.2388,25.7847],[34.0092,25.833],[33.7851,25.8797],[33.4769,25.7855],[33.2777,25.9887],[33.0706,26.1919],[33.1064,26.3779],[33.1485,26.5702],[33.1531,26.8162],[33.0053,26.9929],[32.8551,27.1751],[32.845,27.4748],[32.7951,27.6702],[32.7383,27.8633],[32.6457,28.1817],[32.6356,28.4331],[32.9212,28.5172],[33.0364,28.6542],[33.2621,28.6433],[33.4917,28.6378],[33.5765,28.9025],[33.5267,29.1104],[33.4839,29.312],[33.4722,29.6631],[33.2878,29.7557],[33.1142,29.8499],[32.9422,29.9395],[32.7562,29.9278],[32.5733,29.9138],[32.3671,29.9511],[32.1679,29.9955],[31.9033,30.1224],[31.6589,30.4416],[31.4644,30.4743],[31.199,30.4813],[30.9896,30.6362],[30.7787,30.7958],[30.8028,31.0254],[30.8192,31.252],[30.6316,31.3368],[30.4417,31.4232],[30.4449,31.7105],[30.4456,32.0009],[30.2659,32.092],[30.0876,32.1893],[29.8199,32.3839],[29.9468,32.5746],[30.0674,32.7708],[30.297,32.9794],[30.5281,33.192],[30.5227,33.3998],[30.6861,33.392],[30.8449,33.5929],[30.925,33.7151],[31.083,33.9058],[31.2464,34.0997],[31.4099,34.2016],[31.5655,34.2974],[31.7601,34.4508],[31.9593,34.6057],[32.0947,34.7388],[32.2356,34.8735],[32.3827,35.0346],[32.5228,35.2028],[32.694,35.346],[32.8667,35.4924],[32.8963,35.6885],[32.9212,35.8824],[32.9274,36.0778],[32.7562,36.2724],[32.5912,36.2708],[32.406,36.1478],[32.2161,36.0256],[31.9546,35.9922],[32.0021,35.7983],[31.8068,35.6185],[31.6153,35.4457],[31.3787,35.2993],[31.2153,34.9653],[30.9663,34.8867],[30.7211,34.8034],[30.4962,34.9778],[30.3048,35.1203],[29.939,35.1436],[29.7701,35.0276],[29.6067,34.7544],[29.7686,34.4819],[29.7444,34.2639],[29.725,34.0483],[29.8985,33.8755],[29.8145,33.6645],[29.7273,33.4512],[29.6721,33.2986],[29.5421,33.104],[29.4168,32.9024],[29.2931,32.7147],[29.0285,32.6836],[28.8814,32.8479],[28.6533,32.8666],[28.4992,33.0339],[28.3483,33.2029],[28.328,33.4232],[28.3008,33.6489],[28.3452,33.9728],[28.0167,34.2484],[27.7327,34.253],[27.4976,34.095],[27.4953,33.958],[27.2852,33.8591],[27.2463,33.937],[26.9933,33.9198],[26.7513,34.1409],[26.5381,34.0382],[26.3264,33.9292],[26.1023,33.8903],[25.8844,33.8498],[25.7521,33.6334],[25.612,33.4201],[25.3941,33.2441],[25.1808,33.0744]]},"properties":{"id":1335,"group":"searoutes","name":"Platinum lane"}},{"type":"Feature","geometry":{"type":"LineString","coordinates":[[31.7865,29.9776],[31.9033,30.1224]]},"properties":{"id":1336,"group":"searoutes","name":null}},{"type":"Feature","geometry":{"type":"LineString","coordinates":[[33.0706,26.1919],[33.0317,26.1156]]},"properties":{"id":1337,"group":"searoutes","name":null}},{"type":"Feature","geometry":{"type":"LineString","coordinates":[[25.612,32.5466],[25.7793,32.5264],[25.8807,32.3183],[26.0143,32.1293]]},"properties":{"id":1338,"group":"searoutes","name":"Buckingham route"}},{"type":"Feature","geometry":{"type":"LineString","coordinates":[[10.4456,33.9066],[10.3203,33.9782]]},"properties":{"id":1339,"group":"searoutes","name":null}},{"type":"Feature","geometry":{"type":"LineString","coordinates":[[29.4137,32.0476],[29.2977,32.1262],[29.2386,32.3255],[29.1732,32.5264],[29.2931,32.7147]]},"properties":{"id":1340,"group":"searoutes","name":"Havelister route"}},{"type":"Feature","geometry":{"type":"LineString","coordinates":[[32.9212,35.8824],[33.1368,35.7812],[33.3788,35.5951],[33.3111,35.4137],[33.5104,35.3016],[33.7049,35.4021]]},"properties":{"id":1341,"group":"searoutes","name":"The Great Grand route"}},{"type":"Feature","geometry":{"type":"LineString","coordinates":[[25.6976,32.8261],[25.7754,32.995],[25.7731,33.1896],[25.612,33.4201]]},"properties":{"id":1342,"group":"searoutes","name":"Twisted route"}},{"type":"Feature","geometry":{"type":"LineString","coordinates":[[29.0285,32.6836],[29.1732,32.5264]]},"properties":{"id":1343,"group":"searoutes","name":null}},{"type":"Feature","geometry":{"type":"LineString","coordinates":[[13.1453,38.1587],[13.3235,38.2653],[13.5041,38.3689],[13.5181,38.6312],[13.5305,38.8951],[13.8138,39.036],[13.9181,39.4509],[13.9617,39.6432],[14.0014,39.8394],[13.8372,39.9858],[13.8449,40.1337],[13.9539,40.3516],[13.8768,40.5766],[14.0862,40.7331],[14.1874,41.0678],[14.0893,41.2531],[13.8994,41.3715],[13.7157,41.4921],[13.5025,41.5116],[13.2862,41.5381],[13.269,41.7218],[13.2566,41.9071],[13.4403,42.0487],[13.6208,42.1834],[13.6512,42.3376],[13.7749,42.5158],[13.8947,42.7019],[14.006,43.0078],[14.1251,43.123],[14.2504,43.2398],[14.3827,43.3683],[14.3274,43.5746],[14.2737,43.7754],[14.0628,43.8392],[13.8543,43.9062],[13.7204,44.0572],[13.4558,44.1117],[13.3212,44.0043],[13.0698,44.3211],[13.1819,44.6029],[13.0776,44.7524],[13.0511,44.9929],[13.0356,45.2483],[13.0146,45.4966],[13.0122,45.6687],[13.0107,45.8399],[13.0044,46.0346],[13.0044,46.2284],[12.8628,46.43],[13.0122,46.5484],[13.1655,46.6651],[13.1803,46.9734],[12.9274,47.1595],[12.7461,47.4319],[12.4752,47.5059],[12.2021,47.5752],[12.055,47.3969],[11.9149,47.221],[11.7048,47.1711],[11.4931,47.1244],[11.1911,46.922],[11.1623,46.6675],[11.0207,46.5437],[10.8176,46.4316],[10.7203,46.1295],[10.5608,46.1124],[10.5078,45.8983],[10.2596,45.6889],[10.0004,45.7154],[9.7428,45.7426],[9.479,45.8244],[9.2214,45.9022],[9.0354,45.9801],[8.8541,46.0626],[8.735,46.307],[8.7241,46.5639],[8.4439,46.7897],[8.1863,46.7687],[8.1249,46.6394],[8.0159,46.5172],[7.9007,46.3888],[7.9326,46.0719],[7.8431,45.8866],[7.7544,45.6788],[7.7746,45.4663],[7.7902,45.2545],[7.5879,45.1549],[7.3863,45.0568],[7.1832,45.0848],[6.9964,44.8902],[7.0127,44.6675],[6.952,44.5196],[6.8719,44.3608],[6.7933,44.2005],[6.6104,43.9436],[6.4267,43.8859],[6.1481,43.5668],[6.1831,43.3457],[5.9792,43.1557],[6.0469,42.9829],[6.1162,42.8078],[6.2182,42.6715],[6.3248,42.5376],[6.4197,42.2799],[6.6073,42.1577],[6.7948,42.0355],[6.7007,41.823],[6.6112,41.605],[6.4291,41.3855],[6.2649,41.3403],[6.0952,41.2921],[5.9302,41.0445],[6.0213,40.751],[6.1014,40.6008],[6.1863,40.4536],[6.0392,40.3049],[5.8851,40.1617],[5.759,40.0558],[5.6267,39.9499],[5.4788,39.8783],[5.4477,39.6977],[5.4135,39.5241],[5.4796,39.2361],[5.6033,39.0749],[5.7341,38.9091],[5.6734,38.7091],[5.6049,38.5066],[5.5613,38.291],[5.4555,38.1229],[5.2843,38.0006],[5.1185,37.88],[4.9263,38.024],[4.7372,38.1703],[4.5216,38.0941],[4.3582,37.7733],[4.2414,37.6815],[4.0943,37.8006],[3.8679,37.7437],[3.6391,37.6807],[3.5714,37.6231],[3.4476,37.4946],[3.3215,37.3646],[3.5099,37.2533],[3.6001,37.0228],[3.5791,36.7761],[3.4531,36.453],[3.3732,36.2342],[3.1978,36.0809],[3.1457,36.0638],[3.0791,35.859],[2.9137,35.7212],[2.9776,35.5118],[3.0772,35.2799],[3.0554,35.0284]]},"properties":{"id":1344,"group":"searoutes","name":"Infenyan passage"}},{"type":"Feature","geometry":{"type":"LineString","coordinates":[[4.327,28.9477],[4.2025,28.8052],[4.422,28.609],[4.8951,28.6511],[5.092,28.8293],[5.2111,29.1018],[5.401,29.196],[5.5847,29.2902],[5.8602,29.3128],[6.1318,29.3408],[6.2882,29.3906],[6.4361,29.6865],[6.6049,29.9301],[6.6929,30.0679],[6.7855,30.2135],[7.0322,30.1676],[7.1987,30.3326],[7.3598,30.5046],[7.3653,30.7997],[7.3225,31.1134],[7.5349,31.1726],[7.5855,31.4863]]},"properties":{"id":1345,"group":"searoutes","name":"Eagle route"}},{"type":"Feature","geometry":{"type":"LineString","coordinates":[[6.6174,17.4721],[6.3777,17.4721],[6.2104,17.4409],[6.0353,17.4145],[5.8757,17.1529],[5.7115,16.8851],[5.51,16.9194],[5.3123,16.9505],[5.043,17.1607],[4.8018,17.3086],[4.4515,17.4409],[4.3122,17.6831],[4.1325,17.8302],[3.9535,17.9781],[3.7823,18.0949],[3.6733,18.0015],[3.5332,17.838],[3.3387,17.8847],[3.1285,18.1027],[2.7394,18.0949],[2.4849,17.9641],[2.3861,18.098]]},"properties":{"id":1346,"group":"searoutes","name":"Matheasan route"}},{"type":"Feature","geometry":{"type":"LineString","coordinates":[[2.109,14.2149],[2.0273,14.429],[2.1713,14.5061],[2.3207,14.5863],[2.6227,14.4204],[2.8095,14.2725],[2.9807,14.1168],[2.9612,13.8825],[3.0585,13.7276],[3.1566,13.5719],[3.4258,13.5166],[3.4445,13.3921],[3.6188,13.2839],[3.8002,13.1788],[3.9535,13.0114],[4.1122,12.8487],[4.0212,12.556],[4.2103,12.3653],[4.4002,12.1784],[4.5761,12.303],[4.9076,12.3139],[5.0897,12.3263],[5.2609,12.1161],[5.5022,11.9293],[5.745,11.9604],[6.0703,12.0072],[6.254,11.9145],[6.4516,11.8904],[6.6462,12.1161],[6.8797,12.3808],[7.1139,12.3878],[7.3061,12.4127],[7.5062,12.549],[7.7124,12.6066],[7.9233,12.6712],[8.0999,12.8938],[8.3716,13.0347],[8.6074,13.0892],[8.8455,13.1383],[9.0517,12.8977]]},"properties":{"id":1347,"group":"searoutes","name":"Sushaj'kess lane"}},{"type":"Feature","geometry":{"type":"LineString","coordinates":[[13.2862,41.5381],[13.1609,41.4586]]},"properties":{"id":1348,"group":"searoutes","name":null}},{"type":"Feature","geometry":{"type":"LineString","coordinates":[[4.1908,37.2969],[4.301,37.4164],[4.3815,37.5577],[4.2414,37.6815]]},"properties":{"id":1349,"group":"searoutes","name":"Yse'alin route"}},{"type":"Feature","geometry":{"type":"LineString","coordinates":[[5.1185,37.88],[5.2064,37.6114]]},"properties":{"id":1350,"group":"searoutes","name":null}},{"type":"Feature","geometry":{"type":"LineString","coordinates":[[3.3215,37.3646],[3.3278,37.3202]]},"properties":{"id":1351,"group":"searoutes","name":null}},{"type":"Feature","geometry":{"type":"LineString","coordinates":[[-1.86,27.8928],[-1.9666,27.7644],[-2.0779,27.5923],[-2.1915,27.4133],[-2.3161,27.1151],[-2.1892,26.9719],[-2.3425,26.7594],[-2.0312,26.5725],[-1.9005,26.6776],[-1.7666,26.5492],[-1.6732,26.6115],[-1.4429,26.5437],[-1.1907,26.6582],[-0.9386,26.7703],[-0.7829,26.641],[-0.5059,26.7049],[-0.2257,26.954],[-0.0389,27.1097],[0.1377,27.084],[0.2459,26.9727],[0.5424,27.0318],[0.7938,26.8917],[1.0195,26.9851],[1.1751,26.9618],[1.3137,27.1681],[1.6577,27.3822],[1.6919,27.6826],[1.8756,27.8025],[2.0569,27.9209],[2.2491,27.8804],[2.5449,28.075],[2.6507,28.3148],[2.7799,28.4565],[2.8958,28.5981],[3.1052,28.6666],[3.3192,28.7336],[3.4663,28.6371],[3.6904,28.6378],[3.8928,28.6744],[4.0469,28.7367],[4.2025,28.8052]]},"properties":{"id":1352,"group":"searoutes","name":"Thvethenthelese route"}},{"type":"Feature","geometry":{"type":"LineString","coordinates":[[2.4849,17.9641],[2.2803,17.7913],[2.0795,17.6223],[1.7822,17.7835],[1.7472,18.0015],[1.7433,18.2039],[1.611,18.1883],[1.4763,18.3736],[1.2997,18.3907],[1.1238,18.4094],[0.9969,18.6383],[0.8249,18.5697],[0.5292,18.7488],[0.4125,18.9932],[0.0934,19.1925],[-0.1891,19.1232],[-0.3035,19.4105],[-0.4156,19.6954],[-0.6996,19.7336],[-0.8265,19.7001],[-1.0039,19.5973],[-1.2063,19.7141],[-1.2242,19.9414],[-1.1596,20.2155],[-1.2997,20.4147],[-1.4436,20.6195],[-1.5394,20.7783],[-1.4397,20.983],[-1.0818,21.0687],[-0.8265,20.9402],[-0.6615,21.022],[-0.5004,21.1092],[-0.5214,21.3645],[-0.5424,21.6245],[-0.4389,21.8783],[-0.1401,22.0729],[0.0576,22.0099],[0.249,21.7304],[0.4413,21.4493],[0.495,21.3676]]},"properties":{"id":1353,"group":"searoutes","name":"Whisper route"}},{"type":"Feature","geometry":{"type":"LineString","coordinates":[[12.5842,43.3177],[12.4301,43.5683],[12.5842,43.7225],[12.8254,43.6835],[12.9663,43.8112],[13.1445,43.9093],[13.3212,44.0043]]},"properties":{"id":1354,"group":"searoutes","name":"Fading route"}},{"type":"Feature","geometry":{"type":"LineString","coordinates":[[-1.2997,20.4147],[-1.1627,20.5136]]},"properties":{"id":1355,"group":"searoutes","name":null}},{"type":"Feature","geometry":{"type":"LineString","coordinates":[[12.5842,43.7225],[12.7414,43.8712],[12.4838,44.023],[12.3009,44.2526],[12.167,44.2207]]},"properties":{"id":1356,"group":"searoutes","name":"Blandgewe route"}},{"type":"Feature","geometry":{"type":"LineString","coordinates":[[10.7545,42.0744],[10.7072,42.3074],[10.5382,42.4746],[10.6309,42.6707],[10.8222,42.7727],[11.202,42.7229],[11.2666,42.9281],[11.1989,43.1324],[11.4543,43.2469],[11.6301,43.4648],[11.8513,43.4279],[12.0565,43.5185],[12.2418,43.6758],[12.4301,43.5683]]},"properties":{"id":1357,"group":"searoutes","name":"Skiplenilese passage"}},{"type":"Feature","geometry":{"type":"LineString","coordinates":[[36.2856,29.031],[36.1704,29.1065],[36.0684,28.8605],[36.0754,28.5802],[35.9859,28.4253],[35.8972,28.2688],[35.8311,27.9512],[35.7408,27.6383],[35.7984,27.2311],[35.8762,26.9991],[35.6015,26.9594],[35.4801,26.7049],[35.6046,26.3857],[35.547,26.1957],[35.3812,25.8571],[35.0886,25.5916]]},"properties":{"id":1358,"group":"searoutes","name":"Holdonese water way"}},{"type":"Feature","geometry":{"type":"LineString","coordinates":[[34.9688,35.7462],[35.1299,35.7197],[35.1299,35.9766],[35.0474,36.0365],[34.9353,36.2646],[34.624,36.3191],[34.424,36.1447],[34.189,36.1525],[33.9174,36.0646],[33.7368,36.1401],[33.4956,35.9999],[33.4419,35.7843],[33.3788,35.5951]]},"properties":{"id":1359,"group":"searoutes","name":"Clitford route"}},{"type":"Feature","geometry":{"type":"LineString","coordinates":[[1.0141,38.1485],[1.2156,38.3424],[1.3802,38.61],[1.4257,38.9208],[1.6366,39.0664],[1.9322,39.22],[2.1518,39.4704],[2.1869,39.7055],[2.3915,39.8184],[2.6087,39.781],[2.7628,39.9468],[2.9106,40.1056],[3.0896,40.0792],[3.2531,40.2894],[3.4632,40.5774],[3.6896,40.6194],[3.899,40.5541],[4.1037,40.4964],[4.2827,40.2855],[4.3037,40.0714],[4.0531,39.774],[3.8212,39.6977],[3.7356,39.5031],[3.7356,39.2151],[3.5931,39.0461],[3.4554,38.9037],[3.5721,38.5923],[3.7177,38.2334],[3.6811,37.9539],[3.6391,37.6807]]},"properties":{"id":1360,"group":"searoutes","name":"The Silent Spectral lane"}},{"type":"Feature","geometry":{"type":"LineString","coordinates":[[2.3557,39.6417],[2.3915,39.8184]]},"properties":{"id":1361,"group":"searoutes","name":null}},{"type":"Feature","geometry":{"type":"LineString","coordinates":[[2.0273,14.429],[1.9067,14.5839],[1.7907,14.7381],[1.5409,14.8253],[1.2888,14.9117],[1.0965,14.8097],[0.8872,14.8564],[0.6109,14.6415],[0.7004,14.4438],[0.607,14.2103],[0.4047,14.0078],[0.3899,13.8296],[0.3292,13.6638],[0.1401,13.6887],[-0.0428,13.7136],[-0.1946,13.5641],[-0.3541,13.4185],[-0.6171,13.3181],[-0.6732,13.0713],[-0.8179,12.8752],[-0.8685,12.5529],[-0.7627,12.2718],[-0.5852,12.1878],[-0.6382,12.0227],[-0.6942,11.853],[-0.4203,11.7067],[-0.3269,11.4389],[-0.228,11.1788],[-0.3191,11.0823],[-0.0599,10.9196],[0.1946,10.8316],[0.4553,10.7507],[0.6374,10.5459],[0.7627,10.4191],[0.8856,10.2898],[0.965,10.0454],[1.1362,10.0765],[1.2475,10.089]]},"properties":{"id":1362,"group":"searoutes","name":"Ilzal'aj'an route"}},{"type":"Feature","geometry":{"type":"LineString","coordinates":[[0.351,37.6939],[0.4142,37.9535],[0.358,38.2147],[0.1576,38.1781],[-0.0296,38.2583],[0.0054,38.4942],[-0.1554,38.7358],[-0.3969,38.8967],[-0.4483,39.24],[-0.4624,39.4536],[-0.5813,39.6316],[-0.3991,39.7883],[-0.2358,39.9647],[-0.3736,40.087],[-0.5144,40.2022],[-0.3969,40.3906],[-0.2825,40.5782],[-0.1712,40.7331],[-0.0669,40.8826],[0.1012,40.8732],[0.2669,40.8717],[0.5448,40.7954],[0.8203,40.7238],[0.9806,40.6708],[1.1456,40.6194],[1.3067,40.6848],[1.3464,40.8654],[1.3798,41.0437],[1.3152,41.2936],[1.5409,41.5116],[1.8265,41.4703],[1.9215,41.1636],[1.9923,41.0056],[2.0686,40.8507],[2.3402,40.7541],[2.397,40.593],[2.4554,40.4388],[2.467,40.2193],[2.4717,40.0068],[2.3915,39.8184]]},"properties":{"id":1363,"group":"searoutes","name":"Ebon passage"}},{"type":"Feature","geometry":{"type":"LineString","coordinates":[[12.3009,44.2526],[12.4441,44.462],[12.5826,44.6644],[12.8177,44.8279],[13.0511,44.9929]]},"properties":{"id":1364,"group":"searoutes","name":"Old route"}},{"type":"Feature","geometry":{"type":"LineString","coordinates":[[11.9149,47.221],[12.0153,47.0995]]},"properties":{"id":1365,"group":"searoutes","name":null}},{"type":"Feature","geometry":{"type":"LineString","coordinates":[[9.479,45.8244],[9.4634,45.622],[9.1856,45.499],[9.1121,45.3959],[9.0121,45.3184]]},"properties":{"id":1366,"group":"searoutes","name":"The Misty Shadow passage"}},{"type":"Feature","geometry":{"type":"LineString","coordinates":[[-2.1915,27.4133],[-2.3736,27.4678],[-2.5635,27.5246],[-2.7316,27.6313],[-2.8966,27.7371],[-3.0663,27.9349],[-3.2344,28.1388],[-3.4243,28.1606],[-3.5488,28.4097],[-3.4826,28.6339],[-3.6577,28.799],[-3.8297,28.9656],[-3.6321,29.1812],[-3.4865,29.4373],[-3.5566,29.6164],[-3.6219,29.8032],[-3.6033,30.0212],[-3.5861,30.2462],[-3.5799,30.4572],[-3.3433,30.4509],[-3.1029,30.6167],[-3.0057,30.8219],[-2.8118,30.9398],[-2.6258,30.8877],[-2.2577,30.9593],[-2.1448,31.0971],[-2.1705,31.4591]]},"properties":{"id":1367,"group":"searoutes","name":"Elonaloshe'an lane"}},{"type":"Feature","geometry":{"type":"LineString","coordinates":[[9.1856,45.499],[9.0821,45.6609],[8.9848,45.8174],[9.0354,45.9801]]},"properties":{"id":1368,"group":"searoutes","name":"Echo route"}},{"type":"Feature","geometry":{"type":"LineString","coordinates":[[8.8541,46.0626],[8.7194,46.0167]]},"properties":{"id":1369,"group":"searoutes","name":null}},{"type":"Feature","geometry":{"type":"LineString","coordinates":[[6.7637,43.8213],[6.6104,43.9436]]},"properties":{"id":1370,"group":"searoutes","name":null}},{"type":"Feature","geometry":{"type":"LineString","coordinates":[[-0.3074,36.6904],[-0.1056,36.8809],[-0.0093,37.1412],[0.2249,37.2603],[0.3915,37.5841],[0.351,37.6939]]},"properties":{"id":1371,"group":"searoutes","name":"Azure passage"}},{"type":"Feature","geometry":{"type":"LineString","coordinates":[[-4.022,30.7647],[-3.8609,30.6673],[-3.8912,30.4727],[-3.72,30.4572],[-3.5799,30.4572]]},"properties":{"id":1372,"group":"searoutes","name":"Mythasebellean passage"}},{"type":"Feature","geometry":{"type":"LineString","coordinates":[[-5.5512,25.9887],[-5.3473,25.9817],[-5.6345,26.3234],[-5.7823,26.4869],[-5.7504,26.7368],[-5.9349,26.996],[-6.1715,26.9696],[-6.4018,26.94],[-6.5839,27.0863],[-6.5769,27.3066],[-6.6205,27.4242],[-6.6306,27.6157],[-6.6407,27.8103],[-6.6695,28.0672],[-6.6968,28.3171],[-6.5839,28.4331],[-6.4649,28.5569],[-6.4361,28.7678],[-6.4112,28.9858],[-6.5404,29.1789],[-6.2695,29.5564],[-5.8244,29.9496],[-5.636,29.9815],[-5.3621,30.0212],[-5.0586,30.0056],[-4.8562,29.9356],[-4.8282,29.7659],[-4.72,29.5097],[-4.5216,29.5152],[-4.3169,29.5136],[-4.0959,29.6717],[-3.8601,29.7409],[-3.6219,29.8032]]},"properties":{"id":1373,"group":"searoutes","name":"Gilded passage"}},{"type":"Feature","geometry":{"type":"LineString","coordinates":[[40.4943,27.8415],[40.3986,27.9193],[40.2865,27.7597],[40.3208,27.5923],[40.3519,27.4211],[40.5464,27.3043],[40.4134,27.1657],[40.3433,26.9867],[40.2274,26.845],[40.1106,26.7049],[40.2196,26.4207],[40.1534,26.114],[40.2896,25.903],[40.3989,25.7058],[40.425,25.4819],[40.5231,25.2623],[40.7418,24.9587],[40.9795,24.971],[41.2041,24.8918],[41.1091,24.5952],[41.3559,24.4453],[41.5403,24.2231],[41.3222,24.0782],[41.0663,24.023]]},"properties":{"id":1374,"group":"searoutes","name":"Crystal route"}},{"type":"Feature","geometry":{"type":"LineString","coordinates":[[40.3986,27.9193],[40.5161,28.0851],[40.7161,28.2805],[40.9029,28.4362],[40.8733,28.6511],[40.8468,28.8737],[41.0212,28.9858],[41.3013,28.9625],[41.4025,29.0481],[41.3932,29.2715],[41.4881,29.4218],[41.5799,29.5712],[41.8772,29.6592],[42.0407,29.6242],[42.2274,29.7799],[42.2492,29.9807],[42.3644,30.0064]]},"properties":{"id":1375,"group":"searoutes","name":"The Misty Echo route"}},{"type":"Feature","geometry":{"type":"LineString","coordinates":[[35.8762,26.9991],[36.0871,26.9384],[36.2661,26.5959],[36.5774,26.4231],[37.0934,26.2604],[37.4879,26.339],[37.6669,26.5492],[37.9238,26.339],[38.2195,26.3001],[38.4156,26.5149],[38.5985,26.7454],[38.7409,26.8684],[38.8903,26.9898],[39.2024,27.01],[39.4087,26.8466],[39.5581,26.9929],[39.7021,27.1323],[39.8538,27.063],[40.0079,26.9914],[40.1106,26.7049]]},"properties":{"id":1376,"group":"searoutes","name":"Silvered route"}},{"type":"Feature","geometry":{"type":"LineString","coordinates":[[12.2021,47.5752],[12.3741,47.7472],[12.2682,47.8733],[12.0783,47.9574],[12.2098,48.1723]]},"properties":{"id":1377,"group":"searoutes","name":"Jade route"}},{"type":"Feature","geometry":{"type":"LineString","coordinates":[[-5.7606,22.382],[-5.5683,22.2948],[-5.3932,22.4466],[-5.2166,22.5914],[-5.0975,22.7735],[-4.9784,22.9534],[-5.1473,23.2305],[-5.085,23.4843],[-5.208,23.7085],[-5.0181,23.7544],[-4.8251,23.8868],[-4.6375,24.0253],[-4.5761,24.1133],[-4.6539,24.3305],[-4.727,24.5407],[-4.7784,24.7587],[-5.0897,24.9066],[-5.3699,25.0545],[-5.3839,25.2701],[-5.3675,25.5963],[-5.3543,25.7863],[-5.3473,25.9817]]},"properties":{"id":1378,"group":"searoutes","name":"The Echoing Solar passage"}},{"type":"Feature","geometry":{"type":"LineString","coordinates":[[-6.9046,27.4841],[-6.8197,27.6764],[-6.6407,27.8103]]},"properties":{"id":1379,"group":"searoutes","name":null}},{"type":"Feature","geometry":{"type":"LineString","coordinates":[[-6.6968,28.3171],[-7.0042,28.1614],[-7.2719,28.3568],[-7.5863,28.4199],[-7.796,28.2768],[-8.0486,28.2509],[-8.2502,27.9886],[-8.3032,27.7879],[-8.4642,27.657],[-8.7308,27.633],[-8.977,27.7379],[-9.1506,27.7496],[-9.1809,27.986],[-9.3342,28.1684]]},"properties":{"id":1380,"group":"searoutes","name":"Arcane route"}},{"type":"Feature","geometry":{"type":"LineString","coordinates":[[-6.5839,27.0863],[-6.5894,26.8722],[-6.9007,26.7851],[-7.1785,26.5492]]},"properties":{"id":1381,"group":"searoutes","name":"The Shaky Crimson route"}},{"type":"Feature","geometry":{"type":"LineString","coordinates":[[-6.5894,26.8722],[-6.4018,26.94]]},"properties":{"id":1382,"group":"searoutes","name":null}},{"type":"Feature","geometry":{"type":"LineString","coordinates":[[-3.8912,30.4727],[-3.9223,30.2773],[-3.9768,30.0757],[-4.0367,29.8803],[-4.0959,29.6717]]},"properties":{"id":1383,"group":"searoutes","name":"Dusk water way"}},{"type":"Feature","geometry":{"type":"LineString","coordinates":[[-5.3621,30.0212],[-5.4991,30.1434],[-5.7512,30.1847],[-6.0057,30.2306],[-6.1248,30.3871],[-6.2438,30.5513],[-6.4361,30.6673],[-6.6314,30.7903],[-6.6073,31.0254],[-6.587,31.2644],[-6.3816,31.3835],[-6.1715,31.5003],[-5.9746,31.4614],[-5.8625,31.3353]]},"properties":{"id":1384,"group":"searoutes","name":"Sshaunarionese route"}},{"type":"Feature","geometry":{"type":"LineString","coordinates":[[1.7822,17.7835],[1.8234,17.5717],[1.7946,17.2611],[1.4257,15.4146],[1.2888,14.9117]]},"properties":{"id":1385,"group":"searoutes","name":"Crimson lane"}},{"type":"Feature","geometry":{"type":"LineString","coordinates":[[-0.3191,11.0823],[-0.5175,10.9998],[-0.9152,11.0099],[-1.1129,11.0029],[-1.3425,10.7772],[-1.5254,10.7694],[-1.8281,10.6923],[-2.1044,10.8176],[-2.3729,10.9009],[-2.576,10.746],[-2.5651,10.5459],[-2.6382,10.3879],[-2.7122,10.2369],[-2.8717,10.0765],[-3.0336,9.9091],[-3.0017,9.7083],[-3.1052,9.4615],[-3.2064,9.221],[-3.3698,9.1579],[-3.5254,8.9166],[-3.5068,8.7375],[-3.7589,8.5974],[-4.0126,8.4573],[-4.2336,8.177],[-4.513,8.128],[-4.6158,8.2276],[-6.1543,8.4191],[-6.6151,8.4962],[-6.5839,8.722],[-6.5505,8.9516],[-6.5762,9.119],[-6.8096,9.2903],[-7.0291,9.2887],[-7.2081,9.5308],[-7.2844,9.7418],[-7.3668,9.9535],[-7.3388,10.1232],[-7.3069,10.2914],[-7.1365,10.4658],[-7.1521,10.7927],[-7.3458,10.9453],[-7.3155,11.1742],[-7.2836,11.4038],[-7.1513,11.6078],[-7.0548,11.8452],[-7.0898,12.0149],[-7.1186,12.1823],[-7.0734,12.2991],[-7.1334,12.591],[-7.082,12.8168],[-7.033,13.0464],[-6.8797,13.1515],[-6.7225,13.2496],[-6.7162,13.4863],[-6.7053,13.7292],[-6.7162,13.9534],[-6.7334,14.1713],[-6.9341,14.3504],[-7.138,14.5302],[-7.3466,14.5917],[-7.5552,14.654],[-7.6268,14.8486],[-7.8758,14.942],[-8.156,15.0977],[-8.2688,15.364],[-8.3817,15.5181],[-8.493,15.6668],[-8.6751,15.905],[-8.8019,16.063],[-8.9576,16.0319],[-9.1288,16.2265],[-9.3311,16.2335],[-9.5257,16.2569],[-9.6331,16.4826],[-9.7669,16.6002],[-9.9,16.7115],[-9.9483,16.9155],[-10.1327,17.0361],[-10.0308,17.2004],[-9.9389,17.6675],[-9.7125,18.0092],[-9.4673,17.9602],[-9.3662,18.0505],[-9.1677,17.9547],[-8.9755,17.859],[-8.8175,17.947],[-8.6595,18.0412],[-8.4284,18.0248],[-8.1965,18.0131],[-7.9926,18.1416],[-7.7887,18.263],[-7.6346,18.4218],[-7.4867,18.5768],[-7.3233,18.6787],[-7.1606,18.7768],[-7.2221,19.068],[-7.2797,19.3552],[-7.1482,19.5179],[-7.2377,19.7453],[-7.3272,19.9757],[-7.2945,20.1314],[-7.2532,20.3758],[-7.2135,20.6179],[-7.2711,20.7822],[-7.4089,20.8818],[-7.3077,20.9908],[-7.3466,21.1956],[-7.3466,21.419],[-7.3513,21.637],[-7.2688,21.8394],[-7.1917,22.048],[-6.9847,22.1025],[-6.738,22.1648],[-6.6073,22.0028],[-6.4828,21.844],[-6.1925,21.96],[-5.9979,21.939],[-5.829,21.9328],[-5.6189,22.1118],[-5.5683,22.2948]]},"properties":{"id":1386,"group":"searoutes","name":"Mystic route"}},{"type":"Feature","geometry":{"type":"LineString","coordinates":[[-7.6104,29.2949],[-7.5108,29.4591],[-7.2735,29.4],[-7.0976,29.305],[-6.9217,29.2054],[-6.7318,29.1882],[-6.5404,29.1789]]},"properties":{"id":1387,"group":"searoutes","name":"Adhilhalyan route"}},{"type":"Feature","geometry":{"type":"LineString","coordinates":[[-5.8244,29.9496],[-5.7512,30.1847]]},"properties":{"id":1388,"group":"searoutes","name":null}},{"type":"Feature","geometry":{"type":"LineString","coordinates":[[-0.5144,40.2022],[-0.6771,40.3127],[-0.8351,40.4311],[-0.965,40.5618],[-1.1028,40.6942],[-1.2763,40.7238],[-1.4709,40.8888],[-1.6686,41.0515],[-1.5798,41.2936],[-1.4864,41.5318],[-1.3853,41.7373],[-1.2794,41.9436],[-1.1043,42.0448],[-0.8483,42.2044],[-0.5899,42.3632],[-0.4825,42.5236],[-0.372,42.6886],[-0.3969,42.9518],[-0.4218,43.2203],[-0.1868,43.3216],[-0.0304,43.5426],[0.0732,43.7668],[0.2568,43.9404],[0.4436,44.1211],[0.4607,44.3507],[0.249,44.5243],[0.0381,44.6995],[-0.109,44.8201],[-0.263,44.9338],[-0.4436,45.0848],[-0.6304,45.2335],[-0.8638,45.1082],[-1.0965,44.9844],[-1.2997,44.8357],[-1.3931,44.9369],[-1.5331,44.9213],[-1.5604,45.1494],[-1.5767,45.4312],[-1.7822,45.6297],[-1.9861,45.8275],[-2.204,45.7278],[-2.2958,45.5597],[-2.3915,45.3993],[-2.576,45.3495],[-2.7612,45.3075],[-2.9262,45.2094],[-3.0974,45.1113],[-3.225,45.1704],[-3.4087,45.1393],[-3.5854,45.1121],[-3.7395,44.8497],[-3.7823,44.6566],[-3.8188,44.4675],[-3.9846,44.23],[-4.2025,44.1662],[-4.4235,44.0961],[-4.3146,43.833],[-4.3993,43.64],[-4.5753,43.524],[-4.5475,43.2719],[-4.6399,43.0358],[-4.7652,42.747],[-4.9916,42.5283],[-5.057,42.2332],[-4.971,41.9967],[-5.0111,41.7482]]},"properties":{"id":1389,"group":"searoutes","name":"Shadowed lane"}},{"type":"Feature","geometry":{"type":"LineString","coordinates":[[-5.994,37.7492],[-6.1995,37.8146],[-6.1092,37.9773],[-6.0244,38.1478],[-5.9458,38.3587],[-5.8664,38.5674],[-5.9022,38.7433],[-5.9458,39.0438],[-6.296,39.2851],[-6.3894,39.5475],[-6.5295,39.7444],[-6.6672,39.9359],[-6.7863,40.0714],[-6.9015,40.2061],[-6.9731,40.3906],[-7.2065,40.4996],[-7.3598,40.4256],[-7.6501,40.702],[-7.7023,40.9565],[-7.8424,41.1729],[-7.8525,41.3792],[-7.8704,41.5832],[-7.9692,41.7529],[-8.0719,41.9211],[-8.0548,42.1266],[-8.0361,42.3321],[-7.9147,42.5859],[-7.7957,42.8412],[-7.9933,43.0039],[-8.1233,43.0467],[-8.3116,43.0997],[-8.507,43.1495],[-8.5918,43.3799],[-8.679,43.6041],[-8.4751,43.7069],[-8.4828,43.8782],[-8.4906,44.0502],[-8.4128,44.2129],[-8.3334,44.3717],[-8.2883,44.6255],[-8.2494,44.8738],[-8.2572,45.0381],[-8.2642,45.2078],[-8.156,45.3651],[-7.868,45.4585],[-7.6774,45.3931],[-7.517,45.253],[-7.3388,45.1159],[-7.1614,44.9774],[-7.0898,44.7734],[-7.0182,44.5687],[-6.7707,44.4387],[-6.5162,44.3157],[-6.3069,44.3468],[-6.0314,44.5321],[-6.0501,44.7368],[-5.9691,44.8902],[-5.8827,45.0412],[-5.6664,45.1961],[-5.51,45.3884],[-5.1831,45.3884],[-5.0057,45.2039],[-5.0119,45.0303],[-5.0197,44.8513],[-4.9263,44.6022],[-4.829,44.3499],[-4.6228,44.2207],[-4.4235,44.0961]]},"properties":{"id":1390,"group":"searoutes","name":"Ryverian route"}},{"type":"Feature","geometry":{"type":"LineString","coordinates":[[-7.5108,29.4591],[-7.6034,29.632],[-7.6992,29.8126],[-7.8673,29.8889],[-8.0237,30.0368],[-8.0159,30.2625],[-8.0463,30.5669],[-8.1326,30.7063],[-8.3739,30.6596],[-8.5163,30.4712],[-8.9342,30.3482],[-9.1086,30.4875],[-9.1599,30.6673],[-9.2167,30.8518],[-9.4471,30.9694],[-9.6082,30.7475]]},"properties":{"id":1391,"group":"searoutes","name":"Rain route"}},{"type":"Feature","geometry":{"type":"LineString","coordinates":[[-5.9746,31.4614],[-6.008,31.6249],[-5.8376,31.751],[-5.7201,31.9441],[-5.5971,32.1363],[-5.5333,32.3177],[-5.4695,32.4929],[-5.3909,32.6034],[-5.5022,32.6836],[-5.5364,32.8813],[-5.752,33.0799],[-5.7746,33.2519],[-5.7948,33.4185],[-5.6345,33.5322],[-5.4812,33.6435],[-5.3932,33.705]]},"properties":{"id":1392,"group":"searoutes","name":"Dolorarondeean route"}},{"type":"Feature","geometry":{"type":"LineString","coordinates":[[-3.1628,9.0738],[-3.2064,9.221]]},"properties":{"id":1393,"group":"searoutes","name":null}},{"type":"Feature","geometry":{"type":"LineString","coordinates":[[-4.2336,8.177],[-4.1473,7.9964],[-3.9924,7.7566],[-3.8445,7.5169],[-3.8531,7.2288],[-3.927,7.0677],[-3.9768,6.838],[-4.0258,6.6037],[-4.0391,6.4021],[-4.0461,6.2005],[-3.8694,5.9794],[-3.8017,5.682],[-3.7278,5.4446],[-3.6531,5.2009],[-3.5644,5.0475],[-3.4764,4.8965],[-3.3745,4.7509],[-3.2842,4.6038],[-3.0351,4.5882],[-2.8779,4.7182],[-2.7254,4.8669],[-2.6634,5.0848],[-2.4849,5.2242]]},"properties":{"id":1394,"group":"searoutes","name":"Sapphire route"}},{"type":"Feature","geometry":{"type":"LineString","coordinates":[[20.3464,8.8854],[20.1417,8.9298],[19.8763,8.8543],[19.6195,8.9866]]},"properties":{"id":1395,"group":"searoutes","name":"Gunaj'hal'an route"}},{"type":"Feature","geometry":{"type":"LineString","coordinates":[[41.8772,29.6592],[41.7621,29.7736],[41.4959,29.8772],[41.3792,30.0134],[41.2546,30.1481],[41.0795,30.391],[41.1223,30.5895],[41.1597,30.788],[41.2936,30.932],[41.4305,31.0792],[41.457,31.2823],[41.7239,31.4707],[41.7605,31.6794],[41.7971,31.881],[41.8539,32.0375],[41.9053,32.1947],[41.9628,32.4267],[42.0259,32.6603],[42.0578,32.8704],[42.1123,33.1351],[42.1418,33.3064],[42.1699,33.473],[42.2975,33.8513],[42.5271,33.9518],[42.6975,33.9813],[42.7784,34.2452],[42.7068,34.4438],[42.8189,34.6376],[42.938,34.8275],[43.0679,34.9646],[43.2003,35.1008],[43.6049,35.1125],[43.854,34.9132],[43.8228,34.7466],[43.7972,34.5784],[43.6438,34.3651],[43.7326,34.0732],[44.0244,34.1285],[44.3832,33.7727],[44.7256,33.7034],[44.9902,33.937],[45.2447,33.9253],[45.4579,33.9549],[45.4649,34.123],[45.5895,34.2484],[45.7148,34.3807],[45.7529,34.5909],[45.7895,34.805],[45.8743,35.0331],[46.0331,35.1047],[46.1926,35.1771],[46.5467,35.058],[46.6572,34.854],[46.8424,34.6609],[47.0308,34.4687],[47.0136,34.2639],[46.9911,34.0654],[47.0238,33.8443],[47.1382,33.6801],[47.251,33.5096],[47.1802,33.2519],[47.0136,33.1585],[46.8471,33.0643],[46.6899,32.9436],[46.7661,32.7556],[46.816,32.5591],[46.7089,32.2928],[46.5078,32.0881],[46.6284,31.9409],[46.5117,31.6552],[46.5023,31.3049],[46.5651,31.0452],[46.5086,30.7841]]},"properties":{"id":1396,"group":"searoutes","name":"The Serpentine Sapphire route"}},{"type":"Feature","geometry":{"type":"LineString","coordinates":[[42.331,32.851],[42.0578,32.8704]]},"properties":{"id":1397,"group":"searoutes","name":null}},{"type":"Feature","geometry":{"type":"LineString","coordinates":[[-5.4812,33.6435],[-5.7045,33.7579],[-5.9349,33.8723],[-6.1559,33.8124],[-6.3746,33.7455],[-6.5217,33.6022],[-6.8579,33.5773],[-6.9871,33.7011],[-7.082,33.8825],[-7.1785,34.0631],[-6.9622,34.3091],[-7.0361,34.601],[-7.1645,34.8244],[-7.4244,34.8166],[-7.5956,35.1981],[-7.4641,35.3694],[-7.3069,35.4659],[-7.2766,35.7041],[-7.2447,35.9423],[-7.3536,36.1735],[-7.2921,36.3658],[-7.2307,36.5643],[-6.9707,36.6336],[-6.9497,36.8096],[-6.9349,36.9793],[-6.7396,37.0587],[-6.5505,37.1459],[-6.5217,37.3156],[-6.4905,37.4814],[-6.5022,37.6994],[-6.1995,37.8146]]},"properties":{"id":1398,"group":"searoutes","name":"Celestial route"}},{"type":"Feature","geometry":{"type":"LineString","coordinates":[[22.2149,13.0628],[22.1799,12.8168],[22.1433,12.5731],[21.9542,12.4353],[21.7628,12.3045],[21.6118,12.2018],[21.467,12.092],[21.1993,11.9207],[21.0234,11.6522],[20.8102,11.6257],[20.6016,11.5953],[20.3518,11.6662],[20.0405,11.6794],[19.8141,11.7269],[19.5938,11.7759],[19.3627,11.7503],[19.13,11.7261],[18.9619,11.5564],[18.6988,11.4949],[18.5089,11.4217],[18.5222,11.1353],[18.5393,10.8566],[18.7323,10.7273],[19.0405,10.6308],[19.137,10.4346],[19.2273,10.2447],[19.0669,10.0532],[19.1526,9.7963]]},"properties":{"id":1399,"group":"searoutes","name":"Rain lane"}},{"type":"Feature","geometry":{"type":"LineString","coordinates":[[35.3774,23.6719],[35.5657,23.7389],[35.7587,23.8058],[35.9859,23.9023],[36.2171,23.9989],[36.3603,24.0938],[36.5463,24.167],[36.7292,24.241],[36.8498,24.3772],[36.9681,24.5166],[36.8576,24.7665],[36.9043,25.109],[37.0498,25.1931],[37.1455,25.4282],[37.2475,25.6602],[37.3556,25.9108],[37.4677,26.1669],[37.4879,26.339]]},"properties":{"id":1400,"group":"searoutes","name":"Eternal route"}},{"type":"Feature","geometry":{"type":"LineString","coordinates":[[41.5799,29.5712],[41.4959,29.8772]]},"properties":{"id":1401,"group":"searoutes","name":null}},{"type":"Feature","geometry":{"type":"LineString","coordinates":[[47.0308,34.4687],[47.2471,34.3651],[47.4681,34.2608],[47.5973,34.1472],[47.7273,34.0366],[47.9086,34.0382],[48.0853,34.0389],[48.2744,34.116],[48.4682,34.1869],[48.5546,34.4118],[48.6409,34.6376],[48.7118,34.7583],[48.9126,34.8089],[49.1141,34.8665],[49.2044,35.0938],[49.3126,35.181],[49.504,35.167],[49.6877,35.1498],[49.9009,35.1125],[50.1188,35.0704],[50.3788,35.2199],[50.5624,34.9568],[50.7523,34.6952],[50.8971,34.4251],[50.9749,34.2795],[51.0582,34.1331],[51.3749,34.1363],[51.5975,34.0849],[51.8411,33.8295],[51.8232,33.6334],[51.8107,33.4317],[52.01,33.3998],[52.1711,33.1974],[52.2979,32.9639],[52.3213,32.5902],[52.2131,32.4563],[52.0582,32.2305],[51.88,32.1706],[51.8154,32.0063],[51.7524,31.8499],[51.6053,31.7105],[51.4551,31.5789],[51.2784,31.5859],[51.0947,31.5891],[50.8971,31.547],[50.6986,31.5058],[50.5157,31.5081],[50.4535,31.3602],[50.5671,31.2045],[50.5858,31.0021],[50.8737,30.8931],[51.1772,30.6907],[51.2232,30.3964],[51.3251,30.1847],[51.4193,29.9706],[51.6286,29.7643],[51.5274,29.2661],[51.3539,29.2178],[51.1772,29.196],[51.0045,29.1742],[50.9515,28.9858],[50.8978,28.8021],[50.9671,28.6277],[51.0395,28.4479],[51.2551,28.4253],[51.4652,28.4059],[51.6286,28.3319],[51.7874,28.2603],[51.8699,28.0906],[51.9586,27.917],[52.0567,27.678],[52.1485,27.439],[52.1578,27.1875],[52.1602,26.9306],[51.9088,26.7438],[51.6613,26.5515],[51.5352,26.3857],[51.413,26.2175],[51.2239,26.0665],[51.0333,25.9108],[51.0488,25.6672],[51.3064,25.5161],[51.4878,24.9439],[51.6333,24.8786],[51.7998,24.8832],[51.9726,24.8832],[52.189,24.7509],[52.4092,24.624],[52.5952,24.4372],[52.7189,24.2262],[52.5936,24.097],[52.4707,23.9623],[52.3991,23.6922],[52.7493,23.5987],[52.9734,23.6595],[53.2839,23.4843],[53.4808,23.5209],[53.6762,23.5653],[53.8816,23.352],[53.8077,22.9993],[53.6591,22.8755],[53.6373,22.6832],[53.3478,22.7136],[53.1913,22.649],[53.0684,22.3921],[52.9509,22.1367],[52.9438,21.9904],[53.0061,21.8394],[53.0707,21.6813],[53.1228,21.4346],[53.4178,21.3878],[53.7011,21.2726],[53.9167,21.4579],[54.3213,21.5513],[54.5198,21.461],[54.6793,21.5202],[54.8404,21.5825],[55.0716,21.6401],[55.1284,21.8106],[55.0529,21.9717],[55.2008,22.2364],[55.4264,22.3376],[55.4171,22.6233],[55.5961,22.8132],[55.87,22.8903],[56.1416,22.9713],[56.4133,22.8506],[56.6942,22.8701],[56.8662,22.8125],[57.0358,22.7556],[57.1931,22.4544],[57.3565,22.431],[57.397,22.2146],[57.5433,22.1352],[57.6865,22.0527],[57.8779,22.0262],[58.0764,21.9927],[58.1269,21.7615],[58.1713,21.5373],[57.9588,21.3878],[57.8623,21.2166],[57.7643,21.0391],[57.5121,20.9675],[57.2561,20.9005],[57.2366,20.5782],[57.3868,20.3805],[57.3331,20.1501],[57.2826,19.9204],[57.0608,19.792],[56.7495,19.7997],[56.6405,19.6129],[56.6405,19.4884],[56.428,19.3148],[56.3136,19.0991],[56.2055,18.8804],[56.0023,18.7722],[55.7992,18.6608],[55.6599,18.562],[55.5268,18.4678],[55.4202,18.2685],[55.4264,18.0326],[55.4381,17.8045],[55.379,17.5881],[55.5743,17.4254],[55.7696,17.2689],[56.1035,17.0906],[56.1992,16.8034],[56.0272,16.6461],[55.8389,16.5223],[55.6444,16.404],[55.5587,16.2265],[55.6288,16.1409],[55.6187,15.8754],[55.8311,15.7594],[56.0358,15.6427],[56.1113,15.4792],[56.1915,15.3134],[56.2529,15.1522],[56.3097,15.0152],[56.407,14.7785],[56.5074,14.5489],[56.5705,14.3504],[56.6382,14.1495],[56.4849,13.9767],[56.3378,13.807],[56.0669,13.8942],[55.9315,13.6996],[55.835,13.5556],[55.7619,13.3555],[55.4109,13.266],[55.3564,13.0892],[55.2949,12.9125],[55.2163,12.7623],[55.1393,12.6058],[55.0529,12.4587],[54.9735,12.3185],[55.0218,12.1161],[55.0755,11.9091],[55.2163,11.7658],[55.3572,11.6171],[55.6132,11.6491],[55.8156,11.4155],[55.758,11.1641],[55.9479,10.9173],[55.7767,10.6993],[55.5977,10.6542],[55.3011,10.6331],[55.1906,10.69],[55.1245,10.9383],[54.9362,10.9951],[54.7478,11.0473],[54.5782,10.9718],[54.4139,10.9002],[54.2357,10.8706],[54.0606,10.8433],[53.8466,10.9095],[53.8077,10.8628],[53.6318,10.9718],[53.5493,10.8636],[53.2627,10.8696],[53.0092,11.0037],[52.8519,10.8675],[52.6442,10.8558],[52.3703,10.9375],[52.0675,11.0808],[51.7041,11.1633],[51.6053,11.0574],[51.385,11.0014],[51.1948,10.8461],[50.95,10.8278],[50.6192,10.9219],[50.3577,11.1921],[50.1804,11.0647],[49.9632,11.0878],[49.6783,11.0667],[49.42,10.841],[49.1874,10.7732],[48.9663,10.8721],[48.8238,10.8394],[48.7037,11.0307],[48.4822,11.0745],[48.2519,10.9554],[48.1631,10.7118],[47.962,10.5551],[47.7102,10.595],[47.5195,10.3957],[47.2277,10.2758],[47.0214,10.3646],[46.8167,10.4463],[46.7646,10.7071],[46.5324,10.6617],[46.328,10.781],[46.1443,10.9258],[45.9291,10.8418],[45.8385,10.6292],[45.6393,10.7522],[45.3147,10.9258],[44.9591,10.8161],[44.6665,10.6635],[44.6556,10.4969],[44.4945,10.4159],[44.2579,10.6417],[44.0563,10.5047],[43.854,10.363],[43.8166,10.0991],[43.7606,9.8352],[43.7014,9.5689],[43.5972,9.3992],[43.4991,9.235],[43.4649,9.01],[43.4298,8.792],[43.2392,8.8465]]},"properties":{"id":1402,"group":"searoutes","name":"Stroian route"}},{"type":"Feature","geometry":{"type":"LineString","coordinates":[[-2.7612,45.3075],[-2.8406,45.0926],[-2.9246,44.8746],[-2.9184,44.6722],[-2.9161,44.4675],[-2.8632,44.3507]]},"properties":{"id":1403,"group":"searoutes","name":"The Rustic Copper route"}},{"type":"Feature","geometry":{"type":"LineString","coordinates":[[-7.4089,20.8818],[-7.5451,20.983],[-7.7669,20.9675],[-7.9918,20.9542],[-8.1793,20.913],[-8.3723,20.8686],[-8.4206,20.6716],[-8.7552,20.7728],[-8.8307,20.8141],[-9.0755,20.8502],[-9.258,21.0173],[-9.5226,20.9566]]},"properties":{"id":1404,"group":"searoutes","name":"Shathizan water way"}},{"type":"Feature","geometry":{"type":"LineString","coordinates":[[-3.6313,43.9817],[-3.7216,44.0261],[-3.8523,44.1273],[-3.9846,44.23]]},"properties":{"id":1405,"group":"searoutes","name":"Thvethyr route"}},{"type":"Feature","geometry":{"type":"LineString","coordinates":[[47.1802,33.2519],[47.3716,33.3243],[47.5117,33.4465],[47.6487,33.5765],[47.8767,33.7525],[47.9787,33.898],[48.0853,34.0389]]},"properties":{"id":1406,"group":"searoutes","name":"The Sacred Rain lane"}},{"type":"Feature","geometry":{"type":"LineString","coordinates":[[51.0333,25.9108],[50.8582,25.8797],[50.6799,25.8454],[50.5515,25.7699],[50.3834,25.833],[50.2223,25.8929],[50.0184,25.689],[49.8916,25.6337],[49.8309,25.4749],[49.7624,25.3192],[49.8931,25.0319],[49.7531,24.6575],[49.6192,24.5033],[49.7219,24.3461],[49.5585,23.9802],[49.3881,24.0791]]},"properties":{"id":1407,"group":"searoutes","name":"Traggalese lane"}},{"type":"Feature","geometry":{"type":"LineString","coordinates":[[47.3716,33.3243],[47.4495,33.0339],[47.5749,32.8172],[47.5724,32.5668],[47.6689,32.2819]]},"properties":{"id":1408,"group":"searoutes","name":"Sapphire route"}},{"type":"Feature","geometry":{"type":"LineString","coordinates":[[-8.047,9.734],[-7.875,9.5292],[-7.6813,9.4382],[-7.4875,9.3471],[-7.1987,9.1813],[-7.0291,9.2887]]},"properties":{"id":1409,"group":"searoutes","name":"Naragan water way"}},{"type":"Feature","geometry":{"type":"LineString","coordinates":[[-6.6151,8.4962],[-6.5948,8.237],[-6.675,8.0276],[-6.833,7.8968],[-6.9902,7.7699],[-7.0096,7.453],[-6.9497,7.2195],[-6.8898,6.9914],[-7.0376,6.7594],[-7.0509,6.5656],[-7.061,6.3725],[-7.0275,6.153],[-6.9871,5.9412],[-6.9606,5.6267],[-6.9349,5.4017],[-6.7162,5.1332],[-6.6244,4.6863],[-6.4438,4.5493],[-6.2633,4.4076],[-6.2882,4.1756],[-6.3139,3.946],[-6.3349,3.7085],[-6.3598,3.4766],[-6.3505,3.2337],[-6.3435,2.997],[-6.2493,2.7666],[-6.1621,2.5416],[-6.2851,2.3026],[-6.2719,2.0761],[-6.2929,1.7507],[-6.0781,1.5522],[-5.9302,1.1162],[-5.9995,0.8827],[-5.973,0.8173],[-5.8213,0.618],[-5.6648,0.4171],[-5.4866,0.3144],[-5.3115,0.2171],[-5.1208,0.3922],[-4.8757,0.249],[-4.664,0.2591],[-4.5138,0.4156],[-4.3714,0.5767],[-3.9924,0.5557],[-3.9153,0.3899],[-3.6609,0.4366],[-3.3659,0.4545],[-3.2383,0.6655],[-3.0141,0.8196],[-2.8242,1.0088],[-2.9495,1.1941],[-3.0694,1.3817],[-3.1208,1.5522],[-3.1745,1.7156],[-3.1597,1.8947],[-3.1464,2.0706],[-3.2531,2.2294],[-3.3636,2.3906],[-3.0966,2.5751],[-3.183,2.7432],[-3.2647,2.9145],[-3.1363,3.187],[-3.0095,3.4664],[-3.0733,3.7841],[-2.9651,3.9491],[-3.0118,4.1601],[-3.0585,4.3671],[-2.9651,4.5415],[-3.0351,4.5882]]},"properties":{"id":1410,"group":"searoutes","name":"Enchanted passage"}},{"type":"Feature","geometry":{"type":"LineString","coordinates":[[49.7219,24.3461],[49.8192,24.1927],[49.8309,24.0269],[49.8379,23.8603],[49.9787,23.7077],[50.1134,23.5536],[50.0219,23.3449],[49.9087,23.1472],[49.6636,23.134],[49.4674,22.8919],[49.3787,22.6973],[49.0869,22.4785],[48.8313,22.5502],[48.6238,22.7159],[48.406,22.6889],[48.2269,22.5618],[48.1635,22.3417],[48.209,22.1173],[48.1242,21.9958],[48.2911,21.8071],[48.3592,21.5646],[48.4799,21.397],[48.4931,21.1909]]},"properties":{"id":1411,"group":"searoutes","name":"The Silent Sylvan route"}},{"type":"Feature","geometry":{"type":"LineString","coordinates":[[-10.1327,17.0361],[-10.3242,17.1615],[-10.4713,16.998],[-10.6464,17.0751],[-10.816,17.1537],[-11.0433,17.0984],[-11.2728,17.0463],[-11.5203,16.9217],[-11.5227,16.7201]]},"properties":{"id":1412,"group":"searoutes","name":"Crystalline route"}},{"type":"Feature","geometry":{"type":"LineString","coordinates":[[-13.9772,26.2884],[-14.0551,26.121],[-14.2341,26.012],[-14.3666,26.1477],[-14.5422,26.2191],[-14.5752,26.415],[-14.771,26.448],[-14.8167,26.6351],[-15.0045,26.6776],[-15.1345,26.7948],[-15.2909,26.873],[-15.2691,27.0474],[-15.2411,27.2296],[-15.4263,27.3611],[-15.3547,27.4725],[-15.4403,27.6468],[-15.7361,27.6546],[-15.9618,27.6702],[-16.1291,27.7332],[-16.2964,27.8648],[-16.4575,28.0003],[-16.6233,27.9972],[-16.7914,27.9917],[-16.8809,28.1131],[-17.0762,28.2657],[-17.3626,28.1684],[-17.6428,28.0664],[-17.7517,28.2618],[-17.8622,28.4627],[-17.7673,28.6589],[-17.6786,28.848],[-17.5961,29.087],[-17.5198,29.3284],[-17.4638,29.4996],[-17.4023,29.6701],[-17.3704,29.9823],[-17.3081,30.2003],[-17.5424,30.3186],[-17.6272,30.5529],[-17.6194,30.7763],[-17.6124,31.006],[-17.4715,31.1344],[-17.5268,31.2255],[-17.6038,31.438],[-17.6863,31.6552],[-17.6038,31.8506],[-17.5237,32.0429],[-17.7206,32.1776],[-17.9214,32.3115],[-18.0218,32.6159],[-18.0926,32.7264],[-18.1408,32.9561],[-18.1922,33.1787],[-18.4288,33.1741],[-18.7479,33.3765],[-18.8366,33.5859],[-19.0989,33.5641],[-19.2148,33.7346],[-19.1915,34.0615],[-19.3238,34.3106],[-19.1648,34.4574],[-19.0677,34.6508],[-19.1035,34.8859],[-18.9712,35.0253],[-18.6841,35.2386],[-18.4103,35.172],[-18.1517,35.2837],[-18.0241,35.5328],[-17.8343,35.624],[-17.6661,35.7508],[-17.5673,35.5227],[-17.3626,35.564],[-17.1564,35.6052],[-16.8637,35.4566],[-16.6186,35.4799],[-16.4676,35.6496],[-16.3135,35.8162],[-16.0474,35.8209],[-15.7796,35.824],[-15.5625,35.8419],[-15.3781,36.0622],[-15.1936,36.2903],[-15.0045,36.4437],[-14.8123,36.5978],[-14.6154,36.6616],[-14.4138,36.7317],[-14.3477,36.9528],[-14.4131,37.1209],[-14.3664,37.409],[-14.1344,37.6114],[-14.0395,37.7422],[-14.0628,37.9851],[-14.094,38.2233],[-14.1095,38.4599],[-14.1189,38.6997],[-13.9928,38.8492],[-13.5959,38.7168],[-13.4013,38.5456],[-13.1375,38.6055],[-12.8838,38.551],[-12.7321,38.421],[-12.5865,38.2941],[-12.6464,38.1018],[-12.7033,37.9134],[-12.9142,37.6994],[-12.7243,37.5258],[-12.5398,37.3592],[-12.3227,37.2315],[-12.3196,36.9575],[-12.3118,36.6889],[-12.1795,36.5075],[-11.9873,36.3643],[-11.8495,36.2467],[-11.8838,36.0155],[-11.918,35.7905],[-11.6814,35.7586],[-11.4394,35.7212],[-11.2581,35.7539],[-10.9452,35.8006],[-10.7864,35.9532],[-10.4751,35.9454],[-10.3218,35.7913],[-10.2401,35.5352],[-10.3351,35.3849],[-10.4331,35.2277],[-10.3421,35.1094],[-10.2495,34.9101],[-10.2868,34.6181],[-10.2572,34.4274],[-10.2316,34.2375],[-9.9545,34.0888],[-9.728,33.9447],[-9.5879,33.5944],[-9.6782,33.3889],[-9.6113,33.213],[-9.728,32.9172],[-9.9078,32.7895],[-10.0557,32.6509],[-9.9537,32.4578],[-9.8479,32.2687],[-9.8837,32.0219],[-9.9257,31.7759],[-9.83,31.5042],[-9.7203,31.1189],[-9.4471,30.9694]]},"properties":{"id":1413,"group":"searoutes","name":"Wlalish water way"}},{"type":"Feature","geometry":{"type":"LineString","coordinates":[[46.6899,32.9436],[46.5878,33.0881],[46.458,33.2083]]},"properties":{"id":1414,"group":"searoutes","name":null}},{"type":"Feature","geometry":{"type":"LineString","coordinates":[[-2.9145,4.8685],[-2.8779,4.7182]]},"properties":{"id":1415,"group":"searoutes","name":null}},{"type":"Feature","geometry":{"type":"LineString","coordinates":[[-2.9495,1.1941],[-2.8045,1.3433],[-2.6351,1.4642]]},"properties":{"id":1416,"group":"searoutes","name":null}},{"type":"Feature","geometry":{"type":"LineString","coordinates":[[-9.714,9.7192],[-9.7477,9.4916],[-9.6487,9.284],[-9.4868,9.1112],[-9.3856,9.2459],[-9.2066,9.298],[-9.0268,9.3502],[-8.8564,9.2747],[-8.6844,9.1976],[-8.6074,8.9789],[-8.5373,8.7578],[-8.3272,8.7687],[-8.1108,8.7803],[-8.012,8.8341],[-7.7591,8.9633],[-7.5093,9.0987],[-7.3738,9.0793],[-7.1987,9.1813]]},"properties":{"id":1417,"group":"searoutes","name":"Naran route"}},{"type":"Feature","geometry":{"type":"LineString","coordinates":[[-8.156,15.0977],[-8.2879,14.9522],[-8.4439,14.833],[-8.6105,14.8743],[-8.7547,14.6872],[-8.9817,14.6221],[-9.0338,14.2756],[-9.0614,14.051],[-9.2253,13.895]]},"properties":{"id":1418,"group":"searoutes","name":"Phoenix passage"}},{"type":"Feature","geometry":{"type":"LineString","coordinates":[[-7.6813,9.4382],[-7.689,9.3136],[-7.7591,8.9633]]},"properties":{"id":1419,"group":"searoutes","name":null}},{"type":"Feature","geometry":{"type":"LineString","coordinates":[[-2.9262,45.2094],[-2.8406,45.0926]]},"properties":{"id":1420,"group":"searoutes","name":null}},{"type":"Feature","geometry":{"type":"LineString","coordinates":[[-7.0182,44.5687],[-7.054,44.325]]},"properties":{"id":1421,"group":"searoutes","name":null}},{"type":"Feature","geometry":{"type":"LineString","coordinates":[[50.1134,23.5536],[50.3967,23.5045],[50.6558,23.7101],[50.9126,24.0425],[51.1656,24.1016],[51.3485,24.1281],[51.4854,24.4621],[51.4885,24.7042],[51.6333,24.8786]]},"properties":{"id":1422,"group":"searoutes","name":"The Fabled Infernal route"}},{"type":"Feature","geometry":{"type":"LineString","coordinates":[[52.3991,23.6922],[52.1578,23.482],[52.1796,23.2881],[51.9166,23.2095],[51.6504,23.1363],[51.6055,22.9975],[51.5267,22.8747]]},"properties":{"id":1423,"group":"searoutes","name":"Crystal lane"}},{"type":"Feature","geometry":{"type":"LineString","coordinates":[[49.5585,23.9802],[49.8379,23.8603]]},"properties":{"id":1424,"group":"searoutes","name":null}},{"type":"Feature","geometry":{"type":"LineString","coordinates":[[50.1359,34.3752],[50.1507,34.2421],[50.2823,33.9837],[50.5624,33.8046],[50.7189,33.8848],[50.8893,34.007],[51.0582,34.1331]]},"properties":{"id":1425,"group":"searoutes","name":"Bivermingman lane"}},{"type":"Feature","geometry":{"type":"LineString","coordinates":[[47.1498,37.2852],[47.3405,37.2432],[47.3716,37.0509],[47.3958,36.8563],[47.1584,36.7021],[46.981,36.4662],[46.8767,35.62],[46.5467,35.058]]},"properties":{"id":1426,"group":"searoutes","name":"Broketonese lane"}},{"type":"Feature","geometry":{"type":"LineString","coordinates":[[44.0213,42.4948],[44.1575,42.4551],[44.2579,42.7587],[44.1341,42.8895],[44.0065,43.0203],[44.0485,43.2554],[43.8695,43.4656],[43.6509,43.443],[43.496,43.5045],[43.338,43.5637],[43.208,43.4422],[43.0827,43.3278],[43.0399,43.1479],[43.1925,42.9751],[43.3396,42.8054],[43.2781,42.5781],[43.2236,42.3461],[43.1333,42.1593],[42.9668,42.0098],[42.9356,41.7373],[43.0773,41.6128],[43.208,41.4104],[43.3318,41.2033],[43.6617,41.2204],[43.7528,41.0756],[43.8415,40.9347],[43.9777,40.86],[44.1419,40.7331],[44.3124,40.6039],[44.3443,40.3672],[44.6167,40.0947],[44.8634,40.0582],[44.984,40.0862],[45.1225,39.9468],[45.2564,39.8005],[45.2859,39.5732],[45.3132,39.3482],[45.4338,39.1839],[45.3108,38.8087],[45.1996,38.7324],[45.24,38.4405],[45.2501,38.0271],[45.5599,38.0528],[46.0587,37.9415],[46.3397,37.9345],[46.3444,37.7048],[46.3506,37.4798],[46.3677,37.2766],[46.609,37.0197],[46.8323,36.9614],[46.9981,36.8329],[47.1584,36.7021]]},"properties":{"id":1427,"group":"searoutes","name":"Skiptonese route"}},{"type":"Feature","geometry":{"type":"LineString","coordinates":[[-10.4331,35.2277],[-10.6043,35.1981]]},"properties":{"id":1428,"group":"searoutes","name":null}},{"type":"Feature","geometry":{"type":"LineString","coordinates":[[-14.9773,18.1463],[-14.8854,18.2716],[-14.9104,18.4506],[-15.129,18.6398],[-15.3547,18.8259],[-15.6294,18.8064],[-15.624,18.4771],[-15.5781,18.1992],[-15.4901,17.982]]},"properties":{"id":1429,"group":"searoutes","name":"Celestial lane"}},{"type":"Feature","geometry":{"type":"LineString","coordinates":[[-11.5203,16.9217],[-11.6238,17.1179],[-11.6736,17.3008],[-11.7227,17.4799],[-11.9927,17.5422],[-12.2612,17.6083],[-12.4986,17.7134],[-12.5282,17.975],[-12.6854,18.126],[-12.8488,18.2731],[-12.9344,18.4685],[-13.0177,18.6632],[-13.1881,18.6857],[-13.5414,18.85],[-13.6558,19.1232],[-13.7827,19.2392],[-13.9064,19.3591],[-14.2006,19.3965],[-14.4053,19.3015],[-14.6154,19.2019],[-14.6831,19.0688],[-14.6543,18.8889],[-14.6185,18.7091],[-14.7633,18.5775],[-14.9104,18.4506]]},"properties":{"id":1430,"group":"searoutes","name":"Thorn passage"}},{"type":"Feature","geometry":{"type":"LineString","coordinates":[[-14.3477,36.9528],[-14.2325,37.0431],[-14.0037,36.9115],[-13.9438,36.6103],[-14.0239,36.3269],[-13.9072,36.2335],[-13.7936,36.0537],[-13.627,36.1401],[-13.4683,36.2241],[-13.2768,36.4203],[-13.0862,36.611],[-13.1048,36.7091],[-13.4021,36.8002]]},"properties":{"id":1431,"group":"searoutes","name":"Lynatheliean route"}},{"type":"Feature","geometry":{"type":"LineString","coordinates":[[-15.4403,27.6468],[-15.5291,27.815],[-15.4248,28.0127],[-15.322,28.2042],[-15.3703,28.4051]]},"properties":{"id":1432,"group":"searoutes","name":"The Silent Golden route"}},{"type":"Feature","geometry":{"type":"LineString","coordinates":[[54.4435,15.4691],[54.3657,15.6279],[54.1968,15.7594],[54.119,15.7283],[54.01,15.6894],[53.9167,15.4636],[53.6528,15.2519]]},"properties":{"id":1433,"group":"searoutes","name":"Amethyst route"}},{"type":"Feature","geometry":{"type":"LineString","coordinates":[[-17.4972,35.2892],[-17.5673,35.5227]]},"properties":{"id":1434,"group":"searoutes","name":null}},{"type":"Feature","geometry":{"type":"LineString","coordinates":[[-17.5237,32.0429],[-17.4404,31.8896],[-17.3564,31.7339],[-17.1743,31.6482],[-17.0594,31.7827],[-16.9743,31.9399],[-16.8521,32.0686]]},"properties":{"id":1435,"group":"searoutes","name":"The Winding Wandering route"}},{"type":"Feature","geometry":{"type":"LineString","coordinates":[[-17.4404,31.8896],[-17.6038,31.8506]]},"properties":{"id":1436,"group":"searoutes","name":null}},{"type":"Feature","geometry":{"type":"LineString","coordinates":[[-17.6863,31.6552],[-17.9509,31.6443],[-17.9533,31.7494]]},"properties":{"id":1437,"group":"searoutes","name":null}},{"type":"Feature","geometry":{"type":"LineString","coordinates":[[-17.4715,31.1344],[-17.3276,31.2676],[-17.2536,31.4614],[-17.1743,31.6482]]},"properties":{"id":1438,"group":"searoutes","name":"Military route"}},{"type":"Feature","geometry":{"type":"LineString","coordinates":[[43.4298,8.792],[43.6283,8.7297],[43.8197,8.6667],[43.9886,8.627],[44.1731,8.4728],[44.3544,8.321],[44.4688,8.1225],[44.5855,7.9318],[44.4478,7.7325],[44.3404,7.4429],[44.5529,7.231],[44.6626,6.9517],[44.4878,6.8427],[44.4081,6.6528],[44.7124,6.4286],[44.8224,6.1674],[44.8058,5.8844],[44.7583,5.731],[44.9738,5.5783],[45.0883,5.3402]]},"properties":{"id":1439,"group":"searoutes","name":"Swagablean route"}},{"type":"Feature","geometry":{"type":"LineString","coordinates":[[52.5267,8.8418],[52.522,9.1891],[52.4691,9.4989],[52.5625,9.6951],[52.6536,9.8944],[52.8349,9.8196],[53.0209,9.7527],[53.2014,9.8772],[53.2785,10.0609],[53.3602,10.2431],[53.6131,10.3723],[53.8676,10.507],[53.8077,10.8628]]},"properties":{"id":1440,"group":"searoutes","name":"Celestial lane"}},{"type":"Feature","geometry":{"type":"LineString","coordinates":[[52.522,9.1891],[52.7337,9.2669],[53.0808,9.098],[53.1228,8.7998],[53.1672,8.5048],[53.038,8.4923]]},"properties":{"id":1441,"group":"searoutes","name":"Great route"}},{"type":"Feature","geometry":{"type":"LineString","coordinates":[[53.7322,11.1119],[53.6318,10.9718]]},"properties":{"id":1442,"group":"searoutes","name":null}},{"type":"Feature","geometry":{"type":"LineString","coordinates":[[-17.656,36.5573],[-17.5385,36.3573],[-17.6583,36.1634],[-17.7712,35.975],[-17.6661,35.7508]]},"properties":{"id":1443,"group":"searoutes","name":"Nesploy route"}},{"type":"Feature","geometry":{"type":"LineString","coordinates":[[-13.9928,38.8492],[-14.0551,39.0438],[-14.2403,39.0812],[-14.4286,39.1761],[-14.536,39.5638],[-14.4395,39.6907],[-14.2099,39.7499],[-14.2115,39.6284]]},"properties":{"id":1444,"group":"searoutes","name":"Boismonts route"}},{"type":"Feature","geometry":{"type":"LineString","coordinates":[[-15.5781,18.1992],[-15.8762,18.2085],[-16.1478,18.3074],[-16.1828,18.1564]]},"properties":{"id":1445,"group":"searoutes","name":"Bazilarukt route"}},{"type":"Feature","geometry":{"type":"LineString","coordinates":[[54.119,15.7283],[54.0264,15.8957],[54.1034,16.1097],[54.182,16.3168],[54.3213,16.5146],[54.6249,16.4912],[54.7914,16.2592],[54.9206,16.0708],[55.0513,15.8902],[55.263,15.9696],[55.4677,16.0467],[55.6187,15.8754]]},"properties":{"id":1446,"group":"searoutes","name":"Scarlet lane"}},{"type":"Feature","geometry":{"type":"LineString","coordinates":[[55.835,13.5556],[55.5587,13.6965],[55.2988,13.5571],[55.084,13.5563],[54.8669,13.5556],[54.7494,13.6809],[54.6249,13.8],[54.5159,13.93],[54.4007,14.0631],[54.3875,14.2897],[54.2879,14.4905]]},"properties":{"id":1447,"group":"searoutes","name":"Dawn route"}},{"type":"Feature","geometry":{"type":"LineString","coordinates":[[54.2046,17.5188],[54.3196,17.452],[54.4108,17.3553],[54.6186,17.3032],[54.7883,17.293],[54.9603,17.279],[55.1696,17.4332],[55.379,17.5881]]},"properties":{"id":1448,"group":"searoutes","name":"Sable route"}},{"type":"Feature","geometry":{"type":"LineString","coordinates":[[55.5587,16.2265],[55.4677,16.0467]]},"properties":{"id":1449,"group":"searoutes","name":null}},{"type":"Feature","geometry":{"type":"LineString","coordinates":[[57.0592,21.3061],[56.9681,21.2096],[57.0172,21.0126],[57.2561,20.9005]]},"properties":{"id":1450,"group":"searoutes","name":"Sioszils passage"}},{"type":"Feature","geometry":{"type":"LineString","coordinates":[[53.7011,21.2726],[53.831,20.9893],[53.9867,20.8507],[54.1353,20.7191],[54.2824,20.4926],[54.4311,20.2699],[54.5937,20.2046],[54.7502,20.1384],[54.7284,20.0473]]},"properties":{"id":1451,"group":"searoutes","name":"Shadowy route"}},{"type":"Feature","geometry":{"type":"LineString","coordinates":[[63.0945,12.9258],[62.9629,13.0293],[62.8042,12.8946],[62.6485,12.7662],[62.482,12.5054],[62.2672,12.5832],[62.0547,12.3948],[62.0182,12.1784],[61.808,12.0539],[61.6306,12.1442],[61.4345,12.1006],[61.2438,12.0624],[61.1699,11.867],[61.0889,11.6708],[61.1154,11.4155],[61.1481,11.1656],[61.4267,10.9562],[61.6757,10.8005],[61.7193,10.5856],[61.4975,10.3653],[61.5823,10.1077],[61.6711,9.8562],[61.9045,9.7721],[61.9092,9.5004],[61.9201,9.2342],[61.8088,8.9898],[61.7769,8.7531],[61.738,8.5133],[61.7069,8.3483],[61.6703,8.1856],[61.3722,8.1225],[61.3146,7.8462],[61.2827,7.6959],[61.0843,7.5387],[60.892,7.3752],[60.7418,7.2896],[60.5948,7.2086],[60.3792,7.0381],[60.1659,6.9859],[59.9558,6.9322],[59.8624,6.7602],[59.7683,6.5959],[59.5667,6.4254],[59.369,6.2581],[59.1854,6.3398],[58.8585,6.1841],[58.7176,5.9451],[58.4756,5.9529],[58.267,5.8649],[58.2126,5.7092],[57.9402,5.5302],[57.8242,5.2904],[57.6133,5.2422],[57.3954,5.197],[57.3721,4.8451],[57.4794,4.6933],[57.3861,4.4138],[57.2942,4.2301],[57.1962,4.0487],[56.9207,4.0433],[56.6374,4.0402],[56.3253,4.0036],[56.1245,4.048],[56.0701,4.3095],[56.0568,4.5026],[55.758,4.684],[55.5665,4.6194],[55.3712,4.5477],[55.2397,4.7284],[55.1019,4.9074],[54.9206,4.9074],[54.7439,4.9027],[54.5392,4.9853],[54.3416,5.067],[54.2279,5.2266],[54.1097,5.3862],[53.9478,5.4913],[53.789,5.5932],[53.6287,5.6314],[53.4629,5.6703],[53.2474,5.6158],[53.0349,5.5574],[52.8582,5.8027],[52.6785,6.0479],[52.5781,6.1997],[52.7649,6.3772],[52.9438,6.659],[53.0917,6.7758],[52.9929,7.0194],[53.0995,7.1494],[53.2053,7.2849],[53.2085,7.5075],[53.2116,7.738],[53.3874,8.019],[53.4318,8.2089],[53.3018,8.3561],[53.1672,8.5048]]},"properties":{"id":1452,"group":"searoutes","name":"The Breezy Wild lane"}},{"type":"Feature","geometry":{"type":"LineString","coordinates":[[55.4109,13.266],[55.2988,13.5571]]},"properties":{"id":1453,"group":"searoutes","name":null}},{"type":"Feature","geometry":{"type":"LineString","coordinates":[[-17.9937,35.9252],[-17.7712,35.975]]},"properties":{"id":1454,"group":"searoutes","name":null}},{"type":"Feature","geometry":{"type":"LineString","coordinates":[[-19.3238,34.3106],[-19.5938,34.4126],[-19.6716,34.6142]]},"properties":{"id":1455,"group":"searoutes","name":null}},{"type":"Feature","geometry":{"type":"LineString","coordinates":[[-19.5938,34.4126],[-19.7471,34.559]]},"properties":{"id":1456,"group":"searoutes","name":null}},{"type":"Feature","geometry":{"type":"LineString","coordinates":[[-19.2148,33.7346],[-19.4094,33.7423],[-19.495,33.8513],[-19.6576,33.7961],[-19.9456,33.7984],[-20.1254,33.719],[-20.3028,33.6458],[-20.5378,33.4699],[-20.4546,33.452]]},"properties":{"id":1457,"group":"searoutes","name":"Chaveynian route"}},{"type":"Feature","geometry":{"type":"LineString","coordinates":[[-19.9456,33.7984],[-19.9152,33.9915],[-19.8779,34.1923],[-19.7362,34.3028],[-19.5938,34.4126]]},"properties":{"id":1458,"group":"searoutes","name":"Jade lane"}},{"type":"Feature","geometry":{"type":"LineString","coordinates":[[-19.6172,38.7246],[-19.4172,38.797],[-19.2771,38.6312],[-19.1331,38.4592],[-19.1066,38.2233],[-19.1059,38.0473],[-19.1129,37.8737],[-19.028,37.697],[-18.8101,37.627],[-18.6654,37.7313],[-18.3977,37.8372],[-18.1253,37.7204],[-17.993,37.6892],[-17.8614,37.8722],[-17.6972,37.8449],[-17.5027,37.6114],[-17.4731,37.4098],[-17.2062,37.2657],[-17.0785,36.9793],[-17.2147,36.7006],[-17.3494,36.4289],[-17.5385,36.3573]]},"properties":{"id":1459,"group":"searoutes","name":"Crystal lane"}},{"type":"Feature","geometry":{"type":"LineString","coordinates":[[53.0349,5.5574],[52.8297,5.4616],[52.6115,5.401],[52.6481,5.2344],[52.3306,5.0981],[52.0512,4.8817],[51.8201,4.8681],[51.6551,4.7058],[51.7267,4.3461],[51.5232,4.1177],[51.2286,4.0355],[50.9211,4.049],[50.6582,3.8892],[50.743,3.6058],[50.58,3.4157],[50.3297,3.4088],[50.3104,3.1142],[50.0854,2.9231],[49.9074,2.8035],[49.6986,2.7549],[49.6674,2.5875],[49.6433,2.4132],[49.7375,2.1438],[49.7726,1.941],[49.7025,1.7476],[49.6376,1.54],[49.4814,1.3887],[49.1382,1.4167],[48.9155,1.3094],[48.6682,1.31],[48.5152,1.105],[48.2892,0.9854],[48.2071,0.7961],[48.037,0.6795],[47.8339,0.625],[47.8876,0.413],[47.8238,0.2038],[47.574,0.1221]]},"properties":{"id":1460,"group":"searoutes","name":"Nildaian route"}},{"type":"Feature","geometry":{"type":"LineString","coordinates":[[-19.4172,38.797],[-19.2459,38.9815],[-19.4335,39.1209]]},"properties":{"id":1461,"group":"searoutes","name":null}},{"type":"Feature","geometry":{"type":"LineString","coordinates":[[-19.3611,39.7935],[-19.2529,39.8986],[-19.4148,39.9406]]},"properties":{"id":1462,"group":"searoutes","name":null}},{"type":"Feature","geometry":{"type":"LineString","coordinates":[[-19.2459,38.9815],[-19.0701,39.1691],[-18.9969,39.363],[-18.923,39.5615],[-19.0903,39.7289],[-19.2529,39.8986],[-19.0514,40.0792],[-19.028,40.3594],[-19.2024,40.4544]]},"properties":{"id":1463,"group":"searoutes","name":"Shadowy route"}},{"type":"Feature","geometry":{"type":"LineString","coordinates":[[-15.2816,6.5173],[-15.1843,6.2339],[-15.4403,6.2386],[-15.694,6.2363],[-15.9384,6.223],[-16.1851,6.2098],[-16.3509,6.0284],[-16.5431,5.8478],[-16.7633,5.6937],[-16.9813,5.5426],[-17.1136,5.4056],[-17.3704,5.4913],[-17.4941,5.7131],[-17.7595,5.6236],[-18.0202,5.5325],[-18.2576,5.3667],[-18.6311,5.2966],[-18.7634,5.1721],[-18.9424,4.923],[-19.1199,4.8895],[-19.3238,4.8451],[-19.5222,4.8023],[-19.5666,4.2496],[-19.4008,3.7381],[-19.1954,3.3512],[-19.0109,3.3964],[-18.8335,3.3738],[-18.6545,3.3497],[-18.4521,3.366],[-18.2482,3.3831],[-18.0552,3.4594],[-17.8646,3.5404],[-17.6739,3.4516],[-17.4871,3.3598],[-17.3859,3.1947],[-17.2887,3.0305],[-17.1136,2.9534],[-16.94,2.8732],[-16.7501,2.8071],[-16.4793,2.9705],[-16.3042,2.7899],[-16.1361,2.607],[-16.2085,2.4863]]},"properties":{"id":1464,"group":"searoutes","name":"Gilukkzibilese route"}},{"type":"Feature","geometry":{"type":"LineString","coordinates":[[-9.4868,9.1112],[-9.5903,8.9796],[-9.6891,8.8076],[-9.7833,8.6301],[-10.1063,8.62],[-10.1483,8.792],[-10.1895,8.961],[-10.2183,9.1735],[-10.2479,9.3868],[-10.4744,9.4498],[-10.623,9.3603],[-10.767,9.2786],[-10.802,9.1198],[-11.1117,8.7874],[-11.2145,8.5896],[-11.4946,8.4728],[-11.6892,8.3794],[-11.7172,8.2027],[-11.8425,7.9162],[-12.0542,7.7668],[-12.1779,7.6523],[-12.3585,7.5309],[-12.5359,7.4164],[-12.6776,7.1806],[-12.8177,6.9392],[-12.8566,6.7446],[-13.2006,6.5788],[-13.3687,6.4597],[-13.4667,6.4542],[-13.5025,6.2697],[-13.5438,6.0876],[-13.627,5.9272],[-13.7056,5.7661],[-13.6348,5.608],[-13.7749,5.429],[-13.985,5.4056],[-14.1158,5.6158],[-14.3197,5.8104],[-14.5166,6.0027],[-14.771,6.0518],[-15.0333,6.1055],[-15.1843,6.2339]]},"properties":{"id":1465,"group":"searoutes","name":"Crystal lane"}},{"type":"Feature","geometry":{"type":"LineString","coordinates":[[-22.1091,34.2896],[-22.0889,34.1682],[-22.2811,34.0304],[-22.4702,33.8949],[-22.6313,33.7735],[-22.6998,33.9883]]},"properties":{"id":1466,"group":"searoutes","name":"Bomeillean route"}},{"type":"Feature","geometry":{"type":"LineString","coordinates":[[-20.5378,33.4699],[-20.5347,33.7167],[-20.6623,33.9603],[-20.7869,34.204],[-21.0592,34.2016],[-21.3347,34.2009],[-21.4562,34.0693],[-21.5737,33.9362],[-21.7752,33.9447],[-21.9729,33.9518],[-22.0889,34.1682]]},"properties":{"id":1467,"group":"searoutes","name":"The Great Molten route"}},{"type":"Feature","geometry":{"type":"LineString","coordinates":[[-19.2864,40.5735],[-19.2024,40.4544],[-19.007,40.5813],[-18.7479,40.6475],[-18.4685,41.0032],[-18.73,41.011]]},"properties":{"id":1468,"group":"searoutes","name":"Divine route"}},{"type":"Feature","geometry":{"type":"LineString","coordinates":[[-18.4685,41.0032],[-18.3043,41.099],[-18.1471,41.1963],[-17.9385,41.2625],[-17.7338,41.3279],[-17.449,41.4197],[-17.3626,41.5739],[-17.2801,41.7327],[-16.8801,41.9709],[-16.7953,42.2644],[-16.5937,42.3617],[-16.5844,42.5392],[-16.5688,42.7198],[-16.7867,42.7572],[-16.9992,42.7883],[-17.0046,42.9518],[-17.0077,43.1199],[-16.919,43.2865],[-16.8248,43.4547],[-16.8645,43.6524],[-17.1136,43.8081],[-17.3213,43.7661],[-17.4171,43.5746],[-17.512,43.376],[-17.705,43.3722],[-17.8996,43.3706],[-18.0708,43.5668],[-18.2358,43.7668],[-18.4903,43.5777],[-18.6623,43.5823],[-18.8397,43.587],[-19.0203,43.5901],[-19.2047,43.594],[-19.386,43.4578],[-19.5736,43.3177],[-19.7518,43.341],[-19.9308,43.3574],[-20.1028,43.5084],[-20.2724,43.6649],[-20.4289,43.7248],[-20.6001,43.6835],[-20.776,43.6493],[-20.7993,43.4446],[-20.9736,43.3099],[-21.155,43.1736],[-21.2149,43.0141],[-21.2803,42.8521],[-21.4406,42.7961],[-21.6079,42.7361],[-21.7488,42.5688],[-21.8141,42.2823],[-21.8756,41.9911],[-21.7542,41.7957],[-21.5939,41.872]]},"properties":{"id":1469,"group":"searoutes","name":"Vinais lane"}},{"type":"Feature","geometry":{"type":"LineString","coordinates":[[-22.6313,33.7735],[-22.7947,33.6497],[-23.0515,33.6567],[-23.306,33.6653],[-23.4718,33.7968],[-23.6306,33.9261],[-23.8376,33.8202],[-23.8858,33.9751],[-24.0399,34.1238],[-24.1979,34.2803],[-24.1496,34.4329],[-24.1489,34.6142],[-24.1551,34.8019],[-24.2967,35.1047]]},"properties":{"id":1470,"group":"searoutes","name":"Chabenoy lane"}},{"type":"Feature","geometry":{"type":"LineString","coordinates":[[-23.6321,31.5431],[-23.5426,31.4419],[-23.5263,31.7027],[-23.5162,31.9573],[-23.6819,32.0842],[-23.8477,32.215],[-24.0088,32.271],[-24.1714,32.3263],[-24.3131,32.3925],[-24.2423,32.668],[-24.1769,32.9405],[-24.2275,33.1406],[-24.0788,33.322],[-24.0493,33.6497],[-24.0461,33.7096],[-23.8376,33.8202]]},"properties":{"id":1471,"group":"searoutes","name":"Chainese route"}},{"type":"Feature","geometry":{"type":"LineString","coordinates":[[-22.3605,40.9853],[-22.2756,41.0624],[-22.1177,41.3247],[-21.9612,41.5887],[-21.7542,41.7957]]},"properties":{"id":1472,"group":"searoutes","name":"Mampssas route"}},{"type":"Feature","geometry":{"type":"LineString","coordinates":[[-19.1954,3.3512],[-19.3782,3.148],[-19.7596,3.1325],[-20.0864,3.1325],[-20.2281,2.9503],[-20.1207,2.7323],[-20.3106,2.4817],[-20.411,2.2216],[-20.4429,2.0737]]},"properties":{"id":1473,"group":"searoutes","name":"Gathunan route"}},{"type":"Feature","geometry":{"type":"LineString","coordinates":[[54.2653,4.8373],[54.3416,5.067]]},"properties":{"id":1474,"group":"searoutes","name":null}},{"type":"Feature","geometry":{"type":"LineString","coordinates":[[59.369,6.2581],[59.5029,6.1436]]},"properties":{"id":1475,"group":"searoutes","name":null}},{"type":"Feature","geometry":{"type":"LineString","coordinates":[[57.0569,22.1391],[57.0802,22.2636],[57.1931,22.4544]]},"properties":{"id":1476,"group":"searoutes","name":null}},{"type":"Feature","geometry":{"type":"LineString","coordinates":[[-20.9892,44.392],[-20.9195,44.3363],[-20.8795,44.2565],[-20.7246,44.1351],[-20.4911,44.1662],[-20.4086,44.3258],[-20.4678,44.6099],[-20.5254,44.8972],[-20.6865,44.9011]]},"properties":{"id":1477,"group":"searoutes","name":"The Shrouded High route"}},{"type":"Feature","geometry":{"type":"LineString","coordinates":[[-20.776,43.6493],[-20.8258,43.956],[-20.7246,44.1351]]},"properties":{"id":1478,"group":"searoutes","name":null}},{"type":"Feature","geometry":{"type":"LineString","coordinates":[[-20.5254,44.8972],[-20.4203,45.056],[-20.4055,45.2405],[-20.3923,45.4219],[-20.3588,45.6064],[-20.0709,45.7309],[-19.7829,45.8711],[-19.7456,46.0587],[-19.8685,46.2603],[-19.9884,46.4666],[-20.0242,46.634],[-20.0569,46.7967],[-20.3783,46.8154],[-20.6468,46.7508],[-20.9114,46.6877],[-20.9589,46.4285],[-21.1192,46.4456],[-21.2927,46.5016],[-21.4717,46.2759],[-21.6741,46.128],[-21.8608,46.0346],[-21.8274,45.8259],[-21.8453,45.6453],[-21.8663,45.4647],[-21.955,45.158],[-22.0554,45.007],[-22.155,44.8552],[-22.2422,44.7034],[-22.3262,44.557],[-22.383,44.4745],[-22.3356,44.2363],[-22.2928,43.9996],[-22.3916,43.7186],[-22.4476,43.3955],[-22.4756,43.2165],[-22.5013,43.0374],[-22.6702,42.9673],[-22.8375,42.9043],[-22.9971,42.8428],[-23.1512,42.7774],[-23.3551,42.7416],[-23.5582,42.7097],[-23.7527,42.5112],[-23.7987,42.2667],[-23.5154,41.9927],[-23.4018,42.1188],[-23.2881,42.2387],[-23.1512,42.1795]]},"properties":{"id":1479,"group":"searoutes","name":"Fatayan route"}},{"type":"Feature","geometry":{"type":"LineString","coordinates":[[-20.3106,2.4817],[-20.46,2.4708],[-20.7402,2.6342],[-20.9705,2.5385],[-21.1449,2.4163],[-21.3145,2.287],[-21.4717,2.1516],[-21.632,2.0138],[-21.9122,2.1391],[-22.1021,2.1282],[-22.2904,2.1189],[-22.3433,2.2761],[-22.5924,2.4085],[-22.7823,2.3828],[-23.085,2.3921],[-23.0656,2.1508]]},"properties":{"id":1480,"group":"searoutes","name":"Whisperwind route"}},{"type":"Feature","geometry":{"type":"LineString","coordinates":[[-21.4328,29.8748],[-21.3916,29.9963],[-21.4095,30.2781],[-21.5822,30.4922],[-21.7916,30.447],[-21.9153,30.5973],[-22.0414,30.7522],[-22.3122,30.8853],[-22.7208,30.8051],[-22.8033,30.5155],[-23.0515,30.5194],[-23.2983,30.5233],[-23.4718,30.7141],[-23.6531,30.9079],[-23.5364,31.1671],[-23.5426,31.4419]]},"properties":{"id":1481,"group":"searoutes","name":"Nysaron route"}},{"type":"Feature","geometry":{"type":"LineString","coordinates":[[-23.2983,4.8802],[-23.215,4.7564],[-23.2702,4.4528],[-23.2461,4.1912],[-23.2189,3.9343],[-23.3784,3.7397],[-23.5309,3.5528],[-23.78,3.6509],[-23.9454,3.596],[-24.0967,3.5055],[-24.2656,3.4594]]},"properties":{"id":1482,"group":"searoutes","name":"Wild passage"}},{"type":"Feature","geometry":{"type":"LineString","coordinates":[[65.5553,16.3814],[65.5786,16.5325],[65.5125,16.7403],[65.2012,16.8337],[64.9661,16.7084],[64.9132,16.5457],[64.8657,16.3877],[64.9366,16.1487],[64.8432,15.8996],[64.7654,15.6434],[64.7031,15.4792],[64.6416,15.3118],[64.6642,15.1289],[64.6805,14.9529],[64.8665,14.5839],[65.0658,14.538],[64.9988,14.3582],[64.9358,14.1737],[64.7342,14.1091],[64.5295,14.0444],[64.4369,14.0219],[64.1661,13.9456],[63.8999,13.8654],[63.7926,13.7276],[63.6906,13.5828],[63.4828,13.5587],[63.1855,13.4396],[62.9629,13.0293]]},"properties":{"id":1483,"group":"searoutes","name":"Forest water way"}},{"type":"Feature","geometry":{"type":"LineString","coordinates":[[-23.3784,3.7397],[-23.2189,3.6338],[-23.0593,3.5139],[-23.2033,3.2664],[-23.4173,3.0967],[-23.6644,2.9843],[-23.9356,2.9908],[-24.0316,3.1861],[-24.2181,3.2983],[-24.5069,3.1286],[-24.7633,3.14],[-24.9831,3.2726],[-25.1851,3.2095],[-25.3863,3.2749],[-25.4977,3.0921],[-25.6945,3.0079],[-25.9223,2.9233],[-26.1606,2.9705],[-26.3795,2.928],[-26.5832,3.0188],[-26.7992,3.1771],[-26.9093,3.4213],[-27.1521,3.5871]]},"properties":{"id":1484,"group":"searoutes","name":"Ghost lane"}},{"type":"Feature","geometry":{"type":"LineString","coordinates":[[64.0859,11.2933],[64.2439,11.4311],[64.4183,11.7004],[64.1817,11.9838],[64.3685,12.1667],[64.6922,12.3676],[64.8826,12.554],[64.9599,12.809],[65.1186,12.9292],[65.2556,13.0737],[65.437,12.8557],[65.5607,12.721],[65.5751,12.5582],[65.5514,12.3964]]},"properties":{"id":1485,"group":"searoutes","name":"Chiafboif lane"}},{"type":"Feature","geometry":{"type":"LineString","coordinates":[[64.9358,14.1737],[65.0455,14.0156],[65.149,13.8607],[65.1117,13.6513],[65.0922,13.4707],[65.0735,13.294],[65.2556,13.0737]]},"properties":{"id":1486,"group":"searoutes","name":"Mystic route"}},{"type":"Feature","geometry":{"type":"LineString","coordinates":[[65.5607,12.721],[65.6308,12.8868],[65.7615,13.0892],[65.8938,13.2971],[66.0183,13.4473],[66.1413,13.5968],[66.1818,13.8444],[66.2207,14.0865],[66.4479,14.2943],[66.5864,14.5061],[66.9732,14.5691],[67.0145,14.763],[67.2946,14.833],[67.5367,14.7139],[67.5048,14.4905],[67.4705,14.2741],[67.3569,14.0701],[67.2456,13.8685],[67.2479,13.6342],[67.0503,13.6147],[66.89,13.6497]]},"properties":{"id":1487,"group":"searoutes","name":"Whisperwind route"}},{"type":"Feature","geometry":{"type":"LineString","coordinates":[[-23.085,2.3921],[-22.9893,2.5953],[-22.9006,2.7923],[-22.8959,2.969],[-22.8025,3.2337],[-22.8928,3.3987],[-23.0593,3.5139]]},"properties":{"id":1488,"group":"searoutes","name":"The Great Crimson passage"}},{"type":"Feature","geometry":{"type":"LineString","coordinates":[[-20.7869,34.204],[-20.5324,34.2951],[-20.2989,34.1612],[-20.0864,34.1783],[-19.8779,34.1923]]},"properties":{"id":1489,"group":"searoutes","name":"The Misty Ebon route"}},{"type":"Feature","geometry":{"type":"LineString","coordinates":[[-23.7987,42.2667],[-23.9232,42.3212],[-24.1006,42.1274],[-24.3356,41.9475],[-24.3699,41.5349],[-24.4057,41.3559],[-24.4493,41.1768],[-24.4135,40.9978],[-24.6158,40.881],[-24.8104,40.663],[-24.7824,40.3812],[-24.815,40.2263]]},"properties":{"id":1490,"group":"searoutes","name":"Aubertevilese lane"}},{"type":"Feature","geometry":{"type":"LineString","coordinates":[[-30.5577,40.6132],[-30.6394,40.7642],[-30.3709,40.8008],[-30.2604,41.0063],[-30.0168,41.0912],[-29.6744,40.9355],[-29.5794,40.6887],[-29.5211,40.5307],[-29.6277,40.3828],[-29.7413,40.2341],[-29.5398,40.041],[-29.0323,39.8573],[-28.8666,39.3715],[-28.6705,39.3941],[-28.4681,39.4112],[-28.3514,39.5732],[-28.2346,39.7374],[-27.9623,39.7834],[-27.686,39.8277],[-27.5887,39.6666],[-27.486,39.5109],[-27.2805,39.6767],[-26.9319,39.9032],[-26.7661,40.0823],[-26.8307,40.3555],[-26.7715,40.5541],[-26.714,40.7572],[-26.5568,40.8312],[-26.4369,41.004],[-26.2346,41.0523],[-26.0283,41.1044],[-25.8221,41.1613],[-25.6229,41.2126],[-25.3863,41.1924],[-25.1567,41.1745],[-24.98,41.1792],[-24.8407,40.9526],[-24.8104,40.663]]},"properties":{"id":1491,"group":"searoutes","name":"Varienoy route"}},{"type":"Feature","geometry":{"type":"LineString","coordinates":[[67.2479,13.6342],[67.4518,13.6552],[67.7452,13.6793],[68.0495,13.4941],[68.1935,13.2395],[68.206,13.1803]]},"properties":{"id":1492,"group":"searoutes","name":"Jasvilese passage"}},{"type":"Feature","geometry":{"type":"LineString","coordinates":[[-30.6394,40.7642],[-30.9064,40.7323],[-31.0441,40.5696],[-31.1818,40.4069],[-31.3375,40.4996],[-31.4254,40.6475],[-31.5173,40.7954],[-31.4254,40.9978],[-31.3383,41.1955],[-31.2698,41.3715],[-31.1959,41.5404],[-31.318,41.5988]]},"properties":{"id":1493,"group":"searoutes","name":"Frecy route"}},{"type":"Feature","geometry":{"type":"LineString","coordinates":[[-31.3375,40.4996],[-31.4441,40.3563]]},"properties":{"id":1494,"group":"searoutes","name":null}},{"type":"Feature","geometry":{"type":"LineString","coordinates":[[-30.3211,37.6807],[-30.3935,37.8667],[-30.2659,37.9773],[-30.3048,38.1018],[-30.4059,38.3509],[-30.3297,38.6063],[-30.4129,38.8998],[-30.5849,39.1139],[-30.6238,39.4019],[-30.4799,39.6284],[-30.36,39.8402],[-30.1904,39.918],[-30.0067,40.0138],[-29.8767,40.1259],[-29.7413,40.2341]]},"properties":{"id":1495,"group":"searoutes","name":"Triseraintean lane"}},{"type":"Feature","geometry":{"type":"LineString","coordinates":[[-31.1959,41.5404],[-30.9406,41.6735],[-30.8962,41.8775],[-30.8449,42.076],[-31.013,42.2589],[-31.1748,42.4458],[-31.3398,42.3991],[-31.4986,42.35],[-31.6706,42.1577],[-31.7679,41.9942],[-31.8605,41.8261],[-32.0013,41.5894],[-32.1375,41.3582],[-32.0356,41.2687]]},"properties":{"id":1496,"group":"searoutes","name":"Amethyst lane"}},{"type":"Feature","geometry":{"type":"LineString","coordinates":[[-32.1375,41.3582],[-32.3438,41.2547],[-32.5438,41.1473],[-32.6473,41.0134],[-32.7438,40.874],[-32.8885,40.7798],[-33.0333,40.6841],[-33.0387,40.5182],[-33.2699,40.4684],[-33.4878,40.1944],[-33.6528,39.9445],[-33.5734,39.7444],[-33.4917,39.5521],[-33.6925,39.296],[-33.7991,39.1216],[-33.8995,38.9426],[-33.8769,38.7324],[-33.8543,38.516],[-33.659,38.4054],[-33.4629,38.3003],[-33.5189,38.133],[-33.5749,37.9703],[-33.7298,37.6885],[-33.9936,37.7437],[-34.2629,37.799],[-34.5267,37.7655],[-34.7937,37.8496],[-34.9664,38.1174],[-35.4412,38.3198],[-35.6902,38.1485],[-35.8404,38.249],[-36.028,38.4825],[-35.9937,38.7246],[-35.9603,38.9675],[-35.8964,39.0804],[-36.0404,39.2766],[-36.1898,39.4836],[-36.4023,39.5771],[-36.6397,39.4564],[-36.8755,39.3412],[-37.1346,39.5124],[-37.1767,39.7211],[-37.214,39.9274],[-37.1128,40.0916],[-37.091,40.266],[-37.0747,40.4373],[-37.0272,40.7339],[-36.9977,41.0056],[-36.9634,41.2741],[-36.9821,41.4291],[-36.9121,41.591],[-36.7922,41.8339],[-36.7066,42.0721],[-36.7011,42.4029],[-36.8031,42.6248],[-36.9121,42.8521],[-37.0366,43.053],[-37.1619,43.2601],[-37.1183,43.5341],[-37.309,43.7147],[-37.5004,43.9015],[-37.4817,44.1506],[-37.5191,44.3764],[-37.3556,44.6255],[-37.158,44.6559],[-37.021,44.898],[-36.8864,45.144],[-36.8887,45.3573],[-36.8848,45.5721],[-36.7953,45.7154],[-36.705,45.8594],[-36.5385,45.9723],[-36.3681,46.0805],[-36.1805,45.8944],[-35.8575,45.8913],[-35.7525,46.0268],[-35.6536,46.1599],[-35.5501,46.3226],[-35.449,46.4907],[-35.5073,46.6955],[-35.3089,46.7585],[-35.1065,47.0232],[-35.1096,47.228],[-35.231,47.3502],[-35.189,47.6437],[-35.0131,47.7706],[-34.8349,47.9029],[-34.9602,48.0765]]},"properties":{"id":1497,"group":"searoutes","name":"Tarmingan route"}},{"type":"Feature","geometry":{"type":"LineString","coordinates":[[-37.1767,37.7359],[-37.3186,37.7824],[-37.4677,37.792],[-37.4957,38.0396],[-37.4234,38.3517],[-37.2187,38.3689],[-37.1222,38.6001],[-37.0249,38.8274],[-36.9977,39.0749],[-37.0366,39.2151],[-36.8755,39.3412]]},"properties":{"id":1498,"group":"searoutes","name":"Chatean route"}},{"type":"Feature","geometry":{"type":"LineString","coordinates":[[-67.9686,34.0195],[-68.0262,33.7657],[-68.0418,33.7423],[-68.2021,33.8319],[-68.3686,33.8124],[-68.5554,34.0537],[-68.5787,34.3067],[-68.7134,34.4515],[-68.5517,34.5616],[-68.3725,34.6399]]},"properties":{"id":1499,"group":"searoutes","name":"Stotford route"}},{"type":"Feature","geometry":{"type":"LineString","coordinates":[[-68.7227,31.3174],[-68.7328,31.1671],[-68.5632,31.1111],[-68.3912,31.0496],[-68.234,31.0091],[-68.0495,31.0254],[-67.8705,31.4536],[-68.0098,31.6498],[-67.9655,31.8857],[-67.7165,31.9892],[-67.5904,32.1387],[-67.4666,32.2913],[-67.1818,32.4329],[-67.2713,32.6603],[-67.3561,32.8883],[-67.5491,33.0767],[-67.7227,33.1663],[-67.9025,33.2519],[-67.8939,33.4543],[-67.8822,33.6505],[-68.0262,33.7657]]},"properties":{"id":1500,"group":"searoutes","name":"Uxblerean route"}},{"type":"Feature","geometry":{"type":"LineString","coordinates":[[-67.1351,36.112],[-67.1927,36.1984],[-67.209,36.3736],[-67.2332,36.5425],[-67.1553,36.8072],[-66.904,36.8259],[-66.6191,36.822],[-66.4464,36.8173],[-66.2798,36.8158],[-66.0246,36.7706],[-66.0681,36.4888],[-65.9662,36.172],[-66.2113,35.9493],[-66.1415,35.6775],[-66.2121,35.406],[-66.0014,35.3341],[-65.8775,35.1491],[-65.664,35.1892],[-65.4728,35.086],[-65.3294,34.8241],[-65.3288,34.5255]]},"properties":{"id":1501,"group":"searoutes","name":"Twisted lane"}},{"type":"Feature","geometry":{"type":"LineString","coordinates":[[-64.3428,36.4499],[-64.6206,36.6126],[-64.7682,36.8305],[-65.0058,36.9435],[-65.1483,37.1233],[-65.2634,36.9419],[-65.3833,36.7675],[-65.5739,36.7488],[-65.8004,36.7628],[-66.0246,36.7706]]},"properties":{"id":1502,"group":"searoutes","name":"Bramping lane"}},{"type":"Feature","geometry":{"type":"LineString","coordinates":[[-65.3833,36.7675],[-65.4035,36.5215],[-65.3576,36.1455],[-65.2375,35.9453],[-65.2284,35.7119],[-65.0891,35.6224],[-64.9179,35.386],[-64.8556,35.1008],[-64.6866,34.9423],[-64.6206,34.7201],[-64.5319,34.552],[-64.3426,34.4065],[-64.2525,34.1853]]},"properties":{"id":1503,"group":"searoutes","name":"Bolworth route"}},{"type":"Feature","geometry":{"type":"LineString","coordinates":[[-68.7134,34.4515],[-68.75,34.6687],[-68.7865,34.8922],[-68.8511,35.0502],[-68.9095,35.209],[-69.0535,35.3849],[-69.1951,35.5554],[-69.3165,35.8435],[-69.4893,36.0311],[-69.4659,36.4281],[-69.2644,36.6398],[-69.2169,36.9271],[-69.2473,37.1957],[-69.1002,37.3078],[-68.9523,37.4129],[-68.7811,37.6425],[-68.5398,37.627],[-68.3297,37.4946],[-68.0418,37.3156],[-67.8869,37.0236],[-67.6449,36.8874],[-67.5795,36.6842],[-67.4036,36.6149],[-67.2332,36.5425]]},"properties":{"id":1504,"group":"searoutes","name":"Nightshade route"}},{"type":"Feature","geometry":{"type":"LineString","coordinates":[[-67.7165,31.9892],[-67.855,32.0997],[-67.9951,32.208],[-68.1663,32.1698],[-68.3406,32.1387],[-68.5601,32.3372],[-68.6254,32.4968],[-68.9095,32.5178],[-69.1484,32.4796],[-69.3336,32.4423],[-69.5259,32.4119],[-69.7539,32.5357],[-69.9874,32.6532],[-70.0558,32.7358],[-70.1741,32.9405],[-70.501,33.0417],[-70.7726,33.1709],[-70.8279,33.3687],[-70.8839,33.5703],[-71.0458,33.6801],[-71.2092,33.7867],[-71.3571,33.8669],[-71.5073,33.9424],[-71.7765,34.1308],[-71.9096,34.2484],[-72.0497,34.3698],[-72.3322,34.4352],[-72.5633,34.3651],[-72.7992,34.2951],[-72.9836,34.2561],[-73.1704,34.2149],[-73.2381,34.1004]]},"properties":{"id":1505,"group":"searoutes","name":"Wandering route"}},{"type":"Feature","geometry":{"type":"LineString","coordinates":[[-66.9896,30.0648],[-67.1001,29.9978],[-67.2153,30.1862],[-66.9756,30.4073],[-66.9989,30.6128],[-66.7577,30.9009],[-66.6791,31.0815],[-66.8145,31.4591],[-67.0067,31.438],[-67.2013,31.4248],[-67.4736,31.3446],[-67.711,31.4653],[-67.8705,31.4536]]},"properties":{"id":1506,"group":"searoutes","name":"The Fabled Shadowed route"}},{"type":"Feature","geometry":{"type":"LineString","coordinates":[[-67.1001,29.9978],[-66.9841,29.8126],[-66.7211,29.7262],[-66.4931,29.8188],[-66.2588,29.9138],[-66.0572,29.8811],[-65.8533,29.8507],[-65.6603,29.7954],[-65.4743,29.7402],[-65.3724,29.5853],[-65.2642,29.4233],[-65.1623,29.2739],[-65.0603,29.1291],[-64.7887,29.1104],[-64.5124,29.0886],[-64.4385,28.9313],[-64.3708,28.778],[-64.2937,28.5826],[-64.3607,28.3319],[-64.1739,28.0049],[-63.9077,27.9403],[-63.8626,27.7558],[-63.8143,27.5768],[-63.7848,27.351],[-63.5357,27.2109],[-63.3412,27.133],[-63.3777,26.9672],[-63.2633,26.7672],[-63.1458,26.5733],[-63.1233,26.339],[-63.0952,26.1008],[-62.9987,25.9342],[-62.9007,25.7715],[-62.5878,25.6866],[-62.4446,25.689]]},"properties":{"id":1507,"group":"searoutes","name":"Quatlean lane"}},{"type":"Feature","geometry":{"type":"LineString","coordinates":[[-72.7595,30.6923],[-72.9104,30.6121],[-73.0926,30.6673],[-73.147,30.9398],[-73.0124,31.1601],[-72.8412,31.1508]]},"properties":{"id":1508,"group":"searoutes","name":"Darmington route"}},{"type":"Feature","geometry":{"type":"LineString","coordinates":[[-72.8871,29.9029],[-73.0034,29.9726],[-73.1346,30.0072],[-73.1392,30.2314],[-73.14,30.461],[-73.0926,30.6673]]},"properties":{"id":1509,"group":"searoutes","name":"Kingtontan lane"}},{"type":"Feature","geometry":{"type":"LineString","coordinates":[[-71.9003,18.0567],[-72.0357,17.9727],[-71.9563,17.7991],[-71.8762,17.6278],[-71.7222,17.4852],[-71.5867,17.325],[-71.3628,17.2161],[-71.203,17.0252]]},"properties":{"id":1510,"group":"searoutes","name":"The Great Whispering route"}},{"type":"Feature","geometry":{"type":"LineString","coordinates":[[60.9496,0.5534],[60.7395,0.407],[60.4625,0.6242],[60.1675,0.7807],[59.9916,0.9901],[59.7558,0.9231],[59.4898,0.9552],[59.278,1.1193],[59.0429,1.2065]]},"properties":{"id":1511,"group":"searoutes","name":"Whisperwind water way"}},{"type":"Feature","geometry":{"type":"LineString","coordinates":[[60.9496,0.5534],[61.191,0.4928],[61.4298,0.5627],[61.7792,0.4062],[61.9472,0.2285],[62.1816,0.1587],[62.4765,0.0014],[62.3474,-0.2936],[62.1349,-0.3785],[61.9279,-0.4594],[61.6392,-0.5988],[61.489,-0.6899],[61.4734,-0.9865],[61.2788,-1.2115],[61.078,-1.4403],[60.8664,-1.4684],[60.6485,-1.4995],[60.4772,-1.6085],[60.3084,-1.7144],[60.127,-1.9043],[59.829,-1.8732],[59.7535,-2.0211],[59.6749,-2.1705],[59.45,-2.2157],[59.2282,-2.2554],[59.2243,-2.3177]]},"properties":{"id":1512,"group":"searoutes","name":"Ebon lane"}},{"type":"Feature","geometry":{"type":"LineString","coordinates":[[62.4026,0.228],[62.4765,0.0014]]},"properties":{"id":1513,"group":"searoutes","name":null}},{"type":"Feature","geometry":{"type":"LineString","coordinates":[[61.973,4.4185],[62.2509,4.6209],[62.3941,4.8193],[62.4151,5.0631],[62.4921,5.2079],[62.524,5.4212],[62.5528,5.6306],[62.7497,5.6314],[62.9435,5.6345],[63.2089,5.6314],[63.4719,5.6228],[63.6836,5.5847],[63.8945,5.5489],[64.1116,5.5769],[64.3218,5.4212],[64.5474,5.2499],[64.7864,5.2639],[64.8587,5.0086],[64.9373,4.7455],[64.8907,4.4419],[64.7731,4.3158],[64.6541,4.192],[64.4696,4.0589],[64.2875,3.9257],[64.0525,3.8027],[63.8081,3.6774],[63.742,3.8191]]},"properties":{"id":1514,"group":"searoutes","name":"The Frosty Molten route"}},{"type":"Feature","geometry":{"type":"LineString","coordinates":[[63.9552,7.9956],[64.1435,8.2206],[64.3916,8.3625],[64.5474,8.6021],[64.5451,8.9828],[64.8417,9.039],[65.1342,8.9648],[65.3181,8.8015],[65.5592,8.7531],[65.7686,8.7804],[65.9716,8.8387],[66.0292,8.5538],[65.8207,8.3903],[65.7615,8.1692],[65.7008,7.9458],[65.6759,7.7566],[65.6518,7.5644],[65.3304,7.5153],[65.1311,7.453],[64.9335,7.3978],[64.8121,7.2857],[64.6875,7.1572],[64.556,7.0319],[64.4696,6.7913],[64.3801,6.5453],[64.4307,6.3787],[64.4867,6.2098],[64.3039,5.9833],[64.3218,5.7949],[64.1116,5.5769]]},"properties":{"id":1515,"group":"searoutes","name":"Dierdeek route"}},{"type":"Feature","geometry":{"type":"LineString","coordinates":[[63.433,2.8234],[63.5809,2.8919],[63.8626,2.8911],[64.0953,2.5393],[64.2214,2.4233],[64.3529,2.2528],[64.2206,2.0426],[63.9529,2.006],[63.6486,1.8931],[63.4244,1.8036],[63.4112,1.5522],[63.4019,1.3038],[63.468,0.994],[63.6657,0.783],[63.6136,0.6024],[63.5669,0.4249],[63.6992,0.2209],[63.6136,0.0808],[63.3925,0.1447],[63.2167,0.0497],[63.0431,-0.0523],[62.9054,-0.1527],[62.7692,-0.2469],[62.6252,-0.1216],[62.4765,0.0014]]},"properties":{"id":1516,"group":"searoutes","name":"Stiolese water way"}},{"type":"Feature","geometry":{"type":"LineString","coordinates":[[63.8081,3.6774],[63.5637,3.5466],[63.5957,3.3185],[63.5902,3.1013],[63.5809,2.8919]]},"properties":{"id":1517,"group":"searoutes","name":"Obsidian route"}},{"type":"Feature","geometry":{"type":"LineString","coordinates":[[71.7298,16.0607],[71.7213,15.8941],[71.6209,16.0062]]},"properties":{"id":1518,"group":"searoutes","name":null}},{"type":"Feature","geometry":{"type":"LineString","coordinates":[[59.6749,-2.1705],[59.8079,-2.3636],[59.8002,-2.7373],[59.6546,-2.9288],[59.5745,-3.1577],[59.492,-3.3912],[59.2476,-3.5469],[58.9962,-3.7065],[58.8351,-3.6481],[58.6779,-3.5921],[58.5783,-3.7493],[58.4709,-3.9058],[58.2982,-4.0841],[58.1231,-4.2623],[57.8779,-4.3954],[57.6273,-4.5301],[57.4997,-4.6843],[57.2242,-4.6212],[56.9456,-4.5574],[56.7962,-4.4655],[56.6436,-4.3791],[56.3136,-4.3721],[56.1891,-4.5122],[56.0693,-4.6531],[56.0802,-4.8236],[56.0973,-4.9988],[56,-5.1475]]},"properties":{"id":1519,"group":"searoutes","name":"The Cobbled Old passage"}},{"type":"Feature","geometry":{"type":"LineString","coordinates":[[56.0973,-4.9988],[55.8389,-5.1039],[55.5276,-5.3047],[55.2977,-5.438],[55.0358,-5.483],[54.7408,-5.6496]]},"properties":{"id":1520,"group":"searoutes","name":"His route"}},{"type":"Feature","geometry":{"type":"LineString","coordinates":[[57.8024,-8.108],[57.8118,-7.9749],[57.5666,-7.8908],[57.316,-7.8106],[57.1448,-7.6075],[56.8662,-7.5872],[56.593,-7.5646],[56.4771,-7.4237],[56.3666,-7.2797],[56.3845,-7.0493],[56.186,-7.0704],[55.9868,-7.0578],[55.6187,-7.089],[55.4162,-7.0423],[55.2879,-6.8788]]},"properties":{"id":1521,"group":"searoutes","name":"The Rustic Cerulean route"}},{"type":"Feature","geometry":{"type":"LineString","coordinates":[[65.8245,-9.3318],[66.0401,-9.2516],[66.065,-9.0508],[66.0837,-8.8421],[66.1895,-8.7004],[66.0806,-8.4202],[65.8596,-8.2933],[65.6634,-8.0699],[65.4891,-8.0621],[65.3086,-8.059],[65.1623,-7.9765],[65.0167,-7.8885],[64.8899,-7.7429],[64.7661,-7.595],[64.4587,-7.5576],[64.2439,-7.6106],[64.0291,-7.6643],[63.8704,-7.8363],[63.7108,-8.0068],[63.5855,-8.0607],[63.4501,-8.0777]]},"properties":{"id":1522,"group":"searoutes","name":"Bug passage"}},{"type":"Feature","geometry":{"type":"LineString","coordinates":[[66.0401,-9.2516],[66.2207,-9.44],[66.4067,-9.6346],[66.4619,-9.7981],[66.5195,-9.9639],[66.6876,-10.0161],[66.8495,-10.0667],[67.1359,-10.1142],[67.2814,-9.9149],[67.5818,-9.8082],[67.7694,-9.7358],[67.9616,-9.6634],[68.1896,-9.6969],[68.4231,-9.7312],[68.6099,-9.7047],[68.7998,-9.6735],[69.0753,-9.7864],[69.1313,-9.9772],[69.1936,-10.1663],[69.4348,-10.1873],[69.6745,-10.2037],[69.9002,-10.3469],[70.1352,-10.1718],[70.3703,-9.9989],[70.5695,-10.1897],[70.6411,-10.3975],[70.7088,-10.6023],[70.4473,-10.7946],[70.2131,-10.9035],[69.9843,-11.0156],[69.9173,-11.1838],[69.8496,-11.3551],[69.9671,-11.6314],[69.8006,-11.7443],[69.6325,-11.8556],[69.4582,-11.7443],[69.2784,-11.64],[69.0924,-11.6042],[68.9118,-11.5606],[68.5087,-11.573],[68.3647,-11.4477],[68.1663,-11.5575],[67.8472,-11.4096],[67.4729,-11.3255],[67.2402,-11.4407],[67.0051,-11.5629],[66.851,-11.3862],[66.6892,-11.2095],[66.4386,-11.0904],[66.1864,-10.9721],[66.0783,-10.9285],[66.1312,-10.6451],[65.9405,-10.4754],[65.7467,-10.308],[65.5747,-10.382],[65.4027,-10.4583],[65.2323,-10.4676],[65.0572,-10.4762],[64.9054,-10.5844],[64.6408,-10.5299],[64.4852,-10.5532],[64.4307,-10.7377],[64.2284,-10.8413],[64.0245,-10.9448],[63.8315,-10.8646],[63.633,-10.7837],[63.4813,-10.9035],[63.3342,-11.0242],[63.1388,-10.9736],[62.9396,-10.9277],[62.7334,-10.8545],[62.4221,-10.8561],[62.275,-10.7712],[62.1341,-10.6902],[61.917,-10.67],[61.6967,-10.6505],[61.5823,-10.7946],[61.3489,-10.7089],[61.2197,-10.4738],[61.0687,-10.3975],[60.9185,-10.3275],[60.8025,-10.2629],[60.5239,-10.2496],[60.2453,-10.2372],[60.008,-10.3905],[59.9963,-10.5595],[59.7543,-10.7175],[59.7239,-10.9222],[59.8624,-11.0826],[60.008,-11.2352],[60.2049,-11.3784],[59.9473,-11.5824],[59.6469,-11.4874],[59.3807,-11.6415]]},"properties":{"id":1523,"group":"searoutes","name":"Phoenix route"}},{"type":"Feature","geometry":{"type":"LineString","coordinates":[[66.5195,-9.9639],[66.4339,-10.0628]]},"properties":{"id":1524,"group":"searoutes","name":null}},{"type":"Feature","geometry":{"type":"LineString","coordinates":[[57.8118,-7.9749],[57.8935,-7.8285],[57.9822,-7.6892],[58.2919,-7.595],[58.4772,-7.6028],[58.6639,-7.6036],[58.9052,-7.5716],[59.1503,-7.5343],[59.4367,-7.4074],[59.6212,-7.5639],[59.6679,-7.486],[59.9045,-7.5639],[60.0803,-7.5327],[60.2562,-7.4954],[60.4305,-7.4315],[60.6018,-7.3747],[60.8741,-7.3926],[61.1442,-7.4144],[61.3644,-7.1513],[61.5668,-6.8477],[61.7901,-6.8056],[61.9901,-6.5869],[62.2384,-6.6515],[62.3917,-6.5596],[62.5435,-6.4639],[62.8353,-6.4351],[63.1388,-6.5752],[63.1443,-6.7542],[63.2805,-6.8204],[63.4579,-6.9255],[63.6408,-7.0345],[63.9194,-7.1653],[63.9715,-7.4159],[64.0291,-7.6643]]},"properties":{"id":1525,"group":"searoutes","name":"Imperial water way"}},{"type":"Feature","geometry":{"type":"LineString","coordinates":[[60.008,-10.3905],[59.7924,-10.3742],[59.5714,-10.3563],[59.411,-10.4287],[59.2538,-10.5042],[59.0818,-10.5275],[58.8939,-10.5879],[58.7005,-10.628],[58.3978,-10.389],[58.1814,-10.2168],[58.0297,-9.9857],[57.783,-9.9896],[57.5842,-10.0727],[57.3689,-10.0667],[57.0872,-9.8775],[56.7137,-9.8059],[56.6068,-9.9769],[56.5907,-10.178],[56.4086,-10.2426]]},"properties":{"id":1526,"group":"searoutes","name":"Eeblinese water way"}},{"type":"Feature","geometry":{"type":"LineString","coordinates":[[66.9919,-10.8958],[67.1203,-10.9526],[67.2946,-11.1371],[67.4729,-11.3255],[67.7203,-11.1527],[67.7468,-11.0437]]},"properties":{"id":1527,"group":"searoutes","name":"Sluyaghan passage"}},{"type":"Feature","geometry":{"type":"LineString","coordinates":[[59.7239,-10.9222],[59.5044,-10.9269],[59.2819,-10.9285],[59.1822,-10.8491],[59.1309,-10.6856],[59.0818,-10.5275]]},"properties":{"id":1528,"group":"searoutes","name":"Iron route"}},{"type":"Feature","geometry":{"type":"LineString","coordinates":[[60.2049,-11.3784],[60.3979,-11.524],[60.6282,-11.7155],[60.8197,-11.7677],[61.0134,-11.8198],[61.1854,-12.0946],[61.359,-12.3686],[61.489,-12.4916],[61.6244,-12.6154],[61.6602,-12.7875],[61.7925,-12.8264],[61.9645,-13.0304],[62.0594,-13.3449],[62.3186,-13.4834],[62.5162,-13.4959],[62.7108,-13.5029],[62.8587,-13.5971],[63.0042,-13.6874],[63.1855,-13.6905],[63.2867,-14.0097],[63.0976,-14.1607],[62.8898,-14.1576],[62.6804,-14.1537],[62.4618,-14.3756],[62.0921,-14.3756],[62.0649,-14.0953],[62.0353,-13.8119],[61.7349,-13.7979],[61.559,-13.9085],[61.3847,-14.019],[61.1854,-13.8929],[60.9815,-13.7637],[60.7652,-13.854],[60.3932,-13.6913],[60.2438,-13.5426],[60.099,-13.3916],[59.9091,-13.3558],[59.7192,-13.3192],[59.5278,-13.3402],[59.3426,-13.3565],[59.1231,-13.348],[58.9083,-13.3371],[58.6741,-13.3067],[58.5939,-13.2234]]},"properties":{"id":1529,"group":"searoutes","name":"Queen route"}},{"type":"Feature","geometry":{"type":"LineString","coordinates":[[58.7916,-13.9342],[58.6826,-13.8431],[58.8367,-13.6103],[58.7573,-13.457],[58.6741,-13.3067],[58.5783,-13.4414],[58.3137,-13.4492],[58.1534,-13.3098],[57.9719,-13.4394],[57.7775,-13.5488],[57.8128,-13.7874],[57.7511,-14.0206],[57.5826,-14.2053],[57.3557,-14.3102],[57.165,-14.571],[56.8646,-14.6068],[56.5004,-14.5266],[56.2462,-14.4499],[55.9821,-14.4783],[55.8963,-14.6988],[55.9167,-14.9345],[55.7004,-15.2156],[55.3432,-15.27],[55.1556,-15.1704],[55.0451,-14.989],[54.7971,-14.8761],[54.6171,-14.6714],[54.7939,-14.4696],[54.8692,-14.2121],[54.5795,-14.1832],[54.3019,-14.2713],[54.196,-14.1763]]},"properties":{"id":1530,"group":"searoutes","name":"Duptantyrdiakan route"}},{"type":"Feature","geometry":{"type":"LineString","coordinates":[[64.7194,7.5457],[64.9335,7.3978]]},"properties":{"id":1531,"group":"searoutes","name":null}},{"type":"Feature","geometry":{"type":"LineString","coordinates":[[65.9716,8.8387],[65.9164,9.1174],[65.7459,9.1813],[65.7615,9.3447],[65.9428,9.4475],[66.1226,9.5666],[66.1662,9.7729],[66.2082,9.9831],[66.2907,10.1622],[66.3802,10.3412],[66.5709,10.4424],[66.7678,10.5483],[66.974,10.6565],[67.0044,10.904],[67.1779,10.9951],[67.3569,11.0792],[67.4892,11.1975],[67.6285,11.3236],[67.8161,11.4622],[67.9974,11.6062],[68.0931,11.8164],[68.2363,11.9215],[68.3772,12.0227],[68.3429,12.2804],[68.4698,12.3886],[68.5943,12.503],[68.7733,12.5599],[68.8807,12.9024],[69.0955,13.1391],[69.2714,13.1827],[69.4037,13.4396],[69.3609,13.6568],[69.5414,13.8584],[69.7928,14.0001],[70.0364,14.1355],[70.2286,14.2803],[70.4255,14.4204],[70.5625,14.5279],[70.6333,14.7785],[70.7049,15.0277],[70.8823,15.1989],[71.2403,15.1366],[71.5905,15.0899],[71.7532,15.2877],[71.6769,15.5547],[71.6995,15.7205],[71.7213,15.8941]]},"properties":{"id":1532,"group":"searoutes","name":"Enchanted route"}},{"type":"Feature","geometry":{"type":"LineString","coordinates":[[56.3845,-7.0493],[56.586,-7.0189],[56.7907,-6.987],[56.7728,-6.7854],[56.7588,-6.5806],[56.765,-6.4039],[56.7759,-6.2249],[56.8973,-6.0225],[57.0903,-6.0046],[57.2514,-5.7329],[57.1308,-5.5476],[57.0032,-5.3569],[56.8039,-5.3763],[56.7028,-5.244],[56.6016,-4.9715],[56.3899,-4.8516],[56.228,-4.7535],[56.0802,-4.8236]]},"properties":{"id":1533,"group":"searoutes","name":"Rain passage"}},{"type":"Feature","geometry":{"type":"LineString","coordinates":[[58.8367,-13.6103],[59.0406,-13.6967],[59.162,-13.8462],[59.2819,-13.9926],[59.4811,-13.9085],[59.6601,-14.0875],[59.6469,-14.346],[59.6367,-14.5157],[59.8033,-14.5741],[59.8624,-14.8582],[59.9239,-15.147],[59.7535,-15.4032],[59.5823,-15.6554],[59.5846,-15.7667],[59.8313,-15.8703],[60.0803,-15.973],[60.1893,-16.1349],[60.3014,-16.3023],[60.2671,-16.5008],[60.0648,-16.6643],[59.8881,-16.6285],[59.8414,-16.8605],[59.7379,-17.0847],[59.6398,-17.3019],[59.7223,-17.4817],[59.6881,-17.7511],[59.555,-17.6989]]},"properties":{"id":1534,"group":"searoutes","name":"Eanoth route"}},{"type":"Feature","geometry":{"type":"LineString","coordinates":[[59.6881,-17.7511],[59.699,-17.9644],[59.7068,-18.1769],[59.9901,-18.3256],[59.9294,-18.6463],[60.1426,-18.774],[60.3481,-18.8947],[60.5084,-18.992],[60.6757,-19.0908],[60.8897,-19.2722],[61.1099,-19.4544],[61.2944,-19.5369],[61.4742,-19.6233],[61.6283,-19.5665],[61.8547,-19.6147],[62.0781,-19.6622],[62.1014,-19.969],[62.2446,-20.1753],[62.2119,-20.4213],[62.2516,-20.5956],[62.2898,-20.7739],[62.454,-21.0549],[62.6112,-21.3305],[62.6096,-21.631],[62.3295,-21.5999],[62.1582,-21.4488],[61.917,-21.3897],[61.6695,-21.3336],[61.4967,-21.1561],[61.3294,-20.9802],[61.3489,-20.7124],[61.1387,-20.4633],[60.9185,-20.4695],[60.8741,-20.3076],[60.8243,-20.1379],[60.8095,-19.9993],[60.5317,-19.9261],[60.2461,-19.8569],[60.0803,-19.7549],[59.9138,-19.656],[59.6803,-19.5034],[59.5122,-19.5603],[59.3363,-19.6218],[59.1231,-19.5603],[58.913,-19.505],[58.8507,-19.3345],[58.7861,-19.1671],[58.9083,-19.1126]]},"properties":{"id":1535,"group":"searoutes","name":"Sylvan lane"}},{"type":"Feature","geometry":{"type":"LineString","coordinates":[[58.0857,-22.6135],[58.1713,-22.8353],[58.4655,-22.9614],[58.4826,-23.0704],[58.6639,-23.1568],[58.8437,-23.2503],[58.8172,-23.4908],[59.0686,-23.6364],[59.2321,-23.7173],[59.3947,-23.8053],[59.6827,-23.8224],[59.9076,-23.7905],[59.9356,-23.536],[59.9403,-23.367],[59.9496,-23.1958],[59.7535,-23.0323],[59.5605,-22.8657],[59.52,-22.6586],[59.4795,-22.457],[59.155,-22.4842],[58.9885,-22.3083],[58.983,-22.137],[58.9737,-21.9611],[58.8507,-21.7166],[58.7285,-21.4668],[58.6538,-21.3375],[58.5783,-21.1639],[58.5075,-20.9973],[58.3293,-20.8058],[58.1511,-20.6096],[58.0725,-20.4166],[57.9931,-20.2243],[57.9557,-19.9573],[57.9215,-19.684],[58.1114,-19.5525],[58.2515,-19.2566],[58.3526,-19.1788],[58.5098,-19.2675],[58.7861,-19.1671]]},"properties":{"id":1536,"group":"searoutes","name":"Storm lane"}},{"type":"Feature","geometry":{"type":"LineString","coordinates":[[61.1387,-20.4633],[61.3637,-20.4508],[61.5699,-20.4158]]},"properties":{"id":1537,"group":"searoutes","name":null}},{"type":"Feature","geometry":{"type":"LineString","coordinates":[[61.4897,-20.2741],[61.3637,-20.4508]]},"properties":{"id":1538,"group":"searoutes","name":null}},{"type":"Feature","geometry":{"type":"LineString","coordinates":[[55.965,-21.0954],[55.8179,-21.3087],[55.87,-21.5298],[56.1012,-21.6637],[56.2669,-21.7634],[56.4296,-21.87],[56.7199,-21.8926],[56.7728,-22.0903],[56.8179,-22.2912],[56.9751,-22.4406],[57.1246,-22.5901],[57.302,-22.643],[57.5666,-22.8766],[57.8577,-22.861],[58.1713,-22.8353]]},"properties":{"id":1539,"group":"searoutes","name":"Crimson route"}},{"type":"Feature","geometry":{"type":"LineString","coordinates":[[-57.2133,-16.3817],[-57.0343,-16.3],[-57.0953,-16.4965],[-57.0794,-16.7017],[-57.1036,-16.9191],[-57.309,-16.9944],[-57.4468,-17.1508],[-57.6522,-17.1158],[-57.814,-17.2059],[-57.9479,-17.3338],[-58.0351,-17.182],[-58.1892,-16.9835],[-58.3402,-16.7912],[-58.3021,-16.5187],[-58.3768,-16.2058],[-58.3838,-16.0104],[-58.3931,-15.8173],[-58.253,-15.6756],[-58.3137,-15.5044],[-58.3791,-15.3315],[-58.2826,-15.193],[-58.1915,-15.0466],[-58.1036,-14.8349],[-58.0203,-14.6161],[-58.0491,-14.3133],[-57.9168,-14.1265],[-57.9635,-14.0875],[-57.8826,-13.8602],[-58.0273,-13.6687],[-58.0102,-13.4103],[-58.1114,-13.3013],[-57.997,-13.1471],[-57.7736,-13.1432]]},"properties":{"id":1540,"group":"searoutes","name":"Digrin route"}},{"type":"Feature","geometry":{"type":"LineString","coordinates":[[-57.8709,-17.0574],[-58.0351,-17.182]]},"properties":{"id":1541,"group":"searoutes","name":null}},{"type":"Feature","geometry":{"type":"LineString","coordinates":[[-57.9479,-17.3338],[-57.867,-17.4879],[-57.6367,-17.5681],[-57.7145,-17.7464],[-57.79,-17.9278],[-57.7767,-18.1123],[-57.769,-18.3022],[-57.7573,-18.5498],[-57.9246,-18.6728],[-58.0966,-18.8005],[-58.267,-18.9608],[-58.3371,-19.2644],[-58.2297,-19.41],[-58.2281,-19.677],[-58.2219,-19.9417],[-58.0647,-20.0273],[-57.9067,-20.1075],[-57.73,-20.1986],[-57.481,-20.0273],[-57.4001,-19.7525],[-57.2008,-19.5462],[-57.2164,-19.3734],[-57.2343,-19.1928],[-57.0685,-19.0231],[-56.8989,-18.8518],[-56.9207,-18.6261],[-56.937,-18.4058],[-56.8506,-18.222],[-56.7899,-18.247],[-56.5004,-18.2913],[-56.2132,-18.3373],[-56.0023,-18.3925],[-55.7891,-18.4501],[-55.5743,-18.2913],[-55.3642,-18.1294],[-55.0723,-18.2399],[-54.8895,-18.268],[-54.7027,-18.2983],[-54.5315,-18.3614],[-54.3641,-18.4167],[-54.3058,-18.7039],[-54.2474,-18.9966],[-54.3556,-19.0885],[-54.4926,-19.2722],[-54.628,-19.4489],[-54.6638,-19.6537],[-54.7011,-19.8537],[-54.7338,-20.0507],[-54.7712,-20.2547],[-54.9128,-20.4166],[-54.9128,-20.6455],[-54.9828,-20.8292],[-54.8731,-21.0923],[-54.9906,-21.2885],[-55.1019,-21.4823],[-55.0295,-21.6544],[-54.9548,-21.8194],[-55.1852,-21.9891],[-55.4171,-22.1612],[-55.5821,-22.443],[-55.5821,-22.7209],[-55.5883,-23.0011],[-55.7097,-23.2541],[-55.5399,-23.3398],[-55.3899,-23.4566]]},"properties":{"id":1542,"group":"searoutes","name":"Enchanted route"}},{"type":"Feature","geometry":{"type":"LineString","coordinates":[[-58.1114,-13.3013],[-58.2258,-13.4562],[-58.4616,-13.5348],[-58.734,-13.418],[-58.7706,-13.2211],[-58.846,-13.1323],[-58.9441,-12.9821],[-59.2009,-12.9354],[-59.3636,-13.0374],[-59.5589,-13.0911],[-59.8469,-12.9899],[-59.9356,-12.8318],[-59.8834,-12.5057],[-59.8313,-12.3359],[-59.7862,-12.167],[-59.5589,-12.1335],[-59.3356,-12.1063],[-59.092,-12.0635],[-58.8476,-12.0269],[-58.7573,-11.8299],[-58.6748,-11.6314],[-58.6873,-11.4329],[-58.4616,-11.1916],[-58.2242,-11.1597],[-57.9588,-11.0546],[-57.5837,-11.0476],[-57.3222,-11.3302],[-57.1012,-11.3994],[-57.053,-11.5302],[-56.8219,-11.5215],[-56.6133,-11.6213],[-56.4118,-11.5237],[-56.1883,-11.5364],[-55.8047,-11.5108],[-55.6319,-11.236],[-55.3587,-11.2523],[-55.1424,-11.0678],[-55.1979,-10.7779],[-55.1323,-10.4902]]},"properties":{"id":1543,"group":"searoutes","name":"Geggodhan lane"}},{"type":"Feature","geometry":{"type":"LineString","coordinates":[[-63.4143,2.4381],[-63.3295,2.484],[-63.1233,2.245],[-62.9248,2.0006],[-62.7108,1.9725],[-62.4991,1.9445],[-62.331,2.0652],[-62.3528,2.245],[-62.373,2.4311],[-62.3528,2.6265],[-62.3349,2.8226],[-62.1427,2.8678],[-61.9458,2.9199],[-61.6609,3.0694],[-61.4967,3.0001],[-61.3286,2.9238],[-61.0998,2.9612],[-60.8671,2.9947],[-60.6376,3.0422],[-60.5006,3.1325],[-60.4173,3.011],[-60.3761,2.8055],[-60.3278,2.6031],[-60.1737,2.4396],[-60.0189,2.273],[-60.1893,2.0971],[-60.3589,1.9289],[-60.4438,1.7328],[-60.5628,1.6066],[-60.6881,1.4844],[-60.8586,1.3575],[-60.9053,1.015],[-60.7784,0.7947],[-60.8267,0.5962],[-61.0469,0.4296],[-61.1932,0.291],[-61.3426,0.1517],[-61.5349,-0.0056],[-61.6602,-0.1605],[-61.7808,-0.3185],[-61.8314,-0.5108],[-61.8859,-0.7078],[-61.9154,-0.8915],[-61.8469,-1.0791],[-61.7722,-1.2652],[-61.9178,-1.3874],[-62.0804,-1.5696],[-62.2462,-1.7525],[-62.5116,-1.5968],[-62.6719,-1.663],[-62.8314,-1.7362],[-62.8937,-1.849],[-62.8945,-2.1729],[-62.8275,-2.3714],[-62.7637,-2.5691],[-62.9287,-2.6984],[-63.0454,-2.9942],[-63.0065,-3.1647],[-62.8353,-3.29],[-62.661,-3.4184],[-62.6851,-3.6855],[-62.8664,-3.9182],[-62.9863,-4.1564],[-62.7497,-4.3487],[-62.5193,-4.5379],[-62.5941,-4.7458],[-62.6618,-4.9552],[-62.524,-5.1506],[-62.3839,-5.3514],[-62.1022,-5.4744],[-61.8625,-5.4075],[-61.6275,-5.3397],[-61.4734,-5.2128],[-61.3154,-5.0852],[-61.131,-4.8859],[-60.9753,-4.9092],[-60.8648,-5.0696],[-60.5854,-5.1],[-60.3916,-5.1428],[-60.2041,-5.1918],[-60.057,-5.1116],[-59.9091,-5.0361],[-59.7698,-4.9489],[-59.7838,-4.717],[-59.4889,-4.6056],[-59.1994,-4.4873],[-59.0461,-4.5286],[-58.6126,-4.6033],[-58.4157,-4.6399],[-58.4102,-4.9684],[-58.3682,-5.135],[-58.3324,-5.3032],[-58.1736,-5.6099],[-58.0157,-5.6994],[-57.8935,-5.8823],[-57.7728,-6.0661],[-57.9246,-6.1859],[-57.909,-6.4973],[-57.7448,-6.6811],[-57.5199,-6.5752],[-57.2864,-6.653],[-57.2849,-6.8453],[-57.2008,-7.0423],[-57.1121,-7.2423],[-57.053,-7.4471],[-57.1931,-7.4471],[-57.2771,-7.6573],[-57.3931,-7.8558],[-57.3721,-8.0232],[-57.3495,-8.1975],[-57.551,-8.4435],[-57.5542,-8.6771],[-57.481,-8.8795],[-57.4063,-9.0772],[-57.6795,-9.2399],[-57.7923,-9.3933],[-57.8989,-9.5435],[-57.8538,-9.7818],[-58.0569,-9.8059],[-58.0725,-10.0472],[-57.8787,-10.2574],[-57.9168,-10.4909],[-57.9581,-10.7222],[-57.9557,-10.888],[-57.9588,-11.0546]]},"properties":{"id":1544,"group":"searoutes","name":"Eternal route"}},{"type":"Feature","geometry":{"type":"LineString","coordinates":[[-54.5315,-18.3614],[-54.4848,-18.2446],[-54.2676,-18.1831],[-54.1034,-18.1901],[-54.0085,-18.0228],[-53.8247,-17.9596],[-53.631,-17.9426],[-53.5522,-17.8047],[-53.4022,-17.8569],[-53.2632,-17.7433],[-53.1267,-17.8601],[-52.9237,-17.9063],[-52.7516,-18.0235],[-52.617,-17.8165],[-52.4777,-17.6148],[-52.4536,-17.4194],[-52.4248,-17.2287],[-52.3913,-17.0535],[-52.3594,-16.8714],[-52.1578,-16.8589],[-51.9625,-16.8426],[-51.9065,-16.5304],[-51.736,-16.2011],[-51.6975,-15.9615],[-51.5594,-15.762],[-51.4325,-15.4818],[-51.3868,-15.2838],[-51.2442,-15.1393],[-51.0052,-15.0178],[-51.0355,-14.7638],[-50.9523,-14.5219],[-51.0644,-14.2713],[-51.115,-14.0622],[-51.0481,-13.8579],[-51.1142,-13.5395],[-51.3002,-13.2086],[-51.5279,-13.161],[-51.6994,-13.0039],[-51.7481,-12.7418],[-51.6722,-12.4862]]},"properties":{"id":1545,"group":"searoutes","name":"The Great Ebon passage"}},{"type":"Feature","geometry":{"type":"LineString","coordinates":[[-64.865,12.4781],[-65.0261,12.672],[-65.1467,12.6766],[-65.2448,12.5295],[-65.3584,12.2368],[-65.5568,12.0539],[-65.7849,11.9838],[-66.0518,11.7643],[-66.1973,11.6491],[-66.3491,11.5393],[-66.5787,11.1586],[-66.5257,10.8963],[-66.3685,10.6604],[-66.3296,10.4502],[-66.0962,10.3101],[-65.9506,10.0757],[-65.7148,9.9675],[-65.472,9.8624],[-65.2634,9.7963],[-65.1389,9.8663],[-65.0479,9.7239],[-64.7412,9.6452],[-64.4541,9.5783],[-64.1607,9.5098],[-64.1716,9.4],[-64.2439,9.1268],[-64.3124,8.8598],[-64.135,8.7453],[-63.9575,8.6262],[-63.7692,8.4806],[-63.5778,8.3366],[-63.4128,8.0423],[-63.5295,7.8423],[-63.5046,7.5698],[-63.7373,7.5301],[-63.9856,7.418],[-64.2813,7.3121],[-64.4385,7.1728],[-64.5949,7.0264],[-64.7654,7.0093],[-64.942,6.9883],[-65.1708,6.8629],[-65.423,6.7547],[-65.5825,6.877],[-65.9094,6.8225],[-66.0697,6.6489],[-66.1895,6.4955],[-66.3125,6.3492],[-66.5164,6.0985],[-66.3693,5.9404]]},"properties":{"id":1546,"group":"searoutes","name":"The Silent Scarlet route"}},{"type":"Feature","geometry":{"type":"LineString","coordinates":[[-66.5164,6.0985],[-66.7203,5.8463],[-66.8666,5.7015],[-66.6409,5.3667],[-66.4643,5.4196],[-66.2643,5.2554],[-66.1584,5.0942],[-65.8315,5.1332],[-65.6152,5.3286],[-65.458,5.4679],[-65.3062,5.6026],[-65.1778,5.4679],[-64.9054,5.4913],[-64.7669,5.647],[-64.5786,5.6314],[-64.3934,5.6205],[-64.2206,5.6859],[-64.0486,5.7489],[-63.8159,5.7559],[-63.5809,5.7591],[-63.489,5.608],[-63.3902,5.4523],[-63.2011,5.3278],[-63.0174,5.2063],[-63.0594,5.0109],[-63.0221,4.814],[-63.1622,4.6427],[-63.3443,4.6575],[-63.5591,4.5337],[-63.7715,4.4138],[-63.9482,4.213],[-64.0572,4.0822],[-64.1669,3.9475],[-64.3373,3.9265],[-64.5085,3.9039],[-64.4743,3.6432],[-64.472,3.4579],[-64.4852,3.2025],[-64.4976,2.9511],[-64.3622,2.7066],[-64.4198,2.3937],[-64.4229,2.1983],[-64.4229,2.0044],[-64.3996,1.7857],[-64.1583,1.63],[-63.9389,1.6822],[-63.7147,1.6689],[-63.4953,1.6596],[-63.3256,1.739],[-63.1528,1.8145],[-62.9248,2.0006]]},"properties":{"id":1547,"group":"searoutes","name":"Whispering lane"}},{"type":"Feature","geometry":{"type":"LineString","coordinates":[[-0.7494,-2.7964],[-0.6973,-2.9202],[-0.4747,-2.893],[-0.242,-2.6462],[-0.2646,-2.4648],[-0.2848,-2.2881],[-0.5059,-2.1846]]},"properties":{"id":1548,"group":"searoutes","name":"The Great Azure route"}},{"type":"Feature","geometry":{"type":"LineString","coordinates":[[-1.818,-3.775],[-1.693,-3.8705],[-1.5487,-3.933],[-1.4242,-3.7804],[-1.3074,-3.6325],[-1.1907,-3.4535],[-1.0677,-3.276],[-0.7938,-3.2199],[-0.6973,-2.9202]]},"properties":{"id":1549,"group":"searoutes","name":"Nightshade passage"}},{"type":"Feature","geometry":{"type":"LineString","coordinates":[[-2.5449,-4.8937],[-2.425,-4.6811],[-2.2133,-4.6042],[-2.0149,-4.4974],[-1.8833,-4.3799],[-1.7573,-4.2662],[-1.6499,-4.0996],[-1.5487,-3.933]]},"properties":{"id":1550,"group":"searoutes","name":"Ki'hej'jan route"}},{"type":"Feature","geometry":{"type":"LineString","coordinates":[[-2.7682,-7.6355],[-2.7005,-7.6573],[-2.7215,-7.9726],[-2.6476,-8.2497],[-2.8951,-8.4669],[-3.0904,-8.47],[-3.183,-8.3034],[-3.2686,-8.1376],[-3.2352,-8.0263]]},"properties":{"id":1551,"group":"searoutes","name":"Her'jan'jian passage"}},{"type":"Feature","geometry":{"type":"LineString","coordinates":[[-2.0149,-4.4974],[-1.8522,-4.5589],[-1.6919,-4.6134],[-1.3074,-4.7224],[-1.4164,-5.0883],[-1.6164,-5.2852],[-1.6436,-5.6029],[-1.8444,-5.7344],[-2.0421,-5.866],[-2.2336,-5.8434],[-2.4328,-5.8177],[-2.4748,-6.077],[-2.5246,-6.3409],[-2.3814,-6.474],[-2.232,-6.6087],[-2.2336,-6.7776],[-2.2281,-6.9481],[-1.9098,-6.9403],[-2.0079,-7.2299],[-2.0374,-7.4915],[-2.3059,-7.5047],[-2.5059,-7.5794],[-2.7005,-7.6573]]},"properties":{"id":1552,"group":"searoutes","name":"Paved route"}},{"type":"Feature","geometry":{"type":"LineString","coordinates":[[-3.183,-8.3034],[-3.2842,-8.4046],[-3.4764,-8.3322],[-3.6577,-8.2723],[-3.8328,-8.217],[-4.0079,-8.1244],[-4.1846,-8.0286],[-4.2881,-7.8519],[-4.3916,-7.6822],[-4.5449,-7.5327],[-4.6975,-7.3903],[-4.8251,-7.2836],[-4.959,-7.1816],[-5.152,-7.1902],[-5.3528,-7.2042],[-5.4889,-7.2268],[-5.6337,-7.0898],[-5.4041,-6.8142],[-5.5971,-6.5051],[-5.5909,-6.2163],[-5.9061,-5.9976]]},"properties":{"id":1553,"group":"searoutes","name":"Srar'jituph route"}},{"type":"Feature","geometry":{"type":"LineString","coordinates":[[-3.355,-10.4232],[-3.3698,-10.2605],[-3.1908,-10.164],[-3.0118,-10.069],[-2.8795,-9.9304],[-2.7526,-9.7934],[-2.86,-9.4571],[-2.8748,-8.969],[-2.8951,-8.4669]]},"properties":{"id":1554,"group":"searoutes","name":"Raj'jigean route"}},{"type":"Feature","geometry":{"type":"LineString","coordinates":[[-0.2848,-2.2881],[-0.1556,-2.1067],[-0.0202,-1.9222],[-0.0809,-1.733],[-0.2335,-1.5073],[-0.3852,-1.287],[-0.2179,-1.1492],[-0.0576,-1.0176],[-0.0467,-0.7677],[-0.0389,-0.5233],[-0.0451,-0.2672],[0.179,-0.2773],[0.4039,-0.2936],[0.5611,-0.1037],[0.8327,-0.0204],[1.0273,-0.0982],[1.2063,-0.3006],[1.4584,-0.3411],[1.6756,-0.3053],[1.9145,-0.3863],[2.246,-0.1706],[2.467,-0.215],[2.6888,-0.2625],[2.9161,-0.2391],[3.0351,-0.3863],[3.148,-0.5396],[3.1519,-0.721],[3.1542,-0.8977],[3.0896,-1.0635],[3.0211,-1.2317],[3.0196,-1.5026],[2.9418,-1.7175],[2.8655,-1.9331],[2.9192,-2.2391],[2.9106,-2.4259],[2.906,-2.6049],[2.9651,-2.8245],[2.9729,-3.1187],[2.9799,-3.4052],[3.0601,-3.7018],[3.0896,-3.8739],[2.8562,-4.014],[2.8406,-4.4577],[3.0188,-4.4974],[3.1441,-4.6056],[3.3776,-4.4422],[3.478,-4.172],[3.5449,-4.0918],[3.713,-3.9408]]},"properties":{"id":1555,"group":"searoutes","name":"The Shrouded Stardust route"}},{"type":"Feature","geometry":{"type":"LineString","coordinates":[[4.4718,-1.4761],[4.5364,-1.4022],[4.7084,-1.3127],[4.973,-1.4839],[5.0664,-1.7541],[5.2539,-1.9969],[5.1597,-2.2079],[5.0664,-2.415],[5.1434,-2.5722],[5.3162,-2.7614],[5.3123,-2.8766],[5.331,-3.1577],[5.3566,-3.4379],[5.3543,-3.7727],[5.2368,-3.9143],[5.1208,-4.0451],[5.0064,-4.1681],[4.8407,-4.2242],[4.6072,-4.1152],[4.4671,-4.1853],[4.148,-4.3487],[3.8935,-4.2724],[3.72,-4.1853],[3.5449,-4.0918]]},"properties":{"id":1556,"group":"searoutes","name":"Sargushan route"}},{"type":"Feature","geometry":{"type":"LineString","coordinates":[[-6.3147,-7.799],[-6.3582,-7.8932],[-6.1092,-7.9453],[-5.8532,-7.9983],[-5.7123,-7.8753],[-5.5761,-7.7515],[-5.4399,-7.6261],[-5.3045,-7.4969],[-5.3528,-7.2042]]},"properties":{"id":1557,"group":"searoutes","name":"Rarjunan water way"}},{"type":"Feature","geometry":{"type":"LineString","coordinates":[[6.5808,-3.8373],[6.4127,-3.796],[6.4073,-3.5189],[6.0843,-3.4994],[5.9691,-3.3601],[5.8571,-3.2184],[5.3566,-3.4379]]},"properties":{"id":1558,"group":"searoutes","name":"The Rustic Raven passage"}},{"type":"Feature","geometry":{"type":"LineString","coordinates":[[-6.3582,-7.8932],[-6.475,-8.0777],[-6.5964,-8.2629],[-6.8828,-8.2419],[-7.1754,-8.1765],[-7.2844,-8.0232],[-7.3941,-7.869],[-7.2696,-7.7554]]},"properties":{"id":1559,"group":"searoutes","name":"Mar'jas lane"}},{"type":"Feature","geometry":{"type":"LineString","coordinates":[[-7.3941,-7.869],[-7.3855,-7.6106]]},"properties":{"id":1560,"group":"searoutes","name":null}},{"type":"Feature","geometry":{"type":"LineString","coordinates":[[4.5364,-1.4022],[4.4049,-1.157],[4.2757,-0.9094],[4.4368,-0.7397],[4.3504,-0.4797],[4.2562,-0.2119],[4.3348,-0.0282],[4.4204,0.1579],[4.5683,0.2677],[4.7177,0.3712],[4.7099,0.6024],[4.478,0.7028],[4.2803,0.6958],[4.0834,0.6966],[4.0725,1.0096],[3.9223,1.1396],[3.7698,1.2664],[3.5807,1.1481]]},"properties":{"id":1561,"group":"searoutes","name":"Nij'ass lane"}},{"type":"Feature","geometry":{"type":"LineString","coordinates":[[6.7941,-0.071],[6.9147,0.1166],[6.7279,0.2194],[6.5372,0.2832],[6.3442,0.3432],[6.1715,0.1275],[5.9987,-0.0904],[5.6796,-0.0079],[5.5644,-0.1839],[5.6609,-0.5373],[5.6734,-0.7989],[5.6819,-1.0659],[5.3162,-1.3298],[4.973,-1.4839]]},"properties":{"id":1562,"group":"searoutes","name":"The Cracked Phoenix route"}},{"type":"Feature","geometry":{"type":"LineString","coordinates":[[-7.1754,-8.1765],[-7.3622,-8.319],[-7.5552,-8.4622],[-7.619,-8.1789],[-7.7046,-8.1711],[-7.9308,-8.2388],[-8.163,-8.196],[-8.2635,-7.9673],[-8.4541,-7.806],[-8.6615,-7.8102],[-8.8354,-7.9235],[-9.1638,-7.8776],[-9.4073,-7.9449],[-9.6549,-7.8947],[-9.8787,-7.9733],[-10.1125,-7.9329]]},"properties":{"id":1563,"group":"searoutes","name":"The Serpentine Lunar route"}},{"type":"Feature","geometry":{"type":"LineString","coordinates":[[-2.8795,-9.9304],[-2.5526,-10.0472],[-2.3596,-10.301],[-2.0911,-10.2878],[-1.9067,-10.4598],[-1.7215,-10.6287],[-1.6499,-10.7946],[-1.5767,-10.9604],[-1.3931,-10.9503],[-1.2125,-10.937],[-1.0428,-11.1293],[-0.9572,-11.5108],[-1.046,-11.6859],[-0.9962,-11.8689],[-0.9393,-12.0464],[-1.0179,-12.1694],[-0.8483,-12.3515],[-0.6849,-12.5384],[-0.4669,-12.6318],[-0.2467,-12.7299],[-0.1868,-12.9875],[-0.0156,-13.1611],[-0.0856,-13.4025],[-0.33,-13.4647],[-0.5526,-13.6672],[-0.7744,-13.8727],[-0.965,-13.787],[-1.0973,-14.0797],[-1.4864,-14.3211],[-1.8211,-14.0875],[-1.8989,-13.8882],[-2.1487,-13.854],[-2.2491,-14.0797],[-2.5371,-14.2899],[-2.7145,-14.2798],[-2.8118,-14.2199],[-3.0118,-14.0486],[-3.2188,-13.8711],[-3.1597,-13.6672],[-3.0997,-13.4609],[-3.2608,-13.3791],[-3.4297,-13.2911],[-3.5799,-13.3114],[-3.7823,-13.13],[-3.9815,-12.9494],[-3.9146,-12.7641],[-4.0157,-12.6162],[-4.0157,-12.4527],[-3.8492,-12.2581],[-3.9083,-12.0207],[-4.148,-11.8961]]},"properties":{"id":1564,"group":"searoutes","name":"Par'th'kinese water way"}},{"type":"Feature","geometry":{"type":"LineString","coordinates":[[6.4127,-3.796],[6.4189,-4.0677],[6.296,-4.3954],[6.3536,-4.5636],[6.296,-4.7302],[6.4516,-4.7847],[6.8018,-4.9871],[7.0602,-4.9598],[7.261,-4.9482],[7.4665,-4.9357],[7.5256,-5.1584],[7.5879,-5.3864],[7.868,-5.6177],[8.0937,-5.7734],[8.0603,-6.01],[7.8953,-6.1984],[7.977,-6.4039],[8.0603,-6.611],[8.1949,-6.762],[8.3342,-6.9154],[8.4984,-6.8788],[8.6618,-6.8461],[8.8634,-6.836],[9.0198,-7.0345],[9.1724,-7.2307],[9.3778,-7.2992],[9.5903,-7.3724],[9.8362,-7.3724],[10.1172,-7.2758],[10.3981,-7.1832],[10.5841,-7.1591],[10.7701,-7.1279],[10.9833,-7.0446],[10.981,-6.8087],[10.9794,-6.5666],[11.2028,-6.5526],[11.4713,-6.4351],[11.7445,-6.3097],[11.876,-6.1315],[11.8293,-5.8123],[11.6534,-5.6745],[11.3966,-5.6737],[11.2923,-5.4931],[11.1818,-5.3179],[10.9343,-5.23],[10.5685,-5.135],[10.4681,-5.2954]]},"properties":{"id":1565,"group":"searoutes","name":"The Echoing Cursed route"}},{"type":"Feature","geometry":{"type":"LineString","coordinates":[[5.6819,-1.0659],[5.8773,-1.199],[5.8991,-1.3749],[5.9131,-1.5509],[5.9769,-1.7486],[6.0399,-1.9463],[5.9925,-2.1223],[5.945,-2.292],[6.0353,-2.5722],[5.8874,-2.8447],[5.8757,-3.0331],[5.8571,-3.2184]]},"properties":{"id":1566,"group":"searoutes","name":"The Serpentine Molten lane"}},{"type":"Feature","geometry":{"type":"LineString","coordinates":[[10.5685,-5.135],[10.3709,-4.8952],[10.1561,-4.7925],[9.9335,-4.6897],[9.7592,-4.6835],[9.5778,-4.6788],[9.5646,-4.4889],[9.5498,-4.2935],[9.535,-4.0459],[9.6424,-3.8272],[9.7514,-3.61],[9.658,-3.3756],[9.6346,-3.2044],[9.6113,-3.0362],[9.4634,-2.963],[9.3093,-2.8945],[9.2914,-2.6906],[9.2455,-2.4726],[9.2051,-2.2546],[9.3288,-2.0328],[9.409,-1.8109],[9.4969,-1.5875],[9.7311,-1.3578],[9.9771,-1.1414],[10.0168,-0.953],[9.9693,-0.7599],[9.9257,-0.5653],[10.0238,-0.4252],[10.1164,-0.2905],[10.2105,-0.1294],[10.3016,0.0388],[10.1638,0.2521],[10.0261,0.4631],[9.7607,0.6499],[9.6346,0.7581],[9.5062,0.871],[9.3802,0.8484]]},"properties":{"id":1567,"group":"searoutes","name":"Infernal route"}},{"type":"Feature","geometry":{"type":"LineString","coordinates":[[10.9973,-6.3494],[10.9794,-6.5666]]},"properties":{"id":1568,"group":"searoutes","name":null}},{"type":"Feature","geometry":{"type":"LineString","coordinates":[[11.876,-6.1315],[12.1017,-6.1159],[12.1966,-6.2739],[12.2807,-6.4973],[12.3678,-6.7278],[12.6317,-6.8227],[12.7943,-6.9022],[12.9616,-6.9839],[13.0978,-6.8632],[13.2846,-6.8944],[13.3313,-7.0571],[13.4901,-7.1007]]},"properties":{"id":1569,"group":"searoutes","name":"Pepjar'thaz passage"}},{"type":"Feature","geometry":{"type":"LineString","coordinates":[[9.0276,3.187],[8.8379,3.1842],[8.6525,3.1441],[8.6151,2.9378],[8.5747,2.7362],[8.7163,2.5097],[8.8533,2.287],[9.0354,2.0543],[9.1521,1.918],[9.2743,1.7787],[9.1724,1.6331]]},"properties":{"id":1570,"group":"searoutes","name":"Cothjiss route"}},{"type":"Feature","geometry":{"type":"LineString","coordinates":[[5.9341,4.0526],[6.0034,3.9016],[5.7644,3.7755],[5.5722,3.6696],[5.3854,3.5591],[5.078,3.5599],[4.8796,3.5606],[4.6741,3.5575],[4.4671,3.4283],[4.1247,3.4672],[3.9924,3.6315],[3.8002,3.7724],[3.597,3.8993],[3.5721,4.0822],[3.5402,4.2706],[3.5488,4.5182],[3.5527,4.7665],[3.3324,4.8623],[3.2686,5.0787],[3.1986,5.2889],[3.0896,5.4835],[2.9737,5.6851],[2.8328,5.8649],[2.6849,6.0526],[2.5215,6.1841],[2.2024,6.0907],[2.0514,5.8712],[1.86,5.9817],[1.6623,6.1],[1.502,6.262],[1.3394,6.4177],[1.4475,6.5734],[1.5588,6.7322],[1.6865,6.7407]]},"properties":{"id":1571,"group":"searoutes","name":"Sable route"}},{"type":"Feature","geometry":{"type":"LineString","coordinates":[[3.7698,1.2664],[3.9192,1.4953],[4.1091,1.848],[3.8523,2.1905],[3.6889,2.5097],[3.7597,2.7884],[3.6616,3.0297],[3.72,3.2337],[3.8967,3.3037],[4.1247,3.4672]]},"properties":{"id":1572,"group":"searoutes","name":"Whisperwind passage"}},{"type":"Feature","geometry":{"type":"LineString","coordinates":[[14.4948,-7.1466],[14.6621,-7.0921],[14.7244,-7.3007],[14.7633,-7.5249],[14.8037,-7.7507],[14.6932,-7.8753],[14.5827,-8.0029],[14.4364,-8.1244],[14.2971,-8.245],[14.0551,-8.1866],[14.0527,-7.999]]},"properties":{"id":1573,"group":"searoutes","name":"The Breezy Whirlwind route"}},{"type":"Feature","geometry":{"type":"LineString","coordinates":[[14.6621,-7.0921],[14.8644,-7.0501],[14.8823,-6.8227]]},"properties":{"id":1574,"group":"searoutes","name":null}},{"type":"Feature","geometry":{"type":"LineString","coordinates":[[13.3313,-7.0571],[13.1577,-7.3085],[13.1811,-7.6339],[13.2613,-7.8441],[13.3406,-8.0512],[13.5726,-8.0932],[13.806,-8.1322],[14.0551,-8.1866]]},"properties":{"id":1575,"group":"searoutes","name":"Great route"}},{"type":"Feature","geometry":{"type":"LineString","coordinates":[[8.5747,2.7362],[8.4362,2.8289],[8.2961,2.9199],[8.0704,2.7977],[7.9692,2.5175],[8.0922,2.3587],[7.977,2.1438],[8.0392,1.9647],[8.0626,1.7701],[8.1249,1.6611],[7.9031,1.549],[7.7902,1.2953],[7.6112,1.1318],[7.6034,0.9122],[7.5419,0.6989],[7.4346,0.5868],[7.289,0.3144],[7.2594,0.0816],[7.0898,0.0964],[6.9147,0.1166]]},"properties":{"id":1576,"group":"searoutes","name":"Twisted water way"}},{"type":"Feature","geometry":{"type":"LineString","coordinates":[[9.5062,0.871],[9.6269,1.0851],[9.7475,1.2937],[9.8588,1.3443],[9.9537,1.5444],[10.0448,1.7483],[10.009,2.0496],[10.1405,2.1749],[10.2728,2.3049],[10.4751,2.5019],[10.6744,2.702],[10.7117,2.8997],[10.6931,3.078],[10.6752,3.25],[10.6767,3.5217],[10.7086,3.7319],[10.5374,3.9966],[10.3888,4.1889],[10.1094,4.1834],[9.9047,4.3189],[10.0121,4.6326],[9.8354,4.7625],[9.7529,4.9658],[9.8579,5.1888],[10.0565,5.3348],[10.2744,5.5263],[10.2932,5.7728],[10.43,5.9786],[10.2604,6.1577],[10.202,6.3974],[10.0494,6.7228],[9.8017,6.7752],[9.6129,6.9439],[9.6327,7.1734],[9.7755,7.3542]]},"properties":{"id":1577,"group":"searoutes","name":"Gaj'jas lane"}},{"type":"Feature","geometry":{"type":"LineString","coordinates":[[6.0034,3.9016],[6.1901,3.9024],[6.4983,3.9888],[6.8042,4.0799],[7.0197,4.0122],[7.2408,3.9398],[7.5178,3.9888],[7.7902,4.0394],[7.9303,3.9499],[8.0774,3.8565],[8.3007,3.6797],[8.4206,3.2959],[8.6525,3.1441]]},"properties":{"id":1578,"group":"searoutes","name":"Jade route"}},{"type":"Feature","geometry":{"type":"LineString","coordinates":[[-11.0059,-7.9515],[-10.7277,-8.0235],[-10.4448,-7.9726],[-10.1125,-7.9329]]},"properties":{"id":1579,"group":"searoutes","name":"Nigisan route"}},{"type":"Feature","geometry":{"type":"LineString","coordinates":[[-3.9815,-12.9494],[-4.0858,-12.803],[-4.3348,-12.7953],[-4.6695,-12.7408],[-4.9652,-12.6785],[-5.0718,-12.8132],[-5.1971,-12.7727],[-5.471,-12.8731],[-5.7504,-12.9743],[-5.9364,-12.9276],[-6.0625,-13.0989],[-6.1894,-13.267],[-6.2446,-13.464],[-6.4983,-13.5037],[-6.7505,-13.5371],[-6.8968,-13.6298],[-7.0587,-13.7061],[-7.2166,-13.7761],[-7.4089,-14.1576],[-7.6564,-14.2129],[-7.8369,-14.2822],[-8.0136,-14.346],[-8.1404,-14.3032],[-8.1949,-14.1109],[-8.2556,-13.9116],[-8.5404,-13.8119],[-8.5295,-13.6282],[-8.5249,-13.4398],[-8.7397,-13.3402],[-8.8253,-13.0599],[-8.6984,-12.8762],[-8.6377,-12.6248],[-8.5295,-12.392],[-8.693,-12.2581],[-8.8618,-12.1304],[-9.0821,-12.0246],[-9.3078,-11.9218],[-9.6658,-11.7521],[-9.8526,-11.9436],[-10.1172,-11.9078],[-10.3833,-11.8696],[-10.7008,-11.9545],[-10.9078,-11.8494],[-11.1997,-11.8938],[-11.4542,-11.9413],[-11.6269,-11.9078],[-11.7989,-11.8766],[-12.1211,-11.8766],[-12.4348,-11.9599],[-12.5453,-12.1413],[-12.6558,-12.3289],[-12.9772,-12.3274],[-13.0667,-12.5228],[-13.3624,-12.6162],[-13.5687,-12.5064],[-13.7515,-12.5617],[-13.929,-12.6209],[-14.2154,-12.5407],[-14.273,-12.7252],[-14.5718,-12.9151],[-14.8022,-12.8186],[-15.038,-12.719],[-15.1368,-12.5072],[-15.238,-12.3009],[-15.2613,-12.1024],[-15.2894,-11.8969],[-15.3625,-11.7054],[-15.431,-11.517],[-15.666,-11.5964],[-15.9151,-11.4718],[-15.9283,-11.2609],[-15.8769,-11.1301]]},"properties":{"id":1580,"group":"searoutes","name":"Skuph passage"}},{"type":"Feature","geometry":{"type":"LineString","coordinates":[[13.3204,5.2196],[13.4789,5.0481],[13.708,5.0032],[13.7576,4.7408],[13.9352,4.5415],[14.0263,4.4419],[14.1492,4.1383],[14.2107,3.8798],[14.2714,3.6206],[14.1173,3.4283],[13.9687,3.229],[13.6729,3.1488],[13.6659,2.9456],[13.4636,2.7121],[13.262,2.6856],[13.1212,2.5875],[12.9803,2.4832],[12.7321,2.4552],[12.4908,2.4303],[12.3554,2.4303],[12.2363,2.5868],[12.2495,2.7744],[12.262,2.9628],[12.0705,3.1947],[11.7437,3.2337],[11.609,3.0422],[11.4791,2.9301],[11.3452,2.8219],[11.0588,2.688],[10.8876,2.7899],[10.7117,2.8997]]},"properties":{"id":1581,"group":"searoutes","name":"The Serpentine Shadow lane"}},{"type":"Feature","geometry":{"type":"LineString","coordinates":[[12.1017,-6.1159],[12.1951,-5.7734],[12.3779,-5.5881],[12.5935,-5.6254],[12.8021,-5.5476],[13.0044,-5.4705],[13.2068,-5.5165],[13.4146,-5.5632],[13.5469,-5.7469],[13.8231,-5.7523],[13.9305,-5.8746],[14.0449,-6.0022],[14.2784,-5.9236],[14.5236,-5.9143],[14.6559,-5.6901],[14.8084,-5.3989],[14.9189,-5.1661],[15.2146,-5.0027],[15.4006,-5.0673],[15.5337,-4.9404],[15.6598,-4.8174],[15.8528,-4.6757],[16.2186,-4.7224],[16.3828,-4.9131],[16.6155,-4.8703],[16.8419,-4.8213],[17.0591,-4.738],[17.2723,-4.6609],[17.5105,-4.5901],[17.7455,-4.5223],[17.7797,-4.4764]]},"properties":{"id":1582,"group":"searoutes","name":"Shegusshan lane"}},{"type":"Feature","geometry":{"type":"LineString","coordinates":[[-15.9151,-11.4718],[-16.133,-11.4096],[-16.3431,-11.5544],[-16.484,-11.7248],[-16.4925,-11.8011],[-16.5454,-12.0635],[-16.7945,-12.2425],[-16.9929,-12.1546],[-17.098,-12.3204],[-17.1976,-12.4862],[-17.4015,-12.3904],[-17.5416,-12.0323],[-17.4786,-11.7793],[-17.7206,-11.6976],[-17.965,-11.6197],[-17.9618,-11.3706],[-17.9541,-11.1153],[-17.9766,-10.9993],[-18.0879,-10.881],[-18.2187,-10.67],[-18.3424,-10.4559],[-18.5409,-10.5174],[-18.8008,-10.582],[-18.958,-10.7556],[-19.1144,-10.9355],[-19.5028,-11.1059],[-19.6203,-11.4018],[-19.7362,-11.5341],[-19.8506,-11.6727],[-20.1526,-11.6742],[-20.397,-11.4718],[-20.6312,-11.4251],[-20.8662,-11.3776],[-21.0904,-11.3862],[-21.2849,-11.1994],[-21.2616,-11.0125],[-21.3091,-10.7245],[-21.4795,-10.5999],[-21.6546,-10.4793],[-21.7122,-10.3166],[-21.8842,-10.3275],[-22.0577,-10.3314],[-22.1721,-10.1328],[-22.2935,-9.9343],[-22.4523,-9.8682],[-22.6118,-9.8082],[-22.6079,-9.5459],[-22.7869,-9.4478],[-22.9605,-9.3458],[-23.2228,-9.4711],[-23.5652,-9.3544],[-23.7208,-9.3948],[-23.8921,-9.2298],[-24.0679,-9.0609],[-24.2578,-9.0274],[-24.4477,-8.9893],[-24.6991,-8.9239],[-24.9738,-8.9573],[-25.2516,-8.9963],[-25.4018,-8.8717],[-25.5575,-8.7425],[-25.8618,-8.7067],[-26.0353,-8.4731],[-26.4136,-8.5058],[-26.6914,-8.7121],[-26.928,-8.8048],[-27.1537,-8.797],[-27.3786,-8.7238],[-27.6019,-8.6498],[-27.8665,-8.6382],[-28.0588,-8.5969],[-28.258,-8.7316],[-28.4526,-8.8694],[-28.6393,-8.9418],[-28.8261,-9.0087],[-28.9973,-9.0897],[-29.1701,-9.1745],[-29.3787,-9.1909],[-29.5865,-9.2026],[-29.76,-9.2765],[-29.9304,-9.3544],[-30.2495,-9.3886],[-30.3522,-9.4034],[-30.5663,-9.6533],[-30.7616,-9.7895],[-30.8807,-9.9227],[-30.9974,-10.0597],[-31.1803,-10.2333],[-31.3274,-10.2356],[-31.511,-10.1873],[-31.6908,-10.1328],[-31.8846,-10.1951],[-32.0831,-10.252],[-32.2426,-10.1562],[-32.4045,-10.0534],[-32.585,-9.9538],[-32.7586,-9.8479],[-32.8278,-9.6992],[-32.943,-9.5568],[-33.066,-9.4073],[-33.2387,-9.3154],[-33.4154,-9.2236],[-33.4302,-9.0188],[-33.6668,-8.9807],[-33.9111,-8.9371],[-34.115,-8.9137],[-34.3205,-8.7549],[-34.5205,-8.5946],[-34.6801,-8.4708],[-34.7625,-8.3408],[-34.6785,-8.1555],[-34.7952,-8.1322],[-34.824,-7.9266],[-34.9353,-7.7585],[-35.0404,-7.5896],[-35.0987,-7.4004],[-35.1587,-7.2065],[-35.34,-6.9177],[-35.5922,-6.9442],[-35.7828,-6.8305],[-35.7914,-6.653],[-36.0015,-6.5051],[-36.193,-6.5324],[-36.5463,-6.4662],[-36.7447,-6.2661],[-36.9354,-6.2404],[-37.13,-6.2124],[-37.3245,-6.2327],[-37.628,-6.038],[-37.7393,-5.8208],[-37.916,-5.8823],[-38.0989,-5.9392],[-38.344,-5.9314],[-38.523,-5.9446],[-38.7829,-5.7025],[-39.0756,-5.4697],[-39.0958,-5.2284],[-39.3324,-5.2284],[-39.6592,-5.2985],[-39.7293,-5.3608],[-39.9939,-5.4931],[-40.0274,-5.6722],[-40.0235,-5.8738],[-40.0562,-6.1315],[-40.0943,-6.3907],[-40.1885,-6.5596],[-40.2811,-6.7247],[-40.4141,-6.9022],[-40.5503,-7.082],[-40.5169,-7.1762],[-40.6601,-7.3474],[-40.85,-7.2603],[-41.043,-7.1707],[-41.278,-7.2058],[-41.5115,-7.2392],[-41.6282,-7.0812],[-41.7403,-6.9239],[-42.001,-6.8111],[-41.9473,-6.5339],[-42.1029,-6.4662],[-42.2625,-6.3938],[-42.4298,-6.4039],[-42.6018,-6.4156],[-42.6205,-6.198],[-42.601,-5.9804],[-42.7045,-5.6363],[-42.7393,-5.4011],[-42.6181,-5.1965],[-42.2632,-5.0906],[-42.2057,-5.0213],[-42.3494,-4.7886],[-42.3255,-4.5161],[-42.471,-4.3612],[-42.5832,-4.1438],[-42.5076,-3.9112],[-42.6866,-3.6668],[-42.7177,-3.4068],[-42.9285,-3.3649],[-43.1108,-3.2511],[-43.0213,-3.0798],[-42.9248,-2.9117],[-42.7722,-2.7217],[-42.6236,-2.524],[-42.4212,-2.6026],[-42.3248,-2.42],[-42.3418,-2.2141],[-42.2166,-2.0904],[-42.0124,-2.2065],[-41.7776,-2.2071],[-41.6445,-1.9674],[-41.5074,-1.7265],[-41.2795,-1.5688],[-41.2033,-1.2652],[-41.029,-1.0832],[-40.9651,-0.8393],[-41.1955,-0.7366],[-41.1963,-0.5022],[-41.0718,-0.3037],[-41.1535,-0.0033],[-41.0451,0.1825],[-40.8476,0.2677],[-40.7903,0.5089],[-40.6142,0.6834],[-40.4328,0.8718],[-40.1984,0.9899],[-40.0585,1.212],[-40.3176,1.4751],[-40.5451,1.5796],[-40.6764,1.7927],[-40.3192,1.918],[-40.3855,2.1363],[-40.3021,2.3485],[-40.4536,2.508],[-40.4647,2.7277],[-40.2857,3.0608],[-40.466,3.2119],[-40.5091,3.4431],[-40.5566,3.7529],[-40.5577,3.9737],[-40.404,4.132],[-40.3709,4.4066],[-40.5068,4.6474],[-40.7425,4.7057],[-40.9542,4.5867],[-41.223,4.6991],[-41.3667,4.9526],[-41.5091,5.1334],[-41.7793,5.1566],[-41.8897,5.3768],[-42.0593,5.724],[-42.2022,5.8713],[-42.2804,6.0611],[-42.1808,6.1997],[-42.085,6.3359],[-41.9481,6.5469],[-42.1185,6.7758],[-42.036,7.0731],[-41.7792,7.0109],[-41.5893,7.0404],[-41.4041,7.0731],[-41.2313,7.0327],[-41.0632,6.9992],[-40.7986,7.0148],[-40.5698,6.8147],[-40.3457,6.6154],[-40.1807,6.6434],[-40.0157,6.6644],[-39.9682,6.8466],[-39.8445,7.0498],[-40.0328,7.2039],[-39.9628,7.5387],[-39.5277,7.5503],[-39.2546,7.4453],[-39.0335,7.5807],[-38.8499,7.6554],[-38.6701,7.731],[-38.3604,7.6368],[-38.1962,7.5698],[-38.0397,7.5044],[-37.8934,7.5659],[-37.6825,7.5542],[-37.4646,7.5433],[-37.3245,7.4141],[-37.1907,7.2818],[-36.9665,7.1884],[-36.7564,6.8692],[-36.5618,6.6823],[-36.3564,6.7392],[-36.2038,6.5889],[-36.056,6.4426],[-35.8692,6.2853],[-35.6863,6.1335],[-35.4451,5.9864],[-35.3844,5.7754],[-35.1454,5.8104],[-34.9034,5.8424],[-34.7485,5.9194],[-34.5906,5.9895],[-34.3983,6.1141],[-34.21,6.2386],[-34.0637,6.3165],[-33.9096,6.3927],[-33.7835,6.5811],[-33.6598,6.7742],[-33.5267,6.8925],[-33.3913,7.0163],[-33.3244,7.1806],[-33.2598,7.3433],[-33.3555,7.657],[-33.2457,7.8765],[-33.0286,7.9513],[-32.8138,8.0229],[-32.6551,8.2004],[-32.3282,8.2704],[-32.1679,8.1708],[-31.9624,8.1459],[-31.7492,8.128],[-31.511,8.107],[-31.2309,8.3249],[-31.0324,8.2829],[-30.7935,8.0603],[-30.5126,8.1692],[-30.3437,8.2393],[-30.1779,8.3039],[-30.0402,8.4573],[-29.8954,8.6036],[-29.6822,8.5273],[-29.4619,8.4542],[-29.332,8.2782],[-29.1997,8.0976],[-29.0285,8.0603],[-28.8549,8.0307],[-28.6627,8.2237],[-28.2736,8.3639],[-28.0743,8.3031],[-27.9778,8.107],[-27.8782,7.9131],[-27.6074,8.0198],[-27.4408,8.0058],[-27.272,7.9972],[-27.1607,8.177],[-27.0509,8.3514],[-26.9895,8.5585],[-26.6782,8.7297],[-26.5069,8.8777],[-26.3513,9.0723],[-26.117,9.0824],[-25.9497,8.9477],[-25.6976,8.8699],[-25.4478,8.7912],[-25.3085,8.6426],[-25.1295,8.7842],[-24.9435,8.929],[-24.7559,9.1346],[-24.4057,9.1501],[-24.243,8.9594],[-24.0244,8.9322],[-23.8415,8.6939],[-23.6072,8.6122],[-23.3239,8.5818],[-23.1372,8.7064],[-23.0049,8.9088],[-22.7831,8.9485],[-22.5924,8.9088],[-22.4033,8.8683],[-22.25,8.9477],[-22.0982,9.0295],[-22.141,9.2358],[-22.19,9.4421],[-22.0398,9.6016],[-21.8881,9.7659],[-21.8616,9.9395],[-21.9332,10.2447],[-21.7612,10.486],[-21.6211,10.5171],[-21.425,10.6137],[-21.0904,10.6059],[-20.9511,10.4961],[-20.9674,10.3521]]},"properties":{"id":1583,"group":"searoutes","name":"Nabirazan route"}},{"type":"Feature","geometry":{"type":"LineString","coordinates":[[17.5105,-4.5901],[17.3237,-4.4344],[17.3789,-4.2078],[17.14,-3.9899],[17.1758,-3.6933],[17.3782,-3.6092],[17.5836,-3.5251],[17.7144,-3.4418],[17.898,-3.4426],[18.0653,-3.5913],[18.3829,-3.5905],[18.5907,-3.5228],[18.8179,-3.5313],[19.0413,-3.5337],[19.1961,-3.3266],[19.4506,-3.2807],[19.5674,-3.3912]]},"properties":{"id":1584,"group":"searoutes","name":"Thunder passage"}},{"type":"Feature","geometry":{"type":"LineString","coordinates":[[18.5977,-1.4318],[18.6148,-1.5579],[18.7946,-1.6085],[18.9736,-1.656],[18.9813,-1.8265],[18.986,-1.9985],[19.0825,-2.2001],[19.0047,-2.4648],[18.9113,-2.7217],[18.9759,-2.9233],[19.1759,-3.0097],[19.0825,-3.1265],[19.1961,-3.3266]]},"properties":{"id":1585,"group":"searoutes","name":"Glimmering route"}},{"type":"Feature","geometry":{"type":"LineString","coordinates":[[17.3237,-4.4344],[17.2723,-4.6609]]},"properties":{"id":1586,"group":"searoutes","name":null}},{"type":"Feature","geometry":{"type":"LineString","coordinates":[[14.2714,3.6206],[14.4364,3.693],[14.6053,3.7623],[14.771,3.7241],[14.9438,3.6797],[15.1757,3.7864],[15.4123,3.893],[15.6699,3.8168],[15.7828,3.9654],[15.8948,4.1126],[16.1485,4.2379],[16.4054,4.3625],[16.5766,4.3882],[16.6917,4.4979]]},"properties":{"id":1587,"group":"searoutes","name":"Thorn lane"}},{"type":"Feature","geometry":{"type":"LineString","coordinates":[[19.7285,-2.8829],[19.7137,-3.0907],[19.4506,-3.2807]]},"properties":{"id":1588,"group":"searoutes","name":null}},{"type":"Feature","geometry":{"type":"LineString","coordinates":[[14.4364,-8.1244],[14.5415,-8.2116],[14.81,-8.1944],[15.2302,-8.2645],[15.3236,-8.3423],[15.4326,-8.5058],[15.6411,-8.4895],[15.8217,-8.498],[15.9968,-8.5012],[16.1719,-8.5214],[16.3447,-8.5362],[16.5805,-8.544],[16.8801,-8.6389],[17.1058,-8.6693],[17.3245,-8.6981],[17.5027,-8.7082],[17.6739,-8.4513],[17.663,-8.1843],[17.7673,-7.992],[17.8723,-7.7943],[18.1331,-7.8208],[18.3945,-7.8402],[18.6576,-7.7982],[18.863,-7.9477],[19.0747,-7.7974],[19.2794,-7.6456],[19.4638,-7.7429],[19.6444,-7.8457],[19.8218,-7.6651],[19.9962,-7.4852],[19.9853,-7.1591],[19.825,-7.0547],[19.8763,-6.8554],[19.9207,-6.6499],[19.8818,-6.4063],[19.9152,-6.2404],[19.9503,-6.0668],[20.1487,-6.0225],[20.3433,-5.9742],[20.6343,-5.8278],[20.8102,-5.9291],[21.1526,-5.75],[21.3153,-5.4736],[21.1853,-5.3903]]},"properties":{"id":1589,"group":"searoutes","name":"The Winding Great lane"}},{"type":"Feature","geometry":{"type":"LineString","coordinates":[[21.3884,-0.4431],[21.4328,-0.2695],[21.2499,-0.1753],[21.0515,-0.0749],[20.8553,0.0318],[20.7246,0.2132],[20.5931,0.4],[20.3643,0.449],[20.211,0.5705],[20.0475,0.509],[19.8802,0.4498],[19.7051,0.5168],[19.5261,0.5892],[19.2623,0.4265],[19.0903,0.3611],[18.9206,0.2941],[18.8101,0.1197],[18.6942,-0.0601],[18.586,-0.1948],[18.3977,-0.1994],[18.214,-0.1987],[18.1019,-0.3941],[17.9875,-0.5926],[18.0008,-0.8378],[18.0194,-1.0877],[17.8303,-1.2636],[17.5579,-1.3601],[17.2855,-1.3804],[17.2357,-1.6964],[17.0357,-1.8187],[17.0591,-2.0989],[17.2731,-2.2523],[17.4988,-2.4049],[17.6428,-2.2858],[17.7828,-2.1737],[17.719,-1.9611],[17.7961,-1.9012],[17.9852,-1.8732],[18.1766,-1.842],[18.3307,-1.7221],[18.6148,-1.5579]]},"properties":{"id":1590,"group":"searoutes","name":"Cursed passage"}},{"type":"Feature","geometry":{"type":"LineString","coordinates":[[17.4988,-2.4049],[17.6163,-2.4928],[17.663,-2.8299],[17.7144,-3.4418]]},"properties":{"id":1591,"group":"searoutes","name":"Whisperwind route"}},{"type":"Feature","geometry":{"type":"LineString","coordinates":[[21.3153,-5.4736],[21.5028,-5.5165],[21.6873,-5.5639],[21.7916,-5.4799],[21.962,-5.423],[22.1286,-5.374],[22.2266,-5.2284],[22.3223,-5.0898],[22.2733,-4.8781],[22.2297,-4.6632],[22.4593,-4.5138],[22.7006,-4.4079],[22.92,-4.2974],[23.1255,-4.225],[23.271,-4.0879],[23.4251,-3.9517],[23.5839,-3.8092],[23.6897,-3.687],[23.7994,-3.557],[24.0166,-3.4457],[24.2407,-3.3398],[24.5536,-3.3009],[24.5831,-3.1787]]},"properties":{"id":1592,"group":"searoutes","name":"The Rustic Flower lane"}},{"type":"Feature","geometry":{"type":"LineString","coordinates":[[24.7964,-3.1709],[24.5536,-3.3009],[24.5676,-3.501]]},"properties":{"id":1593,"group":"searoutes","name":null}},{"type":"Feature","geometry":{"type":"LineString","coordinates":[[24.201,2.7386],[24.2454,2.8927],[24.0321,2.8989],[23.815,2.9067],[23.6282,2.7907],[23.7131,2.4715],[23.6741,2.2684],[23.464,2.0893],[23.2842,2.1111],[23.0905,2.0815],[22.9037,1.8168],[22.9192,1.581],[22.8227,1.3521],[22.6632,1.4035],[22.4601,1.3809],[22.2445,1.0711],[22.3807,0.8009],[22.1488,0.5635],[21.9192,0.3284],[21.6266,0.3502],[21.425,0.291],[21.2694,0.073],[21.3137,-0.0904],[21.2499,-0.1753]]},"properties":{"id":1594,"group":"searoutes","name":"Guhaldean route"}},{"type":"Feature","geometry":{"type":"LineString","coordinates":[[25.1357,-3.0409],[25.2773,-3.0362],[25.4213,-2.9124],[25.6042,-2.7606],[25.7933,-2.6088],[25.9855,-2.6999]]},"properties":{"id":1595,"group":"searoutes","name":"Copper route"}},{"type":"Feature","geometry":{"type":"LineString","coordinates":[[22.071,-4.9871],[22.2733,-4.8781]]},"properties":{"id":1596,"group":"searoutes","name":null}},{"type":"Feature","geometry":{"type":"LineString","coordinates":[[27.8362,-7.936],[27.7593,-7.8578],[27.6603,-7.8106],[27.6276,-7.6417],[27.5879,-7.4782],[27.3864,-7.4237],[27.1871,-7.3708],[27.0206,-7.3381],[26.8486,-7.3109],[26.6517,-7.1334],[26.3669,-7.1583],[26.149,-7.2135],[25.9365,-7.2673],[25.7131,-7.1513],[25.4913,-7.0368],[25.2205,-6.8679],[25.0049,-6.7854],[24.787,-6.7029],[24.7481,-6.4506],[24.7022,-6.2007],[24.5146,-6.1937],[24.3302,-6.1891],[24.1333,-6.2482],[23.822,-6.0692],[23.7061,-5.8317],[23.636,-5.6021],[23.7597,-5.4775],[23.8905,-5.3584],[24.1598,-5.1848],[24.2368,-5.0283],[23.9528,-4.5107],[23.7753,-4.5278],[23.6049,-4.5449],[23.3628,-4.3877],[23.271,-4.0879]]},"properties":{"id":1597,"group":"searoutes","name":"Shadow water way"}},{"type":"Feature","geometry":{"type":"LineString","coordinates":[[27.9537,13.6077],[27.6229,13.7572]]},"properties":{"id":1598,"group":"searoutes","name":null}},{"type":"Feature","geometry":{"type":"LineString","coordinates":[[27.6603,-7.8106],[27.3552,-7.8356],[27.1762,-7.8753],[26.991,-7.9118],[26.9116,-8.1088],[26.8393,-8.3112],[26.7249,-8.4591],[26.6159,-8.4358],[26.4058,-8.3268],[26.2003,-8.3875],[25.9777,-8.4358],[25.7591,-8.4848],[25.6618,-8.6748],[25.6773,-8.9153],[25.7474,-9.0718],[25.8205,-9.3832],[25.8299,-9.5646],[25.847,-9.7421],[26.0711,-9.8915],[26.2883,-10.0379],[26.5638,-10.0355],[26.8727,-9.9624],[27.1677,-9.9437],[27.3241,-9.8759],[27.5498,-10.0861],[27.6128,-10.3539],[27.4408,-10.5229],[27.233,-10.6389],[27.0439,-10.7323],[26.8603,-10.8226],[26.8649,-11.0203],[26.8712,-11.2103],[27.0206,-11.3784],[27.3708,-11.4018],[27.6665,-11.4952],[27.7685,-11.735],[27.651,-11.8766],[27.721,-12.1024],[27.9,-12.1849],[27.8455,-12.3827],[27.7934,-12.5819],[27.9078,-12.7408],[28.0144,-12.8933],[27.9389,-13.1222],[28.0167,-13.418],[28.1677,-13.485],[28.1646,-13.6983],[28.156,-13.9069],[28.009,-14.0486],[27.9778,-14.3366],[27.9428,-14.462],[27.8377,-14.7103],[27.7288,-14.9649],[27.4665,-15.1081],[27.4019,-15.2708],[27.335,-15.4289],[27.3085,-15.6834],[27.0906,-15.9014],[26.8976,-15.8656],[26.7326,-15.8158],[26.5638,-15.7706],[26.3241,-15.9115],[26.0711,-16.0259],[25.8128,-16.1412],[25.6509,-16.3529],[25.8314,-16.437]]},"properties":{"id":1599,"group":"searoutes","name":"The Fabled Whisperwind water way"}},{"type":"Feature","geometry":{"type":"LineString","coordinates":[[-18.0879,-10.881],[-17.7906,-10.6934],[-17.766,-10.4543],[-17.6186,-10.2644]]},"properties":{"id":1600,"group":"searoutes","name":"Aj'in'jess route"}},{"type":"Feature","geometry":{"type":"LineString","coordinates":[[-20.9511,10.4961],[-20.7168,10.5981],[-20.481,10.697],[-20.4958,10.8215],[-20.2304,10.8503],[-19.9285,10.9866],[-19.7386,11.1757],[-19.6117,11.3922],[-19.4841,11.6132],[-19.2094,11.723],[-19.1059,12.0258],[-18.958,12.1917],[-18.9191,12.3653],[-18.8755,12.5396],[-19.4148,12.8284],[-19.565,12.7],[-19.8841,12.7856],[-20.0506,12.9849],[-20.3588,13.0114],[-20.6686,13.0332],[-20.8024,12.8798],[-20.8219,12.6362],[-21.074,12.4221],[-21.2927,12.303],[-21.6663,12.3341],[-21.7441,12.194],[-21.9737,12.1994],[-22.2282,12.2173],[-22.1978,12.4213]]},"properties":{"id":1601,"group":"searoutes","name":"The Cobbled Everlasting route"}},{"type":"Feature","geometry":{"type":"LineString","coordinates":[[27.9537,13.6077],[28.0993,13.8476],[28.3428,13.9868],[28.5073,13.7756],[28.5444,13.5104],[28.7389,13.3882],[28.8899,13.1684],[29.0674,12.9694],[29.2541,12.8323],[29.1919,12.7701],[29.3117,12.5669],[29.2931,12.3575],[29.2744,12.1558],[29.1864,11.9924],[28.9584,11.9527],[28.7358,11.9059],[28.5771,11.8359],[28.4152,11.7619],[28.4214,11.5401],[28.4347,11.3135],[28.4526,11.1508],[28.4689,10.9834],[28.4837,10.7382],[28.5031,10.4883],[28.7483,10.3801],[28.9965,10.2688],[29.2401,10.0594],[29.4822,9.9722],[29.6822,9.8274],[29.8822,9.6756],[29.8612,9.5082],[29.8448,9.3401],[29.8456,9.1268],[29.8472,8.9072],[29.9367,8.6457],[29.8635,8.3942],[29.8907,8.0657],[29.9857,7.9046],[30.0876,7.7465],[29.9989,7.5558],[29.7647,7.4126],[29.7522,7.0949],[29.7374,6.7734],[29.5732,6.8069],[29.4059,6.8427],[29.0946,6.8614],[28.974,6.7057],[28.8526,6.5554],[28.6059,6.6567],[28.4455,6.4099],[28.2969,6.1841],[28.1459,5.9622],[27.97,5.7715],[27.7132,5.7871],[27.6393,6.0012],[27.3786,6.0128],[27.1218,6.0222],[26.8556,6.1148],[26.6626,5.9895],[26.4641,5.8649],[26.2805,5.7723],[26.149,5.5925],[26.0143,5.4064],[25.7754,5.2344],[25.4952,5.2266],[25.2695,5.3511],[25.1022,5.3184],[25.0423,5.1962],[24.959,5.0374],[24.8804,4.814],[24.8003,4.5898],[24.7014,4.3936],[24.6041,4.1935],[24.3901,4.1601],[24.2578,3.872],[24.3341,3.6221],[24.2578,3.1947],[24.2454,2.8927]]},"properties":{"id":1602,"group":"searoutes","name":"The Breezy Titan route"}},{"type":"Feature","geometry":{"type":"LineString","coordinates":[[-32.8278,-9.6992],[-32.7562,-9.4711],[-32.6901,-9.2454],[-32.68,-8.9441],[-32.5874,-8.8538],[-32.3515,-8.8484],[-32.1181,-8.8421],[-31.9546,-8.7394],[-31.792,-8.6389],[-31.9095,-8.3096],[-31.7398,-7.9679],[-31.834,-7.7219],[-31.7694,-7.4666],[-31.8488,-7.2432],[-31.7655,-7.0213],[-31.9632,-6.9095],[-32.0309,-6.6927],[-32.2747,-6.5731],[-32.3975,-6.3307],[-32.3624,-5.9688],[-32.1825,-5.7748],[-32.1772,-5.5102],[-32.2781,-5.2592],[-32.5251,-5.149],[-32.4745,-4.8205]]},"properties":{"id":1603,"group":"searoutes","name":"Whispering water way"}},{"type":"Feature","geometry":{"type":"LineString","coordinates":[[-34.9524,-6.9325],[-35.0941,-6.8866],[-35.1587,-7.2065]]},"properties":{"id":1604,"group":"searoutes","name":null}},{"type":"Feature","geometry":{"type":"LineString","coordinates":[[-33.066,-9.4073],[-32.8808,-9.3232],[-32.6901,-9.2454]]},"properties":{"id":1605,"group":"searoutes","name":null}},{"type":"Feature","geometry":{"type":"LineString","coordinates":[[25.6509,-16.3529],[25.4836,-16.5686],[25.3629,-16.7811],[25.2446,-16.9897],[25.2011,-17.2591],[25.4104,-17.4412],[25.5808,-17.4661],[25.7497,-17.4934],[25.9466,-17.4116],[26.1412,-17.3322],[26.4136,-17.3104],[26.6805,-17.2824],[26.7848,-17.0792],[27.0751,-17.0925],[27.363,-17.1003],[27.5661,-17.3066],[27.784,-17.0816],[28.0479,-17.1937],[28.3039,-17.3104],[28.4292,-17.435],[28.5522,-17.5596],[28.6082,-17.7931],[28.6681,-18.0204],[28.5537,-18.1668],[28.4339,-18.3116],[28.1335,-18.4315],[27.8642,-18.8082],[27.7054,-18.9608],[27.5513,-19.1165],[27.4875,-19.2956],[27.2836,-19.2465],[27.0595,-19.4279],[27.0362,-19.7471],[27.233,-19.8903],[27.4019,-19.9939]]},"properties":{"id":1606,"group":"searoutes","name":"Old lane"}},{"type":"Feature","geometry":{"type":"LineString","coordinates":[[-28.3561,10.5506],[-28.4269,10.4284],[-28.5226,10.24],[-28.4603,9.952],[-28.3,9.8515],[-28.079,9.9286],[-27.9078,10.2322],[-27.9521,10.4494],[-27.7755,10.5592],[-27.5996,10.6627],[-27.4175,10.6993],[-27.2284,10.7289],[-27.1583,10.8752],[-27.0206,10.7772],[-26.8852,10.6759],[-26.7404,10.5358],[-26.4447,10.5436],[-26.219,10.4658],[-25.9466,10.2322],[-25.7567,10.2143],[-25.6431,10.0765],[-25.5349,9.9333],[-25.3396,9.9053],[-25.1505,9.8819],[-24.9816,9.9286],[-24.8127,9.9691],[-24.608,10.0142],[-24.4041,10.3669],[-24.3123,10.5592],[-24.0399,10.6604],[-23.8563,10.567],[-23.6181,10.5467],[-23.2305,10.7927],[-23.1473,11.0847],[-23.3239,11.2053],[-23.3628,11.4233],[-23.2196,11.5338],[-23.0593,11.5946],[-22.8982,11.6584],[-22.748,11.7658],[-22.5924,11.8694],[-22.4134,12.0461],[-22.2282,12.2173]]},"properties":{"id":1607,"group":"searoutes","name":"Aragzan passage"}},{"type":"Feature","geometry":{"type":"LineString","coordinates":[[-30.0822,8.1459],[-30.1779,8.3039]]},"properties":{"id":1608,"group":"searoutes","name":null}},{"type":"Feature","geometry":{"type":"LineString","coordinates":[[-24.7559,9.1346],[-24.5715,9.3385],[-24.608,10.0142]]},"properties":{"id":1609,"group":"searoutes","name":null}},{"type":"Feature","geometry":{"type":"LineString","coordinates":[[-26.9513,18.5861],[-26.8097,18.7395],[-26.5614,18.6398],[-26.3591,18.3596],[-26.4089,18.1898],[-26.4836,18.0326],[-26.5544,17.8823],[-26.756,17.8458],[-26.9552,17.8084],[-27.086,17.9765],[-27.398,17.8862],[-27.4875,18.0326],[-27.577,18.1797],[-27.6712,18.2513]]},"properties":{"id":1610,"group":"searoutes","name":"Khizdusan route"}},{"type":"Feature","geometry":{"type":"LineString","coordinates":[[-28.4269,10.4284],[-28.6393,10.5047],[-28.8471,10.574],[-29.0129,10.7071],[-29.0985,11.0185],[-29.0074,11.1991],[-29.1997,11.3065],[-29.3903,11.4186],[-29.5654,11.4233],[-29.739,11.4287],[-29.746,11.7074],[-29.9623,11.7658],[-30.1826,11.8211],[-30.4838,11.7425],[-30.5398,11.5089],[-30.8028,11.5478],[-31.0597,11.5946],[-31.1375,11.7658],[-31.2138,11.9379],[-31.1079,12.1683],[-31.3305,12.475],[-31.514,12.7334],[-31.5632,13.0464],[-31.5982,13.1998],[-31.6443,13.4563],[-31.5414,13.6957],[-31.3788,13.8703],[-31.1437,13.9105],[-30.7919,13.9814],[-30.5494,14.1431],[-30.4277,14.408],[-30.6446,14.5341],[-30.8931,14.5006],[-30.8838,14.8151],[-31.0922,15.0131],[-31.1499,15.2947],[-31.1679,15.5329],[-31.0153,15.7166],[-30.8334,15.9133],[-30.567,15.9416],[-30.4402,16.2359],[-30.6083,16.4211],[-30.5008,16.602],[-30.3351,16.7318],[-30.0347,16.6664],[-29.8612,16.8493],[-29.6923,17.04],[-29.5693,17.1763],[-29.3475,17.2385],[-29.1257,17.3024],[-29.03,17.4845],[-28.8572,17.4409],[-28.6915,17.3911],[-28.5537,17.4954],[-28.4097,17.6052],[-28.2191,17.5655],[-28.0222,17.5336],[-27.8611,17.6044],[-27.6945,17.6683],[-27.5498,17.7757],[-27.398,17.8862]]},"properties":{"id":1611,"group":"searoutes","name":"Twilight route"}},{"type":"Feature","geometry":{"type":"LineString","coordinates":[[33.6714,-20.2087],[33.4411,-20.2453],[33.2854,-20.3621],[33.0979,-20.2928],[32.7905,-20.4049],[32.7718,-20.6112],[32.5072,-20.837],[32.1959,-20.6579],[32.1282,-20.4641],[32.0558,-20.3076],[31.9811,-20.1488],[31.7756,-20.1675],[31.5624,-20.1924],[31.4021,-20.1285],[31.2854,-20.2765],[31.0908,-20.4789],[30.848,-20.4571],[30.5826,-20.5022],[30.3826,-20.4944],[30.1779,-20.4882],[30.1336,-20.1052],[29.939,-20.0507],[29.8853,-19.874],[29.7211,-19.8094],[29.5499,-19.7486],[29.3942,-19.8249],[29.2339,-19.8942],[29.0129,-19.9884],[28.7856,-20.0842],[28.6603,-20.2593],[28.5537,-20.4477],[28.2658,-20.5956],[28.0813,-20.5622],[27.9093,-20.5699],[27.9311,-20.7046],[27.7879,-20.8541],[27.5965,-20.8292],[27.4027,-20.7988],[27.2385,-20.7124],[27.0805,-20.6252],[26.7404,-20.7591],[26.5723,-20.6797],[26.5225,-20.4322],[26.7326,-20.2142],[26.9902,-20.2399],[27.114,-20.0663],[27.233,-19.8903]]},"properties":{"id":1612,"group":"searoutes","name":"The Obscure Military lane"}},{"type":"Feature","geometry":{"type":"LineString","coordinates":[[-34.4512,-20.3006],[-34.1906,-20.2557],[-33.9913,-20.0818],[-33.7711,-19.7697],[-33.5656,-19.6692],[-33.3539,-19.5735],[-33.1609,-19.2489],[-33.2364,-19.0286],[-33.3399,-18.8518],[-33.4434,-18.6782],[-33.7322,-18.528],[-33.9859,-18.6105],[-34.2388,-18.686],[-34.4762,-18.8051],[-34.7952,-18.6728],[-35.175,-18.5295],[-35.5346,-18.5404],[-35.7603,-18.3925],[-35.8101,-18.1107],[-35.8459,-17.941],[-36.0638,-17.762],[-36.2529,-17.7472],[-36.4288,-17.6615],[-36.6708,-17.5673],[-36.9074,-17.4755],[-37.1253,-17.3385],[-37.3393,-17.0862],[-37.5981,-17.1299],[-37.8405,-17.0294],[-38.0335,-16.922],[-38.2585,-16.9679],[-38.4639,-16.8652]]},"properties":{"id":1613,"group":"searoutes","name":"Sable route"}},{"type":"Feature","geometry":{"type":"LineString","coordinates":[[-33.7711,-19.7697],[-33.6434,-19.8872],[-33.5104,-20.0094],[-33.4878,-20.2375],[-33.4699,-20.4726],[-33.4644,-20.7435],[-33.4543,-21.0168],[-33.3944,-21.1717],[-33.3275,-21.3266],[-33.3135,-21.4574],[-33.0208,-21.5999],[-33.0597,-21.7711],[-33.0917,-21.9424],[-33.3399,-22.0203],[-33.5851,-22.0934],[-33.7602,-22.1822],[-33.7057,-22.4095],[-33.6535,-22.6345],[-33.6862,-22.8937],[-33.7602,-23.1101],[-33.8294,-23.3227],[-34.0481,-23.3982],[-34.2668,-23.4752],[-34.4271,-23.4277],[-34.5439,-23.469]]},"properties":{"id":1614,"group":"searoutes","name":"Kudgrilese route"}},{"type":"Feature","geometry":{"type":"LineString","coordinates":[[38.2257,-17.8437],[37.9284,-17.7744],[37.7983,-18.0466],[37.7751,-18.3474],[37.8514,-18.4719],[37.6505,-18.7032],[37.5416,-18.9896],[37.2607,-19.1897],[37.0258,-19.2007],[36.8187,-19.3119],[36.5956,-19.3432],[36.4093,-19.4699],[36.25,-19.607],[36.1727,-19.8024],[35.9706,-19.8014],[35.7922,-19.8966],[35.5867,-20.1527],[35.2583,-20.3177],[34.9742,-20.1659],[34.7479,-20.258],[34.5719,-20.4275],[34.3572,-20.6657],[34.2178,-20.9545],[34.0559,-21.2028],[33.729,-21.2651],[33.8403,-20.9818],[33.6512,-20.7046],[33.4691,-20.4306],[33.4411,-20.2453]]},"properties":{"id":1615,"group":"searoutes","name":"Shizdus lane"}},{"type":"Feature","geometry":{"type":"LineString","coordinates":[[33.729,-21.2651],[33.8014,-21.4263],[33.6279,-21.6154],[33.452,-21.8101],[33.4878,-22.0358],[33.5174,-22.2554],[33.5119,-22.4111],[33.6115,-22.759],[33.6201,-22.97],[33.6349,-23.1732],[33.8769,-23.3982],[34.0909,-23.3413],[34.2481,-23.2222]]},"properties":{"id":1616,"group":"searoutes","name":"Amber route"}},{"type":"Feature","geometry":{"type":"LineString","coordinates":[[-36.9074,-17.4755],[-36.6941,-17.3649],[-36.4762,-17.2614],[-36.4685,-17.0613],[-36.456,-16.855],[-36.5774,-16.7266],[-36.6957,-16.5989],[-36.8887,-16.3623],[-36.9899,-16.0882],[-37.0895,-15.8204],[-37.3619,-15.6608],[-37.6047,-15.6678],[-37.8529,-15.6694],[-38.0327,-15.6134],[-38.2148,-15.555],[-38.3751,-15.4032],[-38.5409,-15.2467],[-38.6187,-15.2031],[-38.8032,-15.2163],[-38.9845,-15.2358],[-39.13,-15.1385],[-39.2834,-15.0443],[-39.5036,-15.0139],[-39.7254,-14.9781],[-39.9394,-14.866],[-39.8655,-14.6784],[-39.9472,-14.36],[-39.6958,-14.2557],[-39.7215,-14.0253],[-39.7534,-13.7948],[-39.9783,-13.6749],[-40.2032,-13.5597],[-40.204,-13.3558],[-40.383,-13.0755],[-40.4531,-12.8575],[-40.3387,-12.7104],[-40.4531,-12.4839],[-40.5605,-12.2542],[-40.6546,-12.1631],[-40.7332,-11.9537],[-40.8655,-11.7521],[-41.0009,-11.5528],[-41.0756,-11.3317],[-41.1488,-11.1122],[-41.1379,-10.8568],[-41.1255,-10.6054],[-41.278,-10.3586],[-41.4375,-10.1173],[-41.6204,-9.7514],[-41.8874,-9.6377],[-41.9162,-9.4478],[-42.1496,-9.3154],[-42.4064,-9.1675],[-42.4485,-8.9605],[-42.3909,-8.8016],[-42.331,-8.6382],[-42.3551,-8.3268],[-42.3909,-8.1477],[-42.4275,-7.9663],[-42.352,-7.7741],[-42.2835,-7.5794],[-42.3442,-7.3926],[-42.3979,-7.2019],[-42.3084,-7.0734],[-42.001,-6.8111]]},"properties":{"id":1617,"group":"searoutes","name":"Copper route"}},{"type":"Feature","geometry":{"type":"LineString","coordinates":[[-35.34,-6.9177],[-35.0941,-6.8866]]},"properties":{"id":1618,"group":"searoutes","name":null}},{"type":"Feature","geometry":{"type":"LineString","coordinates":[[-39.0958,-5.2284],[-39.1845,-5.0501],[-39.1456,-4.8392],[-38.988,-4.8596],[-38.8279,-4.8294],[-38.6709,-4.8625],[-38.6,-4.6641],[-38.3899,-4.6492],[-38.2309,-4.6066],[-38.0701,-4.6414],[-38.0203,-4.7076]]},"properties":{"id":1619,"group":"searoutes","name":"Egrurdan lane"}},{"type":"Feature","geometry":{"type":"LineString","coordinates":[[-31.0597,11.5946],[-31.1608,11.4077],[-31.5002,11.2614],[-31.6745,11.1695],[-31.9079,11.1897],[-32.1476,11.2038],[-32.4294,11.4856],[-32.4364,11.7432],[-32.6862,11.7191]]},"properties":{"id":1620,"group":"searoutes","name":"Moonlit passage"}},{"type":"Feature","geometry":{"type":"LineString","coordinates":[[-32.6551,8.2004],[-32.4909,8.3763],[-32.3142,9.7846],[-32.1111,10.0283],[-32.2348,10.1699],[-32.3547,10.3108],[-32.4737,10.5374],[-32.6317,10.637],[-32.7858,10.7297],[-32.8496,10.8861],[-32.9103,11.0403],[-32.8574,11.2131],[-32.6162,11.3065],[-32.4294,11.4856]]},"properties":{"id":1621,"group":"searoutes","name":"Queen route"}},{"type":"Feature","geometry":{"type":"LineString","coordinates":[[-42.7722,-2.7217],[-42.8734,-2.5894],[-43.131,-2.654],[-43.2259,-2.7054]]},"properties":{"id":1622,"group":"searoutes","name":"Zrardan route"}},{"type":"Feature","geometry":{"type":"LineString","coordinates":[[-42.8734,-2.5894],[-42.889,-2.3247],[-43.0485,-2.1797],[-43.1434,-1.986],[-43.0671,-1.7971],[-42.9232,-1.6529],[-42.8049,-1.3819],[-42.6876,-1.1868],[-42.6493,-0.9623],[-42.8118,-0.8236],[-43.0158,-0.7599],[-43.2152,-0.6095],[-43.3505,-0.3995],[-43.4831,-0.1776],[-43.5326,0.0762],[-43.5294,0.4568],[-43.3731,0.6415],[-43.159,0.7542],[-43.089,0.9551]]},"properties":{"id":1623,"group":"searoutes","name":"Frozen lane"}},{"type":"Feature","geometry":{"type":"LineString","coordinates":[[-42.2804,6.0611],[-42.4531,6.0907],[-42.6244,6.1218],[-42.8236,6.2954],[-42.8189,6.4722],[-42.8812,6.4698]]},"properties":{"id":1624,"group":"searoutes","name":"The Sacred Solar lane"}},{"type":"Feature","geometry":{"type":"LineString","coordinates":[[-46.2494,-16.5008],[-46.3685,-16.4736],[-46.4105,-16.3755],[-46.4952,-16.4864],[-46.5078,-16.6254],[-46.4221,-16.7842],[-46.5623,-16.8978],[-46.5566,-17.0683],[-46.7179,-17.1236],[-46.8514,-17.225],[-46.9514,-17.3595],[-46.6634,-17.4887],[-46.458,-17.5541],[-46.321,-17.6685],[-46.3833,-17.7775],[-46.3124,-17.9971],[-46.3669,-18.1395],[-46.4377,-18.3925],[-46.3444,-18.7351],[-46.1848,-18.8324],[-46.0019,-18.9842],[-45.8198,-19.1368],[-45.5428,-19.1944],[-45.2727,-19.2512],[-45.1054,-19.1453],[-44.8876,-19.1151],[-44.7023,-18.9966],[-44.6954,-18.776],[-44.7824,-18.5731],[-44.5505,-18.3649],[-44.2657,-18.2384],[-44.1902,-18.1574],[-44.1035,-17.9628],[-43.9372,-17.8297],[-44.0952,-17.5518],[-43.9225,-17.4537],[-43.9489,-17.2256],[-43.7917,-17.1547],[-43.6516,-16.9134],[-43.338,-16.8192],[-43.2851,-17.108],[-43.3785,-17.1999]]},"properties":{"id":1625,"group":"searoutes","name":"Burning route"}},{"type":"Feature","geometry":{"type":"LineString","coordinates":[[-47.244,-17.2521],[-47.2082,-17.4272],[-47.3638,-17.7153],[-47.4642,-18.0702],[-47.4417,-18.3225],[-47.4214,-18.5692],[-47.3716,-18.7351],[-47.6222,-18.9406],[-47.8619,-19.0387],[-48.1055,-19.136],[-48.0798,-19.3578],[-48.2837,-19.6661],[-48.4744,-19.7385],[-48.6557,-19.786],[-48.7631,-19.6809],[-48.9126,-19.6692],[-48.988,-19.5034],[-49.283,-19.3602],[-49.4651,-19.2255],[-49.6542,-19.0924],[-49.8931,-18.9164]]},"properties":{"id":1626,"group":"searoutes","name":"Ghedgan lane"}},{"type":"Feature","geometry":{"type":"LineString","coordinates":[[-45.2727,-19.2512],[-45.3171,-19.4435],[-45.3661,-19.6319],[-45.1622,-19.8919],[-45.0136,-20.0507],[-44.8696,-20.2017],[-44.9202,-20.3699],[-44.9637,-20.5318],[-44.7723,-20.728],[-44.5809,-20.9164],[-44.6011,-21.0861],[-44.6182,-21.2612],[-44.6011,-21.4286],[-44.5855,-21.5944],[-44.3528,-21.7836],[-44.1731,-21.7945],[-43.9948,-21.8069],[-43.8228,-21.6777],[-43.6509,-21.5438],[-43.5077,-21.5189],[-43.3637,-21.6466],[-43.2143,-21.768],[-43.1536,-21.9735],[-43.089,-22.1798],[-42.9201,-22.3861],[-42.5777,-22.5496],[-42.4096,-22.5045],[-42.2975,-22.3472],[-42.1846,-22.1892],[-42.0986,-22.0306],[-41.9745,-21.8996],[-42.0467,-21.7838],[-41.9239,-21.7244],[-42.0052,-21.6006],[-41.8671,-21.5469]]},"properties":{"id":1627,"group":"searoutes","name":"Adolese passage"}},{"type":"Feature","geometry":{"type":"LineString","coordinates":[[-43.6742,-16.5374],[-43.3901,-16.5382],[-43.338,-16.8192]]},"properties":{"id":1628,"group":"searoutes","name":null}},{"type":"Feature","geometry":{"type":"LineString","coordinates":[[-47.2082,-17.4272],[-46.9514,-17.3595]]},"properties":{"id":1629,"group":"searoutes","name":null}},{"type":"Feature","geometry":{"type":"LineString","coordinates":[[-49.5811,-20.2142],[-49.3196,-20.292],[-49.2238,-20.1363],[-49.1235,-19.9728],[-49.0526,-19.7393],[-48.988,-19.5034]]},"properties":{"id":1630,"group":"searoutes","name":"Ember passage"}},{"type":"Feature","geometry":{"type":"LineString","coordinates":[[-49.3196,-20.292],[-49.4184,-20.4399],[-49.5141,-20.5902],[-49.5017,-20.8588],[-49.627,-20.9849],[-49.8309,-21.0705],[-49.9219,-20.8689],[-50.069,-20.7155]]},"properties":{"id":1631,"group":"searoutes","name":"The Fabled Serpent water way"}},{"type":"Feature","geometry":{"type":"LineString","coordinates":[[-45.0992,-13.5652],[-45.1801,-13.3908],[-45.3575,-13.4749],[-45.6089,-13.5605],[-45.8774,-13.5504],[-46.1397,-13.5426],[-46.4377,-13.6251],[-46.5747,-13.5177]]},"properties":{"id":1632,"group":"searoutes","name":"Rogh-Qod route"}},{"type":"Feature","geometry":{"type":"LineString","coordinates":[[-46.4377,-13.6251],[-46.5926,-13.833],[-46.7023,-14.1327],[-46.609,-14.3366],[-46.5218,-14.5391],[-46.5545,-14.7259],[-46.5825,-14.9081],[-46.609,-15.1385],[-46.6284,-15.3658],[-46.6276,-15.6951],[-46.609,-15.9014],[-46.5918,-16.1077],[-46.3988,-16.1816],[-46.4105,-16.3755]]},"properties":{"id":1633,"group":"searoutes","name":"Eternal water way"}},{"type":"Feature","geometry":{"type":"LineString","coordinates":[[48.6923,-20.9927],[48.6946,-21.0627],[48.9071,-21.0549],[49.0301,-20.8027],[49.2161,-20.7669],[49.399,-20.7319],[49.5507,-20.7435],[49.6597,-20.8969],[49.7608,-21.1172],[49.8682,-21.3313],[49.9857,-21.2721]]},"properties":{"id":1634,"group":"searoutes","name":"Twilight route"}},{"type":"Feature","geometry":{"type":"LineString","coordinates":[[49.2441,-19.7502],[49.3017,-20.0055],[48.9888,-20.106],[48.8581,-20.222],[48.5546,-20.2064],[48.3771,-20.0795],[48.3833,-19.9106],[48.3911,-19.7463],[48.2339,-19.4676],[48.1802,-19.2348],[48.3872,-19.2053]]},"properties":{"id":1635,"group":"searoutes","name":"Echo passage"}},{"type":"Feature","geometry":{"type":"LineString","coordinates":[[49.399,-20.7319],[49.4379,-20.591],[49.434,-20.4166],[49.4285,-20.2438],[49.3017,-20.0055]]},"properties":{"id":1636,"group":"searoutes","name":"Platinum lane"}},{"type":"Feature","geometry":{"type":"LineString","coordinates":[[49.8682,-21.3313],[49.869,-21.5244],[49.7453,-21.7089],[49.7842,-21.9658],[49.9484,-22.0506],[50.1422,-22.3472],[50.3554,-22.2328]]},"properties":{"id":1637,"group":"searoutes","name":"Dusk passage"}},{"type":"Feature","geometry":{"type":"LineString","coordinates":[[51.9944,-23.6356],[52.0426,-23.8987],[51.7539,-23.9797],[51.5975,-24.091],[51.2784,-24.0832],[51.1189,-23.9594],[50.9282,-23.9275],[50.736,-23.8933],[50.6403,-23.7173],[50.7749,-23.4098],[50.6605,-23.2214],[50.564,-22.9264],[50.4535,-22.7832],[50.3352,-22.643],[50.1422,-22.3472]]},"properties":{"id":1638,"group":"searoutes","name":"Aurora route"}},{"type":"Feature","geometry":{"type":"LineString","coordinates":[[-51.8022,-22.9163],[-51.9154,-22.8697],[-52.0092,-22.7909],[-52.2255,-22.8774],[-52.2279,-23.0712],[-52.2325,-23.2697],[-52.5158,-23.4137],[-52.8022,-23.5609],[-52.8582,-23.7485],[-52.9151,-23.94],[-53.0855,-24.1136],[-53.1703,-23.9797]]},"properties":{"id":1639,"group":"searoutes","name":"Qir route"}},{"type":"Feature","geometry":{"type":"LineString","coordinates":[[-50.7702,-23.7936],[-51.0052,-23.8777],[-51.1531,-24.1229],[-51.4815,-24.2],[-51.6053,-24.0365],[-51.7298,-23.8723],[-51.8854,-23.6395],[-52.1734,-23.4449],[-52.2325,-23.2697]]},"properties":{"id":1640,"group":"searoutes","name":"Ghagan water way"}}]}