{
  "type": "FeatureCollection",
  "features": [
    {
      "type": "Feature",
      "properties": {
        "id": "FDV",
        "source_province_id": 417,
        "name": "Federal District of Valen",
        "population": 1072532,
        "population_share": 0.014896277777777777,
        "source_area_index": 218,
        "country_id": "TER",
        "svg_path_id": "FDV"
      },
      "geometry": {
        "type": "Polygon",
        "coordinates": [
          [
            [
              -10.0692,
              9.001
            ],
            [
              -10.1202,
              9.0786
            ],
            [
              -10.0776,
              9.2065
            ],
            [
              -10.1222,
              9.2955
            ],
            [
              -10.0971,
              9.3765
            ],
            [
              -10.1748,
              9.5581
            ],
            [
              -10.204,
              9.5789
            ],
            [
              -10.3222,
              9.5583
            ],
            [
              -10.39,
              9.5961
            ],
            [
              -10.4715,
              9.7223
            ],
            [
              -10.4028,
              9.8322
            ],
            [
              -10.194,
              9.8534
            ],
            [
              -10.1896,
              10.1103
            ],
            [
              -9.9867,
              10.1678
            ],
            [
              -9.8215,
              10.032
            ],
            [
              -9.5832,
              10.3523
            ],
            [
              -9.4712,
              10.3356
            ],
            [
              -9.3195,
              10.552
            ],
            [
              -9.1657,
              10.5562
            ],
            [
              -9.074,
              10.3852
            ],
            [
              -9.1098,
              10.0923
            ],
            [
              -9.0538,
              10.0799
            ],
            [
              -8.8593,
              9.8658
            ],
            [
              -8.8351,
              9.7389
            ],
            [
              -9.0086,
              9.5898
            ],
            [
              -9.0103,
              9.5795
            ],
            [
              -9.1572,
              9.4638
            ],
            [
              -9.2721,
              9.4528
            ],
            [
              -9.3255,
              9.3727
            ],
            [
              -9.5085,
              9.3247
            ],
            [
              -9.5205,
              9.2419
            ],
            [
              -9.6426,
              9.1274
            ],
            [
              -9.7683,
              9.1033
            ],
            [
              -9.8024,
              8.9871
            ],
            [
              -9.8192,
              8.9699
            ],
            [
              -9.8651,
              8.7873
            ],
            [
              -9.9476,
              8.7147
            ],
            [
              -10.0061,
              8.7356
            ],
            [
              -10.1141,
              8.8899
            ],
            [
              -10.0692,
              9.001
            ]
          ]
        ]
      },
      "id": "FDV"
    },
    {
      "type": "Feature",
      "properties": {
        "id": "P01",
        "source_province_id": 418,
        "name": "Solenne",
        "population": 3594086,
        "population_share": 0.049917861111111114,
        "source_area_index": 1559,
        "country_id": "TER",
        "svg_path_id": "P01"
      },
      "geometry": {
        "type": "Polygon",
        "coordinates": [
          [
            [
              -21.837,
              -1.4745
            ],
            [
              -21.6439,
              -1.2288
            ],
            [
              -21.4299,
              -1.2418
            ],
            [
              -21.3937,
              -1.0545
            ],
            [
              -21.5123,
              -0.908
            ],
            [
              -21.4705,
              -0.8472
            ],
            [
              -21.3886,
              -0.4914
            ],
            [
              -21.3548,
              -0.4643
            ],
            [
              -21.4683,
              -0.207
            ],
            [
              -21.5395,
              -0.115
            ],
            [
              -21.2594,
              0.0946
            ],
            [
              -21.4476,
              0.2496
            ],
            [
              -21.5867,
              0.1697
            ],
            [
              -21.686,
              0.4889
            ],
            [
              -21.5598,
              0.5633
            ],
            [
              -21.6764,
              0.794
            ],
            [
              -21.5454,
              0.9579
            ],
            [
              -21.6988,
              1.1691
            ],
            [
              -21.9185,
              1.1062
            ],
            [
              -22.086,
              1.4877
            ],
            [
              -22.0026,
              1.5576
            ],
            [
              -21.9964,
              1.9193
            ],
            [
              -21.9949,
              1.9203
            ],
            [
              -21.8282,
              1.951
            ],
            [
              -21.6311,
              1.7984
            ],
            [
              -21.5876,
              1.8061
            ],
            [
              -21.4434,
              1.9564
            ],
            [
              -21.3995,
              1.9671
            ],
            [
              -21.2929,
              2.1029
            ],
            [
              -21.2526,
              2.1158
            ],
            [
              -21.1834,
              2.2908
            ],
            [
              -21.0375,
              2.3273
            ],
            [
              -21.0757,
              2.5031
            ],
            [
              -20.8128,
              2.484
            ],
            [
              -20.7601,
              2.4152
            ],
            [
              -20.6921,
              2.3946
            ],
            [
              -20.6378,
              2.3064
            ],
            [
              -20.6378,
              2.1943
            ],
            [
              -20.637,
              2.193
            ],
            [
              -20.3475,
              2.1305
            ],
            [
              -20.271,
              2.2877
            ],
            [
              -20.2807,
              2.3207
            ],
            [
              -20.1578,
              2.4568
            ],
            [
              -20.1554,
              2.5613
            ],
            [
              -19.9815,
              2.6401
            ],
            [
              -19.9561,
              2.8147
            ],
            [
              -20.024,
              2.9155
            ],
            [
              -20.0232,
              2.9371
            ],
            [
              -19.923,
              3.0743
            ],
            [
              -19.6915,
              3.0054
            ],
            [
              -19.6868,
              2.8104
            ],
            [
              -19.6713,
              2.7945
            ],
            [
              -19.4902,
              2.7418
            ],
            [
              -19.4887,
              2.7376
            ],
            [
              -19.278,
              2.5223
            ],
            [
              -19.2731,
              2.4402
            ],
            [
              -19.2589,
              2.4187
            ],
            [
              -19.3541,
              2.1183
            ],
            [
              -19.0703,
              2.1443
            ],
            [
              -19.0494,
              1.8639
            ],
            [
              -19.1312,
              1.8133
            ],
            [
              -19.1389,
              1.7866
            ],
            [
              -19.1102,
              1.5223
            ],
            [
              -19.0736,
              1.4598
            ],
            [
              -19.1716,
              1.2701
            ],
            [
              -19.3961,
              1.171
            ],
            [
              -19.4254,
              0.9323
            ],
            [
              -19.401,
              0.9
            ],
            [
              -19.3622,
              0.7147
            ],
            [
              -19.4994,
              0.5244
            ],
            [
              -19.6242,
              0.493
            ],
            [
              -19.7035,
              0.3844
            ],
            [
              -19.6856,
              0.2089
            ],
            [
              -19.3833,
              0.0709
            ],
            [
              -19.4661,
              -0.1887
            ],
            [
              -19.3352,
              -0.3531
            ],
            [
              -19.4264,
              -0.5127
            ],
            [
              -19.2654,
              -0.7515
            ],
            [
              -19.4813,
              -0.8447
            ],
            [
              -19.3981,
              -1.1236
            ],
            [
              -19.7755,
              -1.1166
            ],
            [
              -19.8044,
              -1.4001
            ],
            [
              -20.0536,
              -1.5215
            ],
            [
              -19.9855,
              -1.8237
            ],
            [
              -19.9936,
              -1.8426
            ],
            [
              -20.3529,
              -1.8891
            ],
            [
              -20.4535,
              -2.1239
            ],
            [
              -20.6557,
              -2.1093
            ],
            [
              -20.6982,
              -2.0815
            ],
            [
              -21.0484,
              -2.3061
            ],
            [
              -21.2312,
              -2.1566
            ],
            [
              -21.2384,
              -2.1256
            ],
            [
              -21.4011,
              -2.0384
            ],
            [
              -21.4769,
              -1.8865
            ],
            [
              -21.6356,
              -1.8156
            ],
            [
              -21.6682,
              -1.583
            ],
            [
              -21.837,
              -1.4745
            ]
          ]
        ]
      },
      "id": "P01"
    },
    {
      "type": "Feature",
      "properties": {
        "id": "P02",
        "source_province_id": 419,
        "name": "Norval",
        "population": 4575411,
        "population_share": 0.063547375,
        "source_area_index": 1505,
        "country_id": "TER",
        "svg_path_id": "P02"
      },
      "geometry": {
        "type": "Polygon",
        "coordinates": [
          [
            [
              -12.7859,
              12.7816
            ],
            [
              -12.6784,
              12.8833
            ],
            [
              -12.7231,
              13.0075
            ],
            [
              -12.9118,
              13.1705
            ],
            [
              -12.7734,
              13.3896
            ],
            [
              -13.1048,
              13.6381
            ],
            [
              -13.1103,
              13.7941
            ],
            [
              -13.0749,
              13.8442
            ],
            [
              -13.0775,
              13.9868
            ],
            [
              -13.1807,
              14.1704
            ],
            [
              -13.079,
              14.437
            ],
            [
              -13.1025,
              14.4711
            ],
            [
              -13.1356,
              14.7089
            ],
            [
              -13.0173,
              14.9137
            ],
            [
              -13.231,
              15.1214
            ],
            [
              -12.8951,
              15.3715
            ],
            [
              -12.8096,
              15.3712
            ],
            [
              -12.7861,
              15.3846
            ],
            [
              -12.741,
              15.6908
            ],
            [
              -12.6347,
              15.8162
            ],
            [
              -12.4584,
              15.7732
            ],
            [
              -12.4038,
              15.8097
            ],
            [
              -12.047,
              15.9598
            ],
            [
              -12.0331,
              15.9969
            ],
            [
              -11.6946,
              15.9923
            ],
            [
              -11.656,
              16.0506
            ],
            [
              -11.7294,
              16.3386
            ],
            [
              -11.6031,
              16.3802
            ],
            [
              -11.6485,
              16.7333
            ],
            [
              -11.3965,
              16.7261
            ],
            [
              -11.3058,
              16.8035
            ],
            [
              -11.248,
              16.8096
            ],
            [
              -11.1262,
              16.9319
            ],
            [
              -10.8883,
              16.9561
            ],
            [
              -10.821,
              16.9204
            ],
            [
              -10.7893,
              16.8803
            ],
            [
              -10.6641,
              16.8356
            ],
            [
              -10.6435,
              16.8441
            ],
            [
              -10.5496,
              16.8407
            ],
            [
              -10.3234,
              17.0128
            ],
            [
              -10.2889,
              17.0065
            ],
            [
              -10.1538,
              16.8025
            ],
            [
              -10.1512,
              16.7755
            ],
            [
              -10.1395,
              16.7625
            ],
            [
              -10.1188,
              16.6937
            ],
            [
              -10.2909,
              16.36
            ],
            [
              -10.3083,
              16.3625
            ],
            [
              -10.5282,
              15.9938
            ],
            [
              -10.6718,
              15.9875
            ],
            [
              -10.6812,
              15.9163
            ],
            [
              -10.5893,
              15.6717
            ],
            [
              -10.8238,
              15.4947
            ],
            [
              -10.7354,
              15.414
            ],
            [
              -10.5004,
              15.3332
            ],
            [
              -10.4716,
              15.1459
            ],
            [
              -10.5404,
              15.0881
            ],
            [
              -10.442,
              14.7728
            ],
            [
              -10.4965,
              14.6964
            ],
            [
              -10.4288,
              14.5022
            ],
            [
              -10.749,
              14.3922
            ],
            [
              -10.7541,
              14.2356
            ],
            [
              -10.7195,
              14.1996
            ],
            [
              -10.7528,
              13.7064
            ],
            [
              -10.7572,
              13.7018
            ],
            [
              -10.7605,
              13.6587
            ],
            [
              -10.8355,
              13.5562
            ],
            [
              -10.7863,
              13.1927
            ],
            [
              -10.7186,
              13.1555
            ],
            [
              -10.7441,
              12.8505
            ],
            [
              -10.8963,
              12.7231
            ],
            [
              -11.0444,
              12.7725
            ],
            [
              -11.1963,
              12.4969
            ],
            [
              -11.3505,
              12.3747
            ],
            [
              -11.3541,
              12.3562
            ],
            [
              -11.7292,
              12.4182
            ],
            [
              -11.7922,
              12.3415
            ],
            [
              -11.9828,
              12.3051
            ],
            [
              -12.021,
              12.235
            ],
            [
              -12.3923,
              12.1769
            ],
            [
              -12.4324,
              11.8709
            ],
            [
              -12.6822,
              11.7931
            ],
            [
              -12.7593,
              12.1337
            ],
            [
              -12.6036,
              12.2398
            ],
            [
              -12.8717,
              12.4205
            ],
            [
              -12.7468,
              12.5231
            ],
            [
              -12.7859,
              12.7816
            ]
          ]
        ]
      },
      "id": "P02"
    },
    {
      "type": "Feature",
      "properties": {
        "id": "P03",
        "source_province_id": 420,
        "name": "Varelia",
        "population": 6394176,
        "population_share": 0.088808,
        "source_area_index": 2570,
        "country_id": "TER",
        "svg_path_id": "P03"
      },
      "geometry": {
        "type": "Polygon",
        "coordinates": [
          [
            [
              -16.43,
              11.5873
            ],
            [
              -16.7652,
              11.4229
            ],
            [
              -16.8103,
              11.4679
            ],
            [
              -17.116,
              11.4921
            ],
            [
              -17.1504,
              11.7021
            ],
            [
              -17.286,
              11.8895
            ],
            [
              -17.2959,
              11.8911
            ],
            [
              -17.4313,
              12.1718
            ],
            [
              -17.2783,
              12.2528
            ],
            [
              -17.1423,
              12.2075
            ],
            [
              -17.0102,
              12.3758
            ],
            [
              -17.0259,
              12.4479
            ],
            [
              -16.947,
              12.6198
            ],
            [
              -16.9477,
              12.6243
            ],
            [
              -16.7716,
              12.7678
            ],
            [
              -16.571,
              12.774
            ],
            [
              -16.5649,
              12.7768
            ],
            [
              -16.534,
              12.777
            ],
            [
              -16.3691,
              12.8752
            ],
            [
              -16.3679,
              13.0975
            ],
            [
              -16.3597,
              13.1164
            ],
            [
              -16.3577,
              13.2321
            ],
            [
              -16.3084,
              13.2885
            ],
            [
              -16.2938,
              13.3427
            ],
            [
              -16.1348,
              13.5121
            ],
            [
              -16.1528,
              13.6935
            ],
            [
              -16.2066,
              13.7354
            ],
            [
              -16.2176,
              13.783
            ],
            [
              -15.9859,
              14.0804
            ],
            [
              -15.9886,
              14.1231
            ],
            [
              -15.5838,
              14.0768
            ],
            [
              -15.6186,
              14.4393
            ],
            [
              -15.6095,
              14.4494
            ],
            [
              -15.7867,
              14.7486
            ],
            [
              -16.0334,
              14.8272
            ],
            [
              -15.9086,
              15.0774
            ],
            [
              -16.1227,
              15.3423
            ],
            [
              -16.138,
              15.4184
            ],
            [
              -16.1182,
              15.4277
            ],
            [
              -15.7941,
              15.4667
            ],
            [
              -15.6613,
              15.3666
            ],
            [
              -15.4401,
              15.56
            ],
            [
              -15.1748,
              15.4743
            ],
            [
              -15.1704,
              15.4661
            ],
            [
              -14.9481,
              15.3857
            ],
            [
              -14.8778,
              15.3783
            ],
            [
              -14.7922,
              15.3036
            ],
            [
              -14.7711,
              15.2598
            ],
            [
              -14.4816,
              15.081
            ],
            [
              -14.4662,
              15.0804
            ],
            [
              -14.3752,
              15.5343
            ],
            [
              -14.1335,
              15.3775
            ],
            [
              -13.9585,
              15.4359
            ],
            [
              -13.7846,
              15.3386
            ],
            [
              -13.8013,
              15.2524
            ],
            [
              -13.4431,
              14.9988
            ],
            [
              -13.3062,
              15.1427
            ],
            [
              -13.231,
              15.1214
            ],
            [
              -13.0173,
              14.9137
            ],
            [
              -13.1356,
              14.7089
            ],
            [
              -13.1025,
              14.4711
            ],
            [
              -13.079,
              14.437
            ],
            [
              -13.1807,
              14.1704
            ],
            [
              -13.0775,
              13.9868
            ],
            [
              -13.0749,
              13.8442
            ],
            [
              -13.1103,
              13.7941
            ],
            [
              -13.1048,
              13.6381
            ],
            [
              -12.7734,
              13.3896
            ],
            [
              -12.9118,
              13.1705
            ],
            [
              -12.7231,
              13.0075
            ],
            [
              -12.6784,
              12.8833
            ],
            [
              -12.7859,
              12.7816
            ],
            [
              -12.7468,
              12.5231
            ],
            [
              -12.8717,
              12.4205
            ],
            [
              -12.6036,
              12.2398
            ],
            [
              -12.7593,
              12.1337
            ],
            [
              -12.6822,
              11.7931
            ],
            [
              -12.6889,
              11.7885
            ],
            [
              -12.643,
              11.4074
            ],
            [
              -13.0258,
              11.5044
            ],
            [
              -13.0632,
              11.3405
            ],
            [
              -13.025,
              11.2275
            ],
            [
              -13.0857,
              11.0564
            ],
            [
              -13.3174,
              11.0923
            ],
            [
              -13.501,
              10.8606
            ],
            [
              -13.4178,
              10.717
            ],
            [
              -13.4126,
              10.569
            ],
            [
              -13.6315,
              10.5241
            ],
            [
              -13.9043,
              10.7846
            ],
            [
              -14.0433,
              10.3929
            ],
            [
              -14.0819,
              10.3817
            ],
            [
              -14.3931,
              10.665
            ],
            [
              -14.4266,
              10.6446
            ],
            [
              -14.5367,
              10.3842
            ],
            [
              -14.6711,
              10.3765
            ],
            [
              -14.9016,
              10.1294
            ],
            [
              -14.9993,
              10.1282
            ],
            [
              -15.0027,
              10.1327
            ],
            [
              -15.245,
              10.2226
            ],
            [
              -15.387,
              10.3897
            ],
            [
              -15.3073,
              10.5237
            ],
            [
              -15.4098,
              10.8493
            ],
            [
              -15.4107,
              10.8498
            ],
            [
              -15.5717,
              10.7426
            ],
            [
              -15.8252,
              10.8636
            ],
            [
              -15.8445,
              11.0858
            ],
            [
              -15.9793,
              11.1057
            ],
            [
              -16.0592,
              11.4776
            ],
            [
              -16.2776,
              11.4092
            ],
            [
              -16.43,
              11.5873
            ]
          ]
        ]
      },
      "id": "P03"
    },
    {
      "type": "Feature",
      "properties": {
        "id": "P04",
        "source_province_id": 421,
        "name": "Galar",
        "population": 5880075,
        "population_share": 0.08166770833333334,
        "source_area_index": 1856,
        "country_id": "TER",
        "svg_path_id": "P04"
      },
      "geometry": {
        "type": "Polygon",
        "coordinates": [
          [
            [
              -14.8487,
              6.1849
            ],
            [
              -14.883,
              6.1723
            ],
            [
              -15.0244,
              6.269
            ],
            [
              -15.0821,
              6.4426
            ],
            [
              -15.1336,
              6.4948
            ],
            [
              -15.2597,
              6.5099
            ],
            [
              -15.2352,
              6.9169
            ],
            [
              -14.9873,
              7.0298
            ],
            [
              -14.9813,
              7.0416
            ],
            [
              -14.9796,
              7.0434
            ],
            [
              -15.1982,
              7.439
            ],
            [
              -15.1336,
              7.525
            ],
            [
              -15.134,
              7.7026
            ],
            [
              -15.2509,
              7.7796
            ],
            [
              -15.2939,
              7.8594
            ],
            [
              -15.2576,
              8.0681
            ],
            [
              -15.0419,
              8.1599
            ],
            [
              -15.1958,
              8.513
            ],
            [
              -14.9587,
              8.5768
            ],
            [
              -14.9025,
              8.7597
            ],
            [
              -15.0264,
              8.8973
            ],
            [
              -15.02,
              9.0465
            ],
            [
              -15.1247,
              9.1521
            ],
            [
              -15.0652,
              9.3704
            ],
            [
              -15.3881,
              9.5478
            ],
            [
              -15.401,
              9.6839
            ],
            [
              -15.3082,
              9.7641
            ],
            [
              -15.3978,
              10.0582
            ],
            [
              -15.245,
              10.2226
            ],
            [
              -15.0027,
              10.1327
            ],
            [
              -14.9993,
              10.1282
            ],
            [
              -14.9016,
              10.1294
            ],
            [
              -14.6711,
              10.3765
            ],
            [
              -14.5367,
              10.3842
            ],
            [
              -14.4266,
              10.6446
            ],
            [
              -14.3931,
              10.665
            ],
            [
              -14.0819,
              10.3817
            ],
            [
              -14.0433,
              10.3929
            ],
            [
              -13.9043,
              10.7846
            ],
            [
              -13.6315,
              10.5241
            ],
            [
              -13.4126,
              10.569
            ],
            [
              -13.4036,
              10.5611
            ],
            [
              -13.0748,
              10.5535
            ],
            [
              -13.0228,
              10.5324
            ],
            [
              -12.8684,
              10.608
            ],
            [
              -12.5819,
              10.4558
            ],
            [
              -12.7319,
              10.1638
            ],
            [
              -12.3333,
              10.0587
            ],
            [
              -12.35,
              9.9938
            ],
            [
              -12.2153,
              9.7139
            ],
            [
              -12.3476,
              9.5603
            ],
            [
              -12.2999,
              9.4553
            ],
            [
              -12.2293,
              9.3922
            ],
            [
              -12.0656,
              9.3469
            ],
            [
              -12.0142,
              9.3565
            ],
            [
              -11.8627,
              9.2089
            ],
            [
              -11.9365,
              9.0386
            ],
            [
              -12.0178,
              9.0339
            ],
            [
              -12.1429,
              8.9065
            ],
            [
              -12.1115,
              8.8179
            ],
            [
              -12.0639,
              8.7896
            ],
            [
              -11.8493,
              8.9063
            ],
            [
              -11.8471,
              8.9051
            ],
            [
              -11.6285,
              8.9581
            ],
            [
              -11.5843,
              9.0144
            ],
            [
              -11.5496,
              9.0188
            ],
            [
              -11.3087,
              8.7689
            ],
            [
              -11.3092,
              8.7644
            ],
            [
              -11.4051,
              8.6527
            ],
            [
              -11.5104,
              8.6522
            ],
            [
              -11.5922,
              8.7031
            ],
            [
              -11.8122,
              8.6524
            ],
            [
              -11.8236,
              8.6374
            ],
            [
              -11.8191,
              8.4887
            ],
            [
              -11.8575,
              8.4241
            ],
            [
              -11.8417,
              8.313
            ],
            [
              -11.9148,
              8.1522
            ],
            [
              -11.9126,
              8.1176
            ],
            [
              -12.0325,
              7.9911
            ],
            [
              -12.0381,
              7.9687
            ],
            [
              -12.2271,
              7.8297
            ],
            [
              -12.2537,
              7.8254
            ],
            [
              -12.3633,
              7.8745
            ],
            [
              -12.4634,
              7.8523
            ],
            [
              -12.5925,
              7.9031
            ],
            [
              -12.6042,
              7.8996
            ],
            [
              -12.7949,
              7.9536
            ],
            [
              -12.8417,
              8.0199
            ],
            [
              -12.9483,
              8.0638
            ],
            [
              -13.1112,
              7.8922
            ],
            [
              -13.0194,
              7.7634
            ],
            [
              -12.9119,
              7.7245
            ],
            [
              -12.7944,
              7.5574
            ],
            [
              -12.7801,
              7.5493
            ],
            [
              -12.7659,
              7.5308
            ],
            [
              -12.7623,
              7.392
            ],
            [
              -12.8725,
              7.2385
            ],
            [
              -12.8658,
              7.1285
            ],
            [
              -12.9808,
              7.0011
            ],
            [
              -12.9678,
              6.8681
            ],
            [
              -13.0568,
              6.7204
            ],
            [
              -13.2607,
              6.7647
            ],
            [
              -13.2649,
              6.7627
            ],
            [
              -13.4898,
              6.8127
            ],
            [
              -13.5011,
              6.806
            ],
            [
              -13.7797,
              6.8696
            ],
            [
              -13.6307,
              6.5387
            ],
            [
              -13.6975,
              6.4523
            ],
            [
              -13.6973,
              6.4142
            ],
            [
              -13.6909,
              6.402
            ],
            [
              -13.6786,
              6.2139
            ],
            [
              -13.689,
              6.1932
            ],
            [
              -13.6631,
              6.0478
            ],
            [
              -13.7447,
              5.9347
            ],
            [
              -13.7305,
              5.878
            ],
            [
              -13.8127,
              5.7705
            ],
            [
              -13.7743,
              5.6404
            ],
            [
              -13.794,
              5.5883
            ],
            [
              -13.894,
              5.5434
            ],
            [
              -13.9656,
              5.5635
            ],
            [
              -14.0493,
              5.7583
            ],
            [
              -14.1787,
              5.754
            ],
            [
              -14.2667,
              5.9539
            ],
            [
              -14.3817,
              5.9439
            ],
            [
              -14.4476,
              6.0805
            ],
            [
              -14.6349,
              6.0737
            ],
            [
              -14.6443,
              6.0968
            ],
            [
              -14.8487,
              6.1849
            ]
          ]
        ]
      },
      "id": "P04"
    },
    {
      "type": "Feature",
      "properties": {
        "id": "P05",
        "source_province_id": 422,
        "name": "Southmark",
        "population": 9537810,
        "population_share": 0.13246958333333334,
        "source_area_index": 4244,
        "country_id": "TER",
        "svg_path_id": "P05"
      },
      "geometry": {
        "type": "Polygon",
        "coordinates": [
          [
            [
              -26.302,
              0.3902
            ],
            [
              -26.3097,
              0.4139
            ],
            [
              -26.3876,
              0.5621
            ],
            [
              -26.3646,
              0.6654
            ],
            [
              -26.4175,
              0.7759
            ],
            [
              -26.6281,
              0.9202
            ],
            [
              -26.8175,
              0.8575
            ],
            [
              -27.0493,
              1.1572
            ],
            [
              -27.0534,
              1.1594
            ],
            [
              -27.1577,
              1.1533
            ],
            [
              -27.2599,
              1.2483
            ],
            [
              -27.3164,
              1.3914
            ],
            [
              -27.5076,
              1.5271
            ],
            [
              -27.5084,
              1.5337
            ],
            [
              -27.0727,
              1.7926
            ],
            [
              -27.2455,
              1.8976
            ],
            [
              -27.2922,
              2.1026
            ],
            [
              -27.0192,
              2.1648
            ],
            [
              -27.0058,
              2.1853
            ],
            [
              -26.7329,
              2.1331
            ],
            [
              -26.714,
              2.4354
            ],
            [
              -26.6092,
              2.5264
            ],
            [
              -26.7284,
              2.8146
            ],
            [
              -26.3757,
              2.9613
            ],
            [
              -26.3583,
              3.114
            ],
            [
              -26.2477,
              3.209
            ],
            [
              -26.2375,
              3.4582
            ],
            [
              -26.3211,
              3.5103
            ],
            [
              -26.3143,
              3.9119
            ],
            [
              -26.3101,
              3.916
            ],
            [
              -26.2666,
              4.1181
            ],
            [
              -26.3667,
              4.1779
            ],
            [
              -26.4875,
              4.4692
            ],
            [
              -26.5726,
              4.4881
            ],
            [
              -26.6599,
              4.7038
            ],
            [
              -26.5533,
              4.8909
            ],
            [
              -26.308,
              4.8481
            ],
            [
              -26.391,
              5.2631
            ],
            [
              -26.1239,
              5.1323
            ],
            [
              -26.052,
              4.9668
            ],
            [
              -25.8221,
              5.0647
            ],
            [
              -25.7831,
              5.1555
            ],
            [
              -25.3033,
              5.1817
            ],
            [
              -25.2765,
              5.141
            ],
            [
              -24.9904,
              5.1496
            ],
            [
              -24.9212,
              5.2131
            ],
            [
              -24.6835,
              5.2096
            ],
            [
              -24.6775,
              5.2015
            ],
            [
              -24.3141,
              5.1342
            ],
            [
              -24.284,
              5.1741
            ],
            [
              -24.0509,
              5.1979
            ],
            [
              -23.9367,
              5.1305
            ],
            [
              -23.8729,
              5.1402
            ],
            [
              -23.7265,
              5.0727
            ],
            [
              -23.6661,
              4.8943
            ],
            [
              -23.3824,
              4.8272
            ],
            [
              -23.3915,
              4.6839
            ],
            [
              -23.3547,
              4.625
            ],
            [
              -23.4209,
              4.4574
            ],
            [
              -23.3545,
              4.3131
            ],
            [
              -23.4001,
              4.2305
            ],
            [
              -23.2502,
              4.0609
            ],
            [
              -23.3831,
              3.9063
            ],
            [
              -23.4911,
              3.9058
            ],
            [
              -23.6128,
              3.8475
            ],
            [
              -23.6727,
              3.8784
            ],
            [
              -23.8696,
              3.9058
            ],
            [
              -24.0382,
              3.7814
            ],
            [
              -24.0558,
              3.7453
            ],
            [
              -24.0488,
              3.6212
            ],
            [
              -24.0149,
              3.5352
            ],
            [
              -23.8169,
              3.442
            ],
            [
              -23.7669,
              3.4528
            ],
            [
              -23.6665,
              3.5739
            ],
            [
              -23.4551,
              3.4661
            ],
            [
              -23.3615,
              3.5418
            ],
            [
              -23.2278,
              3.4557
            ],
            [
              -23.2225,
              3.4432
            ],
            [
              -23.0532,
              3.3447
            ],
            [
              -23.0045,
              3.2303
            ],
            [
              -23.0104,
              3.1582
            ],
            [
              -23.083,
              3.0831
            ],
            [
              -23.2019,
              3.0467
            ],
            [
              -23.2132,
              2.7961
            ],
            [
              -23.1047,
              2.7059
            ],
            [
              -23.1401,
              2.5422
            ],
            [
              -23.3038,
              2.4352
            ],
            [
              -23.3106,
              2.4172
            ],
            [
              -23.151,
              2.1819
            ],
            [
              -22.9672,
              2.1398
            ],
            [
              -22.941,
              2.1491
            ],
            [
              -22.8581,
              2.1303
            ],
            [
              -22.6603,
              2.1956
            ],
            [
              -22.5855,
              2.1862
            ],
            [
              -22.5344,
              2.217
            ],
            [
              -22.3752,
              2.1779
            ],
            [
              -22.3058,
              2.0126
            ],
            [
              -22.1912,
              2.022
            ],
            [
              -22.0757,
              1.9312
            ],
            [
              -21.9964,
              1.9193
            ],
            [
              -22.0026,
              1.5576
            ],
            [
              -22.086,
              1.4877
            ],
            [
              -21.9185,
              1.1062
            ],
            [
              -21.6988,
              1.1691
            ],
            [
              -21.5454,
              0.9579
            ],
            [
              -21.6764,
              0.794
            ],
            [
              -21.5598,
              0.5633
            ],
            [
              -21.686,
              0.4889
            ],
            [
              -21.5867,
              0.1697
            ],
            [
              -21.4476,
              0.2496
            ],
            [
              -21.2594,
              0.0946
            ],
            [
              -21.5395,
              -0.115
            ],
            [
              -21.4683,
              -0.207
            ],
            [
              -21.3548,
              -0.4643
            ],
            [
              -21.3886,
              -0.4914
            ],
            [
              -21.4705,
              -0.8472
            ],
            [
              -21.5123,
              -0.908
            ],
            [
              -21.3937,
              -1.0545
            ],
            [
              -21.4299,
              -1.2418
            ],
            [
              -21.6439,
              -1.2288
            ],
            [
              -21.837,
              -1.4745
            ],
            [
              -21.9815,
              -1.4616
            ],
            [
              -22.0454,
              -1.5324
            ],
            [
              -22.0652,
              -1.5407
            ],
            [
              -22.353,
              -1.5168
            ],
            [
              -22.5225,
              -1.7463
            ],
            [
              -22.3403,
              -1.9546
            ],
            [
              -22.6169,
              -2.0707
            ],
            [
              -22.6852,
              -2.0322
            ],
            [
              -22.9295,
              -2.0052
            ],
            [
              -22.9478,
              -1.8637
            ],
            [
              -23.0478,
              -1.7732
            ],
            [
              -23.3188,
              -1.7987
            ],
            [
              -23.4281,
              -1.6511
            ],
            [
              -23.7831,
              -1.8176
            ],
            [
              -23.8009,
              -1.8093
            ],
            [
              -23.8243,
              -1.7086
            ],
            [
              -24.2075,
              -1.5034
            ],
            [
              -24.2152,
              -1.452
            ],
            [
              -24.3919,
              -1.4001
            ],
            [
              -24.6933,
              -1.6919
            ],
            [
              -24.7875,
              -1.5984
            ],
            [
              -24.7157,
              -1.2022
            ],
            [
              -24.9804,
              -1.255
            ],
            [
              -25.1169,
              -1.1789
            ],
            [
              -25.3839,
              -1.158
            ],
            [
              -25.2641,
              -0.8411
            ],
            [
              -25.4241,
              -0.691
            ],
            [
              -25.4474,
              -0.41
            ],
            [
              -25.5545,
              -0.3706
            ],
            [
              -25.6324,
              -0.1638
            ],
            [
              -25.9616,
              -0.1947
            ],
            [
              -26.0923,
              -0.0568
            ],
            [
              -26.1858,
              -0.0896
            ],
            [
              -26.4068,
              -0.0137
            ],
            [
              -26.4751,
              0.161
            ],
            [
              -26.302,
              0.3902
            ]
          ]
        ]
      },
      "id": "P05"
    },
    {
      "type": "Feature",
      "properties": {
        "id": "P06",
        "source_province_id": 423,
        "name": "Veyra",
        "population": 892614,
        "population_share": 0.012397416666666666,
        "source_area_index": 273,
        "country_id": "TER",
        "svg_path_id": "P06"
      },
      "geometry": {
        "type": "Polygon",
        "coordinates": [
          [
            [
              -10.47,
              10.0509
            ],
            [
              -10.6746,
              9.9879
            ],
            [
              -10.8192,
              10.1605
            ],
            [
              -10.6237,
              10.4531
            ],
            [
              -10.805,
              10.6013
            ],
            [
              -10.8014,
              10.8285
            ],
            [
              -10.6283,
              10.9927
            ],
            [
              -10.6071,
              11.0341
            ],
            [
              -10.469,
              11.104
            ],
            [
              -10.4196,
              11.1606
            ],
            [
              -10.1736,
              11.1049
            ],
            [
              -10.1387,
              11.1358
            ],
            [
              -9.7612,
              11.2798
            ],
            [
              -9.6628,
              11.107
            ],
            [
              -9.2661,
              11.3768
            ],
            [
              -9.1472,
              11.2946
            ],
            [
              -9.0977,
              11.2218
            ],
            [
              -9.0657,
              11.2087
            ],
            [
              -9.0406,
              10.7793
            ],
            [
              -9.0158,
              10.744
            ],
            [
              -9.1657,
              10.5562
            ],
            [
              -9.3195,
              10.552
            ],
            [
              -9.4712,
              10.3356
            ],
            [
              -9.5832,
              10.3523
            ],
            [
              -9.8215,
              10.032
            ],
            [
              -9.9867,
              10.1678
            ],
            [
              -10.1896,
              10.1103
            ],
            [
              -10.194,
              9.8534
            ],
            [
              -10.4028,
              9.8322
            ],
            [
              -10.47,
              10.0509
            ]
          ]
        ]
      },
      "id": "P06"
    },
    {
      "type": "Feature",
      "properties": {
        "id": "P07",
        "source_province_id": 424,
        "name": "Rethvale",
        "population": 2122971,
        "population_share": 0.029485708333333333,
        "source_area_index": 716,
        "country_id": "TER",
        "svg_path_id": "P07"
      },
      "geometry": {
        "type": "Polygon",
        "coordinates": [
          [
            [
              -12.7319,
              10.1638
            ],
            [
              -12.5819,
              10.4558
            ],
            [
              -12.8684,
              10.608
            ],
            [
              -13.0228,
              10.5324
            ],
            [
              -13.0748,
              10.5535
            ],
            [
              -13.4036,
              10.5611
            ],
            [
              -13.4126,
              10.569
            ],
            [
              -13.4178,
              10.717
            ],
            [
              -13.501,
              10.8606
            ],
            [
              -13.3174,
              11.0923
            ],
            [
              -13.0857,
              11.0564
            ],
            [
              -13.025,
              11.2275
            ],
            [
              -13.0632,
              11.3405
            ],
            [
              -13.0258,
              11.5044
            ],
            [
              -12.643,
              11.4074
            ],
            [
              -12.6889,
              11.7885
            ],
            [
              -12.6822,
              11.7931
            ],
            [
              -12.4324,
              11.8709
            ],
            [
              -12.3377,
              11.8038
            ],
            [
              -12.1726,
              11.7617
            ],
            [
              -12.0707,
              11.6698
            ],
            [
              -11.7522,
              11.7828
            ],
            [
              -11.7234,
              11.7679
            ],
            [
              -11.6336,
              11.4146
            ],
            [
              -11.3208,
              11.4984
            ],
            [
              -11.3024,
              11.4849
            ],
            [
              -10.9937,
              11.4819
            ],
            [
              -10.9472,
              11.2345
            ],
            [
              -10.7897,
              11.1873
            ],
            [
              -10.6071,
              11.0341
            ],
            [
              -10.6283,
              10.9927
            ],
            [
              -10.8014,
              10.8285
            ],
            [
              -10.805,
              10.6013
            ],
            [
              -10.6237,
              10.4531
            ],
            [
              -10.8192,
              10.1605
            ],
            [
              -10.6746,
              9.9879
            ],
            [
              -10.47,
              10.0509
            ],
            [
              -10.4028,
              9.8322
            ],
            [
              -10.4715,
              9.7223
            ],
            [
              -10.39,
              9.5961
            ],
            [
              -10.5889,
              9.4719
            ],
            [
              -10.6627,
              9.4932
            ],
            [
              -10.7514,
              9.4189
            ],
            [
              -10.9151,
              9.4074
            ],
            [
              -10.9292,
              9.3969
            ],
            [
              -11.1239,
              9.4323
            ],
            [
              -11.2298,
              9.3913
            ],
            [
              -11.3783,
              9.4466
            ],
            [
              -11.4389,
              9.439
            ],
            [
              -11.5765,
              9.476
            ],
            [
              -11.5997,
              9.5063
            ],
            [
              -11.759,
              9.5835
            ],
            [
              -11.8977,
              9.5626
            ],
            [
              -12.0828,
              9.736
            ],
            [
              -12.2153,
              9.7139
            ],
            [
              -12.35,
              9.9938
            ],
            [
              -12.3333,
              10.0587
            ],
            [
              -12.7319,
              10.1638
            ]
          ]
        ]
      },
      "id": "P07"
    },
    {
      "type": "Feature",
      "properties": {
        "id": "P08",
        "source_province_id": 425,
        "name": "Eastbay",
        "population": 1574838,
        "population_share": 0.02187275,
        "source_area_index": 455,
        "country_id": "TER",
        "svg_path_id": "P08"
      },
      "geometry": {
        "type": "Polygon",
        "coordinates": [
          [
            [
              -8.4403,
              9.1607
            ],
            [
              -8.426,
              9.2718
            ],
            [
              -8.4318,
              9.3004
            ],
            [
              -8.4761,
              9.3475
            ],
            [
              -8.5109,
              9.4291
            ],
            [
              -8.5859,
              9.5062
            ],
            [
              -8.6059,
              9.571
            ],
            [
              -8.7536,
              9.7171
            ],
            [
              -8.8351,
              9.7389
            ],
            [
              -8.8593,
              9.8658
            ],
            [
              -9.0538,
              10.0799
            ],
            [
              -9.1098,
              10.0923
            ],
            [
              -9.074,
              10.3852
            ],
            [
              -9.1657,
              10.5562
            ],
            [
              -9.0158,
              10.744
            ],
            [
              -9.0406,
              10.7793
            ],
            [
              -9.0657,
              11.2087
            ],
            [
              -8.9328,
              11.2112
            ],
            [
              -8.7862,
              11.0669
            ],
            [
              -8.4858,
              11.0634
            ],
            [
              -8.464,
              11.0989
            ],
            [
              -8.0577,
              11.087
            ],
            [
              -8.0159,
              11.1369
            ],
            [
              -7.7651,
              11.0718
            ],
            [
              -7.7305,
              11.3361
            ],
            [
              -7.4908,
              11.274
            ],
            [
              -7.5109,
              11.1117
            ],
            [
              -7.4849,
              11.0802
            ],
            [
              -7.477,
              10.9324
            ],
            [
              -7.3408,
              10.8071
            ],
            [
              -7.2979,
              10.8068
            ],
            [
              -7.1842,
              10.6273
            ],
            [
              -7.3257,
              10.4803
            ],
            [
              -7.3786,
              10.4746
            ],
            [
              -7.5107,
              10.3882
            ],
            [
              -7.5153,
              10.2438
            ],
            [
              -7.5358,
              10.2007
            ],
            [
              -7.4761,
              10.0587
            ],
            [
              -7.5141,
              9.8757
            ],
            [
              -7.4781,
              9.7882
            ],
            [
              -7.4883,
              9.7419
            ],
            [
              -7.3933,
              9.6127
            ],
            [
              -7.3481,
              9.5994
            ],
            [
              -7.2205,
              9.3556
            ],
            [
              -7.3329,
              9.2819
            ],
            [
              -7.482,
              9.4582
            ],
            [
              -7.5656,
              9.4325
            ],
            [
              -7.6668,
              9.5554
            ],
            [
              -7.753,
              9.5373
            ],
            [
              -7.8876,
              9.6933
            ],
            [
              -8.0358,
              9.5687
            ],
            [
              -7.8637,
              9.3509
            ],
            [
              -7.9092,
              9.1755
            ],
            [
              -7.9332,
              9.1604
            ],
            [
              -7.9706,
              9.0652
            ],
            [
              -8.0561,
              9.0131
            ],
            [
              -8.1159,
              8.9074
            ],
            [
              -8.2223,
              8.8349
            ],
            [
              -8.4216,
              8.9346
            ],
            [
              -8.4133,
              9.089
            ],
            [
              -8.4403,
              9.1607
            ]
          ]
        ]
      },
      "id": "P08"
    },
    {
      "type": "Feature",
      "properties": {
        "id": "P09",
        "source_province_id": 426,
        "name": "Aurel",
        "population": 11888592,
        "population_share": 0.16511933333333334,
        "source_area_index": 4487,
        "country_id": "TER",
        "svg_path_id": "P09"
      },
      "geometry": {
        "type": "Polygon",
        "coordinates": [
          [
            [
              -19.7349,
              5.7046
            ],
            [
              -19.8998,
              5.8066
            ],
            [
              -20.0111,
              5.7189
            ],
            [
              -20.3593,
              5.7706
            ],
            [
              -20.3824,
              5.8332
            ],
            [
              -20.3258,
              5.9881
            ],
            [
              -20.4319,
              6.134
            ],
            [
              -20.4902,
              6.3282
            ],
            [
              -20.6428,
              6.3782
            ],
            [
              -20.669,
              6.3709
            ],
            [
              -21.0279,
              6.544
            ],
            [
              -20.9963,
              6.7538
            ],
            [
              -20.8428,
              6.8003
            ],
            [
              -20.5916,
              7.1517
            ],
            [
              -20.6007,
              7.1715
            ],
            [
              -20.29,
              7.4776
            ],
            [
              -20.3754,
              7.5509
            ],
            [
              -20.2598,
              7.8124
            ],
            [
              -20.2073,
              7.8495
            ],
            [
              -20.1852,
              7.8499
            ],
            [
              -20.0699,
              8.1318
            ],
            [
              -20.134,
              8.2352
            ],
            [
              -19.8194,
              8.5131
            ],
            [
              -19.7369,
              8.5111
            ],
            [
              -19.6246,
              8.8435
            ],
            [
              -19.6134,
              8.86
            ],
            [
              -19.7356,
              9.131
            ],
            [
              -19.7116,
              9.2645
            ],
            [
              -19.7115,
              9.2684
            ],
            [
              -19.5974,
              9.416
            ],
            [
              -19.5855,
              9.4871
            ],
            [
              -19.6342,
              9.6366
            ],
            [
              -19.9968,
              9.7244
            ],
            [
              -19.9349,
              10.1008
            ],
            [
              -19.945,
              10.1162
            ],
            [
              -19.7842,
              10.3937
            ],
            [
              -19.6753,
              10.4367
            ],
            [
              -19.3996,
              10.3653
            ],
            [
              -19.3894,
              10.3903
            ],
            [
              -19.4301,
              10.8445
            ],
            [
              -19.3331,
              10.9184
            ],
            [
              -19.3344,
              10.956
            ],
            [
              -19.1618,
              11.2322
            ],
            [
              -19.3298,
              11.4528
            ],
            [
              -19.289,
              11.5237
            ],
            [
              -19.0815,
              11.5852
            ],
            [
              -19.0095,
              11.7325
            ],
            [
              -19.0158,
              11.8259
            ],
            [
              -18.9278,
              11.9205
            ],
            [
              -18.9093,
              11.9993
            ],
            [
              -18.7705,
              12.1276
            ],
            [
              -18.7601,
              12.2384
            ],
            [
              -18.702,
              12.3342
            ],
            [
              -18.5107,
              12.366
            ],
            [
              -18.4457,
              12.3375
            ],
            [
              -18.387,
              12.2712
            ],
            [
              -18.2872,
              12.2487
            ],
            [
              -18.1545,
              12.1353
            ],
            [
              -18.1534,
              12.1336
            ],
            [
              -17.869,
              12.0735
            ],
            [
              -17.8414,
              12.0866
            ],
            [
              -17.817,
              12.0866
            ],
            [
              -17.6563,
              12.1472
            ],
            [
              -17.6518,
              12.1513
            ],
            [
              -17.5128,
              12.1941
            ],
            [
              -17.4313,
              12.1718
            ],
            [
              -17.2959,
              11.8911
            ],
            [
              -17.286,
              11.8895
            ],
            [
              -17.1504,
              11.7021
            ],
            [
              -17.116,
              11.4921
            ],
            [
              -16.8103,
              11.4679
            ],
            [
              -16.7652,
              11.4229
            ],
            [
              -16.43,
              11.5873
            ],
            [
              -16.2776,
              11.4092
            ],
            [
              -16.0592,
              11.4776
            ],
            [
              -15.9793,
              11.1057
            ],
            [
              -15.8445,
              11.0858
            ],
            [
              -15.8252,
              10.8636
            ],
            [
              -15.5717,
              10.7426
            ],
            [
              -15.4107,
              10.8498
            ],
            [
              -15.4098,
              10.8493
            ],
            [
              -15.3073,
              10.5237
            ],
            [
              -15.387,
              10.3897
            ],
            [
              -15.245,
              10.2226
            ],
            [
              -15.3978,
              10.0582
            ],
            [
              -15.3082,
              9.7641
            ],
            [
              -15.401,
              9.6839
            ],
            [
              -15.3881,
              9.5478
            ],
            [
              -15.0652,
              9.3704
            ],
            [
              -15.1247,
              9.1521
            ],
            [
              -15.02,
              9.0465
            ],
            [
              -15.0264,
              8.8973
            ],
            [
              -14.9025,
              8.7597
            ],
            [
              -14.9587,
              8.5768
            ],
            [
              -15.1958,
              8.513
            ],
            [
              -15.0419,
              8.1599
            ],
            [
              -15.2576,
              8.0681
            ],
            [
              -15.2939,
              7.8594
            ],
            [
              -15.2509,
              7.7796
            ],
            [
              -15.134,
              7.7026
            ],
            [
              -15.1336,
              7.525
            ],
            [
              -15.1982,
              7.439
            ],
            [
              -14.9796,
              7.0434
            ],
            [
              -14.9813,
              7.0416
            ],
            [
              -14.9873,
              7.0298
            ],
            [
              -15.2352,
              6.9169
            ],
            [
              -15.2597,
              6.5099
            ],
            [
              -15.2948,
              6.498
            ],
            [
              -15.3077,
              6.4878
            ],
            [
              -15.4885,
              6.4516
            ],
            [
              -15.5686,
              6.3916
            ],
            [
              -15.7047,
              6.3979
            ],
            [
              -15.8197,
              6.2933
            ],
            [
              -16.0295,
              6.3706
            ],
            [
              -16.0695,
              6.3605
            ],
            [
              -16.1103,
              6.3808
            ],
            [
              -16.3514,
              6.3197
            ],
            [
              -16.4071,
              6.2463
            ],
            [
              -16.4658,
              6.2253
            ],
            [
              -16.5649,
              6.0637
            ],
            [
              -16.6649,
              6.0252
            ],
            [
              -16.7365,
              5.8898
            ],
            [
              -16.8624,
              5.8456
            ],
            [
              -16.9548,
              5.7372
            ],
            [
              -17.0011,
              5.7315
            ],
            [
              -17.1782,
              5.6005
            ],
            [
              -17.192,
              5.5983
            ],
            [
              -17.3092,
              5.6709
            ],
            [
              -17.3314,
              5.7473
            ],
            [
              -17.4256,
              5.829
            ],
            [
              -17.6273,
              5.8148
            ],
            [
              -17.6621,
              5.773
            ],
            [
              -17.8637,
              5.7782
            ],
            [
              -17.9388,
              5.7182
            ],
            [
              -17.9636,
              5.7201
            ],
            [
              -18.2305,
              5.5878
            ],
            [
              -18.2325,
              5.5837
            ],
            [
              -18.4726,
              5.4823
            ],
            [
              -18.4902,
              5.4917
            ],
            [
              -18.5946,
              5.4803
            ],
            [
              -18.7623,
              5.5424
            ],
            [
              -18.9015,
              5.4777
            ],
            [
              -18.9408,
              5.2857
            ],
            [
              -19.0082,
              5.2165
            ],
            [
              -19.0199,
              5.1676
            ],
            [
              -19.0722,
              5.1239
            ],
            [
              -19.2643,
              5.0626
            ],
            [
              -19.3032,
              5.0693
            ],
            [
              -19.4567,
              5.4538
            ],
            [
              -19.5718,
              5.4388
            ],
            [
              -19.7032,
              5.5136
            ],
            [
              -19.7349,
              5.7046
            ]
          ]
        ]
      },
      "id": "P09"
    },
    {
      "type": "Feature",
      "properties": {
        "id": "P10",
        "source_province_id": 427,
        "name": "Eastridge",
        "population": 3240802,
        "population_share": 0.04501113888888889,
        "source_area_index": 886,
        "country_id": "TER",
        "svg_path_id": "P10"
      },
      "geometry": {
        "type": "Polygon",
        "coordinates": [
          [
            [
              -10.7528,
              13.7064
            ],
            [
              -10.7195,
              14.1996
            ],
            [
              -10.7541,
              14.2356
            ],
            [
              -10.749,
              14.3922
            ],
            [
              -10.4288,
              14.5022
            ],
            [
              -10.4965,
              14.6964
            ],
            [
              -10.442,
              14.7728
            ],
            [
              -10.5404,
              15.0881
            ],
            [
              -10.4716,
              15.1459
            ],
            [
              -10.2003,
              15.0991
            ],
            [
              -10.0521,
              15.2092
            ],
            [
              -9.7537,
              15.0123
            ],
            [
              -9.6457,
              15.0669
            ],
            [
              -9.5772,
              15.0704
            ],
            [
              -9.4026,
              15.2141
            ],
            [
              -9.1288,
              14.962
            ],
            [
              -9.1236,
              14.8684
            ],
            [
              -8.8345,
              14.8047
            ],
            [
              -8.7213,
              14.638
            ],
            [
              -8.5517,
              14.7547
            ],
            [
              -8.376,
              14.7376
            ],
            [
              -8.3209,
              14.9881
            ],
            [
              -8.1811,
              14.9334
            ],
            [
              -8.1627,
              14.8296
            ],
            [
              -8.126,
              14.7572
            ],
            [
              -7.9161,
              14.8167
            ],
            [
              -7.808,
              14.7442
            ],
            [
              -7.8042,
              14.7316
            ],
            [
              -7.7628,
              14.688
            ],
            [
              -7.7282,
              14.5488
            ],
            [
              -7.6859,
              14.5028
            ],
            [
              -7.5645,
              14.4509
            ],
            [
              -7.4936,
              14.4796
            ],
            [
              -7.4075,
              14.4581
            ],
            [
              -7.2541,
              14.521
            ],
            [
              -7.1385,
              14.3981
            ],
            [
              -7.0628,
              14.41
            ],
            [
              -6.9817,
              14.2397
            ],
            [
              -6.8479,
              14.245
            ],
            [
              -6.8103,
              14.0556
            ],
            [
              -6.8653,
              13.9916
            ],
            [
              -6.8499,
              13.8567
            ],
            [
              -6.828,
              13.8356
            ],
            [
              -6.8204,
              13.6426
            ],
            [
              -6.7818,
              13.6109
            ],
            [
              -6.82,
              13.3706
            ],
            [
              -6.8331,
              13.3626
            ],
            [
              -6.8186,
              13.2287
            ],
            [
              -6.9887,
              13.1462
            ],
            [
              -7.0521,
              13.1866
            ],
            [
              -7.0889,
              13.3322
            ],
            [
              -7.1737,
              13.343
            ],
            [
              -7.2812,
              13.4264
            ],
            [
              -7.3242,
              13.4156
            ],
            [
              -7.5065,
              13.4984
            ],
            [
              -7.5099,
              13.6436
            ],
            [
              -7.6256,
              13.6931
            ],
            [
              -7.7325,
              13.6435
            ],
            [
              -7.7507,
              13.5472
            ],
            [
              -7.9444,
              13.4444
            ],
            [
              -8.1384,
              13.5583
            ],
            [
              -8.1866,
              13.4585
            ],
            [
              -8.4572,
              13.3117
            ],
            [
              -8.3787,
              13.0524
            ],
            [
              -8.4341,
              12.965
            ],
            [
              -8.9042,
              13.0837
            ],
            [
              -8.9261,
              13.1118
            ],
            [
              -9.0079,
              13.1204
            ],
            [
              -9.0147,
              13.1247
            ],
            [
              -9.4645,
              13.1272
            ],
            [
              -9.3687,
              13.4533
            ],
            [
              -9.4586,
              13.5184
            ],
            [
              -9.6984,
              13.4728
            ],
            [
              -9.7773,
              13.5672
            ],
            [
              -10.0256,
              13.5901
            ],
            [
              -10.093,
              13.6444
            ],
            [
              -10.4048,
              13.3077
            ],
            [
              -10.4596,
              13.3999
            ],
            [
              -10.7605,
              13.6587
            ],
            [
              -10.7572,
              13.7018
            ],
            [
              -10.7528,
              13.7064
            ]
          ]
        ]
      },
      "id": "P10"
    },
    {
      "type": "Feature",
      "properties": {
        "id": "P11",
        "source_province_id": 428,
        "name": "Shorren",
        "population": 2346502,
        "population_share": 0.03259030555555555,
        "source_area_index": 676,
        "country_id": "TER",
        "svg_path_id": "P11"
      },
      "geometry": {
        "type": "Polygon",
        "coordinates": [
          [
            [
              -9.0977,
              11.2218
            ],
            [
              -9.1472,
              11.2946
            ],
            [
              -9.2661,
              11.3768
            ],
            [
              -9.3326,
              11.5414
            ],
            [
              -9.6404,
              11.5525
            ],
            [
              -9.6368,
              11.6304
            ],
            [
              -9.4384,
              11.9781
            ],
            [
              -9.5393,
              12.068
            ],
            [
              -9.3842,
              12.4399
            ],
            [
              -9.382,
              12.4414
            ],
            [
              -9.4894,
              12.828
            ],
            [
              -9.2319,
              12.8306
            ],
            [
              -9.0079,
              13.1204
            ],
            [
              -8.9261,
              13.1118
            ],
            [
              -8.9042,
              13.0837
            ],
            [
              -8.4341,
              12.965
            ],
            [
              -8.3787,
              13.0524
            ],
            [
              -8.4572,
              13.3117
            ],
            [
              -8.1866,
              13.4585
            ],
            [
              -8.1384,
              13.5583
            ],
            [
              -7.9444,
              13.4444
            ],
            [
              -7.7507,
              13.5472
            ],
            [
              -7.6451,
              13.3813
            ],
            [
              -7.6264,
              13.3755
            ],
            [
              -7.5174,
              13.227
            ],
            [
              -7.5112,
              13.163
            ],
            [
              -7.4721,
              13.1419
            ],
            [
              -7.3771,
              12.9303
            ],
            [
              -7.4282,
              12.8493
            ],
            [
              -7.3294,
              12.6307
            ],
            [
              -7.3342,
              12.618
            ],
            [
              -7.2795,
              12.4089
            ],
            [
              -7.3178,
              12.3265
            ],
            [
              -7.3267,
              12.3158
            ],
            [
              -7.3661,
              12.1456
            ],
            [
              -7.3188,
              12.0617
            ],
            [
              -7.3158,
              12.0408
            ],
            [
              -7.2312,
              11.8973
            ],
            [
              -7.2261,
              11.7766
            ],
            [
              -7.3696,
              11.6145
            ],
            [
              -7.3696,
              11.6046
            ],
            [
              -7.4569,
              11.4736
            ],
            [
              -7.4623,
              11.3116
            ],
            [
              -7.4908,
              11.274
            ],
            [
              -7.7305,
              11.3361
            ],
            [
              -7.7651,
              11.0718
            ],
            [
              -8.0159,
              11.1369
            ],
            [
              -8.0577,
              11.087
            ],
            [
              -8.464,
              11.0989
            ],
            [
              -8.4858,
              11.0634
            ],
            [
              -8.7862,
              11.0669
            ],
            [
              -8.9328,
              11.2112
            ],
            [
              -9.0657,
              11.2087
            ],
            [
              -9.0977,
              11.2218
            ]
          ]
        ]
      },
      "id": "P11"
    },
    {
      "type": "Feature",
      "properties": {
        "id": "P12",
        "source_province_id": 429,
        "name": "Darsen",
        "population": 7462371,
        "population_share": 0.10364404166666667,
        "source_area_index": 2130,
        "country_id": "TER",
        "svg_path_id": "P12"
      },
      "geometry": {
        "type": "Polygon",
        "coordinates": [
          [
            [
              -16.3684,
              16.3218
            ],
            [
              -16.3243,
              16.6667
            ],
            [
              -16.6728,
              16.682
            ],
            [
              -16.7239,
              16.7666
            ],
            [
              -16.5534,
              17.0516
            ],
            [
              -16.6214,
              17.1637
            ],
            [
              -16.6532,
              17.3395
            ],
            [
              -16.7593,
              17.3827
            ],
            [
              -16.7751,
              17.7062
            ],
            [
              -16.868,
              17.7972
            ],
            [
              -16.7606,
              18.0904
            ],
            [
              -16.7729,
              18.1069
            ],
            [
              -16.9182,
              18.1852
            ],
            [
              -16.974,
              18.4315
            ],
            [
              -17.0683,
              18.5291
            ],
            [
              -16.9268,
              18.7785
            ],
            [
              -16.7816,
              18.7478
            ],
            [
              -16.7407,
              18.7738
            ],
            [
              -16.3872,
              18.7422
            ],
            [
              -16.3769,
              18.6324
            ],
            [
              -16.4123,
              18.5526
            ],
            [
              -16.4126,
              18.494
            ],
            [
              -16.3468,
              18.3448
            ],
            [
              -16.3467,
              18.3194
            ],
            [
              -16.2826,
              18.2031
            ],
            [
              -16.076,
              18.1222
            ],
            [
              -16.0602,
              18.1254
            ],
            [
              -15.894,
              18.0118
            ],
            [
              -15.7489,
              18.0098
            ],
            [
              -15.7329,
              18.0189
            ],
            [
              -15.5148,
              17.9837
            ],
            [
              -15.4731,
              18.0004
            ],
            [
              -15.3801,
              18.2004
            ],
            [
              -15.3939,
              18.2882
            ],
            [
              -15.4832,
              18.3576
            ],
            [
              -15.4955,
              18.6439
            ],
            [
              -15.4808,
              18.6567
            ],
            [
              -15.3039,
              18.6576
            ],
            [
              -15.1645,
              18.4506
            ],
            [
              -15.1093,
              18.4415
            ],
            [
              -15.0412,
              18.3412
            ],
            [
              -15.037,
              18.2288
            ],
            [
              -14.9036,
              18.0694
            ],
            [
              -14.8904,
              18.0644
            ],
            [
              -14.8149,
              18.0711
            ],
            [
              -14.7069,
              18.0301
            ],
            [
              -14.6862,
              18.0315
            ],
            [
              -14.617,
              18.0872
            ],
            [
              -14.4259,
              18.1129
            ],
            [
              -14.3435,
              18.2815
            ],
            [
              -14.4157,
              18.3868
            ],
            [
              -14.3821,
              18.5881
            ],
            [
              -14.4123,
              18.6315
            ],
            [
              -14.42,
              18.8421
            ],
            [
              -14.4159,
              18.8531
            ],
            [
              -14.4295,
              19.0172
            ],
            [
              -14.4279,
              19.0227
            ],
            [
              -14.4129,
              19.0462
            ],
            [
              -14.216,
              19.1615
            ],
            [
              -14.1186,
              19.1644
            ],
            [
              -14.0754,
              19.2056
            ],
            [
              -13.9275,
              19.2135
            ],
            [
              -13.7778,
              19.1172
            ],
            [
              -13.7366,
              18.9315
            ],
            [
              -13.7339,
              18.93
            ],
            [
              -13.6568,
              18.6426
            ],
            [
              -13.6637,
              18.6264
            ],
            [
              -13.6236,
              18.5007
            ],
            [
              -13.4601,
              18.3542
            ],
            [
              -13.4059,
              18.3419
            ],
            [
              -13.2259,
              18.446
            ],
            [
              -13.1754,
              18.4437
            ],
            [
              -13.0421,
              18.3049
            ],
            [
              -13.025,
              18.2161
            ],
            [
              -12.8698,
              18.0854
            ],
            [
              -12.8612,
              18.0515
            ],
            [
              -12.7152,
              17.9375
            ],
            [
              -12.6806,
              17.8253
            ],
            [
              -12.7191,
              17.724
            ],
            [
              -12.6612,
              17.5977
            ],
            [
              -12.6216,
              17.5719
            ],
            [
              -12.5758,
              17.3786
            ],
            [
              -12.3783,
              17.3089
            ],
            [
              -12.2695,
              17.3946
            ],
            [
              -12.1713,
              17.3953
            ],
            [
              -12.1396,
              17.372
            ],
            [
              -11.9485,
              17.3369
            ],
            [
              -11.8941,
              17.3532
            ],
            [
              -11.8709,
              17.343
            ],
            [
              -11.7429,
              17.1837
            ],
            [
              -11.768,
              16.9164
            ],
            [
              -11.7758,
              16.9038
            ],
            [
              -11.776,
              16.8882
            ],
            [
              -11.717,
              16.7656
            ],
            [
              -11.6485,
              16.7333
            ],
            [
              -11.6031,
              16.3802
            ],
            [
              -11.7294,
              16.3386
            ],
            [
              -11.656,
              16.0506
            ],
            [
              -11.6946,
              15.9923
            ],
            [
              -12.0331,
              15.9969
            ],
            [
              -12.047,
              15.9598
            ],
            [
              -12.4038,
              15.8097
            ],
            [
              -12.4584,
              15.7732
            ],
            [
              -12.6347,
              15.8162
            ],
            [
              -12.741,
              15.6908
            ],
            [
              -12.7861,
              15.3846
            ],
            [
              -12.8096,
              15.3712
            ],
            [
              -12.8951,
              15.3715
            ],
            [
              -13.231,
              15.1214
            ],
            [
              -13.3062,
              15.1427
            ],
            [
              -13.4431,
              14.9988
            ],
            [
              -13.8013,
              15.2524
            ],
            [
              -13.7846,
              15.3386
            ],
            [
              -13.9585,
              15.4359
            ],
            [
              -14.1335,
              15.3775
            ],
            [
              -14.3752,
              15.5343
            ],
            [
              -14.4662,
              15.0804
            ],
            [
              -14.4816,
              15.081
            ],
            [
              -14.7711,
              15.2598
            ],
            [
              -14.7922,
              15.3036
            ],
            [
              -14.8778,
              15.3783
            ],
            [
              -14.9481,
              15.3857
            ],
            [
              -15.1704,
              15.4661
            ],
            [
              -15.1748,
              15.4743
            ],
            [
              -15.4401,
              15.56
            ],
            [
              -15.6613,
              15.3666
            ],
            [
              -15.7941,
              15.4667
            ],
            [
              -16.1182,
              15.4277
            ],
            [
              -15.9431,
              15.7503
            ],
            [
              -16.1674,
              15.8368
            ],
            [
              -16.1208,
              16.1165
            ],
            [
              -16.319,
              16.2113
            ],
            [
              -16.3196,
              16.2151
            ],
            [
              -16.3684,
              16.3218
            ]
          ]
        ]
      },
      "id": "P12"
    },
    {
      "type": "Feature",
      "properties": {
        "id": "P13",
        "source_province_id": 430,
        "name": "Karsen",
        "population": 1349641,
        "population_share": 0.018745013888888887,
        "source_area_index": 382,
        "country_id": "TER",
        "svg_path_id": "P13"
      },
      "geometry": {
        "type": "Polygon",
        "coordinates": [
          [
            [
              -10.4716,
              15.1459
            ],
            [
              -10.5004,
              15.3332
            ],
            [
              -10.7354,
              15.414
            ],
            [
              -10.8238,
              15.4947
            ],
            [
              -10.5893,
              15.6717
            ],
            [
              -10.6812,
              15.9163
            ],
            [
              -10.6718,
              15.9875
            ],
            [
              -10.5282,
              15.9938
            ],
            [
              -10.3083,
              16.3625
            ],
            [
              -10.2909,
              16.36
            ],
            [
              -10.1188,
              16.6937
            ],
            [
              -9.9309,
              16.5393
            ],
            [
              -9.9296,
              16.536
            ],
            [
              -9.7713,
              16.4602
            ],
            [
              -9.7021,
              16.3114
            ],
            [
              -9.7164,
              16.2664
            ],
            [
              -9.6175,
              16.1522
            ],
            [
              -9.4396,
              16.1522
            ],
            [
              -9.4047,
              16.1157
            ],
            [
              -9.2333,
              16.1321
            ],
            [
              -9.1351,
              16.0483
            ],
            [
              -9.1305,
              15.9576
            ],
            [
              -9.1392,
              15.9412
            ],
            [
              -9.0822,
              15.7327
            ],
            [
              -8.8196,
              15.8272
            ],
            [
              -8.7288,
              15.7033
            ],
            [
              -8.7044,
              15.6938
            ],
            [
              -8.6239,
              15.5137
            ],
            [
              -8.5801,
              15.4855
            ],
            [
              -8.4872,
              15.3224
            ],
            [
              -8.4827,
              15.2611
            ],
            [
              -8.4082,
              15.1478
            ],
            [
              -8.4092,
              15.0843
            ],
            [
              -8.3209,
              14.9881
            ],
            [
              -8.376,
              14.7376
            ],
            [
              -8.5517,
              14.7547
            ],
            [
              -8.7213,
              14.638
            ],
            [
              -8.8345,
              14.8047
            ],
            [
              -9.1236,
              14.8684
            ],
            [
              -9.1288,
              14.962
            ],
            [
              -9.4026,
              15.2141
            ],
            [
              -9.5772,
              15.0704
            ],
            [
              -9.6457,
              15.0669
            ],
            [
              -9.7537,
              15.0123
            ],
            [
              -10.0521,
              15.2092
            ],
            [
              -10.2003,
              15.0991
            ],
            [
              -10.4716,
              15.1459
            ]
          ]
        ]
      },
      "id": "P13"
    },
    {
      "type": "Feature",
      "properties": {
        "id": "P14",
        "source_province_id": 431,
        "name": "Arven",
        "population": 674227,
        "population_share": 0.009364263888888889,
        "source_area_index": 219,
        "country_id": "TER",
        "svg_path_id": "P14"
      },
      "geometry": {
        "type": "Polygon",
        "coordinates": [
          [
            [
              -10.7441,
              12.8505
            ],
            [
              -10.7186,
              13.1555
            ],
            [
              -10.7863,
              13.1927
            ],
            [
              -10.8355,
              13.5562
            ],
            [
              -10.7605,
              13.6587
            ],
            [
              -10.4596,
              13.3999
            ],
            [
              -10.4048,
              13.3077
            ],
            [
              -10.093,
              13.6444
            ],
            [
              -10.0256,
              13.5901
            ],
            [
              -9.7773,
              13.5672
            ],
            [
              -9.6984,
              13.4728
            ],
            [
              -9.4586,
              13.5184
            ],
            [
              -9.3687,
              13.4533
            ],
            [
              -9.4645,
              13.1272
            ],
            [
              -9.0147,
              13.1247
            ],
            [
              -9.0079,
              13.1204
            ],
            [
              -9.2319,
              12.8306
            ],
            [
              -9.4894,
              12.828
            ],
            [
              -9.382,
              12.4414
            ],
            [
              -9.3842,
              12.4399
            ],
            [
              -9.8542,
              12.487
            ],
            [
              -9.8878,
              12.4635
            ],
            [
              -10.0165,
              12.4952
            ],
            [
              -10.0584,
              12.5193
            ],
            [
              -10.3836,
              12.5136
            ],
            [
              -10.4314,
              12.8131
            ],
            [
              -10.7441,
              12.8505
            ]
          ]
        ]
      },
      "id": "P14"
    },
    {
      "type": "Feature",
      "properties": {
        "id": "P15",
        "source_province_id": 432,
        "name": "Lyrden",
        "population": 1624402,
        "population_share": 0.022561138888888888,
        "source_area_index": 527,
        "country_id": "TER",
        "svg_path_id": "P15"
      },
      "geometry": {
        "type": "Polygon",
        "coordinates": [
          [
            [
              -11.3024,
              11.4849
            ],
            [
              -11.3208,
              11.4984
            ],
            [
              -11.6336,
              11.4146
            ],
            [
              -11.7234,
              11.7679
            ],
            [
              -11.7522,
              11.7828
            ],
            [
              -12.0707,
              11.6698
            ],
            [
              -12.1726,
              11.7617
            ],
            [
              -12.3377,
              11.8038
            ],
            [
              -12.4324,
              11.8709
            ],
            [
              -12.3923,
              12.1769
            ],
            [
              -12.021,
              12.235
            ],
            [
              -11.9828,
              12.3051
            ],
            [
              -11.7922,
              12.3415
            ],
            [
              -11.7292,
              12.4182
            ],
            [
              -11.3541,
              12.3562
            ],
            [
              -11.3505,
              12.3747
            ],
            [
              -11.1963,
              12.4969
            ],
            [
              -11.0444,
              12.7725
            ],
            [
              -10.8963,
              12.7231
            ],
            [
              -10.7441,
              12.8505
            ],
            [
              -10.4314,
              12.8131
            ],
            [
              -10.3836,
              12.5136
            ],
            [
              -10.0584,
              12.5193
            ],
            [
              -10.0165,
              12.4952
            ],
            [
              -9.8878,
              12.4635
            ],
            [
              -9.8542,
              12.487
            ],
            [
              -9.3842,
              12.4399
            ],
            [
              -9.5393,
              12.068
            ],
            [
              -9.4384,
              11.9781
            ],
            [
              -9.6368,
              11.6304
            ],
            [
              -9.6404,
              11.5525
            ],
            [
              -9.3326,
              11.5414
            ],
            [
              -9.2661,
              11.3768
            ],
            [
              -9.6628,
              11.107
            ],
            [
              -9.7612,
              11.2798
            ],
            [
              -10.1387,
              11.1358
            ],
            [
              -10.1736,
              11.1049
            ],
            [
              -10.4196,
              11.1606
            ],
            [
              -10.469,
              11.104
            ],
            [
              -10.6071,
              11.0341
            ],
            [
              -10.7897,
              11.1873
            ],
            [
              -10.9472,
              11.2345
            ],
            [
              -10.9937,
              11.4819
            ],
            [
              -11.3024,
              11.4849
            ]
          ]
        ]
      },
      "id": "P15"
    },
    {
      "type": "Feature",
      "properties": {
        "id": "P16",
        "source_province_id": 576,
        "name": "Miren",
        "population": 3063209,
        "population_share": 0.042544569444444444,
        "source_area_index": 984,
        "country_id": "TER",
        "svg_path_id": "P16"
      },
      "geometry": {
        "type": "MultiPolygon",
        "coordinates": [
          [
            [
              [
                -7.0461,
                14.9443
              ],
              [
                -7.027,
                14.9733
              ],
              [
                -7.0082,
                14.978
              ],
              [
                -6.9188,
                15.0662
              ],
              [
                -6.7334,
                15.0633
              ],
              [
                -6.6785,
                14.8774
              ],
              [
                -6.7565,
                14.753
              ],
              [
                -6.7612,
                14.6349
              ],
              [
                -6.7949,
                14.5774
              ],
              [
                -6.8496,
                14.5755
              ],
              [
                -6.9664,
                14.5193
              ],
              [
                -7.2176,
                14.6449
              ],
              [
                -7.2228,
                14.6689
              ],
              [
                -7.2207,
                14.6759
              ],
              [
                -7.0582,
                14.7616
              ],
              [
                -7.0461,
                14.9443
              ]
            ]
          ],
          [
            [
              [
                -8.7985,
                5.3101
              ],
              [
                -8.8045,
                5.3716
              ],
              [
                -8.7019,
                5.5592
              ],
              [
                -8.7644,
                5.6989
              ],
              [
                -8.6758,
                5.7321
              ],
              [
                -8.5701,
                5.9903
              ],
              [
                -8.6148,
                6.026
              ],
              [
                -8.6389,
                6.1707
              ],
              [
                -8.6864,
                6.2103
              ],
              [
                -8.7693,
                6.4243
              ],
              [
                -8.8086,
                6.4544
              ],
              [
                -8.8415,
                6.5495
              ],
              [
                -8.938,
                6.5987
              ],
              [
                -9.0097,
                6.5974
              ],
              [
                -9.1123,
                6.6793
              ],
              [
                -9.0894,
                6.9096
              ],
              [
                -9.0509,
                6.9311
              ],
              [
                -9.0414,
                7.091
              ],
              [
                -8.872,
                7.189
              ],
              [
                -8.872,
                7.2552
              ],
              [
                -8.7503,
                7.4099
              ],
              [
                -8.6654,
                7.434
              ],
              [
                -8.6174,
                7.5422
              ],
              [
                -8.4381,
                7.5832
              ],
              [
                -8.3265,
                7.712
              ],
              [
                -8.3255,
                7.7156
              ],
              [
                -8.4096,
                7.8452
              ],
              [
                -8.407,
                7.9919
              ],
              [
                -8.2228,
                8.0593
              ],
              [
                -8.1992,
                8.1656
              ],
              [
                -7.9561,
                8.1852
              ],
              [
                -7.9405,
                8.2644
              ],
              [
                -7.7666,
                8.3481
              ],
              [
                -7.751,
                8.3802
              ],
              [
                -7.5661,
                8.3873
              ],
              [
                -7.4507,
                8.3145
              ],
              [
                -7.2857,
                8.3768
              ],
              [
                -7.2583,
                8.4122
              ],
              [
                -7.1171,
                8.49
              ],
              [
                -7.0842,
                8.4717
              ],
              [
                -6.8001,
                8.4717
              ],
              [
                -6.7298,
                8.3568
              ],
              [
                -6.7743,
                8.1857
              ],
              [
                -6.7768,
                8.1837
              ],
              [
                -6.8283,
                8.052
              ],
              [
                -6.8897,
                8.0203
              ],
              [
                -6.9392,
                7.8676
              ],
              [
                -7.0897,
                7.8529
              ],
              [
                -7.0311,
                7.6134
              ],
              [
                -7.0756,
                7.5927
              ],
              [
                -7.1019,
                7.3255
              ],
              [
                -7.081,
                7.3103
              ],
              [
                -7.0628,
                7.0986
              ],
              [
                -7.0358,
                7.0749
              ],
              [
                -7.0236,
                6.9136
              ],
              [
                -7.0984,
                6.8675
              ],
              [
                -7.0753,
                6.6646
              ],
              [
                -7.1668,
                6.6233
              ],
              [
                -7.1446,
                6.4737
              ],
              [
                -7.2302,
                6.3679
              ],
              [
                -7.2106,
                6.2374
              ],
              [
                -7.2218,
                6.2132
              ],
              [
                -7.2143,
                6.0075
              ],
              [
                -7.2362,
                5.9605
              ],
              [
                -7.1447,
                5.8062
              ],
              [
                -7.0697,
                5.7759
              ],
              [
                -7.0249,
                5.5054
              ],
              [
                -7.0901,
                5.4427
              ],
              [
                -7.0477,
                5.303
              ],
              [
                -6.9145,
                5.195
              ],
              [
                -6.9166,
                5.1728
              ],
              [
                -6.8262,
                4.9081
              ],
              [
                -6.7995,
                4.8832
              ],
              [
                -6.8465,
                4.6794
              ],
              [
                -7.0686,
                4.6651
              ],
              [
                -7.1522,
                4.7605
              ],
              [
                -7.4339,
                4.7687
              ],
              [
                -7.439,
                4.8
              ],
              [
                -7.6551,
                4.9327
              ],
              [
                -7.848,
                4.8258
              ],
              [
                -7.9365,
                4.8667
              ],
              [
                -8.0737,
                4.7133
              ],
              [
                -8.284,
                4.7313
              ],
              [
                -8.2994,
                4.7428
              ],
              [
                -8.3159,
                4.7729
              ],
              [
                -8.4304,
                4.8442
              ],
              [
                -8.4319,
                5.0595
              ],
              [
                -8.6666,
                5.1843
              ],
              [
                -8.683,
                5.2417
              ],
              [
                -8.7985,
                5.3101
              ]
            ]
          ],
          [
            [
              [
                -6.9184,
                9.1566
              ],
              [
                -6.7741,
                9.0938
              ],
              [
                -6.7428,
                9.0077
              ],
              [
                -6.7444,
                8.9892
              ],
              [
                -6.9126,
                8.8068
              ],
              [
                -7.0105,
                8.7971
              ],
              [
                -7.107,
                8.9016
              ],
              [
                -7.1298,
                9.0054
              ],
              [
                -7.0418,
                9.1211
              ],
              [
                -6.9184,
                9.1566
              ]
            ]
          ],
          [
            [
              [
                -8.6371,
                8.7918
              ],
              [
                -8.8089,
                8.7492
              ],
              [
                -8.8838,
                8.8226
              ],
              [
                -8.7396,
                8.9605
              ],
              [
                -8.6153,
                8.8547
              ],
              [
                -8.6371,
                8.7918
              ]
            ]
          ],
          [
            [
              [
                -14.4987,
                5.8163
              ],
              [
                -14.3876,
                5.6129
              ],
              [
                -14.4634,
                5.5158
              ],
              [
                -14.5577,
                5.4662
              ],
              [
                -14.6509,
                5.4761
              ],
              [
                -14.6968,
                5.5253
              ],
              [
                -14.7264,
                5.6821
              ],
              [
                -14.4987,
                5.8163
              ]
            ]
          ]
        ]
      },
      "id": "P16"
    },
    {
      "type": "Feature",
      "properties": {
        "id": "P17",
        "source_province_id": 577,
        "name": "Caldria",
        "population": 3577080,
        "population_share": 0.049681666666666666,
        "source_area_index": 1129,
        "country_id": "TER",
        "svg_path_id": "P17"
      },
      "geometry": {
        "type": "Polygon",
        "coordinates": [
          [
            [
              -24.0509,
              5.1979
            ],
            [
              -24.284,
              5.1741
            ],
            [
              -24.3141,
              5.1342
            ],
            [
              -24.6775,
              5.2015
            ],
            [
              -24.6835,
              5.2096
            ],
            [
              -24.9212,
              5.2131
            ],
            [
              -24.9904,
              5.1496
            ],
            [
              -25.2765,
              5.141
            ],
            [
              -25.3033,
              5.1817
            ],
            [
              -25.7831,
              5.1555
            ],
            [
              -25.8221,
              5.0647
            ],
            [
              -26.052,
              4.9668
            ],
            [
              -26.1239,
              5.1323
            ],
            [
              -26.0115,
              5.3961
            ],
            [
              -25.8402,
              5.4728
            ],
            [
              -25.8392,
              5.4746
            ],
            [
              -25.8166,
              5.4904
            ],
            [
              -25.3794,
              5.4693
            ],
            [
              -25.3525,
              5.523
            ],
            [
              -24.8938,
              5.5738
            ],
            [
              -25.0228,
              5.9409
            ],
            [
              -25.0094,
              5.9874
            ],
            [
              -24.6184,
              5.8204
            ],
            [
              -24.5229,
              5.8463
            ],
            [
              -24.3828,
              5.8209
            ],
            [
              -24.3553,
              5.837
            ],
            [
              -24.11,
              5.7161
            ],
            [
              -23.8402,
              5.8717
            ],
            [
              -23.7153,
              5.8615
            ],
            [
              -23.6817,
              5.8291
            ],
            [
              -23.3042,
              5.9474
            ],
            [
              -23.2934,
              6.0953
            ],
            [
              -23.1035,
              6.2333
            ],
            [
              -22.8542,
              6.1026
            ],
            [
              -22.6891,
              6.4301
            ],
            [
              -22.6291,
              6.4407
            ],
            [
              -22.5044,
              6.405
            ],
            [
              -22.3671,
              6.1377
            ],
            [
              -22.1853,
              6.1629
            ],
            [
              -21.9784,
              6.4493
            ],
            [
              -21.7631,
              6.3789
            ],
            [
              -21.6879,
              6.316
            ],
            [
              -21.6822,
              6.2994
            ],
            [
              -21.3951,
              6.193
            ],
            [
              -21.3039,
              6.4856
            ],
            [
              -21.0546,
              6.5053
            ],
            [
              -21.0279,
              6.544
            ],
            [
              -20.669,
              6.3709
            ],
            [
              -20.6428,
              6.3782
            ],
            [
              -20.4902,
              6.3282
            ],
            [
              -20.4319,
              6.134
            ],
            [
              -20.3258,
              5.9881
            ],
            [
              -20.3824,
              5.8332
            ],
            [
              -20.3593,
              5.7706
            ],
            [
              -20.0111,
              5.7189
            ],
            [
              -19.8998,
              5.8066
            ],
            [
              -19.7349,
              5.7046
            ],
            [
              -19.7032,
              5.5136
            ],
            [
              -19.5718,
              5.4388
            ],
            [
              -19.4567,
              5.4538
            ],
            [
              -19.3032,
              5.0693
            ],
            [
              -19.4583,
              4.9923
            ],
            [
              -19.4589,
              4.9904
            ],
            [
              -19.6018,
              4.8683
            ],
            [
              -19.7761,
              4.9678
            ],
            [
              -19.7805,
              5.0047
            ],
            [
              -19.8973,
              5.1067
            ],
            [
              -20.0608,
              5.0032
            ],
            [
              -20.131,
              5.0107
            ],
            [
              -20.212,
              4.9411
            ],
            [
              -20.3551,
              4.9802
            ],
            [
              -20.4205,
              5.1812
            ],
            [
              -20.5038,
              5.2175
            ],
            [
              -20.6029,
              5.2031
            ],
            [
              -20.6114,
              5.1947
            ],
            [
              -20.6687,
              5.0233
            ],
            [
              -20.5886,
              4.8913
            ],
            [
              -20.5617,
              4.8748
            ],
            [
              -20.4699,
              4.7273
            ],
            [
              -20.4678,
              4.6895
            ],
            [
              -20.5734,
              4.5154
            ],
            [
              -20.5747,
              4.5147
            ],
            [
              -20.6773,
              4.3829
            ],
            [
              -20.6879,
              4.3803
            ],
            [
              -20.846,
              4.2613
            ],
            [
              -20.8619,
              4.1819
            ],
            [
              -21.0304,
              4.061
            ],
            [
              -21.0411,
              3.9808
            ],
            [
              -21.1941,
              3.824
            ],
            [
              -21.2227,
              3.8168
            ],
            [
              -21.33,
              3.8419
            ],
            [
              -21.4169,
              4.0117
            ],
            [
              -21.4123,
              4.0372
            ],
            [
              -21.5362,
              4.2624
            ],
            [
              -21.5609,
              4.2694
            ],
            [
              -21.6903,
              4.4556
            ],
            [
              -21.6868,
              4.5243
            ],
            [
              -21.6958,
              4.5468
            ],
            [
              -21.8443,
              4.6181
            ],
            [
              -22.0074,
              4.554
            ],
            [
              -22.0333,
              4.8086
            ],
            [
              -22.029,
              4.812
            ],
            [
              -22.0604,
              4.9902
            ],
            [
              -22.0475,
              5.0038
            ],
            [
              -22.0765,
              5.1592
            ],
            [
              -22.2445,
              5.1584
            ],
            [
              -22.2975,
              5.2609
            ],
            [
              -22.4489,
              5.2896
            ],
            [
              -22.4646,
              5.3108
            ],
            [
              -22.661,
              5.3712
            ],
            [
              -22.6864,
              5.3627
            ],
            [
              -22.7763,
              5.0952
            ],
            [
              -22.8228,
              5.0911
            ],
            [
              -22.9208,
              5.0257
            ],
            [
              -23.0156,
              5.0204
            ],
            [
              -23.1463,
              4.9028
            ],
            [
              -23.2126,
              4.9144
            ],
            [
              -23.3793,
              4.8321
            ],
            [
              -23.3824,
              4.8272
            ],
            [
              -23.6661,
              4.8943
            ],
            [
              -23.7265,
              5.0727
            ],
            [
              -23.8729,
              5.1402
            ],
            [
              -23.9367,
              5.1305
            ],
            [
              -24.0509,
              5.1979
            ]
          ]
        ]
      },
      "id": "P17"
    },
    {
      "type": "Feature",
      "properties": {
        "id": "P18",
        "source_province_id": 578,
        "name": "Northmarch",
        "population": 724675,
        "population_share": 0.010064930555555556,
        "source_area_index": 171,
        "country_id": "TER",
        "svg_path_id": "P18"
      },
      "geometry": {
        "type": "MultiPolygon",
        "coordinates": [
          [
            [
              [
                -15.4191,
                19.7771
              ],
              [
                -15.3921,
                19.5784
              ],
              [
                -15.5016,
                19.4802
              ],
              [
                -15.5546,
                19.484
              ],
              [
                -15.6923,
                19.7291
              ],
              [
                -15.6158,
                19.8039
              ],
              [
                -15.4595,
                19.8094
              ],
              [
                -15.4191,
                19.7771
              ]
            ]
          ],
          [
            [
              [
                -16.9268,
                18.7785
              ],
              [
                -16.9362,
                18.7952
              ],
              [
                -17.0459,
                18.857
              ],
              [
                -17.0814,
                19.0299
              ],
              [
                -16.9965,
                19.117
              ],
              [
                -17.017,
                19.2718
              ],
              [
                -16.843,
                19.4417
              ],
              [
                -16.8382,
                19.4413
              ],
              [
                -16.7126,
                19.4963
              ],
              [
                -16.606,
                19.6214
              ],
              [
                -16.6115,
                19.8203
              ],
              [
                -16.6108,
                19.8248
              ],
              [
                -16.6286,
                19.8909
              ],
              [
                -16.6857,
                19.9472
              ],
              [
                -16.7418,
                20.1479
              ],
              [
                -16.7376,
                20.1617
              ],
              [
                -16.5789,
                20.2976
              ],
              [
                -16.4619,
                20.3149
              ],
              [
                -16.4161,
                20.3459
              ],
              [
                -16.2695,
                20.3533
              ],
              [
                -16.1866,
                20.3926
              ],
              [
                -16.0367,
                20.2514
              ],
              [
                -16.0546,
                20.0735
              ],
              [
                -16.0406,
                20.0154
              ],
              [
                -16.1208,
                19.891
              ],
              [
                -16.1176,
                19.8224
              ],
              [
                -16.1765,
                19.7207
              ],
              [
                -16.1297,
                19.5749
              ],
              [
                -16.1661,
                19.5027
              ],
              [
                -16.1619,
                19.3168
              ],
              [
                -16.1461,
                19.2888
              ],
              [
                -16.2032,
                19.0921
              ],
              [
                -16.2698,
                19.0291
              ],
              [
                -16.3055,
                18.8759
              ],
              [
                -16.3635,
                18.8165
              ],
              [
                -16.3872,
                18.7422
              ],
              [
                -16.7407,
                18.7738
              ],
              [
                -16.7816,
                18.7478
              ],
              [
                -16.9268,
                18.7785
              ]
            ]
          ]
        ]
      },
      "id": "P18"
    },
    {
      "type": "Feature",
      "properties": {
        "id": "P19",
        "source_province_id": 579,
        "name": "Kintal",
        "population": 278843,
        "population_share": 0.0038728194444444444,
        "source_area_index": 121,
        "country_id": "TER",
        "svg_path_id": "P19"
      },
      "geometry": {
        "type": "Polygon",
        "coordinates": [
          [
            [
              -26.6904,
              0.2035
            ],
            [
              -26.7513,
              0.3245
            ],
            [
              -26.9166,
              0.3162
            ],
            [
              -27.2178,
              0.4717
            ],
            [
              -27.2389,
              0.4625
            ],
            [
              -27.4811,
              0.8645
            ],
            [
              -27.5644,
              0.8765
            ],
            [
              -27.6751,
              1.1201
            ],
            [
              -27.2599,
              1.2483
            ],
            [
              -27.1577,
              1.1533
            ],
            [
              -27.0534,
              1.1594
            ],
            [
              -27.0493,
              1.1572
            ],
            [
              -26.8175,
              0.8575
            ],
            [
              -26.6281,
              0.9202
            ],
            [
              -26.4175,
              0.7759
            ],
            [
              -26.3646,
              0.6654
            ],
            [
              -26.3876,
              0.5621
            ],
            [
              -26.3097,
              0.4139
            ],
            [
              -26.302,
              0.3902
            ],
            [
              -26.4751,
              0.161
            ],
            [
              -26.6904,
              0.2035
            ]
          ]
        ]
      },
      "id": "P19"
    },
    {
      "type": "Feature",
      "properties": {
        "id": "P20",
        "source_province_id": 580,
        "name": "Shuma",
        "population": 125143,
        "population_share": 0.0017380972222222223,
        "source_area_index": 116,
        "country_id": "TER",
        "svg_path_id": "P20"
      },
      "geometry": {
        "type": "Polygon",
        "coordinates": [
          [
            [
              -22.0548,
              -2.3209
            ],
            [
              -22.0901,
              -2.2751
            ],
            [
              -22.075,
              -2.1146
            ],
            [
              -22.3144,
              -1.9782
            ],
            [
              -22.3286,
              -1.9592
            ],
            [
              -22.3403,
              -1.9546
            ],
            [
              -22.5225,
              -1.7463
            ],
            [
              -22.353,
              -1.5168
            ],
            [
              -22.0652,
              -1.5407
            ],
            [
              -22.0454,
              -1.5324
            ],
            [
              -21.9815,
              -1.4616
            ],
            [
              -21.837,
              -1.4745
            ],
            [
              -21.6682,
              -1.583
            ],
            [
              -21.6356,
              -1.8156
            ],
            [
              -21.4769,
              -1.8865
            ],
            [
              -21.4011,
              -2.0384
            ],
            [
              -21.2384,
              -2.1256
            ],
            [
              -21.2312,
              -2.1566
            ],
            [
              -21.4781,
              -2.4538
            ],
            [
              -21.6481,
              -2.3838
            ],
            [
              -21.7859,
              -2.4696
            ],
            [
              -22.0548,
              -2.3209
            ]
          ]
        ]
      },
      "id": "P20"
    }
  ],
  "content_version": "0.2.0-predev"
}
