{
  "type": "FeatureCollection",
  "features": [
    {
      "type": "Feature",
      "properties": {
        "id": "C001",
        "district_number": 1,
        "population": 1509066,
        "seats": 9,
        "country_id": "TER",
        "plurality_province_id": "P12",
        "plurality_province_name": "Darsen",
        "province_population_shares": [
          {
            "province_id": "P12",
            "share": 0.519786
          },
          {
            "province_id": "P18",
            "share": 0.480214
          }
        ],
        "crosses_province_boundaries": true,
        "svg_path_id": "C001"
      },
      "geometry": {
        "type": "MultiPolygon",
        "coordinates": [
          [
            [
              [
                -16.9182,
                18.1852
              ],
              [
                -16.974,
                18.4315
              ],
              [
                -17.0683,
                18.5291
              ],
              [
                -16.9268,
                18.7785
              ],
              [
                -16.9362,
                18.7952
              ],
              [
                -17.0459,
                18.857
              ],
              [
                -17.0814,
                19.0299
              ],
              [
                -16.9965,
                19.117
              ],
              [
                -17.017,
                19.2718
              ],
              [
                -16.843,
                19.4417
              ],
              [
                -16.8382,
                19.4413
              ],
              [
                -16.7126,
                19.4963
              ],
              [
                -16.606,
                19.6214
              ],
              [
                -16.6115,
                19.8203
              ],
              [
                -16.6108,
                19.8248
              ],
              [
                -16.6286,
                19.8909
              ],
              [
                -16.6857,
                19.9472
              ],
              [
                -16.7418,
                20.1479
              ],
              [
                -16.7376,
                20.1617
              ],
              [
                -16.5789,
                20.2976
              ],
              [
                -16.4619,
                20.3149
              ],
              [
                -16.4161,
                20.3459
              ],
              [
                -16.2695,
                20.3533
              ],
              [
                -16.1866,
                20.3926
              ],
              [
                -16.0367,
                20.2514
              ],
              [
                -16.0546,
                20.0735
              ],
              [
                -16.0406,
                20.0154
              ],
              [
                -16.1208,
                19.891
              ],
              [
                -16.1176,
                19.8224
              ],
              [
                -16.1765,
                19.7207
              ],
              [
                -16.1297,
                19.5749
              ],
              [
                -16.1661,
                19.5027
              ],
              [
                -16.1619,
                19.3168
              ],
              [
                -16.1461,
                19.2888
              ],
              [
                -16.2032,
                19.0921
              ],
              [
                -16.2698,
                19.0291
              ],
              [
                -16.3055,
                18.8759
              ],
              [
                -16.3635,
                18.8165
              ],
              [
                -16.3872,
                18.7422
              ],
              [
                -16.3769,
                18.6324
              ],
              [
                -16.4123,
                18.5526
              ],
              [
                -16.4126,
                18.494
              ],
              [
                -16.3468,
                18.3448
              ],
              [
                -16.3467,
                18.3194
              ],
              [
                -16.2826,
                18.2031
              ],
              [
                -16.076,
                18.1222
              ],
              [
                -16.0602,
                18.1254
              ],
              [
                -15.894,
                18.0118
              ],
              [
                -15.7489,
                18.0098
              ],
              [
                -15.7329,
                18.0189
              ],
              [
                -15.5148,
                17.9837
              ],
              [
                -15.5293,
                17.7569
              ],
              [
                -15.2805,
                17.6463
              ],
              [
                -15.2735,
                17.6403
              ],
              [
                -15.3213,
                17.4509
              ],
              [
                -15.6678,
                17.4339
              ],
              [
                -15.7094,
                17.5474
              ],
              [
                -15.7749,
                17.6107
              ],
              [
                -16.0848,
                17.6804
              ],
              [
                -16.0908,
                17.6789
              ],
              [
                -16.2896,
                17.7695
              ],
              [
                -16.3666,
                17.7707
              ],
              [
                -16.4341,
                17.6841
              ],
              [
                -16.7751,
                17.7062
              ],
              [
                -16.868,
                17.7972
              ],
              [
                -16.7606,
                18.0904
              ],
              [
                -16.7729,
                18.1069
              ],
              [
                -16.9182,
                18.1852
              ]
            ]
          ],
          [
            [
              [
                -15.4191,
                19.7771
              ],
              [
                -15.3921,
                19.5784
              ],
              [
                -15.5016,
                19.4802
              ],
              [
                -15.5546,
                19.484
              ],
              [
                -15.6923,
                19.7291
              ],
              [
                -15.6158,
                19.8039
              ],
              [
                -15.4595,
                19.8094
              ],
              [
                -15.4191,
                19.7771
              ]
            ]
          ]
        ]
      },
      "id": "C001"
    },
    {
      "type": "Feature",
      "properties": {
        "id": "C002",
        "district_number": 2,
        "population": 1549341,
        "seats": 9,
        "country_id": "TER",
        "plurality_province_id": "P12",
        "plurality_province_name": "Darsen",
        "province_population_shares": [
          {
            "province_id": "P12",
            "share": 1
          }
        ],
        "crosses_province_boundaries": false,
        "svg_path_id": "C002"
      },
      "geometry": {
        "type": "Polygon",
        "coordinates": [
          [
            [
              -15.5148,
              17.9837
            ],
            [
              -15.4731,
              18.0004
            ],
            [
              -15.3801,
              18.2004
            ],
            [
              -15.3939,
              18.2882
            ],
            [
              -15.4832,
              18.3576
            ],
            [
              -15.4955,
              18.6439
            ],
            [
              -15.4808,
              18.6567
            ],
            [
              -15.3039,
              18.6576
            ],
            [
              -15.1645,
              18.4506
            ],
            [
              -15.1093,
              18.4415
            ],
            [
              -15.0412,
              18.3412
            ],
            [
              -15.037,
              18.2288
            ],
            [
              -14.9036,
              18.0694
            ],
            [
              -14.8904,
              18.0644
            ],
            [
              -14.8149,
              18.0711
            ],
            [
              -14.7069,
              18.0301
            ],
            [
              -14.6862,
              18.0315
            ],
            [
              -14.617,
              18.0872
            ],
            [
              -14.4259,
              18.1129
            ],
            [
              -14.3435,
              18.2815
            ],
            [
              -14.4157,
              18.3868
            ],
            [
              -14.3821,
              18.5881
            ],
            [
              -14.4123,
              18.6315
            ],
            [
              -14.42,
              18.8421
            ],
            [
              -14.4159,
              18.8531
            ],
            [
              -14.4295,
              19.0172
            ],
            [
              -14.4279,
              19.0227
            ],
            [
              -14.4129,
              19.0462
            ],
            [
              -14.216,
              19.1615
            ],
            [
              -14.1186,
              19.1644
            ],
            [
              -14.0754,
              19.2056
            ],
            [
              -13.9275,
              19.2135
            ],
            [
              -13.7778,
              19.1172
            ],
            [
              -13.7366,
              18.9315
            ],
            [
              -13.7339,
              18.93
            ],
            [
              -13.6568,
              18.6426
            ],
            [
              -13.6637,
              18.6264
            ],
            [
              -13.6236,
              18.5007
            ],
            [
              -13.4601,
              18.3542
            ],
            [
              -13.4059,
              18.3419
            ],
            [
              -13.2259,
              18.446
            ],
            [
              -13.1754,
              18.4437
            ],
            [
              -13.0421,
              18.3049
            ],
            [
              -13.025,
              18.2161
            ],
            [
              -12.8698,
              18.0854
            ],
            [
              -12.8612,
              18.0515
            ],
            [
              -13.0695,
              17.8546
            ],
            [
              -12.9943,
              17.6925
            ],
            [
              -13.0755,
              17.5352
            ],
            [
              -13.1779,
              17.497
            ],
            [
              -13.4309,
              17.6352
            ],
            [
              -13.5642,
              17.5029
            ],
            [
              -13.9197,
              17.6671
            ],
            [
              -13.9219,
              17.6659
            ],
            [
              -13.9814,
              17.6849
            ],
            [
              -14.3316,
              17.6582
            ],
            [
              -14.3794,
              17.754
            ],
            [
              -14.4825,
              17.7775
            ],
            [
              -14.7159,
              17.653
            ],
            [
              -14.7917,
              17.7244
            ],
            [
              -14.9745,
              17.7407
            ],
            [
              -15.0117,
              17.7222
            ],
            [
              -15.1394,
              17.7473
            ],
            [
              -15.2735,
              17.6403
            ],
            [
              -15.2805,
              17.6463
            ],
            [
              -15.5293,
              17.7569
            ],
            [
              -15.5148,
              17.9837
            ]
          ]
        ]
      },
      "id": "C002"
    },
    {
      "type": "Feature",
      "properties": {
        "id": "C003",
        "district_number": 3,
        "population": 1501708,
        "seats": 9,
        "country_id": "TER",
        "plurality_province_id": "P12",
        "plurality_province_name": "Darsen",
        "province_population_shares": [
          {
            "province_id": "P12",
            "share": 0.893512
          },
          {
            "province_id": "P03",
            "share": 0.106488
          }
        ],
        "crosses_province_boundaries": true,
        "svg_path_id": "C003"
      },
      "geometry": {
        "type": "Polygon",
        "coordinates": [
          [
            [
              -16.138,
              15.4184
            ],
            [
              -16.1182,
              15.4277
            ],
            [
              -15.9431,
              15.7503
            ],
            [
              -16.1674,
              15.8368
            ],
            [
              -16.1208,
              16.1165
            ],
            [
              -16.319,
              16.2113
            ],
            [
              -16.3196,
              16.2151
            ],
            [
              -16.3684,
              16.3218
            ],
            [
              -16.3243,
              16.6667
            ],
            [
              -16.6728,
              16.682
            ],
            [
              -16.7239,
              16.7666
            ],
            [
              -16.5534,
              17.0516
            ],
            [
              -16.6214,
              17.1637
            ],
            [
              -16.6532,
              17.3395
            ],
            [
              -16.7593,
              17.3827
            ],
            [
              -16.7751,
              17.7062
            ],
            [
              -16.4341,
              17.6841
            ],
            [
              -16.3666,
              17.7707
            ],
            [
              -16.2896,
              17.7695
            ],
            [
              -16.0908,
              17.6789
            ],
            [
              -16.0848,
              17.6804
            ],
            [
              -15.7749,
              17.6107
            ],
            [
              -15.7094,
              17.5474
            ],
            [
              -15.6678,
              17.4339
            ],
            [
              -15.3213,
              17.4509
            ],
            [
              -15.2735,
              17.6403
            ],
            [
              -15.1394,
              17.7473
            ],
            [
              -15.0117,
              17.7222
            ],
            [
              -14.9495,
              17.4044
            ],
            [
              -14.983,
              17.3762
            ],
            [
              -14.996,
              17.135
            ],
            [
              -15.1344,
              17.0433
            ],
            [
              -15.1914,
              16.8148
            ],
            [
              -15.0556,
              16.6536
            ],
            [
              -15.0094,
              16.4674
            ],
            [
              -15.0049,
              16.4631
            ],
            [
              -15.0116,
              16.1174
            ],
            [
              -15.1411,
              15.9683
            ],
            [
              -15.13,
              15.8916
            ],
            [
              -15.091,
              15.7751
            ],
            [
              -15.1748,
              15.4743
            ],
            [
              -15.1704,
              15.4661
            ],
            [
              -15.2587,
              15.2683
            ],
            [
              -15.088,
              15.0197
            ],
            [
              -15.0622,
              14.9245
            ],
            [
              -15.4178,
              14.8923
            ],
            [
              -15.4576,
              14.9372
            ],
            [
              -15.458,
              15.1332
            ],
            [
              -15.6531,
              15.3004
            ],
            [
              -15.8691,
              15.089
            ],
            [
              -15.9086,
              15.0774
            ],
            [
              -16.1227,
              15.3423
            ],
            [
              -16.138,
              15.4184
            ]
          ]
        ]
      },
      "id": "C003"
    },
    {
      "type": "Feature",
      "properties": {
        "id": "C004",
        "district_number": 4,
        "population": 1477450,
        "seats": 8,
        "country_id": "TER",
        "plurality_province_id": "P12",
        "plurality_province_name": "Darsen",
        "province_population_shares": [
          {
            "province_id": "P12",
            "share": 0.870696
          },
          {
            "province_id": "P03",
            "share": 0.129304
          }
        ],
        "crosses_province_boundaries": true,
        "svg_path_id": "C004"
      },
      "geometry": {
        "type": "Polygon",
        "coordinates": [
          [
            [
              -15.2587,
              15.2683
            ],
            [
              -15.1704,
              15.4661
            ],
            [
              -15.1748,
              15.4743
            ],
            [
              -15.091,
              15.7751
            ],
            [
              -15.13,
              15.8916
            ],
            [
              -15.1411,
              15.9683
            ],
            [
              -15.0116,
              16.1174
            ],
            [
              -15.0049,
              16.4631
            ],
            [
              -15.0094,
              16.4674
            ],
            [
              -15.0556,
              16.6536
            ],
            [
              -15.1914,
              16.8148
            ],
            [
              -15.1344,
              17.0433
            ],
            [
              -14.996,
              17.135
            ],
            [
              -14.983,
              17.3762
            ],
            [
              -14.9495,
              17.4044
            ],
            [
              -15.0117,
              17.7222
            ],
            [
              -14.9745,
              17.7407
            ],
            [
              -14.7917,
              17.7244
            ],
            [
              -14.7159,
              17.653
            ],
            [
              -14.4825,
              17.7775
            ],
            [
              -14.3794,
              17.754
            ],
            [
              -14.3316,
              17.6582
            ],
            [
              -13.9814,
              17.6849
            ],
            [
              -13.9219,
              17.6659
            ],
            [
              -13.9741,
              17.4172
            ],
            [
              -13.9112,
              17.331
            ],
            [
              -14.0948,
              17.0503
            ],
            [
              -14.0374,
              17.0135
            ],
            [
              -13.9134,
              16.8844
            ],
            [
              -13.7822,
              16.8201
            ],
            [
              -13.748,
              16.7528
            ],
            [
              -13.8226,
              16.6302
            ],
            [
              -13.9883,
              16.5023
            ],
            [
              -14.0529,
              16.3988
            ],
            [
              -13.9564,
              16.2495
            ],
            [
              -14.016,
              15.9106
            ],
            [
              -13.9789,
              15.8464
            ],
            [
              -14.0114,
              15.7822
            ],
            [
              -13.9585,
              15.4359
            ],
            [
              -13.7846,
              15.3386
            ],
            [
              -13.8013,
              15.2524
            ],
            [
              -13.8813,
              15.081
            ],
            [
              -14.0225,
              15.0277
            ],
            [
              -14.1838,
              15.0665
            ],
            [
              -14.3551,
              15.0113
            ],
            [
              -14.4662,
              15.0804
            ],
            [
              -14.4816,
              15.081
            ],
            [
              -14.7711,
              15.2598
            ],
            [
              -14.9856,
              14.8793
            ],
            [
              -15.0622,
              14.9245
            ],
            [
              -15.088,
              15.0197
            ],
            [
              -15.2587,
              15.2683
            ]
          ]
        ]
      },
      "id": "C004"
    },
    {
      "type": "Feature",
      "properties": {
        "id": "C005",
        "district_number": 5,
        "population": 1499292,
        "seats": 9,
        "country_id": "TER",
        "plurality_province_id": "P12",
        "plurality_province_name": "Darsen",
        "province_population_shares": [
          {
            "province_id": "P12",
            "share": 0.956189
          },
          {
            "province_id": "P02",
            "share": 0.02577
          },
          {
            "province_id": "P03",
            "share": 0.018041
          }
        ],
        "crosses_province_boundaries": true,
        "svg_path_id": "C005"
      },
      "geometry": {
        "type": "Polygon",
        "coordinates": [
          [
            [
              -13.7846,
              15.3386
            ],
            [
              -13.9585,
              15.4359
            ],
            [
              -14.0114,
              15.7822
            ],
            [
              -13.9789,
              15.8464
            ],
            [
              -14.016,
              15.9106
            ],
            [
              -13.9564,
              16.2495
            ],
            [
              -14.0529,
              16.3988
            ],
            [
              -13.9883,
              16.5023
            ],
            [
              -13.8226,
              16.6302
            ],
            [
              -13.748,
              16.7528
            ],
            [
              -13.7822,
              16.8201
            ],
            [
              -13.9134,
              16.8844
            ],
            [
              -14.0374,
              17.0135
            ],
            [
              -14.0948,
              17.0503
            ],
            [
              -13.9112,
              17.331
            ],
            [
              -13.9741,
              17.4172
            ],
            [
              -13.9219,
              17.6659
            ],
            [
              -13.9197,
              17.6671
            ],
            [
              -13.5642,
              17.5029
            ],
            [
              -13.4309,
              17.6352
            ],
            [
              -13.1779,
              17.497
            ],
            [
              -13.0755,
              17.5352
            ],
            [
              -12.8742,
              17.3757
            ],
            [
              -12.843,
              17.251
            ],
            [
              -12.757,
              17.1867
            ],
            [
              -12.6962,
              17.0528
            ],
            [
              -12.7413,
              16.8686
            ],
            [
              -12.7113,
              16.8229
            ],
            [
              -12.6733,
              16.4846
            ],
            [
              -12.7192,
              16.4209
            ],
            [
              -12.6494,
              16.1619
            ],
            [
              -12.6988,
              15.981
            ],
            [
              -12.6347,
              15.8162
            ],
            [
              -12.741,
              15.6908
            ],
            [
              -12.7861,
              15.3846
            ],
            [
              -12.8096,
              15.3712
            ],
            [
              -12.8543,
              14.9875
            ],
            [
              -12.9805,
              14.9153
            ],
            [
              -13.0173,
              14.9137
            ],
            [
              -13.231,
              15.1214
            ],
            [
              -13.3062,
              15.1427
            ],
            [
              -13.4431,
              14.9988
            ],
            [
              -13.5309,
              14.847
            ],
            [
              -13.6171,
              14.8312
            ],
            [
              -13.8813,
              15.081
            ],
            [
              -13.8013,
              15.2524
            ],
            [
              -13.7846,
              15.3386
            ]
          ]
        ]
      },
      "id": "C005"
    },
    {
      "type": "Feature",
      "properties": {
        "id": "C006",
        "district_number": 6,
        "population": 1511356,
        "seats": 9,
        "country_id": "TER",
        "plurality_province_id": "P09",
        "plurality_province_name": "Aurel",
        "province_population_shares": [
          {
            "province_id": "P09",
            "share": 1
          }
        ],
        "crosses_province_boundaries": false,
        "svg_path_id": "C006"
      },
      "geometry": {
        "type": "Polygon",
        "coordinates": [
          [
            [
              -19.8501,
              10.0723
            ],
            [
              -19.9349,
              10.1008
            ],
            [
              -19.945,
              10.1162
            ],
            [
              -19.7842,
              10.3937
            ],
            [
              -19.6753,
              10.4367
            ],
            [
              -19.3996,
              10.3653
            ],
            [
              -19.3894,
              10.3903
            ],
            [
              -19.4301,
              10.8445
            ],
            [
              -19.3331,
              10.9184
            ],
            [
              -19.3344,
              10.956
            ],
            [
              -19.1618,
              11.2322
            ],
            [
              -19.3298,
              11.4528
            ],
            [
              -19.289,
              11.5237
            ],
            [
              -19.0815,
              11.5852
            ],
            [
              -19.0095,
              11.7325
            ],
            [
              -19.0158,
              11.8259
            ],
            [
              -18.9278,
              11.9205
            ],
            [
              -18.9093,
              11.9993
            ],
            [
              -18.7705,
              12.1276
            ],
            [
              -18.7601,
              12.2384
            ],
            [
              -18.702,
              12.3342
            ],
            [
              -18.5107,
              12.366
            ],
            [
              -18.4457,
              12.3375
            ],
            [
              -18.387,
              12.2712
            ],
            [
              -18.2872,
              12.2487
            ],
            [
              -18.1545,
              12.1353
            ],
            [
              -18.1534,
              12.1336
            ],
            [
              -17.869,
              12.0735
            ],
            [
              -17.8414,
              12.0866
            ],
            [
              -17.817,
              12.0866
            ],
            [
              -17.6563,
              12.1472
            ],
            [
              -17.4978,
              11.7779
            ],
            [
              -17.6534,
              11.706
            ],
            [
              -17.6541,
              11.7052
            ],
            [
              -17.6899,
              11.4694
            ],
            [
              -17.7613,
              11.4184
            ],
            [
              -17.7987,
              11.3233
            ],
            [
              -17.5735,
              11.0509
            ],
            [
              -17.7159,
              10.8192
            ],
            [
              -17.7396,
              10.8102
            ],
            [
              -17.8288,
              10.4963
            ],
            [
              -17.6948,
              10.3786
            ],
            [
              -17.4947,
              10.3594
            ],
            [
              -17.4672,
              10.3382
            ],
            [
              -17.4356,
              10.0628
            ],
            [
              -17.4867,
              9.9901
            ],
            [
              -17.5355,
              9.9954
            ],
            [
              -17.7476,
              10.1446
            ],
            [
              -17.9747,
              10.0288
            ],
            [
              -18.1361,
              10.1313
            ],
            [
              -18.3186,
              10.0917
            ],
            [
              -18.3861,
              10.1639
            ],
            [
              -18.7761,
              10.0663
            ],
            [
              -18.8365,
              10.1405
            ],
            [
              -18.9203,
              10.1763
            ],
            [
              -19.062,
              9.94
            ],
            [
              -19.2706,
              9.9161
            ],
            [
              -19.3371,
              9.9607
            ],
            [
              -19.3666,
              10.229
            ],
            [
              -19.8501,
              10.0723
            ]
          ]
        ]
      },
      "id": "C006"
    },
    {
      "type": "Feature",
      "properties": {
        "id": "C007",
        "district_number": 7,
        "population": 1484096,
        "seats": 8,
        "country_id": "TER",
        "plurality_province_id": "P09",
        "plurality_province_name": "Aurel",
        "province_population_shares": [
          {
            "province_id": "P09",
            "share": 0.660117
          },
          {
            "province_id": "P03",
            "share": 0.339883
          }
        ],
        "crosses_province_boundaries": true,
        "svg_path_id": "C007"
      },
      "geometry": {
        "type": "Polygon",
        "coordinates": [
          [
            [
              -17.6948,
              10.3786
            ],
            [
              -17.8288,
              10.4963
            ],
            [
              -17.7396,
              10.8102
            ],
            [
              -17.7159,
              10.8192
            ],
            [
              -17.5735,
              11.0509
            ],
            [
              -17.7987,
              11.3233
            ],
            [
              -17.7613,
              11.4184
            ],
            [
              -17.6899,
              11.4694
            ],
            [
              -17.6541,
              11.7052
            ],
            [
              -17.6534,
              11.706
            ],
            [
              -17.4978,
              11.7779
            ],
            [
              -17.6563,
              12.1472
            ],
            [
              -17.6518,
              12.1513
            ],
            [
              -17.5128,
              12.1941
            ],
            [
              -17.4313,
              12.1718
            ],
            [
              -17.2783,
              12.2528
            ],
            [
              -17.1423,
              12.2075
            ],
            [
              -17.0102,
              12.3758
            ],
            [
              -17.0259,
              12.4479
            ],
            [
              -16.947,
              12.6198
            ],
            [
              -16.9477,
              12.6243
            ],
            [
              -16.7716,
              12.7678
            ],
            [
              -16.571,
              12.774
            ],
            [
              -16.5649,
              12.7768
            ],
            [
              -16.534,
              12.777
            ],
            [
              -16.3691,
              12.8752
            ],
            [
              -16.3166,
              12.8465
            ],
            [
              -16.1745,
              12.448
            ],
            [
              -16.1876,
              12.4071
            ],
            [
              -16.1804,
              12.393
            ],
            [
              -16.1268,
              12.3231
            ],
            [
              -16.1247,
              12.2058
            ],
            [
              -16.0635,
              12.0366
            ],
            [
              -16.2364,
              11.8085
            ],
            [
              -16.1195,
              11.6995
            ],
            [
              -16.0532,
              11.4872
            ],
            [
              -16.0592,
              11.4776
            ],
            [
              -15.9793,
              11.1057
            ],
            [
              -16.0208,
              11.0871
            ],
            [
              -16.1211,
              10.6817
            ],
            [
              -15.9592,
              10.5588
            ],
            [
              -15.9482,
              10.5383
            ],
            [
              -15.9583,
              10.5152
            ],
            [
              -16.0405,
              10.1055
            ],
            [
              -16.0477,
              10.0997
            ],
            [
              -16.3604,
              10.1952
            ],
            [
              -16.4868,
              10.0836
            ],
            [
              -16.5627,
              10.0654
            ],
            [
              -16.7335,
              9.9248
            ],
            [
              -17.0182,
              10.124
            ],
            [
              -17.0441,
              10.1008
            ],
            [
              -17.4356,
              10.0628
            ],
            [
              -17.4672,
              10.3382
            ],
            [
              -17.4947,
              10.3594
            ],
            [
              -17.6948,
              10.3786
            ]
          ]
        ]
      },
      "id": "C007"
    },
    {
      "type": "Feature",
      "properties": {
        "id": "C008",
        "district_number": 8,
        "population": 1508797,
        "seats": 9,
        "country_id": "TER",
        "plurality_province_id": "P03",
        "plurality_province_name": "Varelia",
        "province_population_shares": [
          {
            "province_id": "P03",
            "share": 0.870963
          },
          {
            "province_id": "P09",
            "share": 0.129037
          }
        ],
        "crosses_province_boundaries": true,
        "svg_path_id": "C008"
      },
      "geometry": {
        "type": "Polygon",
        "coordinates": [
          [
            [
              -15.9592,
              10.5588
            ],
            [
              -16.1211,
              10.6817
            ],
            [
              -16.0208,
              11.0871
            ],
            [
              -15.9793,
              11.1057
            ],
            [
              -16.0592,
              11.4776
            ],
            [
              -16.0532,
              11.4872
            ],
            [
              -16.1195,
              11.6995
            ],
            [
              -16.2364,
              11.8085
            ],
            [
              -16.0635,
              12.0366
            ],
            [
              -16.1247,
              12.2058
            ],
            [
              -16.1268,
              12.3231
            ],
            [
              -16.1804,
              12.393
            ],
            [
              -16.1876,
              12.4071
            ],
            [
              -16.1745,
              12.448
            ],
            [
              -16.3166,
              12.8465
            ],
            [
              -16.3691,
              12.8752
            ],
            [
              -16.3679,
              13.0975
            ],
            [
              -16.3597,
              13.1164
            ],
            [
              -16.3577,
              13.2321
            ],
            [
              -16.3084,
              13.2885
            ],
            [
              -16.2938,
              13.3427
            ],
            [
              -16.1348,
              13.5121
            ],
            [
              -16.1528,
              13.6935
            ],
            [
              -16.2066,
              13.7354
            ],
            [
              -16.2176,
              13.783
            ],
            [
              -15.9859,
              14.0804
            ],
            [
              -15.9886,
              14.1231
            ],
            [
              -15.5838,
              14.0768
            ],
            [
              -15.6186,
              14.4393
            ],
            [
              -15.6095,
              14.4494
            ],
            [
              -15.7867,
              14.7486
            ],
            [
              -16.0334,
              14.8272
            ],
            [
              -15.9086,
              15.0774
            ],
            [
              -15.8691,
              15.089
            ],
            [
              -15.6531,
              15.3004
            ],
            [
              -15.458,
              15.1332
            ],
            [
              -15.4576,
              14.9372
            ],
            [
              -15.4178,
              14.8923
            ],
            [
              -15.4236,
              14.5186
            ],
            [
              -15.427,
              14.5147
            ],
            [
              -15.2222,
              14.1349
            ],
            [
              -15.1679,
              14.1117
            ],
            [
              -15.115,
              13.9602
            ],
            [
              -15.3428,
              13.8009
            ],
            [
              -15.2765,
              13.5417
            ],
            [
              -15.4096,
              13.4148
            ],
            [
              -15.351,
              13.1723
            ],
            [
              -15.2766,
              13.1098
            ],
            [
              -15.0862,
              13.0659
            ],
            [
              -15.0568,
              12.8401
            ],
            [
              -15.1471,
              12.6238
            ],
            [
              -15.1511,
              12.5942
            ],
            [
              -15.1917,
              12.555
            ],
            [
              -15.2874,
              12.5108
            ],
            [
              -15.4237,
              12.3072
            ],
            [
              -15.4258,
              12.2653
            ],
            [
              -15.2806,
              12.0602
            ],
            [
              -15.4068,
              11.7944
            ],
            [
              -15.3634,
              11.6507
            ],
            [
              -15.3807,
              11.5073
            ],
            [
              -15.376,
              11.4936
            ],
            [
              -15.5244,
              11.1216
            ],
            [
              -15.4856,
              11.0703
            ],
            [
              -15.4107,
              10.8498
            ],
            [
              -15.4098,
              10.8493
            ],
            [
              -15.3073,
              10.5237
            ],
            [
              -15.387,
              10.3897
            ],
            [
              -15.245,
              10.2226
            ],
            [
              -15.3978,
              10.0582
            ],
            [
              -15.6362,
              10.1359
            ],
            [
              -15.6885,
              10.0828
            ],
            [
              -16.0405,
              10.1055
            ],
            [
              -15.9583,
              10.5152
            ],
            [
              -15.9482,
              10.5383
            ],
            [
              -15.9592,
              10.5588
            ]
          ]
        ]
      },
      "id": "C008"
    },
    {
      "type": "Feature",
      "properties": {
        "id": "C009",
        "district_number": 9,
        "population": 1508331,
        "seats": 9,
        "country_id": "TER",
        "plurality_province_id": "P03",
        "plurality_province_name": "Varelia",
        "province_population_shares": [
          {
            "province_id": "P03",
            "share": 0.874906
          },
          {
            "province_id": "P02",
            "share": 0.125094
          }
        ],
        "crosses_province_boundaries": true,
        "svg_path_id": "C009"
      },
      "geometry": {
        "type": "Polygon",
        "coordinates": [
          [
            [
              -15.115,
              13.9602
            ],
            [
              -15.1679,
              14.1117
            ],
            [
              -15.2222,
              14.1349
            ],
            [
              -15.427,
              14.5147
            ],
            [
              -15.4236,
              14.5186
            ],
            [
              -15.4178,
              14.8923
            ],
            [
              -15.0622,
              14.9245
            ],
            [
              -14.9856,
              14.8793
            ],
            [
              -14.7711,
              15.2598
            ],
            [
              -14.4816,
              15.081
            ],
            [
              -14.4662,
              15.0804
            ],
            [
              -14.3551,
              15.0113
            ],
            [
              -14.1838,
              15.0665
            ],
            [
              -14.0225,
              15.0277
            ],
            [
              -13.8813,
              15.081
            ],
            [
              -13.6171,
              14.8312
            ],
            [
              -13.5309,
              14.847
            ],
            [
              -13.4431,
              14.9988
            ],
            [
              -13.3062,
              15.1427
            ],
            [
              -13.231,
              15.1214
            ],
            [
              -13.0173,
              14.9137
            ],
            [
              -12.9805,
              14.9153
            ],
            [
              -12.7766,
              14.63
            ],
            [
              -12.8852,
              14.454
            ],
            [
              -12.8742,
              14.4441
            ],
            [
              -12.68,
              14.1837
            ],
            [
              -13.0775,
              13.9868
            ],
            [
              -13.0749,
              13.8442
            ],
            [
              -13.1103,
              13.7941
            ],
            [
              -13.5205,
              13.7646
            ],
            [
              -13.5935,
              13.8144
            ],
            [
              -13.7071,
              13.7311
            ],
            [
              -13.9631,
              13.7412
            ],
            [
              -14.0223,
              13.8922
            ],
            [
              -14.3678,
              13.8176
            ],
            [
              -14.4185,
              13.6604
            ],
            [
              -14.688,
              13.705
            ],
            [
              -14.8721,
              13.8501
            ],
            [
              -14.9625,
              13.8399
            ],
            [
              -15.0834,
              13.5748
            ],
            [
              -15.2765,
              13.5417
            ],
            [
              -15.3428,
              13.8009
            ],
            [
              -15.115,
              13.9602
            ]
          ]
        ]
      },
      "id": "C009"
    },
    {
      "type": "Feature",
      "properties": {
        "id": "C010",
        "district_number": 10,
        "population": 1487324,
        "seats": 9,
        "country_id": "TER",
        "plurality_province_id": "P03",
        "plurality_province_name": "Varelia",
        "province_population_shares": [
          {
            "province_id": "P03",
            "share": 0.967671
          },
          {
            "province_id": "P04",
            "share": 0.032329
          }
        ],
        "crosses_province_boundaries": true,
        "svg_path_id": "C010"
      },
      "geometry": {
        "type": "Polygon",
        "coordinates": [
          [
            [
              -15.4098,
              10.8493
            ],
            [
              -15.4107,
              10.8498
            ],
            [
              -15.4856,
              11.0703
            ],
            [
              -15.5244,
              11.1216
            ],
            [
              -15.376,
              11.4936
            ],
            [
              -15.3807,
              11.5073
            ],
            [
              -15.3634,
              11.6507
            ],
            [
              -15.4068,
              11.7944
            ],
            [
              -15.2806,
              12.0602
            ],
            [
              -15.4258,
              12.2653
            ],
            [
              -15.4237,
              12.3072
            ],
            [
              -15.2874,
              12.5108
            ],
            [
              -15.1917,
              12.555
            ],
            [
              -15.1511,
              12.5942
            ],
            [
              -15.1471,
              12.6238
            ],
            [
              -15.0568,
              12.8401
            ],
            [
              -15.0862,
              13.0659
            ],
            [
              -15.2766,
              13.1098
            ],
            [
              -15.351,
              13.1723
            ],
            [
              -15.4096,
              13.4148
            ],
            [
              -15.2765,
              13.5417
            ],
            [
              -15.0834,
              13.5748
            ],
            [
              -14.9625,
              13.8399
            ],
            [
              -14.8721,
              13.8501
            ],
            [
              -14.688,
              13.705
            ],
            [
              -14.4185,
              13.6604
            ],
            [
              -14.3678,
              13.8176
            ],
            [
              -14.0223,
              13.8922
            ],
            [
              -13.9631,
              13.7412
            ],
            [
              -14.045,
              13.553
            ],
            [
              -14.2089,
              13.4501
            ],
            [
              -13.9756,
              13.1965
            ],
            [
              -13.8669,
              13.1784
            ],
            [
              -13.7752,
              12.9376
            ],
            [
              -13.8817,
              12.7581
            ],
            [
              -13.88,
              12.7117
            ],
            [
              -14.0566,
              12.4625
            ],
            [
              -13.7053,
              12.2245
            ],
            [
              -13.705,
              12.2236
            ],
            [
              -13.7441,
              12.0797
            ],
            [
              -13.6665,
              11.859
            ],
            [
              -14.0468,
              11.7404
            ],
            [
              -14.0989,
              11.6439
            ],
            [
              -14.0975,
              11.6061
            ],
            [
              -13.7944,
              11.4819
            ],
            [
              -13.8039,
              11.2635
            ],
            [
              -14.0299,
              11.1383
            ],
            [
              -13.9835,
              10.8454
            ],
            [
              -13.9047,
              10.7863
            ],
            [
              -13.9043,
              10.7846
            ],
            [
              -14.0433,
              10.3929
            ],
            [
              -13.7918,
              10.2891
            ],
            [
              -13.7451,
              10.1771
            ],
            [
              -13.8102,
              10.0159
            ],
            [
              -14.1951,
              10.1126
            ],
            [
              -14.2426,
              10.1588
            ],
            [
              -14.3691,
              10.1341
            ],
            [
              -14.4032,
              10.1569
            ],
            [
              -14.7796,
              10.0628
            ],
            [
              -14.9016,
              10.1294
            ],
            [
              -14.9993,
              10.1282
            ],
            [
              -15.0027,
              10.1327
            ],
            [
              -15.245,
              10.2226
            ],
            [
              -15.387,
              10.3897
            ],
            [
              -15.3073,
              10.5237
            ],
            [
              -15.4098,
              10.8493
            ]
          ]
        ]
      },
      "id": "C010"
    },
    {
      "type": "Feature",
      "properties": {
        "id": "C011",
        "district_number": 11,
        "population": 1483405,
        "seats": 8,
        "country_id": "TER",
        "plurality_province_id": "P03",
        "plurality_province_name": "Varelia",
        "province_population_shares": [
          {
            "province_id": "P03",
            "share": 0.866731
          },
          {
            "province_id": "P04",
            "share": 0.071049
          },
          {
            "province_id": "P07",
            "share": 0.06222
          }
        ],
        "crosses_province_boundaries": true,
        "svg_path_id": "C011"
      },
      "geometry": {
        "type": "Polygon",
        "coordinates": [
          [
            [
              -13.7918,
              10.2891
            ],
            [
              -14.0433,
              10.3929
            ],
            [
              -13.9043,
              10.7846
            ],
            [
              -13.9047,
              10.7863
            ],
            [
              -13.9835,
              10.8454
            ],
            [
              -14.0299,
              11.1383
            ],
            [
              -13.8039,
              11.2635
            ],
            [
              -13.7944,
              11.4819
            ],
            [
              -14.0975,
              11.6061
            ],
            [
              -14.0989,
              11.6439
            ],
            [
              -14.0468,
              11.7404
            ],
            [
              -13.6665,
              11.859
            ],
            [
              -13.7441,
              12.0797
            ],
            [
              -13.705,
              12.2236
            ],
            [
              -13.7053,
              12.2245
            ],
            [
              -14.0566,
              12.4625
            ],
            [
              -13.88,
              12.7117
            ],
            [
              -13.8817,
              12.7581
            ],
            [
              -13.7752,
              12.9376
            ],
            [
              -13.8669,
              13.1784
            ],
            [
              -13.9756,
              13.1965
            ],
            [
              -14.2089,
              13.4501
            ],
            [
              -14.045,
              13.553
            ],
            [
              -13.9631,
              13.7412
            ],
            [
              -13.7071,
              13.7311
            ],
            [
              -13.5935,
              13.8144
            ],
            [
              -13.5205,
              13.7646
            ],
            [
              -13.1103,
              13.7941
            ],
            [
              -13.1048,
              13.6381
            ],
            [
              -12.7734,
              13.3896
            ],
            [
              -12.9118,
              13.1705
            ],
            [
              -12.7231,
              13.0075
            ],
            [
              -12.6784,
              12.8833
            ],
            [
              -12.7859,
              12.7816
            ],
            [
              -12.991,
              12.762
            ],
            [
              -13.0127,
              12.4183
            ],
            [
              -12.9871,
              12.3876
            ],
            [
              -13.0096,
              12.2387
            ],
            [
              -13.0106,
              12.2371
            ],
            [
              -12.9192,
              11.7852
            ],
            [
              -13.0431,
              11.7146
            ],
            [
              -13.0258,
              11.5044
            ],
            [
              -13.0632,
              11.3405
            ],
            [
              -13.025,
              11.2275
            ],
            [
              -13.0857,
              11.0564
            ],
            [
              -13.0807,
              11.0433
            ],
            [
              -12.8523,
              10.8879
            ],
            [
              -12.8308,
              10.8563
            ],
            [
              -12.8684,
              10.608
            ],
            [
              -13.0228,
              10.5324
            ],
            [
              -13.0234,
              10.2407
            ],
            [
              -13.3674,
              10.2049
            ],
            [
              -13.4047,
              10.1491
            ],
            [
              -13.7451,
              10.1771
            ],
            [
              -13.7918,
              10.2891
            ]
          ]
        ]
      },
      "id": "C011"
    },
    {
      "type": "Feature",
      "properties": {
        "id": "C012",
        "district_number": 12,
        "population": 1527474,
        "seats": 9,
        "country_id": "TER",
        "plurality_province_id": "P12",
        "plurality_province_name": "Darsen",
        "province_population_shares": [
          {
            "province_id": "P12",
            "share": 0.698428
          },
          {
            "province_id": "P02",
            "share": 0.29595
          },
          {
            "province_id": "P13",
            "share": 0.005622
          }
        ],
        "crosses_province_boundaries": true,
        "svg_path_id": "C012"
      },
      "geometry": {
        "type": "Polygon",
        "coordinates": [
          [
            [
              -12.6733,
              16.4846
            ],
            [
              -12.7113,
              16.8229
            ],
            [
              -12.7413,
              16.8686
            ],
            [
              -12.6962,
              17.0528
            ],
            [
              -12.757,
              17.1867
            ],
            [
              -12.843,
              17.251
            ],
            [
              -12.8742,
              17.3757
            ],
            [
              -13.0755,
              17.5352
            ],
            [
              -12.9943,
              17.6925
            ],
            [
              -13.0695,
              17.8546
            ],
            [
              -12.8612,
              18.0515
            ],
            [
              -12.7152,
              17.9375
            ],
            [
              -12.6806,
              17.8253
            ],
            [
              -12.7191,
              17.724
            ],
            [
              -12.6612,
              17.5977
            ],
            [
              -12.6216,
              17.5719
            ],
            [
              -12.5758,
              17.3786
            ],
            [
              -12.3783,
              17.3089
            ],
            [
              -12.2695,
              17.3946
            ],
            [
              -12.1713,
              17.3953
            ],
            [
              -12.1396,
              17.372
            ],
            [
              -11.9485,
              17.3369
            ],
            [
              -11.8941,
              17.3532
            ],
            [
              -11.8709,
              17.343
            ],
            [
              -11.7429,
              17.1837
            ],
            [
              -11.768,
              16.9164
            ],
            [
              -11.7758,
              16.9038
            ],
            [
              -11.776,
              16.8882
            ],
            [
              -11.717,
              16.7656
            ],
            [
              -11.6485,
              16.7333
            ],
            [
              -11.3965,
              16.7261
            ],
            [
              -11.3058,
              16.8035
            ],
            [
              -11.248,
              16.8096
            ],
            [
              -11.1262,
              16.9319
            ],
            [
              -10.8883,
              16.9561
            ],
            [
              -10.821,
              16.9204
            ],
            [
              -10.7893,
              16.8803
            ],
            [
              -10.6641,
              16.8356
            ],
            [
              -10.6435,
              16.8441
            ],
            [
              -10.5496,
              16.8407
            ],
            [
              -10.3234,
              17.0128
            ],
            [
              -10.2889,
              17.0065
            ],
            [
              -10.1538,
              16.8025
            ],
            [
              -10.1512,
              16.7755
            ],
            [
              -10.1395,
              16.7625
            ],
            [
              -10.1188,
              16.6937
            ],
            [
              -10.2909,
              16.36
            ],
            [
              -10.2154,
              16.2956
            ],
            [
              -10.3229,
              15.9507
            ],
            [
              -10.5282,
              15.9938
            ],
            [
              -10.6718,
              15.9875
            ],
            [
              -10.6745,
              15.9912
            ],
            [
              -10.9459,
              16.0983
            ],
            [
              -11.0498,
              16.2012
            ],
            [
              -11.2809,
              16.1324
            ],
            [
              -11.374,
              16.1896
            ],
            [
              -11.656,
              16.0506
            ],
            [
              -11.6946,
              15.9923
            ],
            [
              -12.0331,
              15.9969
            ],
            [
              -12.047,
              15.9598
            ],
            [
              -12.4038,
              15.8097
            ],
            [
              -12.4584,
              15.7732
            ],
            [
              -12.6347,
              15.8162
            ],
            [
              -12.6988,
              15.981
            ],
            [
              -12.6494,
              16.1619
            ],
            [
              -12.7192,
              16.4209
            ],
            [
              -12.6733,
              16.4846
            ]
          ]
        ]
      },
      "id": "C012"
    },
    {
      "type": "Feature",
      "properties": {
        "id": "C013",
        "district_number": 13,
        "population": 1494643,
        "seats": 9,
        "country_id": "TER",
        "plurality_province_id": "P02",
        "plurality_province_name": "Norval",
        "province_population_shares": [
          {
            "province_id": "P02",
            "share": 0.836423
          },
          {
            "province_id": "P13",
            "share": 0.163577
          }
        ],
        "crosses_province_boundaries": true,
        "svg_path_id": "C013"
      },
      "geometry": {
        "type": "Polygon",
        "coordinates": [
          [
            [
              -12.3482,
              14.7409
            ],
            [
              -12.4307,
              14.6774
            ],
            [
              -12.5225,
              14.713
            ],
            [
              -12.662,
              14.954
            ],
            [
              -12.8543,
              14.9875
            ],
            [
              -12.8096,
              15.3712
            ],
            [
              -12.7861,
              15.3846
            ],
            [
              -12.741,
              15.6908
            ],
            [
              -12.6347,
              15.8162
            ],
            [
              -12.4584,
              15.7732
            ],
            [
              -12.4038,
              15.8097
            ],
            [
              -12.047,
              15.9598
            ],
            [
              -12.0331,
              15.9969
            ],
            [
              -11.6946,
              15.9923
            ],
            [
              -11.656,
              16.0506
            ],
            [
              -11.374,
              16.1896
            ],
            [
              -11.2809,
              16.1324
            ],
            [
              -11.0498,
              16.2012
            ],
            [
              -10.9459,
              16.0983
            ],
            [
              -10.6745,
              15.9912
            ],
            [
              -10.6718,
              15.9875
            ],
            [
              -10.5282,
              15.9938
            ],
            [
              -10.3229,
              15.9507
            ],
            [
              -10.2661,
              15.8962
            ],
            [
              -10.2413,
              15.7818
            ],
            [
              -10.0059,
              15.6343
            ],
            [
              -10.0412,
              15.4233
            ],
            [
              -10.0206,
              15.3518
            ],
            [
              -10.0521,
              15.2092
            ],
            [
              -10.2003,
              15.0991
            ],
            [
              -10.4716,
              15.1459
            ],
            [
              -10.5404,
              15.0881
            ],
            [
              -10.7294,
              15.0294
            ],
            [
              -10.8091,
              15.0778
            ],
            [
              -10.889,
              15.1058
            ],
            [
              -11.1146,
              14.9675
            ],
            [
              -11.1534,
              14.8021
            ],
            [
              -11.3267,
              14.7205
            ],
            [
              -11.4788,
              14.7715
            ],
            [
              -11.6054,
              14.7399
            ],
            [
              -11.7149,
              14.6468
            ],
            [
              -12.0027,
              14.8447
            ],
            [
              -12.181,
              14.7486
            ],
            [
              -12.3482,
              14.7409
            ]
          ]
        ]
      },
      "id": "C013"
    },
    {
      "type": "Feature",
      "properties": {
        "id": "C014",
        "district_number": 14,
        "population": 1502202,
        "seats": 9,
        "country_id": "TER",
        "plurality_province_id": "P02",
        "plurality_province_name": "Norval",
        "province_population_shares": [
          {
            "province_id": "P02",
            "share": 0.883399
          },
          {
            "province_id": "P10",
            "share": 0.116601
          }
        ],
        "crosses_province_boundaries": true,
        "svg_path_id": "C014"
      },
      "geometry": {
        "type": "Polygon",
        "coordinates": [
          [
            [
              -12.694,
              13.7631
            ],
            [
              -13.0749,
              13.8442
            ],
            [
              -13.0775,
              13.9868
            ],
            [
              -12.68,
              14.1837
            ],
            [
              -12.8742,
              14.4441
            ],
            [
              -12.8852,
              14.454
            ],
            [
              -12.7766,
              14.63
            ],
            [
              -12.9805,
              14.9153
            ],
            [
              -12.8543,
              14.9875
            ],
            [
              -12.662,
              14.954
            ],
            [
              -12.5225,
              14.713
            ],
            [
              -12.4307,
              14.6774
            ],
            [
              -12.3482,
              14.7409
            ],
            [
              -12.181,
              14.7486
            ],
            [
              -12.0027,
              14.8447
            ],
            [
              -11.7149,
              14.6468
            ],
            [
              -11.6054,
              14.7399
            ],
            [
              -11.4788,
              14.7715
            ],
            [
              -11.3267,
              14.7205
            ],
            [
              -11.1534,
              14.8021
            ],
            [
              -11.1146,
              14.9675
            ],
            [
              -10.889,
              15.1058
            ],
            [
              -10.8091,
              15.0778
            ],
            [
              -10.7294,
              15.0294
            ],
            [
              -10.5404,
              15.0881
            ],
            [
              -10.4716,
              15.1459
            ],
            [
              -10.2003,
              15.0991
            ],
            [
              -10.1583,
              14.814
            ],
            [
              -10.1804,
              14.7891
            ],
            [
              -10.2313,
              14.535
            ],
            [
              -10.1131,
              14.4594
            ],
            [
              -10.0733,
              14.2234
            ],
            [
              -10.3576,
              14.1746
            ],
            [
              -10.4127,
              14.1116
            ],
            [
              -10.3662,
              13.8596
            ],
            [
              -10.7528,
              13.7064
            ],
            [
              -10.7572,
              13.7018
            ],
            [
              -10.7605,
              13.6587
            ],
            [
              -10.8355,
              13.5562
            ],
            [
              -11.1447,
              13.4471
            ],
            [
              -11.2452,
              13.5329
            ],
            [
              -11.4577,
              13.5349
            ],
            [
              -11.4899,
              13.6134
            ],
            [
              -11.7758,
              13.7972
            ],
            [
              -11.8528,
              13.746
            ],
            [
              -11.9926,
              13.7083
            ],
            [
              -12.1241,
              13.4669
            ],
            [
              -12.1602,
              13.4509
            ],
            [
              -12.3773,
              13.724
            ],
            [
              -12.6517,
              13.6882
            ],
            [
              -12.694,
              13.7631
            ]
          ]
        ]
      },
      "id": "C014"
    },
    {
      "type": "Feature",
      "properties": {
        "id": "C015",
        "district_number": 15,
        "population": 1500863,
        "seats": 9,
        "country_id": "TER",
        "plurality_province_id": "P02",
        "plurality_province_name": "Norval",
        "province_population_shares": [
          {
            "province_id": "P02",
            "share": 0.755432
          },
          {
            "province_id": "P14",
            "share": 0.11442
          },
          {
            "province_id": "P15",
            "share": 0.047625
          },
          {
            "province_id": "P10",
            "share": 0.043478
          },
          {
            "province_id": "P03",
            "share": 0.039046
          }
        ],
        "crosses_province_boundaries": true,
        "svg_path_id": "C015"
      },
      "geometry": {
        "type": "Polygon",
        "coordinates": [
          [
            [
              -12.4465,
              12.5239
            ],
            [
              -12.7468,
              12.5231
            ],
            [
              -12.8717,
              12.4205
            ],
            [
              -12.9871,
              12.3876
            ],
            [
              -13.0127,
              12.4183
            ],
            [
              -12.991,
              12.762
            ],
            [
              -12.7859,
              12.7816
            ],
            [
              -12.6784,
              12.8833
            ],
            [
              -12.7231,
              13.0075
            ],
            [
              -12.9118,
              13.1705
            ],
            [
              -12.7734,
              13.3896
            ],
            [
              -13.1048,
              13.6381
            ],
            [
              -13.1103,
              13.7941
            ],
            [
              -13.0749,
              13.8442
            ],
            [
              -12.694,
              13.7631
            ],
            [
              -12.6517,
              13.6882
            ],
            [
              -12.3773,
              13.724
            ],
            [
              -12.1602,
              13.4509
            ],
            [
              -12.1241,
              13.4669
            ],
            [
              -11.9926,
              13.7083
            ],
            [
              -11.8528,
              13.746
            ],
            [
              -11.7758,
              13.7972
            ],
            [
              -11.4899,
              13.6134
            ],
            [
              -11.4577,
              13.5349
            ],
            [
              -11.2452,
              13.5329
            ],
            [
              -11.1447,
              13.4471
            ],
            [
              -10.8355,
              13.5562
            ],
            [
              -10.7605,
              13.6587
            ],
            [
              -10.7572,
              13.7018
            ],
            [
              -10.7528,
              13.7064
            ],
            [
              -10.3662,
              13.8596
            ],
            [
              -10.3264,
              13.8337
            ],
            [
              -10.1413,
              13.7737
            ],
            [
              -10.093,
              13.6444
            ],
            [
              -10.4048,
              13.3077
            ],
            [
              -10.4022,
              13.2497
            ],
            [
              -10.0575,
              13.1621
            ],
            [
              -10.0304,
              12.9588
            ],
            [
              -10.0706,
              12.9015
            ],
            [
              -10.0584,
              12.5193
            ],
            [
              -10.3836,
              12.5136
            ],
            [
              -10.3878,
              12.5094
            ],
            [
              -10.8093,
              12.5411
            ],
            [
              -10.8595,
              12.3863
            ],
            [
              -10.8935,
              12.3566
            ],
            [
              -11.1963,
              12.4969
            ],
            [
              -11.3505,
              12.3747
            ],
            [
              -11.5134,
              12.7261
            ],
            [
              -11.6941,
              12.7182
            ],
            [
              -11.7292,
              12.4182
            ],
            [
              -11.7922,
              12.3415
            ],
            [
              -11.9828,
              12.3051
            ],
            [
              -12.0875,
              12.6035
            ],
            [
              -12.4387,
              12.5159
            ],
            [
              -12.4465,
              12.5239
            ]
          ]
        ]
      },
      "id": "C015"
    },
    {
      "type": "Feature",
      "properties": {
        "id": "C016",
        "district_number": 16,
        "population": 1499278,
        "seats": 9,
        "country_id": "TER",
        "plurality_province_id": "P15",
        "plurality_province_name": "Lyrden",
        "province_population_shares": [
          {
            "province_id": "P15",
            "share": 0.668703
          },
          {
            "province_id": "P07",
            "share": 0.144886
          },
          {
            "province_id": "P02",
            "share": 0.123418
          },
          {
            "province_id": "P03",
            "share": 0.062993
          }
        ],
        "crosses_province_boundaries": true,
        "svg_path_id": "C016"
      },
      "geometry": {
        "type": "Polygon",
        "coordinates": [
          [
            [
              -13.0258,
              11.5044
            ],
            [
              -13.0431,
              11.7146
            ],
            [
              -12.9192,
              11.7852
            ],
            [
              -13.0106,
              12.2371
            ],
            [
              -13.0096,
              12.2387
            ],
            [
              -12.9871,
              12.3876
            ],
            [
              -12.8717,
              12.4205
            ],
            [
              -12.7468,
              12.5231
            ],
            [
              -12.4465,
              12.5239
            ],
            [
              -12.4387,
              12.5159
            ],
            [
              -12.0875,
              12.6035
            ],
            [
              -11.9828,
              12.3051
            ],
            [
              -11.7922,
              12.3415
            ],
            [
              -11.7292,
              12.4182
            ],
            [
              -11.6941,
              12.7182
            ],
            [
              -11.5134,
              12.7261
            ],
            [
              -11.3505,
              12.3747
            ],
            [
              -11.1963,
              12.4969
            ],
            [
              -10.8935,
              12.3566
            ],
            [
              -10.8595,
              12.3863
            ],
            [
              -10.8093,
              12.5411
            ],
            [
              -10.3878,
              12.5094
            ],
            [
              -10.3836,
              12.5136
            ],
            [
              -10.0584,
              12.5193
            ],
            [
              -10.0165,
              12.4952
            ],
            [
              -10.1898,
              12.1099
            ],
            [
              -10.2276,
              12.09
            ],
            [
              -10.4379,
              12.0709
            ],
            [
              -10.4518,
              11.9223
            ],
            [
              -10.063,
              11.6505
            ],
            [
              -10.0538,
              11.5799
            ],
            [
              -10.4181,
              11.3984
            ],
            [
              -10.514,
              11.4847
            ],
            [
              -10.6694,
              11.4732
            ],
            [
              -10.7897,
              11.1873
            ],
            [
              -10.9472,
              11.2345
            ],
            [
              -10.9937,
              11.4819
            ],
            [
              -11.3024,
              11.4849
            ],
            [
              -11.3208,
              11.4984
            ],
            [
              -11.6336,
              11.4146
            ],
            [
              -11.6835,
              11.3524
            ],
            [
              -12.0258,
              11.4417
            ],
            [
              -12.0451,
              11.4561
            ],
            [
              -12.303,
              11.2942
            ],
            [
              -12.4193,
              11.3745
            ],
            [
              -12.6326,
              11.3833
            ],
            [
              -12.698,
              11.2688
            ],
            [
              -13.025,
              11.2275
            ],
            [
              -13.0632,
              11.3405
            ],
            [
              -13.0258,
              11.5044
            ]
          ]
        ]
      },
      "id": "C016"
    },
    {
      "type": "Feature",
      "properties": {
        "id": "C017",
        "district_number": 17,
        "population": 1522960,
        "seats": 9,
        "country_id": "TER",
        "plurality_province_id": "P07",
        "plurality_province_name": "Rethvale",
        "province_population_shares": [
          {
            "province_id": "P07",
            "share": 0.716843
          },
          {
            "province_id": "P06",
            "share": 0.178577
          },
          {
            "province_id": "P04",
            "share": 0.0778
          },
          {
            "province_id": "P15",
            "share": 0.02678
          }
        ],
        "crosses_province_boundaries": true,
        "svg_path_id": "C017"
      },
      "geometry": {
        "type": "Polygon",
        "coordinates": [
          [
            [
              -11.9663,
              10.2642
            ],
            [
              -12.1414,
              10.1346
            ],
            [
              -12.2776,
              10.1288
            ],
            [
              -12.3333,
              10.0587
            ],
            [
              -12.7319,
              10.1638
            ],
            [
              -12.8046,
              10.102
            ],
            [
              -12.9527,
              10.1592
            ],
            [
              -13.0234,
              10.2407
            ],
            [
              -13.0228,
              10.5324
            ],
            [
              -12.8684,
              10.608
            ],
            [
              -12.8308,
              10.8563
            ],
            [
              -12.8523,
              10.8879
            ],
            [
              -13.0807,
              11.0433
            ],
            [
              -13.0857,
              11.0564
            ],
            [
              -13.025,
              11.2275
            ],
            [
              -12.698,
              11.2688
            ],
            [
              -12.6326,
              11.3833
            ],
            [
              -12.4193,
              11.3745
            ],
            [
              -12.303,
              11.2942
            ],
            [
              -12.0451,
              11.4561
            ],
            [
              -12.0258,
              11.4417
            ],
            [
              -11.6835,
              11.3524
            ],
            [
              -11.6336,
              11.4146
            ],
            [
              -11.3208,
              11.4984
            ],
            [
              -11.3024,
              11.4849
            ],
            [
              -10.9937,
              11.4819
            ],
            [
              -10.9472,
              11.2345
            ],
            [
              -10.7897,
              11.1873
            ],
            [
              -10.6694,
              11.4732
            ],
            [
              -10.514,
              11.4847
            ],
            [
              -10.4181,
              11.3984
            ],
            [
              -10.4196,
              11.1606
            ],
            [
              -10.1736,
              11.1049
            ],
            [
              -9.9699,
              10.7708
            ],
            [
              -9.9992,
              10.7382
            ],
            [
              -10.027,
              10.5306
            ],
            [
              -10.4348,
              10.3672
            ],
            [
              -10.3642,
              10.1809
            ],
            [
              -10.47,
              10.0509
            ],
            [
              -10.6746,
              9.9879
            ],
            [
              -10.8192,
              10.1605
            ],
            [
              -10.9167,
              10.1522
            ],
            [
              -11.1486,
              9.9036
            ],
            [
              -11.1641,
              9.9059
            ],
            [
              -11.3183,
              10.3961
            ],
            [
              -11.4076,
              10.4176
            ],
            [
              -11.4331,
              10.4018
            ],
            [
              -11.5637,
              10.1261
            ],
            [
              -11.8208,
              10.1489
            ],
            [
              -11.8773,
              10.2116
            ],
            [
              -11.9663,
              10.2642
            ]
          ]
        ]
      },
      "id": "C017"
    },
    {
      "type": "Feature",
      "properties": {
        "id": "C018",
        "district_number": 18,
        "population": 1503432,
        "seats": 9,
        "country_id": "TER",
        "plurality_province_id": "P13",
        "plurality_province_name": "Karsen",
        "province_population_shares": [
          {
            "province_id": "P13",
            "share": 0.500149
          },
          {
            "province_id": "P10",
            "share": 0.499851
          }
        ],
        "crosses_province_boundaries": true,
        "svg_path_id": "C018"
      },
      "geometry": {
        "type": "Polygon",
        "coordinates": [
          [
            [
              -10.2313,
              14.535
            ],
            [
              -10.1804,
              14.7891
            ],
            [
              -10.1583,
              14.814
            ],
            [
              -10.2003,
              15.0991
            ],
            [
              -10.0521,
              15.2092
            ],
            [
              -10.0206,
              15.3518
            ],
            [
              -10.0412,
              15.4233
            ],
            [
              -10.0059,
              15.6343
            ],
            [
              -10.2413,
              15.7818
            ],
            [
              -10.2661,
              15.8962
            ],
            [
              -10.3229,
              15.9507
            ],
            [
              -10.2154,
              16.2956
            ],
            [
              -10.2909,
              16.36
            ],
            [
              -10.1188,
              16.6937
            ],
            [
              -9.9309,
              16.5393
            ],
            [
              -9.9296,
              16.536
            ],
            [
              -9.7713,
              16.4602
            ],
            [
              -9.7021,
              16.3114
            ],
            [
              -9.7164,
              16.2664
            ],
            [
              -9.6175,
              16.1522
            ],
            [
              -9.4396,
              16.1522
            ],
            [
              -9.4047,
              16.1157
            ],
            [
              -9.2333,
              16.1321
            ],
            [
              -9.1351,
              16.0483
            ],
            [
              -9.1305,
              15.9576
            ],
            [
              -9.1392,
              15.9412
            ],
            [
              -9.0822,
              15.7327
            ],
            [
              -9.0918,
              15.6888
            ],
            [
              -8.9761,
              15.5608
            ],
            [
              -8.9813,
              15.4796
            ],
            [
              -9.1121,
              15.3603
            ],
            [
              -9.0163,
              15.1627
            ],
            [
              -9.1288,
              14.962
            ],
            [
              -9.1236,
              14.8684
            ],
            [
              -8.8345,
              14.8047
            ],
            [
              -8.7213,
              14.638
            ],
            [
              -8.7079,
              14.4391
            ],
            [
              -8.7418,
              14.4088
            ],
            [
              -8.8086,
              14.1618
            ],
            [
              -9.1044,
              14.0726
            ],
            [
              -9.1781,
              14.1097
            ],
            [
              -9.4121,
              14.0215
            ],
            [
              -9.4264,
              14.043
            ],
            [
              -9.4826,
              14.395
            ],
            [
              -9.7552,
              14.3121
            ],
            [
              -9.7771,
              14.2642
            ],
            [
              -10.0162,
              14.1876
            ],
            [
              -10.0733,
              14.2234
            ],
            [
              -10.1131,
              14.4594
            ],
            [
              -10.2313,
              14.535
            ]
          ]
        ]
      },
      "id": "C018"
    },
    {
      "type": "Feature",
      "properties": {
        "id": "C019",
        "district_number": 19,
        "population": 1462408,
        "seats": 8,
        "country_id": "TER",
        "plurality_province_id": "P10",
        "plurality_province_name": "Eastridge",
        "province_population_shares": [
          {
            "province_id": "P10",
            "share": 0.466451
          },
          {
            "province_id": "P14",
            "share": 0.34361
          },
          {
            "province_id": "P11",
            "share": 0.15471
          },
          {
            "province_id": "P15",
            "share": 0.035228
          }
        ],
        "crosses_province_boundaries": true,
        "svg_path_id": "C019"
      },
      "geometry": {
        "type": "Polygon",
        "coordinates": [
          [
            [
              -9.8878,
              12.4635
            ],
            [
              -10.0165,
              12.4952
            ],
            [
              -10.0584,
              12.5193
            ],
            [
              -10.0706,
              12.9015
            ],
            [
              -10.0304,
              12.9588
            ],
            [
              -10.0575,
              13.1621
            ],
            [
              -10.4022,
              13.2497
            ],
            [
              -10.4048,
              13.3077
            ],
            [
              -10.093,
              13.6444
            ],
            [
              -10.1413,
              13.7737
            ],
            [
              -10.3264,
              13.8337
            ],
            [
              -10.3662,
              13.8596
            ],
            [
              -10.4127,
              14.1116
            ],
            [
              -10.3576,
              14.1746
            ],
            [
              -10.0733,
              14.2234
            ],
            [
              -10.0162,
              14.1876
            ],
            [
              -9.7771,
              14.2642
            ],
            [
              -9.7552,
              14.3121
            ],
            [
              -9.4826,
              14.395
            ],
            [
              -9.4264,
              14.043
            ],
            [
              -9.4121,
              14.0215
            ],
            [
              -9.1781,
              14.1097
            ],
            [
              -9.1044,
              14.0726
            ],
            [
              -9.0676,
              13.8463
            ],
            [
              -9.1257,
              13.7184
            ],
            [
              -9.0996,
              13.6281
            ],
            [
              -8.8405,
              13.5668
            ],
            [
              -8.7419,
              13.4021
            ],
            [
              -8.9261,
              13.1118
            ],
            [
              -8.9042,
              13.0837
            ],
            [
              -8.8704,
              12.7839
            ],
            [
              -8.8144,
              12.687
            ],
            [
              -8.8029,
              12.5648
            ],
            [
              -8.9083,
              12.4489
            ],
            [
              -8.7775,
              12.0844
            ],
            [
              -9.1541,
              12.179
            ],
            [
              -9.1831,
              12.4346
            ],
            [
              -9.382,
              12.4414
            ],
            [
              -9.3842,
              12.4399
            ],
            [
              -9.5393,
              12.068
            ],
            [
              -9.7763,
              12.0824
            ],
            [
              -9.7884,
              12.0991
            ],
            [
              -9.8878,
              12.4635
            ]
          ]
        ]
      },
      "id": "C019"
    },
    {
      "type": "Feature",
      "properties": {
        "id": "C020",
        "district_number": 20,
        "population": 1492977,
        "seats": 9,
        "country_id": "TER",
        "plurality_province_id": "P06",
        "plurality_province_name": "Veyra",
        "province_population_shares": [
          {
            "province_id": "P06",
            "share": 0.396733
          },
          {
            "province_id": "P15",
            "share": 0.306803
          },
          {
            "province_id": "P11",
            "share": 0.203729
          },
          {
            "province_id": "FDV",
            "share": 0.092735
          }
        ],
        "crosses_province_boundaries": true,
        "svg_path_id": "C020"
      },
      "geometry": {
        "type": "Polygon",
        "coordinates": [
          [
            [
              -9.9867,
              10.1678
            ],
            [
              -10.1896,
              10.1103
            ],
            [
              -10.3642,
              10.1809
            ],
            [
              -10.4348,
              10.3672
            ],
            [
              -10.027,
              10.5306
            ],
            [
              -9.9992,
              10.7382
            ],
            [
              -9.9699,
              10.7708
            ],
            [
              -10.1736,
              11.1049
            ],
            [
              -10.4196,
              11.1606
            ],
            [
              -10.4181,
              11.3984
            ],
            [
              -10.0538,
              11.5799
            ],
            [
              -10.063,
              11.6505
            ],
            [
              -10.4518,
              11.9223
            ],
            [
              -10.4379,
              12.0709
            ],
            [
              -10.2276,
              12.09
            ],
            [
              -10.1898,
              12.1099
            ],
            [
              -10.0165,
              12.4952
            ],
            [
              -9.8878,
              12.4635
            ],
            [
              -9.7884,
              12.0991
            ],
            [
              -9.7763,
              12.0824
            ],
            [
              -9.5393,
              12.068
            ],
            [
              -9.3842,
              12.4399
            ],
            [
              -9.382,
              12.4414
            ],
            [
              -9.1831,
              12.4346
            ],
            [
              -9.1541,
              12.179
            ],
            [
              -8.7775,
              12.0844
            ],
            [
              -8.7762,
              12.0827
            ],
            [
              -8.7785,
              11.9634
            ],
            [
              -8.7359,
              11.8861
            ],
            [
              -8.756,
              11.6369
            ],
            [
              -8.9568,
              11.6098
            ],
            [
              -9.1472,
              11.2946
            ],
            [
              -9.0977,
              11.2218
            ],
            [
              -9.0657,
              11.2087
            ],
            [
              -9.0406,
              10.7793
            ],
            [
              -9.0158,
              10.744
            ],
            [
              -9.1657,
              10.5562
            ],
            [
              -9.074,
              10.3852
            ],
            [
              -9.1098,
              10.0923
            ],
            [
              -9.1702,
              10.0657
            ],
            [
              -9.2613,
              10.0895
            ],
            [
              -9.3629,
              10.1354
            ],
            [
              -9.6679,
              9.9399
            ],
            [
              -9.7929,
              9.9733
            ],
            [
              -9.8215,
              10.032
            ],
            [
              -9.9867,
              10.1678
            ]
          ]
        ]
      },
      "id": "C020"
    },
    {
      "type": "Feature",
      "properties": {
        "id": "C021",
        "district_number": 21,
        "population": 1654769,
        "seats": 9,
        "country_id": "TER",
        "plurality_province_id": "P11",
        "plurality_province_name": "Shorren",
        "province_population_shares": [
          {
            "province_id": "P11",
            "share": 0.42178
          },
          {
            "province_id": "P10",
            "share": 0.248801
          },
          {
            "province_id": "P13",
            "share": 0.181282
          },
          {
            "province_id": "P08",
            "share": 0.148137
          }
        ],
        "crosses_province_boundaries": true,
        "svg_path_id": "C021"
      },
      "geometry": {
        "type": "Polygon",
        "coordinates": [
          [
            [
              -9.1657,
              10.5562
            ],
            [
              -9.0158,
              10.744
            ],
            [
              -9.0406,
              10.7793
            ],
            [
              -9.0657,
              11.2087
            ],
            [
              -9.0977,
              11.2218
            ],
            [
              -9.1472,
              11.2946
            ],
            [
              -8.9568,
              11.6098
            ],
            [
              -8.756,
              11.6369
            ],
            [
              -8.7359,
              11.8861
            ],
            [
              -8.7785,
              11.9634
            ],
            [
              -8.7762,
              12.0827
            ],
            [
              -8.7775,
              12.0844
            ],
            [
              -8.9083,
              12.4489
            ],
            [
              -8.8029,
              12.5648
            ],
            [
              -8.8144,
              12.687
            ],
            [
              -8.8704,
              12.7839
            ],
            [
              -8.9042,
              13.0837
            ],
            [
              -8.9261,
              13.1118
            ],
            [
              -8.7419,
              13.4021
            ],
            [
              -8.8405,
              13.5668
            ],
            [
              -9.0996,
              13.6281
            ],
            [
              -9.1257,
              13.7184
            ],
            [
              -9.0676,
              13.8463
            ],
            [
              -9.1044,
              14.0726
            ],
            [
              -8.8086,
              14.1618
            ],
            [
              -8.7418,
              14.4088
            ],
            [
              -8.7079,
              14.4391
            ],
            [
              -8.7213,
              14.638
            ],
            [
              -8.8345,
              14.8047
            ],
            [
              -9.1236,
              14.8684
            ],
            [
              -9.1288,
              14.962
            ],
            [
              -9.0163,
              15.1627
            ],
            [
              -9.1121,
              15.3603
            ],
            [
              -8.9813,
              15.4796
            ],
            [
              -8.9761,
              15.5608
            ],
            [
              -9.0918,
              15.6888
            ],
            [
              -9.0822,
              15.7327
            ],
            [
              -8.8196,
              15.8272
            ],
            [
              -8.7288,
              15.7033
            ],
            [
              -8.7044,
              15.6938
            ],
            [
              -8.6239,
              15.5137
            ],
            [
              -8.5801,
              15.4855
            ],
            [
              -8.4872,
              15.3224
            ],
            [
              -8.4827,
              15.2611
            ],
            [
              -8.4082,
              15.1478
            ],
            [
              -8.4092,
              15.0843
            ],
            [
              -8.4852,
              15.0235
            ],
            [
              -8.5517,
              14.7547
            ],
            [
              -8.376,
              14.7376
            ],
            [
              -8.3511,
              14.704
            ],
            [
              -8.2754,
              14.4984
            ],
            [
              -8.2983,
              14.3983
            ],
            [
              -8.3428,
              14.3706
            ],
            [
              -8.3474,
              14.1438
            ],
            [
              -8.3539,
              14.137
            ],
            [
              -8.6885,
              13.9398
            ],
            [
              -8.6873,
              13.8953
            ],
            [
              -8.4307,
              13.7265
            ],
            [
              -8.4241,
              13.7195
            ],
            [
              -8.6014,
              13.4152
            ],
            [
              -8.4572,
              13.3117
            ],
            [
              -8.3787,
              13.0524
            ],
            [
              -8.4341,
              12.965
            ],
            [
              -8.4273,
              12.8901
            ],
            [
              -8.3532,
              12.735
            ],
            [
              -8.5505,
              12.5
            ],
            [
              -8.5462,
              12.489
            ],
            [
              -8.5339,
              12.2407
            ],
            [
              -8.2828,
              12.1542
            ],
            [
              -8.3416,
              11.8975
            ],
            [
              -8.2576,
              11.7734
            ],
            [
              -8.4419,
              11.44
            ],
            [
              -8.4672,
              11.4266
            ],
            [
              -8.464,
              11.0989
            ],
            [
              -8.4858,
              11.0634
            ],
            [
              -8.4642,
              10.8477
            ],
            [
              -8.4544,
              10.8353
            ],
            [
              -8.4544,
              10.4896
            ],
            [
              -8.4082,
              10.4051
            ],
            [
              -8.4182,
              10.3459
            ],
            [
              -8.5027,
              10.2452
            ],
            [
              -8.6138,
              10.1948
            ],
            [
              -8.707,
              10.2225
            ],
            [
              -9.0538,
              10.0799
            ],
            [
              -9.1098,
              10.0923
            ],
            [
              -9.074,
              10.3852
            ],
            [
              -9.1657,
              10.5562
            ]
          ]
        ]
      },
      "id": "C021"
    },
    {
      "type": "Feature",
      "properties": {
        "id": "C022",
        "district_number": 22,
        "population": 1386439,
        "seats": 8,
        "country_id": "TER",
        "plurality_province_id": "P10",
        "plurality_province_name": "Eastridge",
        "province_population_shares": [
          {
            "province_id": "P10",
            "share": 0.833103
          },
          {
            "province_id": "P11",
            "share": 0.117354
          },
          {
            "province_id": "P13",
            "share": 0.032202
          },
          {
            "province_id": "P16",
            "share": 0.017341
          }
        ],
        "crosses_province_boundaries": true,
        "svg_path_id": "C022"
      },
      "geometry": {
        "type": "MultiPolygon",
        "coordinates": [
          [
            [
              [
                -7.0582,
                14.7616
              ],
              [
                -7.0461,
                14.9443
              ],
              [
                -7.027,
                14.9733
              ],
              [
                -7.0082,
                14.978
              ],
              [
                -6.9188,
                15.0662
              ],
              [
                -6.7334,
                15.0633
              ],
              [
                -6.6785,
                14.8774
              ],
              [
                -6.7565,
                14.753
              ],
              [
                -6.7612,
                14.6349
              ],
              [
                -6.7949,
                14.5774
              ],
              [
                -6.8496,
                14.5755
              ],
              [
                -6.9664,
                14.5193
              ],
              [
                -7.2176,
                14.6449
              ],
              [
                -7.2228,
                14.6689
              ],
              [
                -7.2207,
                14.6759
              ],
              [
                -7.0582,
                14.7616
              ]
            ]
          ],
          [
            [
              [
                -8.4572,
                13.3117
              ],
              [
                -8.6014,
                13.4152
              ],
              [
                -8.4241,
                13.7195
              ],
              [
                -8.4307,
                13.7265
              ],
              [
                -8.6873,
                13.8953
              ],
              [
                -8.6885,
                13.9398
              ],
              [
                -8.3539,
                14.137
              ],
              [
                -8.3474,
                14.1438
              ],
              [
                -8.3428,
                14.3706
              ],
              [
                -8.2983,
                14.3983
              ],
              [
                -8.2754,
                14.4984
              ],
              [
                -8.3511,
                14.704
              ],
              [
                -8.376,
                14.7376
              ],
              [
                -8.5517,
                14.7547
              ],
              [
                -8.4852,
                15.0235
              ],
              [
                -8.4092,
                15.0843
              ],
              [
                -8.3209,
                14.9881
              ],
              [
                -8.1811,
                14.9334
              ],
              [
                -8.1627,
                14.8296
              ],
              [
                -8.126,
                14.7572
              ],
              [
                -7.9161,
                14.8167
              ],
              [
                -7.808,
                14.7442
              ],
              [
                -7.8042,
                14.7316
              ],
              [
                -7.7628,
                14.688
              ],
              [
                -7.7282,
                14.5488
              ],
              [
                -7.6859,
                14.5028
              ],
              [
                -7.5645,
                14.4509
              ],
              [
                -7.4936,
                14.4796
              ],
              [
                -7.4075,
                14.4581
              ],
              [
                -7.2541,
                14.521
              ],
              [
                -7.1385,
                14.3981
              ],
              [
                -7.0628,
                14.41
              ],
              [
                -6.9817,
                14.2397
              ],
              [
                -6.8479,
                14.245
              ],
              [
                -6.8103,
                14.0556
              ],
              [
                -6.8653,
                13.9916
              ],
              [
                -6.8499,
                13.8567
              ],
              [
                -6.828,
                13.8356
              ],
              [
                -6.8204,
                13.6426
              ],
              [
                -6.7818,
                13.6109
              ],
              [
                -6.82,
                13.3706
              ],
              [
                -6.8331,
                13.3626
              ],
              [
                -6.8186,
                13.2287
              ],
              [
                -6.9887,
                13.1462
              ],
              [
                -7.0521,
                13.1866
              ],
              [
                -7.0889,
                13.3322
              ],
              [
                -7.1737,
                13.343
              ],
              [
                -7.2812,
                13.4264
              ],
              [
                -7.3242,
                13.4156
              ],
              [
                -7.5065,
                13.4984
              ],
              [
                -7.5099,
                13.6436
              ],
              [
                -7.6256,
                13.6931
              ],
              [
                -7.7325,
                13.6435
              ],
              [
                -7.7507,
                13.5472
              ],
              [
                -7.6451,
                13.3813
              ],
              [
                -7.6264,
                13.3755
              ],
              [
                -7.5174,
                13.227
              ],
              [
                -7.5112,
                13.163
              ],
              [
                -7.4721,
                13.1419
              ],
              [
                -7.3771,
                12.9303
              ],
              [
                -7.4282,
                12.8493
              ],
              [
                -7.7313,
                12.8422
              ],
              [
                -7.7881,
                12.9298
              ],
              [
                -7.9814,
                12.8727
              ],
              [
                -8.2333,
                13.0882
              ],
              [
                -8.3787,
                13.0524
              ],
              [
                -8.4572,
                13.3117
              ]
            ]
          ]
        ]
      },
      "id": "C022"
    },
    {
      "type": "Feature",
      "properties": {
        "id": "C023",
        "district_number": 23,
        "population": 1449570,
        "seats": 8,
        "country_id": "TER",
        "plurality_province_id": "P11",
        "plurality_province_name": "Shorren",
        "province_population_shares": [
          {
            "province_id": "P11",
            "share": 0.659118
          },
          {
            "province_id": "P08",
            "share": 0.340882
          }
        ],
        "crosses_province_boundaries": true,
        "svg_path_id": "C023"
      },
      "geometry": {
        "type": "Polygon",
        "coordinates": [
          [
            [
              -8.4544,
              10.8353
            ],
            [
              -8.4642,
              10.8477
            ],
            [
              -8.4858,
              11.0634
            ],
            [
              -8.464,
              11.0989
            ],
            [
              -8.4672,
              11.4266
            ],
            [
              -8.4419,
              11.44
            ],
            [
              -8.2576,
              11.7734
            ],
            [
              -8.3416,
              11.8975
            ],
            [
              -8.2828,
              12.1542
            ],
            [
              -8.5339,
              12.2407
            ],
            [
              -8.5462,
              12.489
            ],
            [
              -8.5505,
              12.5
            ],
            [
              -8.3532,
              12.735
            ],
            [
              -8.4273,
              12.8901
            ],
            [
              -8.4341,
              12.965
            ],
            [
              -8.3787,
              13.0524
            ],
            [
              -8.2333,
              13.0882
            ],
            [
              -7.9814,
              12.8727
            ],
            [
              -7.7881,
              12.9298
            ],
            [
              -7.7313,
              12.8422
            ],
            [
              -7.4282,
              12.8493
            ],
            [
              -7.3294,
              12.6307
            ],
            [
              -7.3342,
              12.618
            ],
            [
              -7.2795,
              12.4089
            ],
            [
              -7.3178,
              12.3265
            ],
            [
              -7.3267,
              12.3158
            ],
            [
              -7.3661,
              12.1456
            ],
            [
              -7.3188,
              12.0617
            ],
            [
              -7.3158,
              12.0408
            ],
            [
              -7.2312,
              11.8973
            ],
            [
              -7.2261,
              11.7766
            ],
            [
              -7.3696,
              11.6145
            ],
            [
              -7.3696,
              11.6046
            ],
            [
              -7.4569,
              11.4736
            ],
            [
              -7.4623,
              11.3116
            ],
            [
              -7.4908,
              11.274
            ],
            [
              -7.5109,
              11.1117
            ],
            [
              -7.4849,
              11.0802
            ],
            [
              -7.477,
              10.9324
            ],
            [
              -7.3408,
              10.8071
            ],
            [
              -7.2979,
              10.8068
            ],
            [
              -7.1842,
              10.6273
            ],
            [
              -7.3257,
              10.4803
            ],
            [
              -7.3786,
              10.4746
            ],
            [
              -7.5107,
              10.3882
            ],
            [
              -7.5153,
              10.2438
            ],
            [
              -7.5358,
              10.2007
            ],
            [
              -7.5882,
              10.1828
            ],
            [
              -7.8929,
              10.231
            ],
            [
              -8.015,
              10.1218
            ],
            [
              -8.0158,
              10.1205
            ],
            [
              -8.4182,
              10.3459
            ],
            [
              -8.4082,
              10.4051
            ],
            [
              -8.4544,
              10.4896
            ],
            [
              -8.4544,
              10.8353
            ]
          ]
        ]
      },
      "id": "C023"
    },
    {
      "type": "Feature",
      "properties": {
        "id": "C024",
        "district_number": 24,
        "population": 1491497,
        "seats": 9,
        "country_id": "TER",
        "plurality_province_id": "P09",
        "plurality_province_name": "Aurel",
        "province_population_shares": [
          {
            "province_id": "P09",
            "share": 0.877958
          },
          {
            "province_id": "P04",
            "share": 0.122042
          }
        ],
        "crosses_province_boundaries": true,
        "svg_path_id": "C024"
      },
      "geometry": {
        "type": "Polygon",
        "coordinates": [
          [
            [
              -19.5855,
              9.4871
            ],
            [
              -19.6342,
              9.6366
            ],
            [
              -19.9968,
              9.7244
            ],
            [
              -19.9349,
              10.1008
            ],
            [
              -19.8501,
              10.0723
            ],
            [
              -19.3666,
              10.229
            ],
            [
              -19.3371,
              9.9607
            ],
            [
              -19.2706,
              9.9161
            ],
            [
              -19.062,
              9.94
            ],
            [
              -18.9203,
              10.1763
            ],
            [
              -18.8365,
              10.1405
            ],
            [
              -18.7761,
              10.0663
            ],
            [
              -18.3861,
              10.1639
            ],
            [
              -18.3186,
              10.0917
            ],
            [
              -18.1361,
              10.1313
            ],
            [
              -17.9747,
              10.0288
            ],
            [
              -17.7476,
              10.1446
            ],
            [
              -17.5355,
              9.9954
            ],
            [
              -17.4867,
              9.9901
            ],
            [
              -17.4356,
              10.0628
            ],
            [
              -17.0441,
              10.1008
            ],
            [
              -17.0182,
              10.124
            ],
            [
              -16.7335,
              9.9248
            ],
            [
              -16.5627,
              10.0654
            ],
            [
              -16.4868,
              10.0836
            ],
            [
              -16.3604,
              10.1952
            ],
            [
              -16.0477,
              10.0997
            ],
            [
              -16.0405,
              10.1055
            ],
            [
              -15.6885,
              10.0828
            ],
            [
              -15.6362,
              10.1359
            ],
            [
              -15.3978,
              10.0582
            ],
            [
              -15.245,
              10.2226
            ],
            [
              -15.0027,
              10.1327
            ],
            [
              -14.9993,
              10.1282
            ],
            [
              -14.9016,
              10.1294
            ],
            [
              -14.7796,
              10.0628
            ],
            [
              -14.622,
              9.7476
            ],
            [
              -14.6514,
              9.7123
            ],
            [
              -14.7378,
              9.4518
            ],
            [
              -14.7348,
              9.4476
            ],
            [
              -14.7063,
              9.1405
            ],
            [
              -15.02,
              9.0465
            ],
            [
              -15.1247,
              9.1521
            ],
            [
              -15.374,
              9.1114
            ],
            [
              -15.3934,
              9.1231
            ],
            [
              -15.7745,
              9.0819
            ],
            [
              -15.8074,
              9.117
            ],
            [
              -15.9677,
              9.1207
            ],
            [
              -16.119,
              9.2471
            ],
            [
              -16.3561,
              9.2933
            ],
            [
              -16.4446,
              9.2068
            ],
            [
              -16.724,
              9.1712
            ],
            [
              -16.7315,
              9.1782
            ],
            [
              -16.8506,
              9.1598
            ],
            [
              -17.2486,
              9.3162
            ],
            [
              -17.3054,
              9.1599
            ],
            [
              -17.6045,
              9.1042
            ],
            [
              -17.6421,
              9.1751
            ],
            [
              -18.039,
              9.356
            ],
            [
              -18.0515,
              9.3544
            ],
            [
              -18.1203,
              9.413
            ],
            [
              -18.3923,
              9.3842
            ],
            [
              -18.5177,
              9.1582
            ],
            [
              -18.6169,
              9.1178
            ],
            [
              -18.7543,
              9.2444
            ],
            [
              -19.0746,
              9.0764
            ],
            [
              -19.1559,
              9.108
            ],
            [
              -19.1993,
              9.0658
            ],
            [
              -19.7116,
              9.2645
            ],
            [
              -19.7115,
              9.2684
            ],
            [
              -19.5974,
              9.416
            ],
            [
              -19.5855,
              9.4871
            ]
          ]
        ]
      },
      "id": "C024"
    },
    {
      "type": "Feature",
      "properties": {
        "id": "C025",
        "district_number": 25,
        "population": 1513359,
        "seats": 9,
        "country_id": "TER",
        "plurality_province_id": "P09",
        "plurality_province_name": "Aurel",
        "province_population_shares": [
          {
            "province_id": "P09",
            "share": 0.943267
          },
          {
            "province_id": "P04",
            "share": 0.056733
          }
        ],
        "crosses_province_boundaries": true,
        "svg_path_id": "C025"
      },
      "geometry": {
        "type": "Polygon",
        "coordinates": [
          [
            [
              -19.7356,
              9.131
            ],
            [
              -19.7116,
              9.2645
            ],
            [
              -19.1993,
              9.0658
            ],
            [
              -19.1559,
              9.108
            ],
            [
              -19.0746,
              9.0764
            ],
            [
              -18.7543,
              9.2444
            ],
            [
              -18.6169,
              9.1178
            ],
            [
              -18.5177,
              9.1582
            ],
            [
              -18.3923,
              9.3842
            ],
            [
              -18.1203,
              9.413
            ],
            [
              -18.0515,
              9.3544
            ],
            [
              -18.039,
              9.356
            ],
            [
              -17.6421,
              9.1751
            ],
            [
              -17.6045,
              9.1042
            ],
            [
              -17.3054,
              9.1599
            ],
            [
              -17.2486,
              9.3162
            ],
            [
              -16.8506,
              9.1598
            ],
            [
              -16.7315,
              9.1782
            ],
            [
              -16.724,
              9.1712
            ],
            [
              -16.4446,
              9.2068
            ],
            [
              -16.3561,
              9.2933
            ],
            [
              -16.119,
              9.2471
            ],
            [
              -15.9677,
              9.1207
            ],
            [
              -15.8074,
              9.117
            ],
            [
              -15.7745,
              9.0819
            ],
            [
              -15.3934,
              9.1231
            ],
            [
              -15.374,
              9.1114
            ],
            [
              -15.1247,
              9.1521
            ],
            [
              -15.02,
              9.0465
            ],
            [
              -14.7063,
              9.1405
            ],
            [
              -14.6596,
              9.0883
            ],
            [
              -14.6629,
              8.8611
            ],
            [
              -14.4993,
              8.7249
            ],
            [
              -14.4303,
              8.5686
            ],
            [
              -14.5047,
              8.4999
            ],
            [
              -14.6256,
              8.461
            ],
            [
              -14.7656,
              8.3915
            ],
            [
              -14.9587,
              8.5768
            ],
            [
              -15.1958,
              8.513
            ],
            [
              -15.3576,
              8.5619
            ],
            [
              -15.3832,
              8.6044
            ],
            [
              -15.7116,
              8.5314
            ],
            [
              -15.8043,
              8.4067
            ],
            [
              -15.9459,
              8.3805
            ],
            [
              -16.0812,
              8.5424
            ],
            [
              -16.3443,
              8.3467
            ],
            [
              -16.4869,
              8.4459
            ],
            [
              -16.7788,
              8.3531
            ],
            [
              -16.7951,
              8.3682
            ],
            [
              -16.9987,
              8.3801
            ],
            [
              -17.2179,
              8.4617
            ],
            [
              -17.2209,
              8.4656
            ],
            [
              -17.3824,
              8.4992
            ],
            [
              -17.6068,
              8.4678
            ],
            [
              -17.6553,
              8.4014
            ],
            [
              -18.0545,
              8.5603
            ],
            [
              -18.1583,
              8.4655
            ],
            [
              -18.3076,
              8.4424
            ],
            [
              -18.3339,
              8.4652
            ],
            [
              -18.7325,
              8.4549
            ],
            [
              -18.7441,
              8.4609
            ],
            [
              -18.9353,
              8.3801
            ],
            [
              -19.1172,
              8.4712
            ],
            [
              -19.3792,
              8.3355
            ],
            [
              -19.3805,
              8.3358
            ],
            [
              -19.3862,
              8.3399
            ],
            [
              -19.7119,
              8.4742
            ],
            [
              -19.7369,
              8.5111
            ],
            [
              -19.6246,
              8.8435
            ],
            [
              -19.6134,
              8.86
            ],
            [
              -19.7356,
              9.131
            ]
          ]
        ]
      },
      "id": "C025"
    },
    {
      "type": "Feature",
      "properties": {
        "id": "C026",
        "district_number": 26,
        "population": 1359405,
        "seats": 8,
        "country_id": "TER",
        "plurality_province_id": "P04",
        "plurality_province_name": "Galar",
        "province_population_shares": [
          {
            "province_id": "P04",
            "share": 1
          }
        ],
        "crosses_province_boundaries": false,
        "svg_path_id": "C026"
      },
      "geometry": {
        "type": "Polygon",
        "coordinates": [
          [
            [
              -14.4993,
              8.7249
            ],
            [
              -14.6629,
              8.8611
            ],
            [
              -14.6596,
              9.0883
            ],
            [
              -14.7063,
              9.1405
            ],
            [
              -14.7348,
              9.4476
            ],
            [
              -14.7378,
              9.4518
            ],
            [
              -14.6514,
              9.7123
            ],
            [
              -14.622,
              9.7476
            ],
            [
              -14.7796,
              10.0628
            ],
            [
              -14.4032,
              10.1569
            ],
            [
              -14.3691,
              10.1341
            ],
            [
              -14.2426,
              10.1588
            ],
            [
              -14.1951,
              10.1126
            ],
            [
              -13.8102,
              10.0159
            ],
            [
              -13.7451,
              10.1771
            ],
            [
              -13.4047,
              10.1491
            ],
            [
              -13.3674,
              10.2049
            ],
            [
              -13.0234,
              10.2407
            ],
            [
              -12.9527,
              10.1592
            ],
            [
              -12.8046,
              10.102
            ],
            [
              -12.7319,
              10.1638
            ],
            [
              -12.3333,
              10.0587
            ],
            [
              -12.35,
              9.9938
            ],
            [
              -12.5891,
              9.8471
            ],
            [
              -12.4647,
              9.5952
            ],
            [
              -12.4311,
              9.5747
            ],
            [
              -12.6763,
              9.2438
            ],
            [
              -12.5346,
              9.1543
            ],
            [
              -12.4358,
              8.9976
            ],
            [
              -12.4509,
              8.9645
            ],
            [
              -12.4172,
              8.7735
            ],
            [
              -12.5608,
              8.5199
            ],
            [
              -12.7113,
              8.5068
            ],
            [
              -12.7433,
              8.4814
            ],
            [
              -12.9007,
              8.4991
            ],
            [
              -13.1023,
              8.3725
            ],
            [
              -13.3482,
              8.7318
            ],
            [
              -13.4246,
              8.4981
            ],
            [
              -13.6208,
              8.3452
            ],
            [
              -13.7325,
              8.4163
            ],
            [
              -14.0741,
              8.2764
            ],
            [
              -14.1696,
              8.4742
            ],
            [
              -14.3629,
              8.5622
            ],
            [
              -14.4303,
              8.5686
            ],
            [
              -14.4993,
              8.7249
            ]
          ]
        ]
      },
      "id": "C026"
    },
    {
      "type": "Feature",
      "properties": {
        "id": "C027",
        "district_number": 27,
        "population": 1515448,
        "seats": 9,
        "country_id": "TER",
        "plurality_province_id": "P07",
        "plurality_province_name": "Rethvale",
        "province_population_shares": [
          {
            "province_id": "P07",
            "share": 0.476246
          },
          {
            "province_id": "P04",
            "share": 0.402364
          },
          {
            "province_id": "FDV",
            "share": 0.102693
          },
          {
            "province_id": "P06",
            "share": 0.018698
          }
        ],
        "crosses_province_boundaries": true,
        "svg_path_id": "C027"
      },
      "geometry": {
        "type": "Polygon",
        "coordinates": [
          [
            [
              -12.4145,
              8.4227
            ],
            [
              -12.5608,
              8.5199
            ],
            [
              -12.4172,
              8.7735
            ],
            [
              -12.4509,
              8.9645
            ],
            [
              -12.4358,
              8.9976
            ],
            [
              -12.5346,
              9.1543
            ],
            [
              -12.6763,
              9.2438
            ],
            [
              -12.4311,
              9.5747
            ],
            [
              -12.4647,
              9.5952
            ],
            [
              -12.5891,
              9.8471
            ],
            [
              -12.35,
              9.9938
            ],
            [
              -12.3333,
              10.0587
            ],
            [
              -12.2776,
              10.1288
            ],
            [
              -12.1414,
              10.1346
            ],
            [
              -11.9663,
              10.2642
            ],
            [
              -11.8773,
              10.2116
            ],
            [
              -11.8208,
              10.1489
            ],
            [
              -11.5637,
              10.1261
            ],
            [
              -11.4331,
              10.4018
            ],
            [
              -11.4076,
              10.4176
            ],
            [
              -11.3183,
              10.3961
            ],
            [
              -11.1641,
              9.9059
            ],
            [
              -11.1486,
              9.9036
            ],
            [
              -10.9167,
              10.1522
            ],
            [
              -10.8192,
              10.1605
            ],
            [
              -10.6746,
              9.9879
            ],
            [
              -10.47,
              10.0509
            ],
            [
              -10.3642,
              10.1809
            ],
            [
              -10.1896,
              10.1103
            ],
            [
              -9.9867,
              10.1678
            ],
            [
              -9.8215,
              10.032
            ],
            [
              -9.7929,
              9.9733
            ],
            [
              -9.8886,
              9.8194
            ],
            [
              -9.8662,
              9.6173
            ],
            [
              -10.1748,
              9.5581
            ],
            [
              -10.204,
              9.5789
            ],
            [
              -10.3222,
              9.5583
            ],
            [
              -10.39,
              9.5961
            ],
            [
              -10.5889,
              9.4719
            ],
            [
              -10.6627,
              9.4932
            ],
            [
              -10.7514,
              9.4189
            ],
            [
              -10.9151,
              9.4074
            ],
            [
              -10.9292,
              9.3969
            ],
            [
              -11.1239,
              9.4323
            ],
            [
              -11.2298,
              9.3913
            ],
            [
              -11.3783,
              9.4466
            ],
            [
              -11.4389,
              9.439
            ],
            [
              -11.5765,
              9.476
            ],
            [
              -11.5997,
              9.5063
            ],
            [
              -11.759,
              9.5835
            ],
            [
              -11.8977,
              9.5626
            ],
            [
              -12.0828,
              9.736
            ],
            [
              -12.2153,
              9.7139
            ],
            [
              -12.3476,
              9.5603
            ],
            [
              -12.2999,
              9.4553
            ],
            [
              -12.2293,
              9.3922
            ],
            [
              -12.0656,
              9.3469
            ],
            [
              -12.0142,
              9.3565
            ],
            [
              -11.8627,
              9.2089
            ],
            [
              -11.9365,
              9.0386
            ],
            [
              -12.0178,
              9.0339
            ],
            [
              -12.1429,
              8.9065
            ],
            [
              -12.1115,
              8.8179
            ],
            [
              -12.0639,
              8.7896
            ],
            [
              -11.8493,
              8.9063
            ],
            [
              -11.8471,
              8.9051
            ],
            [
              -11.6285,
              8.9581
            ],
            [
              -11.5843,
              9.0144
            ],
            [
              -11.5496,
              9.0188
            ],
            [
              -11.3087,
              8.7689
            ],
            [
              -11.3092,
              8.7644
            ],
            [
              -11.4051,
              8.6527
            ],
            [
              -11.5104,
              8.6522
            ],
            [
              -11.5922,
              8.7031
            ],
            [
              -11.8122,
              8.6524
            ],
            [
              -11.8236,
              8.6374
            ],
            [
              -11.8191,
              8.4887
            ],
            [
              -11.8575,
              8.4241
            ],
            [
              -12.0499,
              8.4504
            ],
            [
              -12.1572,
              8.3226
            ],
            [
              -12.1872,
              8.3171
            ],
            [
              -12.3521,
              8.4246
            ],
            [
              -12.4145,
              8.4227
            ]
          ]
        ]
      },
      "id": "C027"
    },
    {
      "type": "Feature",
      "properties": {
        "id": "C028",
        "district_number": 28,
        "population": 1640860,
        "seats": 9,
        "country_id": "TER",
        "plurality_province_id": "P08",
        "plurality_province_name": "Eastbay",
        "province_population_shares": [
          {
            "province_id": "P08",
            "share": 0.509229
          },
          {
            "province_id": "FDV",
            "share": 0.474419
          },
          {
            "province_id": "P16",
            "share": 0.016353
          }
        ],
        "crosses_province_boundaries": true,
        "svg_path_id": "C028"
      },
      "geometry": {
        "type": "MultiPolygon",
        "coordinates": [
          [
            [
              [
                -7.0418,
                9.1211
              ],
              [
                -6.9184,
                9.1566
              ],
              [
                -6.7741,
                9.0938
              ],
              [
                -6.7428,
                9.0077
              ],
              [
                -6.7444,
                8.9892
              ],
              [
                -6.9126,
                8.8068
              ],
              [
                -7.0105,
                8.7971
              ],
              [
                -7.107,
                8.9016
              ],
              [
                -7.1298,
                9.0054
              ],
              [
                -7.0418,
                9.1211
              ]
            ]
          ],
          [
            [
              [
                -10.1202,
                9.0786
              ],
              [
                -10.0776,
                9.2065
              ],
              [
                -10.1222,
                9.2955
              ],
              [
                -10.0971,
                9.3765
              ],
              [
                -10.1748,
                9.5581
              ],
              [
                -9.8662,
                9.6173
              ],
              [
                -9.8886,
                9.8194
              ],
              [
                -9.7929,
                9.9733
              ],
              [
                -9.6679,
                9.9399
              ],
              [
                -9.3629,
                10.1354
              ],
              [
                -9.2613,
                10.0895
              ],
              [
                -9.1702,
                10.0657
              ],
              [
                -9.1098,
                10.0923
              ],
              [
                -9.0538,
                10.0799
              ],
              [
                -8.707,
                10.2225
              ],
              [
                -8.6138,
                10.1948
              ],
              [
                -8.5027,
                10.2452
              ],
              [
                -8.4182,
                10.3459
              ],
              [
                -8.0158,
                10.1205
              ],
              [
                -8.015,
                10.1218
              ],
              [
                -7.8929,
                10.231
              ],
              [
                -7.5882,
                10.1828
              ],
              [
                -7.5358,
                10.2007
              ],
              [
                -7.4761,
                10.0587
              ],
              [
                -7.5141,
                9.8757
              ],
              [
                -7.4781,
                9.7882
              ],
              [
                -7.4883,
                9.7419
              ],
              [
                -7.3933,
                9.6127
              ],
              [
                -7.3481,
                9.5994
              ],
              [
                -7.2205,
                9.3556
              ],
              [
                -7.3329,
                9.2819
              ],
              [
                -7.482,
                9.4582
              ],
              [
                -7.5656,
                9.4325
              ],
              [
                -7.6668,
                9.5554
              ],
              [
                -7.753,
                9.5373
              ],
              [
                -7.8876,
                9.6933
              ],
              [
                -8.0358,
                9.5687
              ],
              [
                -7.8637,
                9.3509
              ],
              [
                -7.9092,
                9.1755
              ],
              [
                -7.9332,
                9.1604
              ],
              [
                -7.9706,
                9.0652
              ],
              [
                -8.0561,
                9.0131
              ],
              [
                -8.1159,
                8.9074
              ],
              [
                -8.2223,
                8.8349
              ],
              [
                -8.4216,
                8.9346
              ],
              [
                -8.4133,
                9.089
              ],
              [
                -8.4403,
                9.1607
              ],
              [
                -8.426,
                9.2718
              ],
              [
                -8.4318,
                9.3004
              ],
              [
                -8.4761,
                9.3475
              ],
              [
                -8.5109,
                9.4291
              ],
              [
                -8.5859,
                9.5062
              ],
              [
                -8.6059,
                9.571
              ],
              [
                -8.7536,
                9.7171
              ],
              [
                -8.8351,
                9.7389
              ],
              [
                -9.0086,
                9.5898
              ],
              [
                -9.0103,
                9.5795
              ],
              [
                -9.1572,
                9.4638
              ],
              [
                -9.2721,
                9.4528
              ],
              [
                -9.3255,
                9.3727
              ],
              [
                -9.5085,
                9.3247
              ],
              [
                -9.5205,
                9.2419
              ],
              [
                -9.6426,
                9.1274
              ],
              [
                -9.7683,
                9.1033
              ],
              [
                -9.8024,
                8.9871
              ],
              [
                -9.8192,
                8.9699
              ],
              [
                -9.8651,
                8.7873
              ],
              [
                -9.9476,
                8.7147
              ],
              [
                -10.0061,
                8.7356
              ],
              [
                -10.1141,
                8.8899
              ],
              [
                -10.0692,
                9.001
              ],
              [
                -10.1202,
                9.0786
              ]
            ]
          ],
          [
            [
              [
                -8.6153,
                8.8547
              ],
              [
                -8.6371,
                8.7918
              ],
              [
                -8.8089,
                8.7492
              ],
              [
                -8.8838,
                8.8226
              ],
              [
                -8.7396,
                8.9605
              ],
              [
                -8.6153,
                8.8547
              ]
            ]
          ]
        ]
      },
      "id": "C028"
    },
    {
      "type": "Feature",
      "properties": {
        "id": "C029",
        "district_number": 29,
        "population": 1516245,
        "seats": 9,
        "country_id": "TER",
        "plurality_province_id": "P09",
        "plurality_province_name": "Aurel",
        "province_population_shares": [
          {
            "province_id": "P09",
            "share": 1
          }
        ],
        "crosses_province_boundaries": false,
        "svg_path_id": "C029"
      },
      "geometry": {
        "type": "Polygon",
        "coordinates": [
          [
            [
              -19.4567,
              5.4538
            ],
            [
              -19.3261,
              5.5532
            ],
            [
              -19.3669,
              5.8181
            ],
            [
              -19.6203,
              5.8298
            ],
            [
              -19.7204,
              6.1011
            ],
            [
              -19.7773,
              6.1461
            ],
            [
              -19.5313,
              6.4497
            ],
            [
              -19.5308,
              6.4528
            ],
            [
              -19.4771,
              6.5276
            ],
            [
              -19.7102,
              6.8002
            ],
            [
              -19.8756,
              6.8018
            ],
            [
              -19.9227,
              7.1555
            ],
            [
              -19.81,
              7.222
            ],
            [
              -19.7642,
              7.2805
            ],
            [
              -19.7541,
              7.3559
            ],
            [
              -19.7906,
              7.4933
            ],
            [
              -20.0478,
              7.644
            ],
            [
              -20.0614,
              7.7314
            ],
            [
              -19.6933,
              7.9407
            ],
            [
              -19.8062,
              8.0899
            ],
            [
              -20.0699,
              8.1318
            ],
            [
              -20.134,
              8.2352
            ],
            [
              -19.8194,
              8.5131
            ],
            [
              -19.7369,
              8.5111
            ],
            [
              -19.7119,
              8.4742
            ],
            [
              -19.3862,
              8.3399
            ],
            [
              -19.3805,
              8.3358
            ],
            [
              -19.3792,
              8.3355
            ],
            [
              -19.1172,
              8.4712
            ],
            [
              -18.9353,
              8.3801
            ],
            [
              -18.7441,
              8.4609
            ],
            [
              -18.7325,
              8.4549
            ],
            [
              -18.5771,
              8.13
            ],
            [
              -18.4073,
              8.0744
            ],
            [
              -18.4593,
              7.9072
            ],
            [
              -18.7904,
              7.8401
            ],
            [
              -18.6258,
              7.5251
            ],
            [
              -18.5423,
              7.5176
            ],
            [
              -18.3999,
              7.3734
            ],
            [
              -18.3589,
              7.218
            ],
            [
              -18.3329,
              7.17
            ],
            [
              -18.5957,
              6.8796
            ],
            [
              -18.4764,
              6.6959
            ],
            [
              -18.5076,
              6.4664
            ],
            [
              -18.4673,
              6.4148
            ],
            [
              -18.4857,
              6.2526
            ],
            [
              -18.637,
              6.1738
            ],
            [
              -18.7277,
              5.8883
            ],
            [
              -18.5785,
              5.8493
            ],
            [
              -18.4902,
              5.4917
            ],
            [
              -18.5946,
              5.4803
            ],
            [
              -18.7623,
              5.5424
            ],
            [
              -18.9015,
              5.4777
            ],
            [
              -18.9408,
              5.2857
            ],
            [
              -19.0082,
              5.2165
            ],
            [
              -19.0199,
              5.1676
            ],
            [
              -19.0722,
              5.1239
            ],
            [
              -19.2643,
              5.0626
            ],
            [
              -19.3032,
              5.0693
            ],
            [
              -19.4567,
              5.4538
            ]
          ]
        ]
      },
      "id": "C029"
    },
    {
      "type": "Feature",
      "properties": {
        "id": "C030",
        "district_number": 30,
        "population": 1485619,
        "seats": 9,
        "country_id": "TER",
        "plurality_province_id": "P09",
        "plurality_province_name": "Aurel",
        "province_population_shares": [
          {
            "province_id": "P09",
            "share": 1
          }
        ],
        "crosses_province_boundaries": false,
        "svg_path_id": "C030"
      },
      "geometry": {
        "type": "Polygon",
        "coordinates": [
          [
            [
              -17.9388,
              5.7182
            ],
            [
              -17.9636,
              5.7201
            ],
            [
              -18.2305,
              5.5878
            ],
            [
              -18.2325,
              5.5837
            ],
            [
              -18.4726,
              5.4823
            ],
            [
              -18.4902,
              5.4917
            ],
            [
              -18.5785,
              5.8493
            ],
            [
              -18.7277,
              5.8883
            ],
            [
              -18.637,
              6.1738
            ],
            [
              -18.4857,
              6.2526
            ],
            [
              -18.4673,
              6.4148
            ],
            [
              -18.5076,
              6.4664
            ],
            [
              -18.4764,
              6.6959
            ],
            [
              -18.5957,
              6.8796
            ],
            [
              -18.3329,
              7.17
            ],
            [
              -18.3589,
              7.218
            ],
            [
              -18.3999,
              7.3734
            ],
            [
              -18.5423,
              7.5176
            ],
            [
              -18.6258,
              7.5251
            ],
            [
              -18.7904,
              7.8401
            ],
            [
              -18.4593,
              7.9072
            ],
            [
              -18.4073,
              8.0744
            ],
            [
              -18.5771,
              8.13
            ],
            [
              -18.7325,
              8.4549
            ],
            [
              -18.3339,
              8.4652
            ],
            [
              -18.3076,
              8.4424
            ],
            [
              -18.1583,
              8.4655
            ],
            [
              -18.0545,
              8.5603
            ],
            [
              -17.6553,
              8.4014
            ],
            [
              -17.6714,
              8.3345
            ],
            [
              -17.3683,
              7.9977
            ],
            [
              -17.389,
              7.899
            ],
            [
              -17.7154,
              7.7962
            ],
            [
              -17.7308,
              7.5755
            ],
            [
              -17.6173,
              7.4419
            ],
            [
              -17.396,
              7.4306
            ],
            [
              -17.3004,
              7.1136
            ],
            [
              -17.3764,
              7.0525
            ],
            [
              -17.3749,
              6.7658
            ],
            [
              -17.304,
              6.6739
            ],
            [
              -17.284,
              6.4968
            ],
            [
              -17.4117,
              6.3901
            ],
            [
              -17.3712,
              6.1307
            ],
            [
              -17.3948,
              6.1064
            ],
            [
              -17.4256,
              5.829
            ],
            [
              -17.6273,
              5.8148
            ],
            [
              -17.6621,
              5.773
            ],
            [
              -17.8637,
              5.7782
            ],
            [
              -17.9388,
              5.7182
            ]
          ]
        ]
      },
      "id": "C030"
    },
    {
      "type": "Feature",
      "properties": {
        "id": "C031",
        "district_number": 31,
        "population": 1506011,
        "seats": 9,
        "country_id": "TER",
        "plurality_province_id": "P09",
        "plurality_province_name": "Aurel",
        "province_population_shares": [
          {
            "province_id": "P09",
            "share": 1
          }
        ],
        "crosses_province_boundaries": false,
        "svg_path_id": "C031"
      },
      "geometry": {
        "type": "Polygon",
        "coordinates": [
          [
            [
              -17.4256,
              5.829
            ],
            [
              -17.3948,
              6.1064
            ],
            [
              -17.3712,
              6.1307
            ],
            [
              -17.4117,
              6.3901
            ],
            [
              -17.284,
              6.4968
            ],
            [
              -17.304,
              6.6739
            ],
            [
              -17.3749,
              6.7658
            ],
            [
              -17.3764,
              7.0525
            ],
            [
              -17.3004,
              7.1136
            ],
            [
              -17.396,
              7.4306
            ],
            [
              -17.6173,
              7.4419
            ],
            [
              -17.7308,
              7.5755
            ],
            [
              -17.7154,
              7.7962
            ],
            [
              -17.389,
              7.899
            ],
            [
              -17.3683,
              7.9977
            ],
            [
              -17.6714,
              8.3345
            ],
            [
              -17.6553,
              8.4014
            ],
            [
              -17.6068,
              8.4678
            ],
            [
              -17.3824,
              8.4992
            ],
            [
              -17.2209,
              8.4656
            ],
            [
              -17.2179,
              8.4617
            ],
            [
              -16.9987,
              8.3801
            ],
            [
              -16.7951,
              8.3682
            ],
            [
              -16.7788,
              8.3531
            ],
            [
              -16.4869,
              8.4459
            ],
            [
              -16.3443,
              8.3467
            ],
            [
              -16.2914,
              8.1028
            ],
            [
              -16.034,
              8.0439
            ],
            [
              -16.0116,
              8.0166
            ],
            [
              -16.0068,
              7.9219
            ],
            [
              -16.2058,
              7.6753
            ],
            [
              -16.2479,
              7.663
            ],
            [
              -16.3138,
              7.5883
            ],
            [
              -16.1479,
              7.2502
            ],
            [
              -16.1018,
              7.2268
            ],
            [
              -16.101,
              6.9717
            ],
            [
              -16.3444,
              6.8271
            ],
            [
              -16.356,
              6.7423
            ],
            [
              -16.1456,
              6.5549
            ],
            [
              -16.1103,
              6.3808
            ],
            [
              -16.3514,
              6.3197
            ],
            [
              -16.4071,
              6.2463
            ],
            [
              -16.4658,
              6.2253
            ],
            [
              -16.5649,
              6.0637
            ],
            [
              -16.6649,
              6.0252
            ],
            [
              -16.7365,
              5.8898
            ],
            [
              -16.8624,
              5.8456
            ],
            [
              -16.9548,
              5.7372
            ],
            [
              -17.0011,
              5.7315
            ],
            [
              -17.1782,
              5.6005
            ],
            [
              -17.192,
              5.5983
            ],
            [
              -17.3092,
              5.6709
            ],
            [
              -17.3314,
              5.7473
            ],
            [
              -17.4256,
              5.829
            ]
          ]
        ]
      },
      "id": "C031"
    },
    {
      "type": "Feature",
      "properties": {
        "id": "C032",
        "district_number": 32,
        "population": 1512475,
        "seats": 9,
        "country_id": "TER",
        "plurality_province_id": "P04",
        "plurality_province_name": "Galar",
        "province_population_shares": [
          {
            "province_id": "P04",
            "share": 0.756319
          },
          {
            "province_id": "P09",
            "share": 0.243681
          }
        ],
        "crosses_province_boundaries": true,
        "svg_path_id": "C032"
      },
      "geometry": {
        "type": "Polygon",
        "coordinates": [
          [
            [
              -15.0536,
              7.736
            ],
            [
              -15.134,
              7.7026
            ],
            [
              -15.2509,
              7.7796
            ],
            [
              -15.2939,
              7.8594
            ],
            [
              -15.571,
              7.8767
            ],
            [
              -15.6627,
              8.0639
            ],
            [
              -16.0116,
              8.0166
            ],
            [
              -16.034,
              8.0439
            ],
            [
              -16.2914,
              8.1028
            ],
            [
              -16.3443,
              8.3467
            ],
            [
              -16.0812,
              8.5424
            ],
            [
              -15.9459,
              8.3805
            ],
            [
              -15.8043,
              8.4067
            ],
            [
              -15.7116,
              8.5314
            ],
            [
              -15.3832,
              8.6044
            ],
            [
              -15.3576,
              8.5619
            ],
            [
              -15.1958,
              8.513
            ],
            [
              -14.9587,
              8.5768
            ],
            [
              -14.7656,
              8.3915
            ],
            [
              -14.6256,
              8.461
            ],
            [
              -14.5047,
              8.4999
            ],
            [
              -14.4303,
              8.5686
            ],
            [
              -14.3629,
              8.5622
            ],
            [
              -14.1696,
              8.4742
            ],
            [
              -14.0741,
              8.2764
            ],
            [
              -13.7325,
              8.4163
            ],
            [
              -13.6208,
              8.3452
            ],
            [
              -13.4246,
              8.4981
            ],
            [
              -13.3482,
              8.7318
            ],
            [
              -13.1023,
              8.3725
            ],
            [
              -12.9007,
              8.4991
            ],
            [
              -12.7433,
              8.4814
            ],
            [
              -12.7113,
              8.5068
            ],
            [
              -12.5608,
              8.5199
            ],
            [
              -12.4145,
              8.4227
            ],
            [
              -12.3521,
              8.4246
            ],
            [
              -12.1872,
              8.3171
            ],
            [
              -12.1572,
              8.3226
            ],
            [
              -12.0499,
              8.4504
            ],
            [
              -11.8575,
              8.4241
            ],
            [
              -11.8417,
              8.313
            ],
            [
              -11.9148,
              8.1522
            ],
            [
              -11.9126,
              8.1176
            ],
            [
              -12.0325,
              7.9911
            ],
            [
              -12.0381,
              7.9687
            ],
            [
              -12.2271,
              7.8297
            ],
            [
              -12.2537,
              7.8254
            ],
            [
              -12.3633,
              7.8745
            ],
            [
              -12.4634,
              7.8523
            ],
            [
              -12.5925,
              7.9031
            ],
            [
              -12.6042,
              7.8996
            ],
            [
              -12.7949,
              7.9536
            ],
            [
              -12.8417,
              8.0199
            ],
            [
              -12.9483,
              8.0638
            ],
            [
              -13.1112,
              7.8922
            ],
            [
              -13.1332,
              7.8952
            ],
            [
              -13.3697,
              8.0825
            ],
            [
              -13.4335,
              8.0665
            ],
            [
              -13.5656,
              7.8683
            ],
            [
              -13.6405,
              7.8388
            ],
            [
              -13.6836,
              7.7712
            ],
            [
              -14.0245,
              7.7387
            ],
            [
              -14.0253,
              7.7393
            ],
            [
              -14.2557,
              7.7228
            ],
            [
              -14.2826,
              7.7506
            ],
            [
              -14.683,
              7.7252
            ],
            [
              -14.6866,
              7.7195
            ],
            [
              -15.0536,
              7.736
            ]
          ]
        ]
      },
      "id": "C032"
    },
    {
      "type": "Feature",
      "properties": {
        "id": "C033",
        "district_number": 33,
        "population": 1483198,
        "seats": 8,
        "country_id": "TER",
        "plurality_province_id": "P09",
        "plurality_province_name": "Aurel",
        "province_population_shares": [
          {
            "province_id": "P09",
            "share": 0.513587
          },
          {
            "province_id": "P04",
            "share": 0.455153
          },
          {
            "province_id": "P16",
            "share": 0.03126
          }
        ],
        "crosses_province_boundaries": true,
        "svg_path_id": "C033"
      },
      "geometry": {
        "type": "MultiPolygon",
        "coordinates": [
          [
            [
              [
                -16.1456,
                6.5549
              ],
              [
                -16.356,
                6.7423
              ],
              [
                -16.3444,
                6.8271
              ],
              [
                -16.101,
                6.9717
              ],
              [
                -16.1018,
                7.2268
              ],
              [
                -16.1479,
                7.2502
              ],
              [
                -16.3138,
                7.5883
              ],
              [
                -16.2479,
                7.663
              ],
              [
                -16.2058,
                7.6753
              ],
              [
                -16.0068,
                7.9219
              ],
              [
                -16.0116,
                8.0166
              ],
              [
                -15.6627,
                8.0639
              ],
              [
                -15.571,
                7.8767
              ],
              [
                -15.2939,
                7.8594
              ],
              [
                -15.2509,
                7.7796
              ],
              [
                -15.134,
                7.7026
              ],
              [
                -15.0536,
                7.736
              ],
              [
                -14.6866,
                7.7195
              ],
              [
                -14.683,
                7.7252
              ],
              [
                -14.2826,
                7.7506
              ],
              [
                -14.2557,
                7.7228
              ],
              [
                -14.2665,
                7.4292
              ],
              [
                -14.3615,
                7.35
              ],
              [
                -14.1176,
                7.0491
              ],
              [
                -14.2112,
                6.9481
              ],
              [
                -14.0082,
                6.6559
              ],
              [
                -14.0845,
                6.5895
              ],
              [
                -14.3829,
                6.5733
              ],
              [
                -14.4642,
                6.4341
              ],
              [
                -14.3654,
                6.2992
              ],
              [
                -14.1944,
                6.2105
              ],
              [
                -14.2069,
                6.0228
              ],
              [
                -14.2667,
                5.9539
              ],
              [
                -14.3817,
                5.9439
              ],
              [
                -14.4476,
                6.0805
              ],
              [
                -14.6349,
                6.0737
              ],
              [
                -14.6443,
                6.0968
              ],
              [
                -14.8487,
                6.1849
              ],
              [
                -14.883,
                6.1723
              ],
              [
                -15.0244,
                6.269
              ],
              [
                -15.0821,
                6.4426
              ],
              [
                -15.1336,
                6.4948
              ],
              [
                -15.2597,
                6.5099
              ],
              [
                -15.2948,
                6.498
              ],
              [
                -15.3077,
                6.4878
              ],
              [
                -15.4885,
                6.4516
              ],
              [
                -15.5686,
                6.3916
              ],
              [
                -15.7047,
                6.3979
              ],
              [
                -15.8197,
                6.2933
              ],
              [
                -16.0295,
                6.3706
              ],
              [
                -16.0695,
                6.3605
              ],
              [
                -16.1103,
                6.3808
              ],
              [
                -16.1456,
                6.5549
              ]
            ]
          ],
          [
            [
              [
                -14.7264,
                5.6821
              ],
              [
                -14.4987,
                5.8163
              ],
              [
                -14.3876,
                5.6129
              ],
              [
                -14.4634,
                5.5158
              ],
              [
                -14.5577,
                5.4662
              ],
              [
                -14.6509,
                5.4761
              ],
              [
                -14.6968,
                5.5253
              ],
              [
                -14.7264,
                5.6821
              ]
            ]
          ]
        ]
      },
      "id": "C033"
    },
    {
      "type": "Feature",
      "properties": {
        "id": "C034",
        "district_number": 34,
        "population": 1552064,
        "seats": 9,
        "country_id": "TER",
        "plurality_province_id": "P04",
        "plurality_province_name": "Galar",
        "province_population_shares": [
          {
            "province_id": "P04",
            "share": 1
          }
        ],
        "crosses_province_boundaries": false,
        "svg_path_id": "C034"
      },
      "geometry": {
        "type": "Polygon",
        "coordinates": [
          [
            [
              -14.0493,
              5.7583
            ],
            [
              -14.1787,
              5.754
            ],
            [
              -14.2667,
              5.9539
            ],
            [
              -14.2069,
              6.0228
            ],
            [
              -14.1944,
              6.2105
            ],
            [
              -14.3654,
              6.2992
            ],
            [
              -14.4642,
              6.4341
            ],
            [
              -14.3829,
              6.5733
            ],
            [
              -14.0845,
              6.5895
            ],
            [
              -14.0082,
              6.6559
            ],
            [
              -14.2112,
              6.9481
            ],
            [
              -14.1176,
              7.0491
            ],
            [
              -14.3615,
              7.35
            ],
            [
              -14.2665,
              7.4292
            ],
            [
              -14.2557,
              7.7228
            ],
            [
              -14.0253,
              7.7393
            ],
            [
              -14.0245,
              7.7387
            ],
            [
              -13.6836,
              7.7712
            ],
            [
              -13.6405,
              7.8388
            ],
            [
              -13.5656,
              7.8683
            ],
            [
              -13.4335,
              8.0665
            ],
            [
              -13.3697,
              8.0825
            ],
            [
              -13.1332,
              7.8952
            ],
            [
              -13.1112,
              7.8922
            ],
            [
              -13.0194,
              7.7634
            ],
            [
              -12.9119,
              7.7245
            ],
            [
              -12.7944,
              7.5574
            ],
            [
              -12.7801,
              7.5493
            ],
            [
              -12.7659,
              7.5308
            ],
            [
              -12.7623,
              7.392
            ],
            [
              -12.8725,
              7.2385
            ],
            [
              -12.8658,
              7.1285
            ],
            [
              -12.9808,
              7.0011
            ],
            [
              -12.9678,
              6.8681
            ],
            [
              -13.0568,
              6.7204
            ],
            [
              -13.2607,
              6.7647
            ],
            [
              -13.2649,
              6.7627
            ],
            [
              -13.4898,
              6.8127
            ],
            [
              -13.5011,
              6.806
            ],
            [
              -13.7797,
              6.8696
            ],
            [
              -13.6307,
              6.5387
            ],
            [
              -13.6975,
              6.4523
            ],
            [
              -13.6973,
              6.4142
            ],
            [
              -13.6909,
              6.402
            ],
            [
              -13.6786,
              6.2139
            ],
            [
              -13.689,
              6.1932
            ],
            [
              -13.6631,
              6.0478
            ],
            [
              -13.7447,
              5.9347
            ],
            [
              -13.7305,
              5.878
            ],
            [
              -13.8127,
              5.7705
            ],
            [
              -13.7743,
              5.6404
            ],
            [
              -13.794,
              5.5883
            ],
            [
              -13.894,
              5.5434
            ],
            [
              -13.9656,
              5.5635
            ],
            [
              -14.0493,
              5.7583
            ]
          ]
        ]
      },
      "id": "C034"
    },
    {
      "type": "Feature",
      "properties": {
        "id": "C035",
        "district_number": 35,
        "population": 1472844,
        "seats": 8,
        "country_id": "TER",
        "plurality_province_id": "P05",
        "plurality_province_name": "Southmark",
        "province_population_shares": [
          {
            "province_id": "P05",
            "share": 0.938788
          },
          {
            "province_id": "P17",
            "share": 0.061212
          }
        ],
        "crosses_province_boundaries": true,
        "svg_path_id": "C035"
      },
      "geometry": {
        "type": "Polygon",
        "coordinates": [
          [
            [
              -26.2477,
              3.209
            ],
            [
              -26.2375,
              3.4582
            ],
            [
              -26.3211,
              3.5103
            ],
            [
              -26.3143,
              3.9119
            ],
            [
              -26.3101,
              3.916
            ],
            [
              -26.2666,
              4.1181
            ],
            [
              -26.3667,
              4.1779
            ],
            [
              -26.4875,
              4.4692
            ],
            [
              -26.5726,
              4.4881
            ],
            [
              -26.6599,
              4.7038
            ],
            [
              -26.5533,
              4.8909
            ],
            [
              -26.308,
              4.8481
            ],
            [
              -26.391,
              5.2631
            ],
            [
              -26.1239,
              5.1323
            ],
            [
              -26.0115,
              5.3961
            ],
            [
              -25.8402,
              5.4728
            ],
            [
              -25.8392,
              5.4746
            ],
            [
              -25.8166,
              5.4904
            ],
            [
              -25.3794,
              5.4693
            ],
            [
              -25.3033,
              5.1817
            ],
            [
              -25.2765,
              5.141
            ],
            [
              -25.3246,
              4.9913
            ],
            [
              -25.3069,
              4.852
            ],
            [
              -24.9636,
              4.7336
            ],
            [
              -24.9111,
              4.5504
            ],
            [
              -24.8535,
              4.4887
            ],
            [
              -24.9811,
              4.2521
            ],
            [
              -25.207,
              4.2119
            ],
            [
              -25.28,
              4.0592
            ],
            [
              -25.2695,
              3.9511
            ],
            [
              -25.1829,
              3.8168
            ],
            [
              -25.0442,
              3.7783
            ],
            [
              -25.0776,
              3.4664
            ],
            [
              -25.0639,
              3.4249
            ],
            [
              -25.1847,
              3.2775
            ],
            [
              -25.1853,
              3.1695
            ],
            [
              -25.1094,
              3.1449
            ],
            [
              -24.95,
              2.8356
            ],
            [
              -25.0674,
              2.7395
            ],
            [
              -25.3012,
              3.0547
            ],
            [
              -25.3152,
              3.0515
            ],
            [
              -25.471,
              2.7914
            ],
            [
              -25.6471,
              2.8482
            ],
            [
              -25.7219,
              2.8331
            ],
            [
              -25.8956,
              2.8716
            ],
            [
              -25.9215,
              2.9142
            ],
            [
              -26.2923,
              2.8255
            ],
            [
              -26.3757,
              2.9613
            ],
            [
              -26.3583,
              3.114
            ],
            [
              -26.2477,
              3.209
            ]
          ]
        ]
      },
      "id": "C035"
    },
    {
      "type": "Feature",
      "properties": {
        "id": "C036",
        "district_number": 36,
        "population": 1473574,
        "seats": 8,
        "country_id": "TER",
        "plurality_province_id": "P17",
        "plurality_province_name": "Caldria",
        "province_population_shares": [
          {
            "province_id": "P17",
            "share": 0.516283
          },
          {
            "province_id": "P05",
            "share": 0.483717
          }
        ],
        "crosses_province_boundaries": true,
        "svg_path_id": "C036"
      },
      "geometry": {
        "type": "Polygon",
        "coordinates": [
          [
            [
              -24.8535,
              4.4887
            ],
            [
              -24.9111,
              4.5504
            ],
            [
              -24.9636,
              4.7336
            ],
            [
              -25.3069,
              4.852
            ],
            [
              -25.3246,
              4.9913
            ],
            [
              -25.2765,
              5.141
            ],
            [
              -25.3033,
              5.1817
            ],
            [
              -25.3794,
              5.4693
            ],
            [
              -25.3525,
              5.523
            ],
            [
              -24.8938,
              5.5738
            ],
            [
              -25.0228,
              5.9409
            ],
            [
              -25.0094,
              5.9874
            ],
            [
              -24.6184,
              5.8204
            ],
            [
              -24.5229,
              5.8463
            ],
            [
              -24.3828,
              5.8209
            ],
            [
              -24.3553,
              5.837
            ],
            [
              -24.11,
              5.7161
            ],
            [
              -23.8402,
              5.8717
            ],
            [
              -23.7153,
              5.8615
            ],
            [
              -23.6817,
              5.8291
            ],
            [
              -23.3042,
              5.9474
            ],
            [
              -23.1979,
              5.8207
            ],
            [
              -23.2932,
              5.4922
            ],
            [
              -23.0986,
              5.3867
            ],
            [
              -23.1376,
              5.1969
            ],
            [
              -23.2724,
              5.1073
            ],
            [
              -23.2126,
              4.9144
            ],
            [
              -23.3793,
              4.8321
            ],
            [
              -23.3824,
              4.8272
            ],
            [
              -23.3915,
              4.6839
            ],
            [
              -23.3547,
              4.625
            ],
            [
              -23.4209,
              4.4574
            ],
            [
              -23.6425,
              4.4384
            ],
            [
              -23.7493,
              4.4994
            ],
            [
              -23.8325,
              4.4196
            ],
            [
              -24.056,
              4.3609
            ],
            [
              -24.0924,
              4.2985
            ],
            [
              -24.3438,
              4.1841
            ],
            [
              -24.3575,
              4.185
            ],
            [
              -24.4508,
              4.123
            ],
            [
              -24.5019,
              4.0983
            ],
            [
              -24.8234,
              4.4901
            ],
            [
              -24.8297,
              4.492
            ],
            [
              -24.8535,
              4.4887
            ]
          ]
        ]
      },
      "id": "C036"
    },
    {
      "type": "Feature",
      "properties": {
        "id": "C037",
        "district_number": 37,
        "population": 1494408,
        "seats": 9,
        "country_id": "TER",
        "plurality_province_id": "P05",
        "plurality_province_name": "Southmark",
        "province_population_shares": [
          {
            "province_id": "P05",
            "share": 1
          }
        ],
        "crosses_province_boundaries": false,
        "svg_path_id": "C037"
      },
      "geometry": {
        "type": "Polygon",
        "coordinates": [
          [
            [
              -25.1853,
              3.1695
            ],
            [
              -25.1847,
              3.2775
            ],
            [
              -25.0639,
              3.4249
            ],
            [
              -25.0776,
              3.4664
            ],
            [
              -25.0442,
              3.7783
            ],
            [
              -25.1829,
              3.8168
            ],
            [
              -25.2695,
              3.9511
            ],
            [
              -25.28,
              4.0592
            ],
            [
              -25.207,
              4.2119
            ],
            [
              -24.9811,
              4.2521
            ],
            [
              -24.8535,
              4.4887
            ],
            [
              -24.8297,
              4.492
            ],
            [
              -24.8234,
              4.4901
            ],
            [
              -24.5019,
              4.0983
            ],
            [
              -24.4508,
              4.123
            ],
            [
              -24.3575,
              4.185
            ],
            [
              -24.3438,
              4.1841
            ],
            [
              -24.0924,
              4.2985
            ],
            [
              -24.056,
              4.3609
            ],
            [
              -23.8325,
              4.4196
            ],
            [
              -23.7493,
              4.4994
            ],
            [
              -23.6425,
              4.4384
            ],
            [
              -23.4209,
              4.4574
            ],
            [
              -23.3545,
              4.3131
            ],
            [
              -23.4001,
              4.2305
            ],
            [
              -23.2502,
              4.0609
            ],
            [
              -23.3831,
              3.9063
            ],
            [
              -23.4911,
              3.9058
            ],
            [
              -23.6128,
              3.8475
            ],
            [
              -23.6727,
              3.8784
            ],
            [
              -23.8696,
              3.9058
            ],
            [
              -24.0382,
              3.7814
            ],
            [
              -24.0558,
              3.7453
            ],
            [
              -24.0488,
              3.6212
            ],
            [
              -24.0149,
              3.5352
            ],
            [
              -23.8169,
              3.442
            ],
            [
              -23.7669,
              3.4528
            ],
            [
              -23.6665,
              3.5739
            ],
            [
              -23.4551,
              3.4661
            ],
            [
              -23.3615,
              3.5418
            ],
            [
              -23.2278,
              3.4557
            ],
            [
              -23.2225,
              3.4432
            ],
            [
              -23.0532,
              3.3447
            ],
            [
              -23.0045,
              3.2303
            ],
            [
              -23.0104,
              3.1582
            ],
            [
              -23.083,
              3.0831
            ],
            [
              -23.2019,
              3.0467
            ],
            [
              -23.2041,
              3.0475
            ],
            [
              -23.4503,
              2.9608
            ],
            [
              -23.6658,
              2.9912
            ],
            [
              -23.6861,
              2.9336
            ],
            [
              -23.887,
              2.847
            ],
            [
              -24.1286,
              3.097
            ],
            [
              -24.258,
              3.0355
            ],
            [
              -24.3253,
              2.8944
            ],
            [
              -24.7252,
              2.9928
            ],
            [
              -24.7842,
              2.9011
            ],
            [
              -24.95,
              2.8356
            ],
            [
              -25.1094,
              3.1449
            ],
            [
              -25.1853,
              3.1695
            ]
          ]
        ]
      },
      "id": "C037"
    },
    {
      "type": "Feature",
      "properties": {
        "id": "C038",
        "district_number": 38,
        "population": 1192416,
        "seats": 7,
        "country_id": "TER",
        "plurality_province_id": "P17",
        "plurality_province_name": "Caldria",
        "province_population_shares": [
          {
            "province_id": "P17",
            "share": 1
          }
        ],
        "crosses_province_boundaries": false,
        "svg_path_id": "C038"
      },
      "geometry": {
        "type": "Polygon",
        "coordinates": [
          [
            [
              -23.1376,
              5.1969
            ],
            [
              -23.0986,
              5.3867
            ],
            [
              -23.2932,
              5.4922
            ],
            [
              -23.1979,
              5.8207
            ],
            [
              -23.3042,
              5.9474
            ],
            [
              -23.2934,
              6.0953
            ],
            [
              -23.1035,
              6.2333
            ],
            [
              -22.8542,
              6.1026
            ],
            [
              -22.6891,
              6.4301
            ],
            [
              -22.6291,
              6.4407
            ],
            [
              -22.5044,
              6.405
            ],
            [
              -22.3671,
              6.1377
            ],
            [
              -22.1853,
              6.1629
            ],
            [
              -21.9784,
              6.4493
            ],
            [
              -21.7631,
              6.3789
            ],
            [
              -21.6879,
              6.316
            ],
            [
              -21.6822,
              6.2994
            ],
            [
              -21.3951,
              6.193
            ],
            [
              -21.2785,
              6.0985
            ],
            [
              -21.3498,
              5.9203
            ],
            [
              -21.4349,
              5.8652
            ],
            [
              -21.4682,
              5.6549
            ],
            [
              -21.6686,
              5.5359
            ],
            [
              -21.6328,
              5.1823
            ],
            [
              -21.6438,
              5.1746
            ],
            [
              -21.7162,
              5.0168
            ],
            [
              -21.6295,
              4.847
            ],
            [
              -21.6098,
              4.6901
            ],
            [
              -21.6958,
              4.5468
            ],
            [
              -21.8443,
              4.6181
            ],
            [
              -22.0074,
              4.554
            ],
            [
              -22.0333,
              4.8086
            ],
            [
              -22.029,
              4.812
            ],
            [
              -22.0604,
              4.9902
            ],
            [
              -22.0475,
              5.0038
            ],
            [
              -22.0765,
              5.1592
            ],
            [
              -22.2445,
              5.1584
            ],
            [
              -22.2975,
              5.2609
            ],
            [
              -22.4489,
              5.2896
            ],
            [
              -22.4646,
              5.3108
            ],
            [
              -22.661,
              5.3712
            ],
            [
              -22.6864,
              5.3627
            ],
            [
              -22.7763,
              5.0952
            ],
            [
              -22.8228,
              5.0911
            ],
            [
              -22.9208,
              5.0257
            ],
            [
              -23.0156,
              5.0204
            ],
            [
              -23.1463,
              4.9028
            ],
            [
              -23.2126,
              4.9144
            ],
            [
              -23.2724,
              5.1073
            ],
            [
              -23.1376,
              5.1969
            ]
          ]
        ]
      },
      "id": "C038"
    },
    {
      "type": "Feature",
      "properties": {
        "id": "C039",
        "district_number": 39,
        "population": 1174180,
        "seats": 7,
        "country_id": "TER",
        "plurality_province_id": "P17",
        "plurality_province_name": "Caldria",
        "province_population_shares": [
          {
            "province_id": "P17",
            "share": 0.915905
          },
          {
            "province_id": "P09",
            "share": 0.084095
          }
        ],
        "crosses_province_boundaries": true,
        "svg_path_id": "C039"
      },
      "geometry": {
        "type": "Polygon",
        "coordinates": [
          [
            [
              -21.4169,
              4.0117
            ],
            [
              -21.4123,
              4.0372
            ],
            [
              -21.5362,
              4.2624
            ],
            [
              -21.5609,
              4.2694
            ],
            [
              -21.6903,
              4.4556
            ],
            [
              -21.6868,
              4.5243
            ],
            [
              -21.6958,
              4.5468
            ],
            [
              -21.6098,
              4.6901
            ],
            [
              -21.6295,
              4.847
            ],
            [
              -21.7162,
              5.0168
            ],
            [
              -21.6438,
              5.1746
            ],
            [
              -21.6328,
              5.1823
            ],
            [
              -21.6686,
              5.5359
            ],
            [
              -21.4682,
              5.6549
            ],
            [
              -21.4349,
              5.8652
            ],
            [
              -21.3498,
              5.9203
            ],
            [
              -21.2785,
              6.0985
            ],
            [
              -21.3951,
              6.193
            ],
            [
              -21.3039,
              6.4856
            ],
            [
              -21.0546,
              6.5053
            ],
            [
              -21.0279,
              6.544
            ],
            [
              -20.9963,
              6.7538
            ],
            [
              -20.8428,
              6.8003
            ],
            [
              -20.5916,
              7.1517
            ],
            [
              -20.3404,
              7.0329
            ],
            [
              -20.3078,
              6.7918
            ],
            [
              -20.3877,
              6.7059
            ],
            [
              -20.6104,
              6.6747
            ],
            [
              -20.6428,
              6.3782
            ],
            [
              -20.4902,
              6.3282
            ],
            [
              -20.4319,
              6.134
            ],
            [
              -20.3258,
              5.9881
            ],
            [
              -20.3824,
              5.8332
            ],
            [
              -20.3593,
              5.7706
            ],
            [
              -20.3639,
              5.6501
            ],
            [
              -20.652,
              5.4703
            ],
            [
              -20.6029,
              5.2031
            ],
            [
              -20.6114,
              5.1947
            ],
            [
              -20.6687,
              5.0233
            ],
            [
              -20.5886,
              4.8913
            ],
            [
              -20.5617,
              4.8748
            ],
            [
              -20.4699,
              4.7273
            ],
            [
              -20.4678,
              4.6895
            ],
            [
              -20.5734,
              4.5154
            ],
            [
              -20.5747,
              4.5147
            ],
            [
              -20.6773,
              4.3829
            ],
            [
              -20.6879,
              4.3803
            ],
            [
              -20.846,
              4.2613
            ],
            [
              -20.8619,
              4.1819
            ],
            [
              -21.0304,
              4.061
            ],
            [
              -21.0411,
              3.9808
            ],
            [
              -21.1941,
              3.824
            ],
            [
              -21.2227,
              3.8168
            ],
            [
              -21.33,
              3.8419
            ],
            [
              -21.4169,
              4.0117
            ]
          ]
        ]
      },
      "id": "C039"
    },
    {
      "type": "Feature",
      "properties": {
        "id": "C040",
        "district_number": 40,
        "population": 1187253,
        "seats": 7,
        "country_id": "TER",
        "plurality_province_id": "P09",
        "plurality_province_name": "Aurel",
        "province_population_shares": [
          {
            "province_id": "P09",
            "share": 0.613992
          },
          {
            "province_id": "P17",
            "share": 0.386008
          }
        ],
        "crosses_province_boundaries": true,
        "svg_path_id": "C040"
      },
      "geometry": {
        "type": "Polygon",
        "coordinates": [
          [
            [
              -20.5038,
              5.2175
            ],
            [
              -20.6029,
              5.2031
            ],
            [
              -20.652,
              5.4703
            ],
            [
              -20.3639,
              5.6501
            ],
            [
              -20.3593,
              5.7706
            ],
            [
              -20.3824,
              5.8332
            ],
            [
              -20.3258,
              5.9881
            ],
            [
              -20.4319,
              6.134
            ],
            [
              -20.4902,
              6.3282
            ],
            [
              -20.6428,
              6.3782
            ],
            [
              -20.6104,
              6.6747
            ],
            [
              -20.3877,
              6.7059
            ],
            [
              -20.3078,
              6.7918
            ],
            [
              -20.3404,
              7.0329
            ],
            [
              -20.5916,
              7.1517
            ],
            [
              -20.6007,
              7.1715
            ],
            [
              -20.29,
              7.4776
            ],
            [
              -20.3754,
              7.5509
            ],
            [
              -20.2598,
              7.8124
            ],
            [
              -20.2073,
              7.8495
            ],
            [
              -20.1852,
              7.8499
            ],
            [
              -20.0699,
              8.1318
            ],
            [
              -19.8062,
              8.0899
            ],
            [
              -19.6933,
              7.9407
            ],
            [
              -20.0614,
              7.7314
            ],
            [
              -20.0478,
              7.644
            ],
            [
              -19.7906,
              7.4933
            ],
            [
              -19.7541,
              7.3559
            ],
            [
              -19.7642,
              7.2805
            ],
            [
              -19.81,
              7.222
            ],
            [
              -19.9227,
              7.1555
            ],
            [
              -19.8756,
              6.8018
            ],
            [
              -19.7102,
              6.8002
            ],
            [
              -19.4771,
              6.5276
            ],
            [
              -19.5308,
              6.4528
            ],
            [
              -19.5313,
              6.4497
            ],
            [
              -19.7773,
              6.1461
            ],
            [
              -19.7204,
              6.1011
            ],
            [
              -19.6203,
              5.8298
            ],
            [
              -19.3669,
              5.8181
            ],
            [
              -19.3261,
              5.5532
            ],
            [
              -19.4567,
              5.4538
            ],
            [
              -19.3032,
              5.0693
            ],
            [
              -19.4583,
              4.9923
            ],
            [
              -19.4589,
              4.9904
            ],
            [
              -19.6018,
              4.8683
            ],
            [
              -19.7761,
              4.9678
            ],
            [
              -19.7805,
              5.0047
            ],
            [
              -19.8973,
              5.1067
            ],
            [
              -20.0608,
              5.0032
            ],
            [
              -20.131,
              5.0107
            ],
            [
              -20.212,
              4.9411
            ],
            [
              -20.3551,
              4.9802
            ],
            [
              -20.4205,
              5.1812
            ],
            [
              -20.5038,
              5.2175
            ]
          ]
        ]
      },
      "id": "C040"
    },
    {
      "type": "Feature",
      "properties": {
        "id": "C041",
        "district_number": 41,
        "population": 1659384,
        "seats": 10,
        "country_id": "TER",
        "plurality_province_id": "P05",
        "plurality_province_name": "Southmark",
        "province_population_shares": [
          {
            "province_id": "P05",
            "share": 0.83196
          },
          {
            "province_id": "P19",
            "share": 0.16804
          }
        ],
        "crosses_province_boundaries": true,
        "svg_path_id": "C041"
      },
      "geometry": {
        "type": "Polygon",
        "coordinates": [
          [
            [
              -27.2178,
              0.4717
            ],
            [
              -27.2389,
              0.4625
            ],
            [
              -27.4811,
              0.8645
            ],
            [
              -27.5644,
              0.8765
            ],
            [
              -27.6751,
              1.1201
            ],
            [
              -27.2599,
              1.2483
            ],
            [
              -27.3164,
              1.3914
            ],
            [
              -27.5076,
              1.5271
            ],
            [
              -27.5084,
              1.5337
            ],
            [
              -27.0727,
              1.7926
            ],
            [
              -27.2455,
              1.8976
            ],
            [
              -27.2922,
              2.1026
            ],
            [
              -27.0192,
              2.1648
            ],
            [
              -27.0058,
              2.1853
            ],
            [
              -26.7329,
              2.1331
            ],
            [
              -26.714,
              2.4354
            ],
            [
              -26.6092,
              2.5264
            ],
            [
              -26.7284,
              2.8146
            ],
            [
              -26.3757,
              2.9613
            ],
            [
              -26.2923,
              2.8255
            ],
            [
              -25.9215,
              2.9142
            ],
            [
              -25.8956,
              2.8716
            ],
            [
              -25.7219,
              2.8331
            ],
            [
              -25.6471,
              2.8482
            ],
            [
              -25.471,
              2.7914
            ],
            [
              -25.3152,
              3.0515
            ],
            [
              -25.3012,
              3.0547
            ],
            [
              -25.0674,
              2.7395
            ],
            [
              -25.1219,
              2.5695
            ],
            [
              -25.278,
              2.523
            ],
            [
              -25.3494,
              2.3454
            ],
            [
              -25.4655,
              2.2021
            ],
            [
              -25.2437,
              1.9158
            ],
            [
              -25.1464,
              1.86
            ],
            [
              -25.1301,
              1.8346
            ],
            [
              -25.4304,
              1.5461
            ],
            [
              -25.2475,
              1.3695
            ],
            [
              -25.1482,
              1.3493
            ],
            [
              -25.0324,
              1.1774
            ],
            [
              -25.4565,
              1.0744
            ],
            [
              -25.401,
              0.8113
            ],
            [
              -25.4083,
              0.7837
            ],
            [
              -25.2841,
              0.5457
            ],
            [
              -25.3325,
              0.4519
            ],
            [
              -25.3844,
              0.2931
            ],
            [
              -25.2492,
              0.1664
            ],
            [
              -25.1029,
              0.0734
            ],
            [
              -25.1162,
              -0.054
            ],
            [
              -25.2882,
              -0.1784
            ],
            [
              -25.3385,
              -0.3751
            ],
            [
              -25.4474,
              -0.41
            ],
            [
              -25.5545,
              -0.3706
            ],
            [
              -25.6324,
              -0.1638
            ],
            [
              -25.9616,
              -0.1947
            ],
            [
              -26.0923,
              -0.0568
            ],
            [
              -26.1858,
              -0.0896
            ],
            [
              -26.4068,
              -0.0137
            ],
            [
              -26.4751,
              0.161
            ],
            [
              -26.6904,
              0.2035
            ],
            [
              -26.7513,
              0.3245
            ],
            [
              -26.9166,
              0.3162
            ],
            [
              -27.2178,
              0.4717
            ]
          ]
        ]
      },
      "id": "C041"
    },
    {
      "type": "Feature",
      "properties": {
        "id": "C042",
        "district_number": 42,
        "population": 1659173,
        "seats": 10,
        "country_id": "TER",
        "plurality_province_id": "P05",
        "plurality_province_name": "Southmark",
        "province_population_shares": [
          {
            "province_id": "P05",
            "share": 1
          }
        ],
        "crosses_province_boundaries": false,
        "svg_path_id": "C042"
      },
      "geometry": {
        "type": "Polygon",
        "coordinates": [
          [
            [
              -25.1169,
              -1.1789
            ],
            [
              -25.3839,
              -1.158
            ],
            [
              -25.2641,
              -0.8411
            ],
            [
              -25.4241,
              -0.691
            ],
            [
              -25.4474,
              -0.41
            ],
            [
              -25.3385,
              -0.3751
            ],
            [
              -25.2882,
              -0.1784
            ],
            [
              -25.1162,
              -0.054
            ],
            [
              -25.1029,
              0.0734
            ],
            [
              -25.2492,
              0.1664
            ],
            [
              -25.3844,
              0.2931
            ],
            [
              -25.3325,
              0.4519
            ],
            [
              -25.2841,
              0.5457
            ],
            [
              -25.4083,
              0.7837
            ],
            [
              -25.401,
              0.8113
            ],
            [
              -25.4565,
              1.0744
            ],
            [
              -25.0324,
              1.1774
            ],
            [
              -25.1482,
              1.3493
            ],
            [
              -25.2475,
              1.3695
            ],
            [
              -25.4304,
              1.5461
            ],
            [
              -25.1301,
              1.8346
            ],
            [
              -25.1464,
              1.86
            ],
            [
              -25.2437,
              1.9158
            ],
            [
              -25.4655,
              2.2021
            ],
            [
              -25.3494,
              2.3454
            ],
            [
              -25.278,
              2.523
            ],
            [
              -25.1219,
              2.5695
            ],
            [
              -25.0674,
              2.7395
            ],
            [
              -24.95,
              2.8356
            ],
            [
              -24.7842,
              2.9011
            ],
            [
              -24.7252,
              2.9928
            ],
            [
              -24.3253,
              2.8944
            ],
            [
              -24.258,
              3.0355
            ],
            [
              -24.1286,
              3.097
            ],
            [
              -23.887,
              2.847
            ],
            [
              -23.994,
              2.7252
            ],
            [
              -23.9237,
              2.4559
            ],
            [
              -23.9399,
              2.4364
            ],
            [
              -24.0121,
              2.1739
            ],
            [
              -23.6913,
              2.0005
            ],
            [
              -23.677,
              1.8567
            ],
            [
              -23.7699,
              1.725
            ],
            [
              -23.7576,
              1.5047
            ],
            [
              -24.0689,
              1.428
            ],
            [
              -23.8695,
              1.1454
            ],
            [
              -23.6696,
              1.1449
            ],
            [
              -23.6566,
              1.1231
            ],
            [
              -23.5944,
              0.8924
            ],
            [
              -24.06,
              0.7773
            ],
            [
              -24.0824,
              0.634
            ],
            [
              -23.7615,
              0.4902
            ],
            [
              -23.8154,
              0.2213
            ],
            [
              -23.9338,
              0.1529
            ],
            [
              -23.9745,
              0.0726
            ],
            [
              -23.9817,
              -0.0341
            ],
            [
              -24.0352,
              -0.1194
            ],
            [
              -23.9925,
              -0.4436
            ],
            [
              -23.9806,
              -0.4515
            ],
            [
              -23.8773,
              -0.4783
            ],
            [
              -23.6881,
              -0.8326
            ],
            [
              -24.0112,
              -0.9211
            ],
            [
              -24.0872,
              -1.1206
            ],
            [
              -24.0383,
              -1.266
            ],
            [
              -23.9648,
              -1.2791
            ],
            [
              -23.7737,
              -1.4656
            ],
            [
              -23.8243,
              -1.7086
            ],
            [
              -24.2075,
              -1.5034
            ],
            [
              -24.2152,
              -1.452
            ],
            [
              -24.3919,
              -1.4001
            ],
            [
              -24.6933,
              -1.6919
            ],
            [
              -24.7875,
              -1.5984
            ],
            [
              -24.7157,
              -1.2022
            ],
            [
              -24.9804,
              -1.255
            ],
            [
              -25.1169,
              -1.1789
            ]
          ]
        ]
      },
      "id": "C042"
    },
    {
      "type": "Feature",
      "properties": {
        "id": "C043",
        "district_number": 43,
        "population": 1660306,
        "seats": 10,
        "country_id": "TER",
        "plurality_province_id": "P05",
        "plurality_province_name": "Southmark",
        "province_population_shares": [
          {
            "province_id": "P05",
            "share": 1
          }
        ],
        "crosses_province_boundaries": false,
        "svg_path_id": "C043"
      },
      "geometry": {
        "type": "Polygon",
        "coordinates": [
          [
            [
              -23.7737,
              -1.4656
            ],
            [
              -23.9648,
              -1.2791
            ],
            [
              -24.0383,
              -1.266
            ],
            [
              -24.0872,
              -1.1206
            ],
            [
              -24.0112,
              -0.9211
            ],
            [
              -23.6881,
              -0.8326
            ],
            [
              -23.8773,
              -0.4783
            ],
            [
              -23.9806,
              -0.4515
            ],
            [
              -23.9925,
              -0.4436
            ],
            [
              -24.0352,
              -0.1194
            ],
            [
              -23.9817,
              -0.0341
            ],
            [
              -23.9745,
              0.0726
            ],
            [
              -23.9338,
              0.1529
            ],
            [
              -23.8154,
              0.2213
            ],
            [
              -23.7615,
              0.4902
            ],
            [
              -24.0824,
              0.634
            ],
            [
              -24.06,
              0.7773
            ],
            [
              -23.5944,
              0.8924
            ],
            [
              -23.6566,
              1.1231
            ],
            [
              -23.6696,
              1.1449
            ],
            [
              -23.8695,
              1.1454
            ],
            [
              -24.0689,
              1.428
            ],
            [
              -23.7576,
              1.5047
            ],
            [
              -23.7699,
              1.725
            ],
            [
              -23.677,
              1.8567
            ],
            [
              -23.6913,
              2.0005
            ],
            [
              -24.0121,
              2.1739
            ],
            [
              -23.9399,
              2.4364
            ],
            [
              -23.9237,
              2.4559
            ],
            [
              -23.994,
              2.7252
            ],
            [
              -23.887,
              2.847
            ],
            [
              -23.6861,
              2.9336
            ],
            [
              -23.6658,
              2.9912
            ],
            [
              -23.4503,
              2.9608
            ],
            [
              -23.2041,
              3.0475
            ],
            [
              -23.2019,
              3.0467
            ],
            [
              -23.2132,
              2.7961
            ],
            [
              -23.1047,
              2.7059
            ],
            [
              -23.1401,
              2.5422
            ],
            [
              -23.3038,
              2.4352
            ],
            [
              -23.3106,
              2.4172
            ],
            [
              -23.151,
              2.1819
            ],
            [
              -22.9672,
              2.1398
            ],
            [
              -22.941,
              2.1491
            ],
            [
              -22.8581,
              2.1303
            ],
            [
              -22.6603,
              2.1956
            ],
            [
              -22.5855,
              2.1862
            ],
            [
              -22.4765,
              1.9182
            ],
            [
              -22.63,
              1.8281
            ],
            [
              -22.6492,
              1.5837
            ],
            [
              -22.3301,
              1.4967
            ],
            [
              -22.3252,
              1.4909
            ],
            [
              -22.4118,
              1.2338
            ],
            [
              -22.6494,
              1.1805
            ],
            [
              -22.6745,
              0.8599
            ],
            [
              -22.4884,
              0.8241
            ],
            [
              -22.3593,
              0.6732
            ],
            [
              -22.3639,
              0.603
            ],
            [
              -22.6634,
              0.4205
            ],
            [
              -22.6773,
              0.3116
            ],
            [
              -22.6905,
              0.2977
            ],
            [
              -22.7727,
              -0.0791
            ],
            [
              -22.756,
              -0.0946
            ],
            [
              -22.65,
              -0.4419
            ],
            [
              -22.5739,
              -0.4919
            ],
            [
              -22.6279,
              -0.7074
            ],
            [
              -22.7279,
              -0.8195
            ],
            [
              -22.73,
              -1.0708
            ],
            [
              -22.8132,
              -1.1562
            ],
            [
              -22.692,
              -1.3879
            ],
            [
              -22.7246,
              -1.4768
            ],
            [
              -22.6738,
              -1.695
            ],
            [
              -22.5921,
              -1.7335
            ],
            [
              -22.6852,
              -2.0322
            ],
            [
              -22.9295,
              -2.0052
            ],
            [
              -22.9478,
              -1.8637
            ],
            [
              -23.0478,
              -1.7732
            ],
            [
              -23.3188,
              -1.7987
            ],
            [
              -23.4281,
              -1.6511
            ],
            [
              -23.7831,
              -1.8176
            ],
            [
              -23.8009,
              -1.8093
            ],
            [
              -23.8243,
              -1.7086
            ],
            [
              -23.7737,
              -1.4656
            ]
          ]
        ]
      },
      "id": "C043"
    },
    {
      "type": "Feature",
      "properties": {
        "id": "C044",
        "district_number": 44,
        "population": 1666478,
        "seats": 10,
        "country_id": "TER",
        "plurality_province_id": "P05",
        "plurality_province_name": "Southmark",
        "province_population_shares": [
          {
            "province_id": "P05",
            "share": 0.740454
          },
          {
            "province_id": "P01",
            "share": 0.184452
          },
          {
            "province_id": "P20",
            "share": 0.075094
          }
        ],
        "crosses_province_boundaries": true,
        "svg_path_id": "C044"
      },
      "geometry": {
        "type": "Polygon",
        "coordinates": [
          [
            [
              -22.7246,
              -1.4768
            ],
            [
              -22.692,
              -1.3879
            ],
            [
              -22.8132,
              -1.1562
            ],
            [
              -22.73,
              -1.0708
            ],
            [
              -22.7279,
              -0.8195
            ],
            [
              -22.6279,
              -0.7074
            ],
            [
              -22.5739,
              -0.4919
            ],
            [
              -22.65,
              -0.4419
            ],
            [
              -22.756,
              -0.0946
            ],
            [
              -22.7727,
              -0.0791
            ],
            [
              -22.6905,
              0.2977
            ],
            [
              -22.6773,
              0.3116
            ],
            [
              -22.6634,
              0.4205
            ],
            [
              -22.3639,
              0.603
            ],
            [
              -22.3593,
              0.6732
            ],
            [
              -22.4884,
              0.8241
            ],
            [
              -22.6745,
              0.8599
            ],
            [
              -22.6494,
              1.1805
            ],
            [
              -22.4118,
              1.2338
            ],
            [
              -22.3252,
              1.4909
            ],
            [
              -22.3301,
              1.4967
            ],
            [
              -22.6492,
              1.5837
            ],
            [
              -22.63,
              1.8281
            ],
            [
              -22.4765,
              1.9182
            ],
            [
              -22.5855,
              2.1862
            ],
            [
              -22.5344,
              2.217
            ],
            [
              -22.3752,
              2.1779
            ],
            [
              -22.3058,
              2.0126
            ],
            [
              -22.1912,
              2.022
            ],
            [
              -22.0757,
              1.9312
            ],
            [
              -21.9964,
              1.9193
            ],
            [
              -21.9949,
              1.9203
            ],
            [
              -21.8282,
              1.951
            ],
            [
              -21.6311,
              1.7984
            ],
            [
              -21.5876,
              1.8061
            ],
            [
              -21.3979,
              1.6104
            ],
            [
              -21.3259,
              1.5799
            ],
            [
              -21.2903,
              1.3646
            ],
            [
              -21.3262,
              1.3108
            ],
            [
              -21.2449,
              1.0477
            ],
            [
              -21.3139,
              0.8996
            ],
            [
              -21.2977,
              0.8403
            ],
            [
              -21.3934,
              0.5607
            ],
            [
              -21.3515,
              0.5052
            ],
            [
              -21.4476,
              0.2496
            ],
            [
              -21.5867,
              0.1697
            ],
            [
              -21.6755,
              0.0169
            ],
            [
              -21.6637,
              -0.0547
            ],
            [
              -21.5395,
              -0.115
            ],
            [
              -21.4683,
              -0.207
            ],
            [
              -21.3548,
              -0.4643
            ],
            [
              -21.3886,
              -0.4914
            ],
            [
              -21.4705,
              -0.8472
            ],
            [
              -21.5123,
              -0.908
            ],
            [
              -21.3937,
              -1.0545
            ],
            [
              -21.4299,
              -1.2418
            ],
            [
              -21.3205,
              -1.4227
            ],
            [
              -21.352,
              -1.4815
            ],
            [
              -21.6682,
              -1.583
            ],
            [
              -21.6356,
              -1.8156
            ],
            [
              -21.4769,
              -1.8865
            ],
            [
              -21.4011,
              -2.0384
            ],
            [
              -21.2384,
              -2.1256
            ],
            [
              -21.2312,
              -2.1566
            ],
            [
              -21.4781,
              -2.4538
            ],
            [
              -21.6481,
              -2.3838
            ],
            [
              -21.7859,
              -2.4696
            ],
            [
              -22.0548,
              -2.3209
            ],
            [
              -22.0901,
              -2.2751
            ],
            [
              -22.075,
              -2.1146
            ],
            [
              -22.3144,
              -1.9782
            ],
            [
              -22.3286,
              -1.9592
            ],
            [
              -22.3403,
              -1.9546
            ],
            [
              -22.6169,
              -2.0707
            ],
            [
              -22.6852,
              -2.0322
            ],
            [
              -22.5921,
              -1.7335
            ],
            [
              -22.6738,
              -1.695
            ],
            [
              -22.7246,
              -1.4768
            ]
          ]
        ]
      },
      "id": "C044"
    },
    {
      "type": "Feature",
      "properties": {
        "id": "C045",
        "district_number": 45,
        "population": 1661680,
        "seats": 10,
        "country_id": "TER",
        "plurality_province_id": "P01",
        "plurality_province_name": "Solenne",
        "province_population_shares": [
          {
            "province_id": "P01",
            "share": 0.991604
          },
          {
            "province_id": "P05",
            "share": 0.008396
          }
        ],
        "crosses_province_boundaries": true,
        "svg_path_id": "C045"
      },
      "geometry": {
        "type": "Polygon",
        "coordinates": [
          [
            [
              -21.6682,
              -1.583
            ],
            [
              -21.352,
              -1.4815
            ],
            [
              -21.3205,
              -1.4227
            ],
            [
              -21.4299,
              -1.2418
            ],
            [
              -21.3937,
              -1.0545
            ],
            [
              -21.5123,
              -0.908
            ],
            [
              -21.4705,
              -0.8472
            ],
            [
              -21.3886,
              -0.4914
            ],
            [
              -21.3548,
              -0.4643
            ],
            [
              -21.4683,
              -0.207
            ],
            [
              -21.5395,
              -0.115
            ],
            [
              -21.6637,
              -0.0547
            ],
            [
              -21.6755,
              0.0169
            ],
            [
              -21.5867,
              0.1697
            ],
            [
              -21.4476,
              0.2496
            ],
            [
              -21.3515,
              0.5052
            ],
            [
              -21.3934,
              0.5607
            ],
            [
              -21.2977,
              0.8403
            ],
            [
              -21.3139,
              0.8996
            ],
            [
              -21.2449,
              1.0477
            ],
            [
              -21.3262,
              1.3108
            ],
            [
              -21.2903,
              1.3646
            ],
            [
              -21.3259,
              1.5799
            ],
            [
              -21.3979,
              1.6104
            ],
            [
              -21.5876,
              1.8061
            ],
            [
              -21.4434,
              1.9564
            ],
            [
              -21.3995,
              1.9671
            ],
            [
              -21.2929,
              2.1029
            ],
            [
              -21.2526,
              2.1158
            ],
            [
              -21.1834,
              2.2908
            ],
            [
              -21.0375,
              2.3273
            ],
            [
              -21.0757,
              2.5031
            ],
            [
              -20.8128,
              2.484
            ],
            [
              -20.7601,
              2.4152
            ],
            [
              -20.6921,
              2.3946
            ],
            [
              -20.6378,
              2.3064
            ],
            [
              -20.6378,
              2.1943
            ],
            [
              -20.637,
              2.193
            ],
            [
              -20.3475,
              2.1305
            ],
            [
              -20.2638,
              1.8567
            ],
            [
              -20.3309,
              1.7964
            ],
            [
              -20.3221,
              1.5961
            ],
            [
              -20.2756,
              1.5411
            ],
            [
              -20.293,
              1.2185
            ],
            [
              -20.5198,
              1.1545
            ],
            [
              -20.3671,
              0.8745
            ],
            [
              -20.2721,
              0.8406
            ],
            [
              -20.3385,
              0.5312
            ],
            [
              -20.6831,
              0.5088
            ],
            [
              -20.6962,
              0.4854
            ],
            [
              -20.6502,
              0.1693
            ],
            [
              -20.7117,
              0.0264
            ],
            [
              -20.6898,
              -0.0872
            ],
            [
              -20.585,
              -0.1747
            ],
            [
              -20.2502,
              -0.2257
            ],
            [
              -20.2652,
              -0.4623
            ],
            [
              -20.3506,
              -0.6094
            ],
            [
              -20.2751,
              -0.7934
            ],
            [
              -20.2503,
              -0.8301
            ],
            [
              -20.3422,
              -1.0304
            ],
            [
              -20.4634,
              -1.1581
            ],
            [
              -20.237,
              -1.4566
            ],
            [
              -20.3859,
              -1.5912
            ],
            [
              -20.4187,
              -1.7246
            ],
            [
              -20.3529,
              -1.8891
            ],
            [
              -20.4535,
              -2.1239
            ],
            [
              -20.6557,
              -2.1093
            ],
            [
              -20.6982,
              -2.0815
            ],
            [
              -21.0484,
              -2.3061
            ],
            [
              -21.2312,
              -2.1566
            ],
            [
              -21.2384,
              -2.1256
            ],
            [
              -21.4011,
              -2.0384
            ],
            [
              -21.4769,
              -1.8865
            ],
            [
              -21.6356,
              -1.8156
            ],
            [
              -21.6682,
              -1.583
            ]
          ]
        ]
      },
      "id": "C045"
    },
    {
      "type": "Feature",
      "properties": {
        "id": "C046",
        "district_number": 46,
        "population": 1638973,
        "seats": 9,
        "country_id": "TER",
        "plurality_province_id": "P01",
        "plurality_province_name": "Solenne",
        "province_population_shares": [
          {
            "province_id": "P01",
            "share": 1
          }
        ],
        "crosses_province_boundaries": false,
        "svg_path_id": "C046"
      },
      "geometry": {
        "type": "Polygon",
        "coordinates": [
          [
            [
              -20.3859,
              -1.5912
            ],
            [
              -20.237,
              -1.4566
            ],
            [
              -20.4634,
              -1.1581
            ],
            [
              -20.3422,
              -1.0304
            ],
            [
              -20.2503,
              -0.8301
            ],
            [
              -20.2751,
              -0.7934
            ],
            [
              -20.3506,
              -0.6094
            ],
            [
              -20.2652,
              -0.4623
            ],
            [
              -20.2502,
              -0.2257
            ],
            [
              -20.585,
              -0.1747
            ],
            [
              -20.6898,
              -0.0872
            ],
            [
              -20.7117,
              0.0264
            ],
            [
              -20.6502,
              0.1693
            ],
            [
              -20.6962,
              0.4854
            ],
            [
              -20.6831,
              0.5088
            ],
            [
              -20.3385,
              0.5312
            ],
            [
              -20.2721,
              0.8406
            ],
            [
              -20.3671,
              0.8745
            ],
            [
              -20.5198,
              1.1545
            ],
            [
              -20.293,
              1.2185
            ],
            [
              -20.2756,
              1.5411
            ],
            [
              -20.3221,
              1.5961
            ],
            [
              -20.3309,
              1.7964
            ],
            [
              -20.2638,
              1.8567
            ],
            [
              -20.3475,
              2.1305
            ],
            [
              -20.271,
              2.2877
            ],
            [
              -20.2807,
              2.3207
            ],
            [
              -20.1578,
              2.4568
            ],
            [
              -20.1554,
              2.5613
            ],
            [
              -19.9815,
              2.6401
            ],
            [
              -19.9561,
              2.8147
            ],
            [
              -20.024,
              2.9155
            ],
            [
              -20.0232,
              2.9371
            ],
            [
              -19.923,
              3.0743
            ],
            [
              -19.6915,
              3.0054
            ],
            [
              -19.6868,
              2.8104
            ],
            [
              -19.6713,
              2.7945
            ],
            [
              -19.4902,
              2.7418
            ],
            [
              -19.4887,
              2.7376
            ],
            [
              -19.278,
              2.5223
            ],
            [
              -19.2731,
              2.4402
            ],
            [
              -19.2589,
              2.4187
            ],
            [
              -19.3541,
              2.1183
            ],
            [
              -19.0703,
              2.1443
            ],
            [
              -19.0494,
              1.8639
            ],
            [
              -19.1312,
              1.8133
            ],
            [
              -19.1389,
              1.7866
            ],
            [
              -19.1102,
              1.5223
            ],
            [
              -19.0736,
              1.4598
            ],
            [
              -19.1716,
              1.2701
            ],
            [
              -19.3961,
              1.171
            ],
            [
              -19.4254,
              0.9323
            ],
            [
              -19.401,
              0.9
            ],
            [
              -19.3622,
              0.7147
            ],
            [
              -19.4994,
              0.5244
            ],
            [
              -19.6242,
              0.493
            ],
            [
              -19.7035,
              0.3844
            ],
            [
              -19.6856,
              0.2089
            ],
            [
              -19.3833,
              0.0709
            ],
            [
              -19.4661,
              -0.1887
            ],
            [
              -19.3352,
              -0.3531
            ],
            [
              -19.4264,
              -0.5127
            ],
            [
              -19.2654,
              -0.7515
            ],
            [
              -19.4813,
              -0.8447
            ],
            [
              -19.3981,
              -1.1236
            ],
            [
              -19.7755,
              -1.1166
            ],
            [
              -19.8044,
              -1.4001
            ],
            [
              -20.0536,
              -1.5215
            ],
            [
              -19.9855,
              -1.8237
            ],
            [
              -19.9936,
              -1.8426
            ],
            [
              -20.3529,
              -1.8891
            ],
            [
              -20.4187,
              -1.7246
            ],
            [
              -20.3859,
              -1.5912
            ]
          ]
        ]
      },
      "id": "C046"
    },
    {
      "type": "Feature",
      "properties": {
        "id": "C047",
        "district_number": 47,
        "population": 1476566,
        "seats": 8,
        "country_id": "TER",
        "plurality_province_id": "P16",
        "plurality_province_name": "Miren",
        "province_population_shares": [
          {
            "province_id": "P16",
            "share": 1
          }
        ],
        "crosses_province_boundaries": false,
        "svg_path_id": "C047"
      },
      "geometry": {
        "type": "Polygon",
        "coordinates": [
          [
            [
              -8.7985,
              5.3101
            ],
            [
              -8.8045,
              5.3716
            ],
            [
              -8.7019,
              5.5592
            ],
            [
              -8.7644,
              5.6989
            ],
            [
              -8.6758,
              5.7321
            ],
            [
              -8.5701,
              5.9903
            ],
            [
              -8.6148,
              6.026
            ],
            [
              -8.6389,
              6.1707
            ],
            [
              -8.6864,
              6.2103
            ],
            [
              -8.7693,
              6.4243
            ],
            [
              -8.8086,
              6.4544
            ],
            [
              -8.8415,
              6.5495
            ],
            [
              -8.938,
              6.5987
            ],
            [
              -9.0097,
              6.5974
            ],
            [
              -9.1123,
              6.6793
            ],
            [
              -9.0894,
              6.9096
            ],
            [
              -9.0509,
              6.9311
            ],
            [
              -9.0414,
              7.091
            ],
            [
              -8.872,
              7.189
            ],
            [
              -8.872,
              7.2552
            ],
            [
              -8.7503,
              7.4099
            ],
            [
              -8.6654,
              7.434
            ],
            [
              -8.6174,
              7.5422
            ],
            [
              -8.4381,
              7.5832
            ],
            [
              -8.3265,
              7.712
            ],
            [
              -8.3255,
              7.7156
            ],
            [
              -8.4096,
              7.8452
            ],
            [
              -8.407,
              7.9919
            ],
            [
              -8.2228,
              8.0593
            ],
            [
              -8.1992,
              8.1656
            ],
            [
              -7.9561,
              8.1852
            ],
            [
              -7.9405,
              8.2644
            ],
            [
              -7.7666,
              8.3481
            ],
            [
              -7.7013,
              8.1063
            ],
            [
              -7.9005,
              7.9855
            ],
            [
              -7.9561,
              7.869
            ],
            [
              -7.9071,
              7.8309
            ],
            [
              -7.8284,
              7.5319
            ],
            [
              -7.7166,
              7.5059
            ],
            [
              -7.7502,
              7.1861
            ],
            [
              -7.851,
              7.1276
            ],
            [
              -7.5945,
              6.8256
            ],
            [
              -7.5883,
              6.7728
            ],
            [
              -7.6371,
              6.7377
            ],
            [
              -7.7007,
              6.6513
            ],
            [
              -7.8533,
              6.5748
            ],
            [
              -7.9967,
              6.5442
            ],
            [
              -8.0583,
              6.3592
            ],
            [
              -8.0435,
              6.3245
            ],
            [
              -7.7462,
              6.1119
            ],
            [
              -7.8436,
              5.8447
            ],
            [
              -7.8175,
              5.8105
            ],
            [
              -7.7158,
              5.4681
            ],
            [
              -7.8212,
              5.3455
            ],
            [
              -7.8256,
              5.2208
            ],
            [
              -7.709,
              5.1266
            ],
            [
              -7.6551,
              4.9327
            ],
            [
              -7.848,
              4.8258
            ],
            [
              -7.9365,
              4.8667
            ],
            [
              -8.0737,
              4.7133
            ],
            [
              -8.284,
              4.7313
            ],
            [
              -8.2994,
              4.7428
            ],
            [
              -8.3159,
              4.7729
            ],
            [
              -8.4304,
              4.8442
            ],
            [
              -8.4319,
              5.0595
            ],
            [
              -8.6666,
              5.1843
            ],
            [
              -8.683,
              5.2417
            ],
            [
              -8.7985,
              5.3101
            ]
          ]
        ]
      },
      "id": "C047"
    },
    {
      "type": "Feature",
      "properties": {
        "id": "C048",
        "district_number": 48,
        "population": 1489403,
        "seats": 9,
        "country_id": "TER",
        "plurality_province_id": "P16",
        "plurality_province_name": "Miren",
        "province_population_shares": [
          {
            "province_id": "P16",
            "share": 1
          }
        ],
        "crosses_province_boundaries": false,
        "svg_path_id": "C048"
      },
      "geometry": {
        "type": "Polygon",
        "coordinates": [
          [
            [
              -7.8256,
              5.2208
            ],
            [
              -7.8212,
              5.3455
            ],
            [
              -7.7158,
              5.4681
            ],
            [
              -7.8175,
              5.8105
            ],
            [
              -7.8436,
              5.8447
            ],
            [
              -7.7462,
              6.1119
            ],
            [
              -8.0435,
              6.3245
            ],
            [
              -8.0583,
              6.3592
            ],
            [
              -7.9967,
              6.5442
            ],
            [
              -7.8533,
              6.5748
            ],
            [
              -7.7007,
              6.6513
            ],
            [
              -7.6371,
              6.7377
            ],
            [
              -7.5883,
              6.7728
            ],
            [
              -7.5945,
              6.8256
            ],
            [
              -7.851,
              7.1276
            ],
            [
              -7.7502,
              7.1861
            ],
            [
              -7.7166,
              7.5059
            ],
            [
              -7.8284,
              7.5319
            ],
            [
              -7.9071,
              7.8309
            ],
            [
              -7.9561,
              7.869
            ],
            [
              -7.9005,
              7.9855
            ],
            [
              -7.7013,
              8.1063
            ],
            [
              -7.7666,
              8.3481
            ],
            [
              -7.751,
              8.3802
            ],
            [
              -7.5661,
              8.3873
            ],
            [
              -7.4507,
              8.3145
            ],
            [
              -7.2857,
              8.3768
            ],
            [
              -7.2583,
              8.4122
            ],
            [
              -7.1171,
              8.49
            ],
            [
              -7.0842,
              8.4717
            ],
            [
              -6.8001,
              8.4717
            ],
            [
              -6.7298,
              8.3568
            ],
            [
              -6.7743,
              8.1857
            ],
            [
              -6.7768,
              8.1837
            ],
            [
              -6.8283,
              8.052
            ],
            [
              -6.8897,
              8.0203
            ],
            [
              -6.9392,
              7.8676
            ],
            [
              -7.0897,
              7.8529
            ],
            [
              -7.0311,
              7.6134
            ],
            [
              -7.0756,
              7.5927
            ],
            [
              -7.1019,
              7.3255
            ],
            [
              -7.081,
              7.3103
            ],
            [
              -7.0628,
              7.0986
            ],
            [
              -7.0358,
              7.0749
            ],
            [
              -7.0236,
              6.9136
            ],
            [
              -7.0984,
              6.8675
            ],
            [
              -7.0753,
              6.6646
            ],
            [
              -7.1668,
              6.6233
            ],
            [
              -7.1446,
              6.4737
            ],
            [
              -7.2302,
              6.3679
            ],
            [
              -7.2106,
              6.2374
            ],
            [
              -7.2218,
              6.2132
            ],
            [
              -7.2143,
              6.0075
            ],
            [
              -7.2362,
              5.9605
            ],
            [
              -7.1447,
              5.8062
            ],
            [
              -7.0697,
              5.7759
            ],
            [
              -7.0249,
              5.5054
            ],
            [
              -7.0901,
              5.4427
            ],
            [
              -7.0477,
              5.303
            ],
            [
              -6.9145,
              5.195
            ],
            [
              -6.9166,
              5.1728
            ],
            [
              -6.8262,
              4.9081
            ],
            [
              -6.7995,
              4.8832
            ],
            [
              -6.8465,
              4.6794
            ],
            [
              -7.0686,
              4.6651
            ],
            [
              -7.1522,
              4.7605
            ],
            [
              -7.4339,
              4.7687
            ],
            [
              -7.439,
              4.8
            ],
            [
              -7.6551,
              4.9327
            ],
            [
              -7.709,
              5.1266
            ],
            [
              -7.8256,
              5.2208
            ]
          ]
        ]
      },
      "id": "C048"
    }
  ],
  "content_version": "0.3.0-predev"
}
